idalerta,idplano_acao,estado,responsavel,data_inicio,data_conclusao,observacoes
1,5,concluido,Operador Municipal,2026-05-08 00:15:00,2026-05-08 00:58:00,
1,6,concluido,Operador Municipal,2026-05-08 00:15:00,2026-05-08 01:45:00,
1,7,concluido,Operador Municipal,2026-05-08 00:15:00,2026-05-08 02:20:00,
1,8,pendente,Operador Municipal,,,Ação ainda não iniciada.
2,5,concluido,Operador Municipal,2026-05-08 00:06:00,2026-05-08 02:13:00,
2,6,concluido,Operador Municipal,2026-05-08 00:28:00,2026-05-08 03:28:00,
2,7,em_execucao,Operador Municipal,2026-05-08 00:22:00,,
2,8,em_execucao,Operador Municipal,2026-05-08 00:26:00,,
3,1,concluido,Operador Municipal,2026-05-08 01:17:00,2026-05-08 02:14:00,
3,3,concluido,Operador Municipal,2026-05-08 01:05:00,2026-05-08 03:06:00,
3,4,pendente,Operador Municipal,,,Ação ainda não iniciada.
4,3,em_execucao,Operador Municipal,2026-05-08 01:05:00,,
4,5,em_execucao,Operador Municipal,2026-05-08 01:17:00,,
4,6,concluido,Operador Municipal,2026-05-08 01:11:00,2026-05-08 02:09:00,
5,3,concluido,Operador Municipal,2026-05-08 01:06:00,2026-05-08 02:07:00,
5,5,concluido,Operador Municipal,2026-05-08 01:10:00,2026-05-08 01:48:00,
5,6,concluido,Operador Municipal,2026-05-08 01:22:00,2026-05-08 02:49:00,
6,1,pendente,Operador Municipal,,,Ação ainda não iniciada.
6,3,pendente,Operador Municipal,,,Ação ainda não iniciada.
6,4,concluido,Operador Municipal,2026-05-08 02:11:00,2026-05-08 05:10:00,
7,3,em_execucao,Operador Municipal,2026-05-08 02:16:00,,
7,5,em_execucao,Operador Municipal,2026-05-08 02:22:00,,
7,6,em_execucao,Operador Municipal,2026-05-08 02:21:00,,
8,3,em_execucao,Operador Municipal,2026-05-08 02:11:00,,
8,5,em_execucao,Operador Municipal,2026-05-08 02:28:00,,
8,6,concluido,Operador Municipal,2026-05-08 02:24:00,2026-05-08 03:29:00,
9,3,em_execucao,Operador Municipal,2026-05-08 03:27:00,,
9,5,concluido,Operador Municipal,2026-05-08 03:29:00,2026-05-08 04:03:00,
9,6,pendente,Operador Municipal,,,Ação ainda não iniciada.
10,3,em_execucao,Operador Municipal,2026-05-08 03:30:00,,
10,5,em_execucao,Operador Municipal,2026-05-08 03:28:00,,
10,6,concluido,Operador Municipal,2026-05-08 03:30:00,2026-05-08 04:27:00,
11,5,em_execucao,Operador Municipal,2026-05-08 03:25:00,,
11,6,em_execucao,Operador Municipal,2026-05-08 03:20:00,,
11,7,concluido,Operador Municipal,2026-05-08 03:11:00,2026-05-08 05:21:00,
11,8,pendente,Operador Municipal,,,Ação ainda não iniciada.
12,3,concluido,Operador Municipal,2026-05-08 04:23:00,2026-05-08 05:06:00,
12,5,concluido,Operador Municipal,2026-05-08 04:08:00,2026-05-08 05:58:00,
12,6,em_execucao,Operador Municipal,2026-05-08 04:21:00,,
13,3,concluido,Operador Municipal,2026-05-08 04:09:00,2026-05-08 05:31:00,
13,5,em_execucao,Operador Municipal,2026-05-08 04:29:00,,
13,6,em_execucao,Operador Municipal,2026-05-08 04:11:00,,
14,5,em_execucao,Operador Municipal,2026-05-08 04:23:00,,
14,6,em_execucao,Operador Municipal,2026-05-08 04:20:00,,
14,7,pendente,Operador Municipal,,,Ação ainda não iniciada.
14,8,concluido,Operador Municipal,2026-05-08 04:18:00,2026-05-08 05:32:00,
15,5,concluido,Operador Municipal,2026-05-08 05:10:00,2026-05-08 07:30:00,
15,6,em_execucao,Operador Municipal,2026-05-08 05:21:00,,
15,7,concluido,Operador Municipal,2026-05-08 05:20:00,2026-05-08 08:16:00,
15,8,concluido,Operador Municipal,2026-05-08 05:10:00,2026-05-08 05:57:00,
16,3,concluido,Operador Municipal,2026-05-08 05:06:00,2026-05-08 06:50:00,
16,5,concluido,Operador Municipal,2026-05-08 05:08:00,2026-05-08 06:39:00,
16,6,concluido,Operador Municipal,2026-05-08 05:05:00,2026-05-08 06:38:00,
17,5,concluido,Operador Municipal,2026-05-08 05:06:00,2026-05-08 07:28:00,
17,6,concluido,Operador Municipal,2026-05-08 05:09:00,2026-05-08 06:00:00,
17,7,concluido,Operador Municipal,2026-05-08 05:07:00,2026-05-08 05:56:00,
17,8,em_execucao,Operador Municipal,2026-05-08 05:28:00,,
18,5,concluido,Operador Municipal,2026-05-08 06:12:00,2026-05-08 07:49:00,
18,6,concluido,Operador Municipal,2026-05-08 06:13:00,2026-05-08 08:01:00,
18,7,concluido,Operador Municipal,2026-05-08 06:29:00,2026-05-08 08:52:00,
18,8,em_execucao,Operador Municipal,2026-05-08 06:06:00,,
19,3,em_execucao,Operador Municipal,2026-05-08 06:07:00,,
19,5,em_execucao,Operador Municipal,2026-05-08 06:05:00,,
19,6,em_execucao,Operador Municipal,2026-05-08 06:10:00,,
20,1,pendente,Operador Municipal,,,Ação ainda não iniciada.
20,3,concluido,Operador Municipal,2026-05-08 06:16:00,2026-05-08 09:03:00,
20,4,em_execucao,Operador Municipal,2026-05-08 06:06:00,,
21,1,pendente,Operador Municipal,,,Ação ainda não iniciada.
21,3,concluido,Operador Municipal,2026-05-08 06:23:00,2026-05-08 09:12:00,
21,4,em_execucao,Operador Municipal,2026-05-08 06:08:00,,
22,5,em_execucao,Operador Municipal,2026-05-08 07:14:00,,
22,6,concluido,Operador Municipal,2026-05-08 07:22:00,2026-05-08 10:04:00,
22,7,em_execucao,Operador Municipal,2026-05-08 07:21:00,,
22,8,concluido,Operador Municipal,2026-05-08 07:09:00,2026-05-08 08:13:00,
23,1,em_execucao,Operador Municipal,2026-05-08 07:10:00,,
23,3,pendente,Operador Municipal,,,Ação ainda não iniciada.
23,4,concluido,Operador Municipal,2026-05-08 07:29:00,2026-05-08 08:13:00,
24,1,concluido,Operador Municipal,2026-05-08 07:23:00,2026-05-08 10:08:00,
24,3,pendente,Operador Municipal,,,Ação ainda não iniciada.
24,4,pendente,Operador Municipal,,,Ação ainda não iniciada.
25,3,em_execucao,Operador Municipal,2026-05-08 07:19:00,,
25,5,em_execucao,Operador Municipal,2026-05-08 07:25:00,,
25,6,em_execucao,Operador Municipal,2026-05-08 07:10:00,,
26,5,concluido,Operador Municipal,2026-05-08 08:06:00,2026-05-08 09:28:00,
26,6,em_execucao,Operador Municipal,2026-05-08 08:09:00,,
26,7,concluido,Operador Municipal,2026-05-08 08:09:00,2026-05-08 10:49:00,
26,8,pendente,Operador Municipal,,,Ação ainda não iniciada.
27,1,concluido,Operador Municipal,2026-05-08 08:17:00,2026-05-08 11:13:00,
27,3,concluido,Operador Municipal,2026-05-08 08:28:00,2026-05-08 11:12:00,
27,4,em_execucao,Operador Municipal,2026-05-08 08:20:00,,
28,3,concluido,Operador Municipal,2026-05-08 08:14:00,2026-05-08 10:58:00,
28,5,em_execucao,Operador Municipal,2026-05-08 08:11:00,,
28,6,concluido,Operador Municipal,2026-05-08 08:16:00,2026-05-08 09:06:00,
29,5,em_execucao,Operador Municipal,2026-05-08 09:21:00,,
29,6,em_execucao,Operador Municipal,2026-05-08 09:05:00,,
29,7,em_execucao,Operador Municipal,2026-05-08 09:22:00,,
29,8,concluido,Operador Municipal,2026-05-08 09:16:00,2026-05-08 10:58:00,
30,1,concluido,Operador Municipal,2026-05-08 09:13:00,2026-05-08 10:31:00,
30,3,concluido,Operador Municipal,2026-05-08 09:26:00,2026-05-08 09:56:00,
30,4,pendente,Operador Municipal,,,Ação ainda não iniciada.
31,5,concluido,Operador Municipal,2026-05-08 09:23:00,2026-05-08 10:10:00,
31,6,concluido,Operador Municipal,2026-05-08 09:14:00,2026-05-08 10:00:00,
31,7,em_execucao,Operador Municipal,2026-05-08 09:05:00,,
31,8,concluido,Operador Municipal,2026-05-08 09:26:00,2026-05-08 10:20:00,
32,3,concluido,Operador Municipal,2026-05-08 10:18:00,2026-05-08 11:04:00,
32,5,pendente,Operador Municipal,,,Ação ainda não iniciada.
32,6,concluido,Operador Municipal,2026-05-08 10:30:00,2026-05-08 13:07:00,
33,5,em_execucao,Operador Municipal,2026-05-08 10:07:00,,
33,6,concluido,Operador Municipal,2026-05-08 10:29:00,2026-05-08 11:22:00,
33,7,concluido,Operador Municipal,2026-05-08 10:13:00,2026-05-08 12:07:00,
33,8,concluido,Operador Municipal,2026-05-08 10:05:00,2026-05-08 11:17:00,
34,1,concluido,Operador Municipal,2026-05-08 10:29:00,2026-05-08 13:23:00,
34,2,pendente,Operador Municipal,,,Ação ainda não iniciada.
35,1,concluido,Operador Municipal,2026-05-08 11:27:00,2026-05-08 12:27:00,
35,3,concluido,Operador Municipal,2026-05-08 11:27:00,2026-05-08 12:16:00,
35,4,em_execucao,Operador Municipal,2026-05-08 11:21:00,,
36,3,pendente,Operador Municipal,,,Ação ainda não iniciada.
36,5,concluido,Operador Municipal,2026-05-08 11:29:00,2026-05-08 14:18:00,
36,6,concluido,Operador Municipal,2026-05-08 11:16:00,2026-05-08 12:13:00,
37,5,concluido,Operador Municipal,2026-05-08 11:17:00,2026-05-08 13:35:00,
37,6,pendente,Operador Municipal,,,Ação ainda não iniciada.
37,7,concluido,Operador Municipal,2026-05-08 11:29:00,2026-05-08 12:37:00,
37,8,pendente,Operador Municipal,,,Ação ainda não iniciada.
38,1,pendente,Operador Municipal,,,Ação ainda não iniciada.
38,3,pendente,Operador Municipal,,,Ação ainda não iniciada.
38,4,concluido,Operador Municipal,2026-05-08 12:06:00,2026-05-08 13:07:00,
39,3,pendente,Operador Municipal,,,Ação ainda não iniciada.
39,5,em_execucao,Operador Municipal,2026-05-08 12:14:00,,
39,6,concluido,Operador Municipal,2026-05-08 12:10:00,2026-05-08 13:37:00,
40,5,concluido,Operador Municipal,2026-05-08 12:21:00,2026-05-08 13:07:00,
40,6,concluido,Operador Municipal,2026-05-08 12:22:00,2026-05-08 13:02:00,
40,7,em_execucao,Operador Municipal,2026-05-08 12:20:00,,
40,8,pendente,Operador Municipal,,,Ação ainda não iniciada.
41,3,pendente,Operador Municipal,,,Ação ainda não iniciada.
41,5,pendente,Operador Municipal,,,Ação ainda não iniciada.
41,6,concluido,Operador Municipal,2026-05-08 13:23:00,2026-05-08 16:05:00,
42,5,em_execucao,Operador Municipal,2026-05-08 13:20:00,,
42,6,concluido,Operador Municipal,2026-05-08 13:29:00,2026-05-08 14:27:00,
42,7,em_execucao,Operador Municipal,2026-05-08 13:14:00,,
42,8,em_execucao,Operador Municipal,2026-05-08 13:16:00,,
43,3,concluido,Operador Municipal,2026-05-08 14:13:00,2026-05-08 14:54:00,
43,5,em_execucao,Operador Municipal,2026-05-08 14:28:00,,
43,6,concluido,Operador Municipal,2026-05-08 14:14:00,2026-05-08 14:55:00,
44,5,concluido,Operador Municipal,2026-05-08 14:13:00,2026-05-08 15:30:00,
44,6,concluido,Operador Municipal,2026-05-08 14:23:00,2026-05-08 17:22:00,
44,7,pendente,Operador Municipal,,,Ação ainda não iniciada.
44,8,em_execucao,Operador Municipal,2026-05-08 14:25:00,,
45,3,em_execucao,Operador Municipal,2026-05-08 15:28:00,,
45,5,em_execucao,Operador Municipal,2026-05-08 15:12:00,,
45,6,concluido,Operador Municipal,2026-05-08 15:26:00,2026-05-08 17:37:00,
46,3,concluido,Operador Municipal,2026-05-08 15:19:00,2026-05-08 17:36:00,
46,5,concluido,Operador Municipal,2026-05-08 15:05:00,2026-05-08 17:34:00,
46,6,em_execucao,Operador Municipal,2026-05-08 15:22:00,,
47,3,pendente,Operador Municipal,,,Ação ainda não iniciada.
47,5,em_execucao,Operador Municipal,2026-05-08 15:26:00,,
47,6,concluido,Operador Municipal,2026-05-08 15:17:00,2026-05-08 17:46:00,
48,1,pendente,Operador Municipal,,,Ação ainda não iniciada.
48,3,pendente,Operador Municipal,,,Ação ainda não iniciada.
48,4,concluido,Operador Municipal,2026-05-08 16:11:00,2026-05-08 17:22:00,
49,3,em_execucao,Operador Municipal,2026-05-08 16:17:00,,
49,5,em_execucao,Operador Municipal,2026-05-08 16:29:00,,
49,6,concluido,Operador Municipal,2026-05-08 16:13:00,2026-05-08 19:06:00,
50,1,em_execucao,Operador Municipal,2026-05-08 16:30:00,,
50,3,pendente,Operador Municipal,,,Ação ainda não iniciada.
50,4,pendente,Operador Municipal,,,Ação ainda não iniciada.
51,1,em_execucao,Operador Municipal,2026-05-08 16:21:00,,
51,3,pendente,Operador Municipal,,,Ação ainda não iniciada.
51,4,pendente,Operador Municipal,,,Ação ainda não iniciada.
52,3,em_execucao,Operador Municipal,2026-05-08 17:25:00,,
52,5,em_execucao,Operador Municipal,2026-05-08 17:30:00,,
52,6,pendente,Operador Municipal,,,Ação ainda não iniciada.
53,1,em_execucao,Operador Municipal,2026-05-08 18:18:00,,
53,3,pendente,Operador Municipal,,,Ação ainda não iniciada.
53,4,pendente,Operador Municipal,,,Ação ainda não iniciada.
54,1,pendente,Operador Municipal,,,Ação ainda não iniciada.
54,3,pendente,Operador Municipal,,,Ação ainda não iniciada.
54,4,concluido,Operador Municipal,2026-05-08 18:14:00,2026-05-08 21:09:00,
55,1,em_execucao,Operador Municipal,2026-05-08 19:06:00,,
55,3,concluido,Operador Municipal,2026-05-08 19:27:00,2026-05-08 21:49:00,
55,4,pendente,Operador Municipal,,,Ação ainda não iniciada.
56,1,pendente,Operador Municipal,,,Ação ainda não iniciada.
56,3,em_execucao,Operador Municipal,2026-05-08 19:14:00,,
56,4,pendente,Operador Municipal,,,Ação ainda não iniciada.
57,3,concluido,Operador Municipal,2026-05-08 19:21:00,2026-05-08 22:16:00,
57,5,em_execucao,Operador Municipal,2026-05-08 19:20:00,,
57,6,concluido,Operador Municipal,2026-05-08 19:27:00,2026-05-08 20:04:00,
58,1,pendente,Operador Municipal,,,Ação ainda não iniciada.
58,3,concluido,Operador Municipal,2026-05-08 20:05:00,2026-05-08 21:34:00,
58,4,pendente,Operador Municipal,,,Ação ainda não iniciada.
59,3,em_execucao,Operador Municipal,2026-05-08 20:22:00,,
59,5,pendente,Operador Municipal,,,Ação ainda não iniciada.
59,6,em_execucao,Operador Municipal,2026-05-08 20:07:00,,
60,1,em_execucao,Operador Municipal,2026-05-08 21:22:00,,
60,3,pendente,Operador Municipal,,,Ação ainda não iniciada.
60,4,pendente,Operador Municipal,,,Ação ainda não iniciada.
61,1,concluido,Operador Municipal,2026-05-08 21:18:00,2026-05-08 23:01:00,
61,3,concluido,Operador Municipal,2026-05-08 21:30:00,2026-05-08 23:12:00,
61,4,concluido,Operador Municipal,2026-05-08 21:10:00,2026-05-08 23:41:00,
62,3,pendente,Operador Municipal,,,Ação ainda não iniciada.
62,5,concluido,Operador Municipal,2026-05-08 21:07:00,2026-05-08 23:15:00,
62,6,pendente,Operador Municipal,,,Ação ainda não iniciada.
63,1,concluido,Operador Municipal,2026-05-08 22:16:00,2026-05-09 00:08:00,
63,2,concluido,Operador Municipal,2026-05-08 22:18:00,2026-05-09 00:05:00,
64,1,pendente,Operador Municipal,,,Ação ainda não iniciada.
64,3,concluido,Operador Municipal,2026-05-08 22:25:00,2026-05-08 23:55:00,
64,4,pendente,Operador Municipal,,,Ação ainda não iniciada.
65,3,em_execucao,Operador Municipal,2026-05-08 22:17:00,,
65,5,concluido,Operador Municipal,2026-05-08 22:15:00,2026-05-08 23:29:00,
65,6,concluido,Operador Municipal,2026-05-08 22:14:00,2026-05-08 22:55:00,
66,5,em_execucao,Operador Municipal,2026-05-08 23:12:00,,
66,6,em_execucao,Operador Municipal,2026-05-08 23:30:00,,
66,7,concluido,Operador Municipal,2026-05-08 23:14:00,2026-05-09 00:37:00,
66,8,concluido,Operador Municipal,2026-05-08 23:30:00,2026-05-09 01:02:00,
67,1,pendente,Operador Municipal,,,Ação ainda não iniciada.
67,3,pendente,Operador Municipal,,,Ação ainda não iniciada.
67,4,pendente,Operador Municipal,,,Ação ainda não iniciada.
68,3,em_execucao,Operador Municipal,2026-05-09 00:23:00,,
68,5,em_execucao,Operador Municipal,2026-05-09 00:14:00,,
68,6,concluido,Operador Municipal,2026-05-09 00:30:00,2026-05-09 01:24:00,
69,1,em_execucao,Operador Municipal,2026-05-09 00:11:00,,
69,3,pendente,Operador Municipal,,,Ação ainda não iniciada.
69,4,em_execucao,Operador Municipal,2026-05-09 00:17:00,,
70,1,em_execucao,Operador Municipal,2026-05-09 00:24:00,,
70,3,concluido,Operador Municipal,2026-05-09 00:05:00,2026-05-09 01:42:00,
70,4,concluido,Operador Municipal,2026-05-09 00:24:00,2026-05-09 01:08:00,
71,3,concluido,Operador Municipal,2026-05-09 01:08:00,2026-05-09 03:17:00,
71,5,pendente,Operador Municipal,,,Ação ainda não iniciada.
71,6,em_execucao,Operador Municipal,2026-05-09 01:16:00,,
72,3,em_execucao,Operador Municipal,2026-05-09 02:08:00,,
72,5,concluido,Operador Municipal,2026-05-09 02:16:00,2026-05-09 04:44:00,
72,6,concluido,Operador Municipal,2026-05-09 02:09:00,2026-05-09 04:37:00,
73,1,pendente,Operador Municipal,,,Ação ainda não iniciada.
73,2,pendente,Operador Municipal,,,Ação ainda não iniciada.
74,1,em_execucao,Operador Municipal,2026-05-09 03:14:00,,
74,3,em_execucao,Operador Municipal,2026-05-09 03:09:00,,
74,4,concluido,Operador Municipal,2026-05-09 03:20:00,2026-05-09 04:42:00,
75,1,concluido,Operador Municipal,2026-05-09 03:09:00,2026-05-09 04:04:00,
75,3,pendente,Operador Municipal,,,Ação ainda não iniciada.
75,4,pendente,Operador Municipal,,,Ação ainda não iniciada.
76,3,pendente,Operador Municipal,,,Ação ainda não iniciada.
76,5,em_execucao,Operador Municipal,2026-05-09 03:18:00,,
76,6,em_execucao,Operador Municipal,2026-05-09 03:27:00,,
77,5,em_execucao,Operador Municipal,2026-05-09 04:09:00,,
77,6,pendente,Operador Municipal,,,Ação ainda não iniciada.
77,7,concluido,Operador Municipal,2026-05-09 04:24:00,2026-05-09 06:21:00,
77,8,concluido,Operador Municipal,2026-05-09 04:29:00,2026-05-09 05:46:00,
78,1,pendente,Operador Municipal,,,Ação ainda não iniciada.
78,2,em_execucao,Operador Municipal,2026-05-09 04:05:00,,
79,1,pendente,Operador Municipal,,,Ação ainda não iniciada.
79,3,em_execucao,Operador Municipal,2026-05-09 04:19:00,,
79,4,em_execucao,Operador Municipal,2026-05-09 04:23:00,,
80,3,em_execucao,Operador Municipal,2026-05-09 04:15:00,,
80,5,concluido,Operador Municipal,2026-05-09 04:27:00,2026-05-09 06:49:00,
80,6,concluido,Operador Municipal,2026-05-09 04:07:00,2026-05-09 04:39:00,
81,3,em_execucao,Operador Municipal,2026-05-09 05:10:00,,
81,5,concluido,Operador Municipal,2026-05-09 05:28:00,2026-05-09 07:42:00,
81,6,concluido,Operador Municipal,2026-05-09 05:10:00,2026-05-09 07:36:00,
82,1,concluido,Operador Municipal,2026-05-09 05:21:00,2026-05-09 07:15:00,
82,3,pendente,Operador Municipal,,,Ação ainda não iniciada.
82,4,pendente,Operador Municipal,,,Ação ainda não iniciada.
83,3,concluido,Operador Municipal,2026-05-09 06:17:00,2026-05-09 08:10:00,
83,5,concluido,Operador Municipal,2026-05-09 06:22:00,2026-05-09 07:40:00,
83,6,em_execucao,Operador Municipal,2026-05-09 06:24:00,,
84,1,em_execucao,Operador Municipal,2026-05-09 06:24:00,,
84,2,pendente,Operador Municipal,,,Ação ainda não iniciada.
85,3,concluido,Operador Municipal,2026-05-09 06:21:00,2026-05-09 09:12:00,
85,5,concluido,Operador Municipal,2026-05-09 06:15:00,2026-05-09 07:01:00,
85,6,concluido,Operador Municipal,2026-05-09 06:20:00,2026-05-09 07:13:00,
86,1,em_execucao,Operador Municipal,2026-05-09 06:05:00,,
86,3,em_execucao,Operador Municipal,2026-05-09 06:10:00,,
86,4,pendente,Operador Municipal,,,Ação ainda não iniciada.
87,3,em_execucao,Operador Municipal,2026-05-09 07:20:00,,
87,5,em_execucao,Operador Municipal,2026-05-09 07:18:00,,
87,6,concluido,Operador Municipal,2026-05-09 07:14:00,2026-05-09 07:59:00,
88,1,pendente,Operador Municipal,,,Ação ainda não iniciada.
88,3,concluido,Operador Municipal,2026-05-09 07:13:00,2026-05-09 08:36:00,
88,4,concluido,Operador Municipal,2026-05-09 07:14:00,2026-05-09 09:27:00,
89,1,em_execucao,Operador Municipal,2026-05-09 07:22:00,,
89,3,pendente,Operador Municipal,,,Ação ainda não iniciada.
89,4,pendente,Operador Municipal,,,Ação ainda não iniciada.
90,1,pendente,Operador Municipal,,,Ação ainda não iniciada.
90,3,pendente,Operador Municipal,,,Ação ainda não iniciada.
90,4,concluido,Operador Municipal,2026-05-09 07:20:00,2026-05-09 08:09:00,
91,5,em_execucao,Operador Municipal,2026-05-09 08:17:00,,
91,6,concluido,Operador Municipal,2026-05-09 08:17:00,2026-05-09 09:37:00,
91,7,em_execucao,Operador Municipal,2026-05-09 08:13:00,,
91,8,concluido,Operador Municipal,2026-05-09 08:16:00,2026-05-09 08:48:00,
92,1,concluido,Operador Municipal,2026-05-09 08:10:00,2026-05-09 09:01:00,
92,3,em_execucao,Operador Municipal,2026-05-09 08:12:00,,
92,4,pendente,Operador Municipal,,,Ação ainda não iniciada.
93,5,pendente,Operador Municipal,,,Ação ainda não iniciada.
93,6,concluido,Operador Municipal,2026-05-09 09:15:00,2026-05-09 10:30:00,
93,7,em_execucao,Operador Municipal,2026-05-09 09:23:00,,
93,8,em_execucao,Operador Municipal,2026-05-09 09:21:00,,
94,1,pendente,Operador Municipal,,,Ação ainda não iniciada.
94,3,pendente,Operador Municipal,,,Ação ainda não iniciada.
94,4,pendente,Operador Municipal,,,Ação ainda não iniciada.
95,1,pendente,Operador Municipal,,,Ação ainda não iniciada.
95,3,pendente,Operador Municipal,,,Ação ainda não iniciada.
95,4,concluido,Operador Municipal,2026-05-09 09:14:00,2026-05-09 10:43:00,
96,3,concluido,Operador Municipal,2026-05-09 10:08:00,2026-05-09 13:04:00,
96,5,pendente,Operador Municipal,,,Ação ainda não iniciada.
96,6,concluido,Operador Municipal,2026-05-09 10:15:00,2026-05-09 11:21:00,
97,1,pendente,Operador Municipal,,,Ação ainda não iniciada.
97,3,pendente,Operador Municipal,,,Ação ainda não iniciada.
97,4,em_execucao,Operador Municipal,2026-05-09 10:23:00,,
98,1,pendente,Operador Municipal,,,Ação ainda não iniciada.
98,3,concluido,Operador Municipal,2026-05-09 11:21:00,2026-05-09 12:55:00,
98,4,pendente,Operador Municipal,,,Ação ainda não iniciada.
99,1,pendente,Operador Municipal,,,Ação ainda não iniciada.
99,3,pendente,Operador Municipal,,,Ação ainda não iniciada.
99,4,concluido,Operador Municipal,2026-05-09 11:12:00,2026-05-09 13:25:00,
100,3,concluido,Operador Municipal,2026-05-09 12:11:00,2026-05-09 14:58:00,
100,5,em_execucao,Operador Municipal,2026-05-09 12:07:00,,
100,6,em_execucao,Operador Municipal,2026-05-09 12:10:00,,
101,3,em_execucao,Operador Municipal,2026-05-09 12:28:00,,
101,5,em_execucao,Operador Municipal,2026-05-09 12:20:00,,
101,6,em_execucao,Operador Municipal,2026-05-09 12:21:00,,
102,3,em_execucao,Operador Municipal,2026-05-09 13:07:00,,
102,5,em_execucao,Operador Municipal,2026-05-09 13:28:00,,
102,6,pendente,Operador Municipal,,,Ação ainda não iniciada.
103,1,pendente,Operador Municipal,,,Ação ainda não iniciada.
103,3,concluido,Operador Municipal,2026-05-09 13:20:00,2026-05-09 16:04:00,
103,4,pendente,Operador Municipal,,,Ação ainda não iniciada.
104,1,pendente,Operador Municipal,,,Ação ainda não iniciada.
104,2,pendente,Operador Municipal,,,Ação ainda não iniciada.
105,1,concluido,Operador Municipal,2026-05-09 15:20:00,2026-05-09 17:05:00,
105,3,pendente,Operador Municipal,,,Ação ainda não iniciada.
105,4,pendente,Operador Municipal,,,Ação ainda não iniciada.
106,1,pendente,Operador Municipal,,,Ação ainda não iniciada.
106,3,pendente,Operador Municipal,,,Ação ainda não iniciada.
106,4,em_execucao,Operador Municipal,2026-05-09 15:26:00,,
107,1,em_execucao,Operador Municipal,2026-05-09 16:27:00,,
107,3,em_execucao,Operador Municipal,2026-05-09 16:17:00,,
107,4,em_execucao,Operador Municipal,2026-05-09 16:14:00,,
108,3,concluido,Operador Municipal,2026-05-09 17:20:00,2026-05-09 18:29:00,
108,5,em_execucao,Operador Municipal,2026-05-09 17:18:00,,
108,6,concluido,Operador Municipal,2026-05-09 17:28:00,2026-05-09 19:10:00,
109,3,em_execucao,Operador Municipal,2026-05-09 17:20:00,,
109,5,pendente,Operador Municipal,,,Ação ainda não iniciada.
109,6,concluido,Operador Municipal,2026-05-09 17:16:00,2026-05-09 19:52:00,
110,1,em_execucao,Operador Municipal,2026-05-09 18:29:00,,
110,3,pendente,Operador Municipal,,,Ação ainda não iniciada.
110,4,pendente,Operador Municipal,,,Ação ainda não iniciada.
111,1,pendente,Operador Municipal,,,Ação ainda não iniciada.
111,3,em_execucao,Operador Municipal,2026-05-09 18:08:00,,
111,4,pendente,Operador Municipal,,,Ação ainda não iniciada.
112,3,concluido,Operador Municipal,2026-05-09 18:09:00,2026-05-09 20:36:00,
112,5,concluido,Operador Municipal,2026-05-09 18:09:00,2026-05-09 19:41:00,
112,6,concluido,Operador Municipal,2026-05-09 18:17:00,2026-05-09 20:08:00,
113,5,pendente,Operador Municipal,,,Ação ainda não iniciada.
113,6,em_execucao,Operador Municipal,2026-05-09 19:19:00,,
113,7,em_execucao,Operador Municipal,2026-05-09 19:08:00,,
113,8,em_execucao,Operador Municipal,2026-05-09 19:13:00,,
114,1,pendente,Operador Municipal,,,Ação ainda não iniciada.
114,3,concluido,Operador Municipal,2026-05-09 19:19:00,2026-05-09 22:06:00,
114,4,em_execucao,Operador Municipal,2026-05-09 19:27:00,,
115,1,em_execucao,Operador Municipal,2026-05-09 19:14:00,,
115,3,em_execucao,Operador Municipal,2026-05-09 19:09:00,,
115,4,concluido,Operador Municipal,2026-05-09 19:10:00,2026-05-09 21:13:00,
116,3,em_execucao,Operador Municipal,2026-05-09 20:08:00,,
116,5,pendente,Operador Municipal,,,Ação ainda não iniciada.
116,6,concluido,Operador Municipal,2026-05-09 20:20:00,2026-05-09 21:31:00,
117,1,em_execucao,Operador Municipal,2026-05-09 20:07:00,,
117,3,pendente,Operador Municipal,,,Ação ainda não iniciada.
117,4,pendente,Operador Municipal,,,Ação ainda não iniciada.
118,1,em_execucao,Operador Municipal,2026-05-09 20:13:00,,
118,3,pendente,Operador Municipal,,,Ação ainda não iniciada.
118,4,pendente,Operador Municipal,,,Ação ainda não iniciada.
119,3,em_execucao,Operador Municipal,2026-05-09 21:26:00,,
119,5,pendente,Operador Municipal,,,Ação ainda não iniciada.
119,6,pendente,Operador Municipal,,,Ação ainda não iniciada.
120,3,concluido,Operador Municipal,2026-05-09 21:07:00,2026-05-09 23:18:00,
120,5,em_execucao,Operador Municipal,2026-05-09 21:06:00,,
120,6,concluido,Operador Municipal,2026-05-09 21:21:00,2026-05-09 22:29:00,
121,3,concluido,Operador Municipal,2026-05-09 22:12:00,2026-05-09 23:42:00,
121,5,em_execucao,Operador Municipal,2026-05-09 22:15:00,,
121,6,concluido,Operador Municipal,2026-05-09 22:17:00,2026-05-09 22:47:00,
122,1,pendente,Operador Municipal,,,Ação ainda não iniciada.
122,3,concluido,Operador Municipal,2026-05-09 22:18:00,2026-05-10 00:03:00,
122,4,pendente,Operador Municipal,,,Ação ainda não iniciada.
123,1,em_execucao,Operador Municipal,2026-05-09 22:25:00,,
123,3,pendente,Operador Municipal,,,Ação ainda não iniciada.
123,4,concluido,Operador Municipal,2026-05-09 22:25:00,2026-05-10 01:16:00,
124,1,pendente,Operador Municipal,,,Ação ainda não iniciada.
124,3,pendente,Operador Municipal,,,Ação ainda não iniciada.
124,4,em_execucao,Operador Municipal,2026-05-09 22:25:00,,
125,3,em_execucao,Operador Municipal,2026-05-09 23:30:00,,
125,5,pendente,Operador Municipal,,,Ação ainda não iniciada.
125,6,concluido,Operador Municipal,2026-05-09 23:30:00,2026-05-10 00:29:00,
126,3,pendente,Operador Municipal,,,Ação ainda não iniciada.
126,5,em_execucao,Operador Municipal,2026-05-09 23:10:00,,
126,6,concluido,Operador Municipal,2026-05-09 23:24:00,2026-05-10 00:01:00,
127,3,concluido,Operador Municipal,2026-05-10 00:24:00,2026-05-10 03:22:00,
127,5,concluido,Operador Municipal,2026-05-10 00:28:00,2026-05-10 02:55:00,
127,6,concluido,Operador Municipal,2026-05-10 00:20:00,2026-05-10 02:28:00,
128,1,concluido,Operador Municipal,2026-05-10 00:05:00,2026-05-10 03:01:00,
128,3,em_execucao,Operador Municipal,2026-05-10 00:22:00,,
128,4,concluido,Operador Municipal,2026-05-10 00:13:00,2026-05-10 02:04:00,
129,1,concluido,Operador Municipal,2026-05-10 00:20:00,2026-05-10 01:05:00,
129,3,pendente,Operador Municipal,,,Ação ainda não iniciada.
129,4,pendente,Operador Municipal,,,Ação ainda não iniciada.
130,1,concluido,Operador Municipal,2026-05-10 01:28:00,2026-05-10 02:16:00,
130,3,pendente,Operador Municipal,,,Ação ainda não iniciada.
130,4,concluido,Operador Municipal,2026-05-10 01:06:00,2026-05-10 02:02:00,
131,1,concluido,Operador Municipal,2026-05-10 01:13:00,2026-05-10 03:44:00,
131,3,pendente,Operador Municipal,,,Ação ainda não iniciada.
131,4,pendente,Operador Municipal,,,Ação ainda não iniciada.
132,1,pendente,Operador Municipal,,,Ação ainda não iniciada.
132,3,pendente,Operador Municipal,,,Ação ainda não iniciada.
132,4,pendente,Operador Municipal,,,Ação ainda não iniciada.
133,1,em_execucao,Operador Municipal,2026-05-10 02:06:00,,
133,3,pendente,Operador Municipal,,,Ação ainda não iniciada.
133,4,pendente,Operador Municipal,,,Ação ainda não iniciada.
134,3,pendente,Operador Municipal,,,Ação ainda não iniciada.
134,5,concluido,Operador Municipal,2026-05-10 02:19:00,2026-05-10 04:56:00,
134,6,concluido,Operador Municipal,2026-05-10 02:22:00,2026-05-10 05:18:00,
135,1,pendente,Operador Municipal,,,Ação ainda não iniciada.
135,3,pendente,Operador Municipal,,,Ação ainda não iniciada.
135,4,em_execucao,Operador Municipal,2026-05-10 02:28:00,,
136,1,concluido,Operador Municipal,2026-05-10 03:06:00,2026-05-10 04:07:00,
136,3,pendente,Operador Municipal,,,Ação ainda não iniciada.
136,4,em_execucao,Operador Municipal,2026-05-10 03:30:00,,
137,3,em_execucao,Operador Municipal,2026-05-10 03:14:00,,
137,5,concluido,Operador Municipal,2026-05-10 03:27:00,2026-05-10 04:42:00,
137,6,concluido,Operador Municipal,2026-05-10 03:15:00,2026-05-10 04:27:00,
138,1,pendente,Operador Municipal,,,Ação ainda não iniciada.
138,3,concluido,Operador Municipal,2026-05-10 04:16:00,2026-05-10 06:17:00,
138,4,concluido,Operador Municipal,2026-05-10 04:14:00,2026-05-10 04:55:00,
139,3,pendente,Operador Municipal,,,Ação ainda não iniciada.
139,5,concluido,Operador Municipal,2026-05-10 04:12:00,2026-05-10 05:17:00,
139,6,em_execucao,Operador Municipal,2026-05-10 04:09:00,,
140,3,concluido,Operador Municipal,2026-05-10 05:22:00,2026-05-10 07:24:00,
140,5,concluido,Operador Municipal,2026-05-10 05:09:00,2026-05-10 06:46:00,
140,6,em_execucao,Operador Municipal,2026-05-10 05:09:00,,
141,1,em_execucao,Operador Municipal,2026-05-10 05:26:00,,
141,3,pendente,Operador Municipal,,,Ação ainda não iniciada.
141,4,em_execucao,Operador Municipal,2026-05-10 05:11:00,,
142,3,concluido,Operador Municipal,2026-05-10 06:05:00,2026-05-10 08:14:00,
142,5,concluido,Operador Municipal,2026-05-10 06:11:00,2026-05-10 09:10:00,
142,6,concluido,Operador Municipal,2026-05-10 06:07:00,2026-05-10 07:12:00,
143,3,concluido,Operador Municipal,2026-05-10 06:20:00,2026-05-10 08:23:00,
143,5,em_execucao,Operador Municipal,2026-05-10 06:17:00,,
143,6,em_execucao,Operador Municipal,2026-05-10 06:08:00,,
144,5,concluido,Operador Municipal,2026-05-10 07:13:00,2026-05-10 09:53:00,
144,6,pendente,Operador Municipal,,,Ação ainda não iniciada.
144,7,concluido,Operador Municipal,2026-05-10 07:16:00,2026-05-10 08:17:00,
144,8,em_execucao,Operador Municipal,2026-05-10 07:24:00,,
145,3,concluido,Operador Municipal,2026-05-10 07:16:00,2026-05-10 09:54:00,
145,5,concluido,Operador Municipal,2026-05-10 07:20:00,2026-05-10 09:52:00,
145,6,em_execucao,Operador Municipal,2026-05-10 07:14:00,,
146,3,concluido,Operador Municipal,2026-05-10 07:27:00,2026-05-10 09:20:00,
146,5,concluido,Operador Municipal,2026-05-10 07:28:00,2026-05-10 08:42:00,
146,6,pendente,Operador Municipal,,,Ação ainda não iniciada.
147,1,em_execucao,Operador Municipal,2026-05-10 07:12:00,,
147,2,pendente,Operador Municipal,,,Ação ainda não iniciada.
148,3,pendente,Operador Municipal,,,Ação ainda não iniciada.
148,5,em_execucao,Operador Municipal,2026-05-10 08:12:00,,
148,6,em_execucao,Operador Municipal,2026-05-10 08:10:00,,
149,3,concluido,Operador Municipal,2026-05-10 08:15:00,2026-05-10 08:49:00,
149,5,concluido,Operador Municipal,2026-05-10 08:27:00,2026-05-10 10:54:00,
149,6,em_execucao,Operador Municipal,2026-05-10 08:06:00,,
150,1,pendente,Operador Municipal,,,Ação ainda não iniciada.
150,3,pendente,Operador Municipal,,,Ação ainda não iniciada.
150,4,pendente,Operador Municipal,,,Ação ainda não iniciada.
151,3,concluido,Operador Municipal,2026-05-10 09:19:00,2026-05-10 09:53:00,
151,5,concluido,Operador Municipal,2026-05-10 09:13:00,2026-05-10 09:48:00,
151,6,concluido,Operador Municipal,2026-05-10 09:12:00,2026-05-10 11:28:00,
152,3,em_execucao,Operador Municipal,2026-05-10 09:30:00,,
152,5,concluido,Operador Municipal,2026-05-10 09:08:00,2026-05-10 10:34:00,
152,6,em_execucao,Operador Municipal,2026-05-10 09:08:00,,
153,1,pendente,Operador Municipal,,,Ação ainda não iniciada.
153,2,concluido,Operador Municipal,2026-05-10 09:15:00,2026-05-10 10:29:00,
154,1,concluido,Operador Municipal,2026-05-10 09:12:00,2026-05-10 09:45:00,
154,3,em_execucao,Operador Municipal,2026-05-10 09:12:00,,
154,4,pendente,Operador Municipal,,,Ação ainda não iniciada.
155,5,em_execucao,Operador Municipal,2026-05-10 10:15:00,,
155,6,em_execucao,Operador Municipal,2026-05-10 10:30:00,,
155,7,em_execucao,Operador Municipal,2026-05-10 10:13:00,,
155,8,concluido,Operador Municipal,2026-05-10 10:30:00,2026-05-10 13:02:00,
156,1,pendente,Operador Municipal,,,Ação ainda não iniciada.
156,3,concluido,Operador Municipal,2026-05-10 10:24:00,2026-05-10 11:36:00,
156,4,pendente,Operador Municipal,,,Ação ainda não iniciada.
157,1,concluido,Operador Municipal,2026-05-10 10:27:00,2026-05-10 12:59:00,
157,3,pendente,Operador Municipal,,,Ação ainda não iniciada.
157,4,pendente,Operador Municipal,,,Ação ainda não iniciada.
158,1,pendente,Operador Municipal,,,Ação ainda não iniciada.
158,3,pendente,Operador Municipal,,,Ação ainda não iniciada.
158,4,em_execucao,Operador Municipal,2026-05-10 10:14:00,,
159,5,em_execucao,Operador Municipal,2026-05-10 11:05:00,,
159,6,concluido,Operador Municipal,2026-05-10 11:05:00,2026-05-10 12:00:00,
159,7,concluido,Operador Municipal,2026-05-10 11:25:00,2026-05-10 12:02:00,
159,8,concluido,Operador Municipal,2026-05-10 11:11:00,2026-05-10 13:52:00,
160,1,concluido,Operador Municipal,2026-05-10 11:06:00,2026-05-10 14:03:00,
160,3,em_execucao,Operador Municipal,2026-05-10 11:27:00,,
160,4,concluido,Operador Municipal,2026-05-10 11:15:00,2026-05-10 12:06:00,
161,1,em_execucao,Operador Municipal,2026-05-10 11:23:00,,
161,2,pendente,Operador Municipal,,,Ação ainda não iniciada.
162,1,pendente,Operador Municipal,,,Ação ainda não iniciada.
162,3,em_execucao,Operador Municipal,2026-05-10 11:29:00,,
162,4,em_execucao,Operador Municipal,2026-05-10 11:18:00,,
163,5,em_execucao,Operador Municipal,2026-05-10 12:14:00,,
163,6,concluido,Operador Municipal,2026-05-10 12:10:00,2026-05-10 14:43:00,
163,7,concluido,Operador Municipal,2026-05-10 12:15:00,2026-05-10 12:55:00,
163,8,em_execucao,Operador Municipal,2026-05-10 12:09:00,,
164,1,em_execucao,Operador Municipal,2026-05-10 12:07:00,,
164,3,em_execucao,Operador Municipal,2026-05-10 12:22:00,,
164,4,em_execucao,Operador Municipal,2026-05-10 12:17:00,,
165,1,em_execucao,Operador Municipal,2026-05-10 12:05:00,,
165,3,pendente,Operador Municipal,,,Ação ainda não iniciada.
165,4,pendente,Operador Municipal,,,Ação ainda não iniciada.
166,1,em_execucao,Operador Municipal,2026-05-10 13:15:00,,
166,3,pendente,Operador Municipal,,,Ação ainda não iniciada.
166,4,em_execucao,Operador Municipal,2026-05-10 13:10:00,,
167,1,pendente,Operador Municipal,,,Ação ainda não iniciada.
167,3,pendente,Operador Municipal,,,Ação ainda não iniciada.
167,4,em_execucao,Operador Municipal,2026-05-10 14:20:00,,
168,3,em_execucao,Operador Municipal,2026-05-10 15:09:00,,
168,5,em_execucao,Operador Municipal,2026-05-10 15:26:00,,
168,6,em_execucao,Operador Municipal,2026-05-10 15:17:00,,
169,3,concluido,Operador Municipal,2026-05-10 15:28:00,2026-05-10 16:41:00,
169,5,em_execucao,Operador Municipal,2026-05-10 15:15:00,,
169,6,em_execucao,Operador Municipal,2026-05-10 15:27:00,,
170,3,em_execucao,Operador Municipal,2026-05-10 15:24:00,,
170,5,em_execucao,Operador Municipal,2026-05-10 15:21:00,,
170,6,pendente,Operador Municipal,,,Ação ainda não iniciada.
171,3,pendente,Operador Municipal,,,Ação ainda não iniciada.
171,5,concluido,Operador Municipal,2026-05-10 15:10:00,2026-05-10 17:58:00,
171,6,em_execucao,Operador Municipal,2026-05-10 15:21:00,,
172,3,concluido,Operador Municipal,2026-05-10 16:22:00,2026-05-10 17:32:00,
172,5,concluido,Operador Municipal,2026-05-10 16:22:00,2026-05-10 18:53:00,
172,6,em_execucao,Operador Municipal,2026-05-10 16:22:00,,
173,3,concluido,Operador Municipal,2026-05-10 16:30:00,2026-05-10 17:07:00,
173,5,em_execucao,Operador Municipal,2026-05-10 16:25:00,,
173,6,em_execucao,Operador Municipal,2026-05-10 16:26:00,,
174,3,concluido,Operador Municipal,2026-05-10 17:10:00,2026-05-10 18:13:00,
174,5,concluido,Operador Municipal,2026-05-10 17:05:00,2026-05-10 19:48:00,
174,6,concluido,Operador Municipal,2026-05-10 17:21:00,2026-05-10 18:12:00,
175,1,pendente,Operador Municipal,,,Ação ainda não iniciada.
175,3,pendente,Operador Municipal,,,Ação ainda não iniciada.
175,4,pendente,Operador Municipal,,,Ação ainda não iniciada.
176,1,concluido,Operador Municipal,2026-05-10 17:09:00,2026-05-10 19:10:00,
176,3,em_execucao,Operador Municipal,2026-05-10 17:12:00,,
176,4,concluido,Operador Municipal,2026-05-10 17:26:00,2026-05-10 19:46:00,
177,3,pendente,Operador Municipal,,,Ação ainda não iniciada.
177,5,concluido,Operador Municipal,2026-05-10 18:16:00,2026-05-10 19:33:00,
177,6,em_execucao,Operador Municipal,2026-05-10 18:15:00,,
178,1,pendente,Operador Municipal,,,Ação ainda não iniciada.
178,3,pendente,Operador Municipal,,,Ação ainda não iniciada.
178,4,em_execucao,Operador Municipal,2026-05-10 18:11:00,,
179,3,concluido,Operador Municipal,2026-05-10 18:14:00,2026-05-10 18:47:00,
179,5,concluido,Operador Municipal,2026-05-10 18:19:00,2026-05-10 21:11:00,
179,6,concluido,Operador Municipal,2026-05-10 18:26:00,2026-05-10 20:48:00,
180,3,em_execucao,Operador Municipal,2026-05-10 19:17:00,,
180,5,pendente,Operador Municipal,,,Ação ainda não iniciada.
180,6,concluido,Operador Municipal,2026-05-10 19:21:00,2026-05-10 20:10:00,
181,3,pendente,Operador Municipal,,,Ação ainda não iniciada.
181,5,concluido,Operador Municipal,2026-05-10 19:18:00,2026-05-10 21:41:00,
181,6,em_execucao,Operador Municipal,2026-05-10 19:30:00,,
182,3,concluido,Operador Municipal,2026-05-10 20:30:00,2026-05-10 22:18:00,
182,5,em_execucao,Operador Municipal,2026-05-10 20:25:00,,
182,6,em_execucao,Operador Municipal,2026-05-10 20:11:00,,
183,5,concluido,Operador Municipal,2026-05-10 20:30:00,2026-05-10 21:27:00,
183,6,pendente,Operador Municipal,,,Ação ainda não iniciada.
183,7,concluido,Operador Municipal,2026-05-10 20:13:00,2026-05-10 21:03:00,
183,8,concluido,Operador Municipal,2026-05-10 20:15:00,2026-05-10 22:16:00,
184,3,em_execucao,Operador Municipal,2026-05-10 20:21:00,,
184,5,concluido,Operador Municipal,2026-05-10 20:28:00,2026-05-10 23:21:00,
184,6,em_execucao,Operador Municipal,2026-05-10 20:27:00,,
185,5,em_execucao,Operador Municipal,2026-05-10 21:24:00,,
185,6,em_execucao,Operador Municipal,2026-05-10 21:23:00,,
185,7,concluido,Operador Municipal,2026-05-10 21:22:00,2026-05-11 00:22:00,
185,8,concluido,Operador Municipal,2026-05-10 21:30:00,2026-05-10 22:53:00,
186,1,pendente,Operador Municipal,,,Ação ainda não iniciada.
186,3,concluido,Operador Municipal,2026-05-10 21:20:00,2026-05-10 21:57:00,
186,4,concluido,Operador Municipal,2026-05-10 21:05:00,2026-05-10 23:45:00,
187,3,em_execucao,Operador Municipal,2026-05-10 21:13:00,,
187,5,em_execucao,Operador Municipal,2026-05-10 21:08:00,,
187,6,em_execucao,Operador Municipal,2026-05-10 21:29:00,,
188,3,concluido,Operador Municipal,2026-05-10 22:05:00,2026-05-11 00:14:00,
188,5,concluido,Operador Municipal,2026-05-10 22:16:00,2026-05-10 23:03:00,
188,6,pendente,Operador Municipal,,,Ação ainda não iniciada.
189,5,em_execucao,Operador Municipal,2026-05-10 22:25:00,,
189,6,em_execucao,Operador Municipal,2026-05-10 22:10:00,,
189,7,em_execucao,Operador Municipal,2026-05-10 22:16:00,,
189,8,em_execucao,Operador Municipal,2026-05-10 22:21:00,,
190,1,pendente,Operador Municipal,,,Ação ainda não iniciada.
190,3,pendente,Operador Municipal,,,Ação ainda não iniciada.
190,4,concluido,Operador Municipal,2026-05-10 22:16:00,2026-05-11 00:41:00,
191,1,em_execucao,Operador Municipal,2026-05-10 22:15:00,,
191,3,concluido,Operador Municipal,2026-05-10 22:12:00,2026-05-10 23:03:00,
191,4,concluido,Operador Municipal,2026-05-10 22:07:00,2026-05-10 22:51:00,
192,1,em_execucao,Operador Municipal,2026-05-10 23:30:00,,
192,3,pendente,Operador Municipal,,,Ação ainda não iniciada.
192,4,concluido,Operador Municipal,2026-05-10 23:13:00,2026-05-11 00:20:00,
193,5,em_execucao,Operador Municipal,2026-05-10 23:21:00,,
193,6,em_execucao,Operador Municipal,2026-05-10 23:11:00,,
193,7,em_execucao,Operador Municipal,2026-05-10 23:05:00,,
193,8,concluido,Operador Municipal,2026-05-10 23:30:00,2026-05-11 01:31:00,
194,3,pendente,Operador Municipal,,,Ação ainda não iniciada.
194,5,concluido,Operador Municipal,2026-05-10 23:06:00,2026-05-11 01:52:00,
194,6,concluido,Operador Municipal,2026-05-10 23:23:00,2026-05-11 00:58:00,
195,1,em_execucao,Operador Municipal,2026-05-11 00:09:00,,
195,3,em_execucao,Operador Municipal,2026-05-11 00:20:00,,
195,4,concluido,Operador Municipal,2026-05-11 00:05:00,2026-05-11 03:05:00,
196,5,concluido,Operador Municipal,2026-05-11 00:26:00,2026-05-11 01:12:00,
196,6,em_execucao,Operador Municipal,2026-05-11 00:25:00,,
196,7,em_execucao,Operador Municipal,2026-05-11 00:06:00,,
196,8,em_execucao,Operador Municipal,2026-05-11 00:09:00,,
197,3,em_execucao,Operador Municipal,2026-05-11 00:24:00,,
197,5,em_execucao,Operador Municipal,2026-05-11 00:10:00,,
197,6,concluido,Operador Municipal,2026-05-11 00:15:00,2026-05-11 03:05:00,
198,1,pendente,Operador Municipal,,,Ação ainda não iniciada.
198,3,pendente,Operador Municipal,,,Ação ainda não iniciada.
198,4,pendente,Operador Municipal,,,Ação ainda não iniciada.
199,3,em_execucao,Operador Municipal,2026-05-11 01:06:00,,
199,5,concluido,Operador Municipal,2026-05-11 01:22:00,2026-05-11 02:01:00,
199,6,pendente,Operador Municipal,,,Ação ainda não iniciada.
200,5,em_execucao,Operador Municipal,2026-05-11 01:24:00,,
200,6,em_execucao,Operador Municipal,2026-05-11 01:22:00,,
200,7,concluido,Operador Municipal,2026-05-11 01:26:00,2026-05-11 04:06:00,
200,8,em_execucao,Operador Municipal,2026-05-11 01:25:00,,
201,3,concluido,Operador Municipal,2026-05-11 01:10:00,2026-05-11 03:06:00,
201,5,concluido,Operador Municipal,2026-05-11 01:28:00,2026-05-11 03:53:00,
201,6,concluido,Operador Municipal,2026-05-11 01:09:00,2026-05-11 02:17:00,
202,1,pendente,Operador Municipal,,,Ação ainda não iniciada.
202,3,pendente,Operador Municipal,,,Ação ainda não iniciada.
202,4,em_execucao,Operador Municipal,2026-05-11 02:13:00,,
203,3,concluido,Operador Municipal,2026-05-11 02:26:00,2026-05-11 04:12:00,
203,5,concluido,Operador Municipal,2026-05-11 02:06:00,2026-05-11 04:43:00,
203,6,em_execucao,Operador Municipal,2026-05-11 02:11:00,,
204,3,em_execucao,Operador Municipal,2026-05-11 03:11:00,,
204,5,em_execucao,Operador Municipal,2026-05-11 03:22:00,,
204,6,concluido,Operador Municipal,2026-05-11 03:08:00,2026-05-11 05:35:00,
205,3,em_execucao,Operador Municipal,2026-05-11 03:10:00,,
205,5,pendente,Operador Municipal,,,Ação ainda não iniciada.
205,6,em_execucao,Operador Municipal,2026-05-11 03:24:00,,
206,3,em_execucao,Operador Municipal,2026-05-11 04:05:00,,
206,5,concluido,Operador Municipal,2026-05-11 04:21:00,2026-05-11 06:42:00,
206,6,em_execucao,Operador Municipal,2026-05-11 04:22:00,,
207,1,pendente,Operador Municipal,,,Ação ainda não iniciada.
207,3,concluido,Operador Municipal,2026-05-11 04:19:00,2026-05-11 06:11:00,
207,4,concluido,Operador Municipal,2026-05-11 04:13:00,2026-05-11 05:41:00,
208,3,pendente,Operador Municipal,,,Ação ainda não iniciada.
208,5,concluido,Operador Municipal,2026-05-11 04:27:00,2026-05-11 06:48:00,
208,6,em_execucao,Operador Municipal,2026-05-11 04:08:00,,
209,3,concluido,Operador Municipal,2026-05-11 05:29:00,2026-05-11 07:31:00,
209,5,em_execucao,Operador Municipal,2026-05-11 05:06:00,,
209,6,em_execucao,Operador Municipal,2026-05-11 05:16:00,,
210,1,concluido,Operador Municipal,2026-05-11 05:20:00,2026-05-11 07:06:00,
210,2,pendente,Operador Municipal,,,Ação ainda não iniciada.
211,3,em_execucao,Operador Municipal,2026-05-11 06:19:00,,
211,5,em_execucao,Operador Municipal,2026-05-11 06:10:00,,
211,6,em_execucao,Operador Municipal,2026-05-11 06:12:00,,
212,1,pendente,Operador Municipal,,,Ação ainda não iniciada.
212,3,em_execucao,Operador Municipal,2026-05-11 06:06:00,,
212,4,em_execucao,Operador Municipal,2026-05-11 06:25:00,,
213,3,concluido,Operador Municipal,2026-05-11 07:18:00,2026-05-11 08:22:00,
213,5,pendente,Operador Municipal,,,Ação ainda não iniciada.
213,6,concluido,Operador Municipal,2026-05-11 07:15:00,2026-05-11 09:36:00,
214,3,concluido,Operador Municipal,2026-05-11 07:26:00,2026-05-11 09:01:00,
214,5,pendente,Operador Municipal,,,Ação ainda não iniciada.
214,6,pendente,Operador Municipal,,,Ação ainda não iniciada.
215,3,em_execucao,Operador Municipal,2026-05-11 08:17:00,,
215,5,em_execucao,Operador Municipal,2026-05-11 08:21:00,,
215,6,concluido,Operador Municipal,2026-05-11 08:29:00,2026-05-11 09:21:00,
216,1,pendente,Operador Municipal,,,Ação ainda não iniciada.
216,3,pendente,Operador Municipal,,,Ação ainda não iniciada.
216,4,em_execucao,Operador Municipal,2026-05-11 08:15:00,,
217,3,em_execucao,Operador Municipal,2026-05-11 08:25:00,,
217,5,concluido,Operador Municipal,2026-05-11 08:08:00,2026-05-11 10:02:00,
217,6,em_execucao,Operador Municipal,2026-05-11 08:08:00,,
218,3,em_execucao,Operador Municipal,2026-05-11 09:18:00,,
218,5,pendente,Operador Municipal,,,Ação ainda não iniciada.
218,6,em_execucao,Operador Municipal,2026-05-11 09:14:00,,
219,3,em_execucao,Operador Municipal,2026-05-11 09:27:00,,
219,5,concluido,Operador Municipal,2026-05-11 09:11:00,2026-05-11 11:47:00,
219,6,concluido,Operador Municipal,2026-05-11 09:20:00,2026-05-11 10:31:00,
220,1,pendente,Operador Municipal,,,Ação ainda não iniciada.
220,2,pendente,Operador Municipal,,,Ação ainda não iniciada.
221,1,pendente,Operador Municipal,,,Ação ainda não iniciada.
221,3,concluido,Operador Municipal,2026-05-11 09:07:00,2026-05-11 10:02:00,
221,4,em_execucao,Operador Municipal,2026-05-11 09:28:00,,
222,1,pendente,Operador Municipal,,,Ação ainda não iniciada.
222,3,em_execucao,Operador Municipal,2026-05-11 10:28:00,,
222,4,em_execucao,Operador Municipal,2026-05-11 10:22:00,,
223,3,concluido,Operador Municipal,2026-05-11 10:19:00,2026-05-11 13:02:00,
223,5,pendente,Operador Municipal,,,Ação ainda não iniciada.
223,6,concluido,Operador Municipal,2026-05-11 10:14:00,2026-05-11 11:42:00,
224,1,pendente,Operador Municipal,,,Ação ainda não iniciada.
224,3,pendente,Operador Municipal,,,Ação ainda não iniciada.
224,4,pendente,Operador Municipal,,,Ação ainda não iniciada.
225,1,concluido,Operador Municipal,2026-05-11 11:08:00,2026-05-11 13:45:00,
225,3,em_execucao,Operador Municipal,2026-05-11 11:06:00,,
225,4,concluido,Operador Municipal,2026-05-11 11:22:00,2026-05-11 12:45:00,
226,1,em_execucao,Operador Municipal,2026-05-11 11:19:00,,
226,3,pendente,Operador Municipal,,,Ação ainda não iniciada.
226,4,em_execucao,Operador Municipal,2026-05-11 11:28:00,,
227,1,pendente,Operador Municipal,,,Ação ainda não iniciada.
227,3,pendente,Operador Municipal,,,Ação ainda não iniciada.
227,4,em_execucao,Operador Municipal,2026-05-11 12:21:00,,
228,3,pendente,Operador Municipal,,,Ação ainda não iniciada.
228,5,em_execucao,Operador Municipal,2026-05-11 12:20:00,,
228,6,em_execucao,Operador Municipal,2026-05-11 12:18:00,,
229,1,pendente,Operador Municipal,,,Ação ainda não iniciada.
229,3,concluido,Operador Municipal,2026-05-11 12:23:00,2026-05-11 13:51:00,
229,4,em_execucao,Operador Municipal,2026-05-11 12:22:00,,
230,1,pendente,Operador Municipal,,,Ação ainda não iniciada.
230,3,pendente,Operador Municipal,,,Ação ainda não iniciada.
230,4,pendente,Operador Municipal,,,Ação ainda não iniciada.
231,1,concluido,Operador Municipal,2026-05-11 13:28:00,2026-05-11 14:18:00,
231,3,em_execucao,Operador Municipal,2026-05-11 13:23:00,,
231,4,pendente,Operador Municipal,,,Ação ainda não iniciada.
232,1,pendente,Operador Municipal,,,Ação ainda não iniciada.
232,3,pendente,Operador Municipal,,,Ação ainda não iniciada.
232,4,em_execucao,Operador Municipal,2026-05-11 13:07:00,,
233,3,pendente,Operador Municipal,,,Ação ainda não iniciada.
233,5,pendente,Operador Municipal,,,Ação ainda não iniciada.
233,6,em_execucao,Operador Municipal,2026-05-11 14:09:00,,
234,1,pendente,Operador Municipal,,,Ação ainda não iniciada.
234,3,concluido,Operador Municipal,2026-05-11 14:22:00,2026-05-11 16:50:00,
234,4,pendente,Operador Municipal,,,Ação ainda não iniciada.
235,3,em_execucao,Operador Municipal,2026-05-11 15:12:00,,
235,5,concluido,Operador Municipal,2026-05-11 15:22:00,2026-05-11 16:30:00,
235,6,em_execucao,Operador Municipal,2026-05-11 15:27:00,,
236,3,concluido,Operador Municipal,2026-05-11 15:06:00,2026-05-11 17:25:00,
236,5,concluido,Operador Municipal,2026-05-11 15:10:00,2026-05-11 16:40:00,
236,6,concluido,Operador Municipal,2026-05-11 15:19:00,2026-05-11 16:58:00,
237,1,em_execucao,Operador Municipal,2026-05-11 16:27:00,,
237,3,concluido,Operador Municipal,2026-05-11 16:14:00,2026-05-11 17:13:00,
237,4,em_execucao,Operador Municipal,2026-05-11 16:23:00,,
238,3,em_execucao,Operador Municipal,2026-05-11 16:06:00,,
238,5,em_execucao,Operador Municipal,2026-05-11 16:08:00,,
238,6,em_execucao,Operador Municipal,2026-05-11 16:29:00,,
239,5,em_execucao,Operador Municipal,2026-05-11 17:21:00,,
239,6,pendente,Operador Municipal,,,Ação ainda não iniciada.
239,7,em_execucao,Operador Municipal,2026-05-11 17:08:00,,
239,8,pendente,Operador Municipal,,,Ação ainda não iniciada.
240,1,concluido,Operador Municipal,2026-05-11 17:24:00,2026-05-11 18:31:00,
240,3,pendente,Operador Municipal,,,Ação ainda não iniciada.
240,4,pendente,Operador Municipal,,,Ação ainda não iniciada.
241,1,pendente,Operador Municipal,,,Ação ainda não iniciada.
241,3,pendente,Operador Municipal,,,Ação ainda não iniciada.
241,4,concluido,Operador Municipal,2026-05-11 17:18:00,2026-05-11 18:10:00,
242,1,pendente,Operador Municipal,,,Ação ainda não iniciada.
242,3,em_execucao,Operador Municipal,2026-05-11 18:25:00,,
242,4,concluido,Operador Municipal,2026-05-11 18:23:00,2026-05-11 19:18:00,
243,3,em_execucao,Operador Municipal,2026-05-11 18:11:00,,
243,5,pendente,Operador Municipal,,,Ação ainda não iniciada.
243,6,concluido,Operador Municipal,2026-05-11 18:24:00,2026-05-11 19:52:00,
244,1,pendente,Operador Municipal,,,Ação ainda não iniciada.
244,3,em_execucao,Operador Municipal,2026-05-11 18:29:00,,
244,4,em_execucao,Operador Municipal,2026-05-11 18:09:00,,
245,1,pendente,Operador Municipal,,,Ação ainda não iniciada.
245,3,pendente,Operador Municipal,,,Ação ainda não iniciada.
245,4,concluido,Operador Municipal,2026-05-11 18:11:00,2026-05-11 20:05:00,
246,3,concluido,Operador Municipal,2026-05-11 19:20:00,2026-05-11 21:33:00,
246,5,em_execucao,Operador Municipal,2026-05-11 19:20:00,,
246,6,em_execucao,Operador Municipal,2026-05-11 19:18:00,,
247,1,concluido,Operador Municipal,2026-05-11 19:21:00,2026-05-11 20:52:00,
247,3,pendente,Operador Municipal,,,Ação ainda não iniciada.
247,4,pendente,Operador Municipal,,,Ação ainda não iniciada.
248,1,pendente,Operador Municipal,,,Ação ainda não iniciada.
248,3,pendente,Operador Municipal,,,Ação ainda não iniciada.
248,4,em_execucao,Operador Municipal,2026-05-11 19:08:00,,
249,3,concluido,Operador Municipal,2026-05-11 20:05:00,2026-05-11 21:33:00,
249,5,concluido,Operador Municipal,2026-05-11 20:23:00,2026-05-11 22:29:00,
249,6,em_execucao,Operador Municipal,2026-05-11 20:06:00,,
250,3,concluido,Operador Municipal,2026-05-11 20:09:00,2026-05-11 21:56:00,
250,5,em_execucao,Operador Municipal,2026-05-11 20:25:00,,
250,6,em_execucao,Operador Municipal,2026-05-11 20:10:00,,
251,3,em_execucao,Operador Municipal,2026-05-11 21:12:00,,
251,5,em_execucao,Operador Municipal,2026-05-11 21:16:00,,
251,6,concluido,Operador Municipal,2026-05-11 21:12:00,2026-05-11 23:57:00,
252,5,concluido,Operador Municipal,2026-05-11 21:12:00,2026-05-11 22:48:00,
252,6,em_execucao,Operador Municipal,2026-05-11 21:20:00,,
252,7,em_execucao,Operador Municipal,2026-05-11 21:17:00,,
252,8,em_execucao,Operador Municipal,2026-05-11 21:21:00,,
253,1,pendente,Operador Municipal,,,Ação ainda não iniciada.
253,3,pendente,Operador Municipal,,,Ação ainda não iniciada.
253,4,em_execucao,Operador Municipal,2026-05-11 22:06:00,,
254,3,em_execucao,Operador Municipal,2026-05-11 22:09:00,,
254,5,em_execucao,Operador Municipal,2026-05-11 22:21:00,,
254,6,pendente,Operador Municipal,,,Ação ainda não iniciada.
255,3,em_execucao,Operador Municipal,2026-05-11 22:24:00,,
255,5,concluido,Operador Municipal,2026-05-11 22:27:00,2026-05-11 23:32:00,
255,6,concluido,Operador Municipal,2026-05-11 22:24:00,2026-05-11 23:49:00,
256,1,pendente,Operador Municipal,,,Ação ainda não iniciada.
256,3,pendente,Operador Municipal,,,Ação ainda não iniciada.
256,4,concluido,Operador Municipal,2026-05-11 23:13:00,2026-05-11 23:53:00,
257,3,em_execucao,Operador Municipal,2026-05-11 23:14:00,,
257,5,pendente,Operador Municipal,,,Ação ainda não iniciada.
257,6,concluido,Operador Municipal,2026-05-11 23:11:00,2026-05-12 01:49:00,
258,1,pendente,Operador Municipal,,,Ação ainda não iniciada.
258,3,pendente,Operador Municipal,,,Ação ainda não iniciada.
258,4,pendente,Operador Municipal,,,Ação ainda não iniciada.
259,5,em_execucao,Operador Municipal,2026-05-12 00:12:00,,
259,6,concluido,Operador Municipal,2026-05-12 00:19:00,2026-05-12 01:57:00,
259,7,em_execucao,Operador Municipal,2026-05-12 00:05:00,,
259,8,em_execucao,Operador Municipal,2026-05-12 00:11:00,,
260,3,concluido,Operador Municipal,2026-05-12 00:28:00,2026-05-12 01:43:00,
260,5,concluido,Operador Municipal,2026-05-12 00:06:00,2026-05-12 00:51:00,
260,6,em_execucao,Operador Municipal,2026-05-12 00:13:00,,
261,1,em_execucao,Operador Municipal,2026-05-12 01:17:00,,
261,3,em_execucao,Operador Municipal,2026-05-12 01:19:00,,
261,4,concluido,Operador Municipal,2026-05-12 01:27:00,2026-05-12 03:55:00,
262,5,pendente,Operador Municipal,,,Ação ainda não iniciada.
262,6,concluido,Operador Municipal,2026-05-12 01:15:00,2026-05-12 04:12:00,
262,7,concluido,Operador Municipal,2026-05-12 01:25:00,2026-05-12 04:07:00,
262,8,concluido,Operador Municipal,2026-05-12 01:18:00,2026-05-12 03:35:00,
263,3,pendente,Operador Municipal,,,Ação ainda não iniciada.
263,5,em_execucao,Operador Municipal,2026-05-12 01:15:00,,
263,6,em_execucao,Operador Municipal,2026-05-12 01:13:00,,
264,3,em_execucao,Operador Municipal,2026-05-12 01:19:00,,
264,5,em_execucao,Operador Municipal,2026-05-12 01:14:00,,
264,6,pendente,Operador Municipal,,,Ação ainda não iniciada.
265,5,pendente,Operador Municipal,,,Ação ainda não iniciada.
265,6,em_execucao,Operador Municipal,2026-05-12 02:28:00,,
265,7,em_execucao,Operador Municipal,2026-05-12 02:17:00,,
265,8,pendente,Operador Municipal,,,Ação ainda não iniciada.
266,3,pendente,Operador Municipal,,,Ação ainda não iniciada.
266,5,concluido,Operador Municipal,2026-05-12 02:20:00,2026-05-12 04:00:00,
266,6,pendente,Operador Municipal,,,Ação ainda não iniciada.
267,1,concluido,Operador Municipal,2026-05-12 02:28:00,2026-05-12 04:28:00,
267,3,em_execucao,Operador Municipal,2026-05-12 02:24:00,,
267,4,concluido,Operador Municipal,2026-05-12 02:08:00,2026-05-12 02:53:00,
268,5,concluido,Operador Municipal,2026-05-12 03:28:00,2026-05-12 06:17:00,
268,6,em_execucao,Operador Municipal,2026-05-12 03:10:00,,
268,7,concluido,Operador Municipal,2026-05-12 03:10:00,2026-05-12 04:13:00,
268,8,em_execucao,Operador Municipal,2026-05-12 03:09:00,,
269,3,pendente,Operador Municipal,,,Ação ainda não iniciada.
269,5,em_execucao,Operador Municipal,2026-05-12 03:30:00,,
269,6,em_execucao,Operador Municipal,2026-05-12 03:05:00,,
270,1,concluido,Operador Municipal,2026-05-12 03:23:00,2026-05-12 04:40:00,
270,3,pendente,Operador Municipal,,,Ação ainda não iniciada.
270,4,pendente,Operador Municipal,,,Ação ainda não iniciada.
271,5,em_execucao,Operador Municipal,2026-05-12 04:11:00,,
271,6,pendente,Operador Municipal,,,Ação ainda não iniciada.
271,7,em_execucao,Operador Municipal,2026-05-12 04:11:00,,
271,8,em_execucao,Operador Municipal,2026-05-12 04:27:00,,
272,5,concluido,Operador Municipal,2026-05-12 04:23:00,2026-05-12 06:57:00,
272,6,concluido,Operador Municipal,2026-05-12 04:18:00,2026-05-12 06:56:00,
272,7,em_execucao,Operador Municipal,2026-05-12 04:25:00,,
272,8,concluido,Operador Municipal,2026-05-12 04:15:00,2026-05-12 05:40:00,
273,3,em_execucao,Operador Municipal,2026-05-12 04:16:00,,
273,5,concluido,Operador Municipal,2026-05-12 04:16:00,2026-05-12 05:22:00,
273,6,em_execucao,Operador Municipal,2026-05-12 04:06:00,,
274,1,pendente,Operador Municipal,,,Ação ainda não iniciada.
274,3,concluido,Operador Municipal,2026-05-12 05:05:00,2026-05-12 06:39:00,
274,4,em_execucao,Operador Municipal,2026-05-12 05:27:00,,
275,5,em_execucao,Operador Municipal,2026-05-12 05:19:00,,
275,6,pendente,Operador Municipal,,,Ação ainda não iniciada.
275,7,pendente,Operador Municipal,,,Ação ainda não iniciada.
275,8,em_execucao,Operador Municipal,2026-05-12 05:06:00,,
276,5,pendente,Operador Municipal,,,Ação ainda não iniciada.
276,6,concluido,Operador Municipal,2026-05-12 05:30:00,2026-05-12 07:19:00,
276,7,concluido,Operador Municipal,2026-05-12 05:29:00,2026-05-12 06:13:00,
276,8,pendente,Operador Municipal,,,Ação ainda não iniciada.
277,3,em_execucao,Operador Municipal,2026-05-12 05:26:00,,
277,5,em_execucao,Operador Municipal,2026-05-12 05:05:00,,
277,6,concluido,Operador Municipal,2026-05-12 05:22:00,2026-05-12 08:21:00,
278,3,concluido,Operador Municipal,2026-05-12 06:30:00,2026-05-12 09:00:00,
278,5,em_execucao,Operador Municipal,2026-05-12 06:26:00,,
278,6,concluido,Operador Municipal,2026-05-12 06:11:00,2026-05-12 08:59:00,
279,5,pendente,Operador Municipal,,,Ação ainda não iniciada.
279,6,pendente,Operador Municipal,,,Ação ainda não iniciada.
279,7,concluido,Operador Municipal,2026-05-12 06:10:00,2026-05-12 07:42:00,
279,8,concluido,Operador Municipal,2026-05-12 06:24:00,2026-05-12 07:54:00,
280,1,pendente,Operador Municipal,,,Ação ainda não iniciada.
280,3,pendente,Operador Municipal,,,Ação ainda não iniciada.
280,4,pendente,Operador Municipal,,,Ação ainda não iniciada.
281,3,concluido,Operador Municipal,2026-05-12 06:09:00,2026-05-12 07:10:00,
281,5,concluido,Operador Municipal,2026-05-12 06:05:00,2026-05-12 07:29:00,
281,6,em_execucao,Operador Municipal,2026-05-12 06:28:00,,
282,3,concluido,Operador Municipal,2026-05-12 07:25:00,2026-05-12 08:09:00,
282,5,em_execucao,Operador Municipal,2026-05-12 07:22:00,,
282,6,concluido,Operador Municipal,2026-05-12 07:09:00,2026-05-12 08:21:00,
283,3,em_execucao,Operador Municipal,2026-05-12 07:19:00,,
283,5,em_execucao,Operador Municipal,2026-05-12 07:23:00,,
283,6,em_execucao,Operador Municipal,2026-05-12 07:14:00,,
284,3,em_execucao,Operador Municipal,2026-05-12 07:05:00,,
284,5,em_execucao,Operador Municipal,2026-05-12 07:12:00,,
284,6,pendente,Operador Municipal,,,Ação ainda não iniciada.
285,3,em_execucao,Operador Municipal,2026-05-12 08:26:00,,
285,5,em_execucao,Operador Municipal,2026-05-12 08:07:00,,
285,6,em_execucao,Operador Municipal,2026-05-12 08:20:00,,
286,3,concluido,Operador Municipal,2026-05-12 08:14:00,2026-05-12 10:27:00,
286,5,concluido,Operador Municipal,2026-05-12 08:09:00,2026-05-12 10:18:00,
286,6,pendente,Operador Municipal,,,Ação ainda não iniciada.
287,3,em_execucao,Operador Municipal,2026-05-12 08:08:00,,
287,5,concluido,Operador Municipal,2026-05-12 08:06:00,2026-05-12 09:06:00,
287,6,em_execucao,Operador Municipal,2026-05-12 08:28:00,,
288,1,pendente,Operador Municipal,,,Ação ainda não iniciada.
288,3,pendente,Operador Municipal,,,Ação ainda não iniciada.
288,4,pendente,Operador Municipal,,,Ação ainda não iniciada.
289,1,pendente,Operador Municipal,,,Ação ainda não iniciada.
289,3,pendente,Operador Municipal,,,Ação ainda não iniciada.
289,4,pendente,Operador Municipal,,,Ação ainda não iniciada.
290,1,pendente,Operador Municipal,,,Ação ainda não iniciada.
290,3,concluido,Operador Municipal,2026-05-12 09:13:00,2026-05-12 11:25:00,
290,4,pendente,Operador Municipal,,,Ação ainda não iniciada.
291,3,concluido,Operador Municipal,2026-05-12 09:14:00,2026-05-12 12:10:00,
291,5,em_execucao,Operador Municipal,2026-05-12 09:29:00,,
291,6,concluido,Operador Municipal,2026-05-12 09:21:00,2026-05-12 10:40:00,
292,3,em_execucao,Operador Municipal,2026-05-12 10:24:00,,
292,5,em_execucao,Operador Municipal,2026-05-12 10:23:00,,
292,6,concluido,Operador Municipal,2026-05-12 10:12:00,2026-05-12 11:25:00,
293,1,em_execucao,Operador Municipal,2026-05-12 10:15:00,,
293,3,em_execucao,Operador Municipal,2026-05-12 10:27:00,,
293,4,pendente,Operador Municipal,,,Ação ainda não iniciada.
294,5,concluido,Operador Municipal,2026-05-12 11:15:00,2026-05-12 13:34:00,
294,6,concluido,Operador Municipal,2026-05-12 11:22:00,2026-05-12 13:04:00,
294,7,em_execucao,Operador Municipal,2026-05-12 11:09:00,,
294,8,concluido,Operador Municipal,2026-05-12 11:12:00,2026-05-12 12:13:00,
295,1,concluido,Operador Municipal,2026-05-12 11:30:00,2026-05-12 13:42:00,
295,2,concluido,Operador Municipal,2026-05-12 11:07:00,2026-05-12 14:03:00,
296,1,pendente,Operador Municipal,,,Ação ainda não iniciada.
296,3,em_execucao,Operador Municipal,2026-05-12 11:28:00,,
296,4,concluido,Operador Municipal,2026-05-12 11:23:00,2026-05-12 13:01:00,
297,5,em_execucao,Operador Municipal,2026-05-12 12:05:00,,
297,6,pendente,Operador Municipal,,,Ação ainda não iniciada.
297,7,concluido,Operador Municipal,2026-05-12 12:26:00,2026-05-12 14:52:00,
297,8,concluido,Operador Municipal,2026-05-12 12:08:00,2026-05-12 14:53:00,
298,3,concluido,Operador Municipal,2026-05-12 12:10:00,2026-05-12 12:42:00,
298,5,concluido,Operador Municipal,2026-05-12 12:19:00,2026-05-12 13:10:00,
298,6,em_execucao,Operador Municipal,2026-05-12 12:28:00,,
299,1,pendente,Operador Municipal,,,Ação ainda não iniciada.
299,3,concluido,Operador Municipal,2026-05-12 12:23:00,2026-05-12 14:03:00,
299,4,em_execucao,Operador Municipal,2026-05-12 12:16:00,,
300,5,concluido,Operador Municipal,2026-05-12 13:17:00,2026-05-12 15:16:00,
300,6,pendente,Operador Municipal,,,Ação ainda não iniciada.
300,7,pendente,Operador Municipal,,,Ação ainda não iniciada.
300,8,concluido,Operador Municipal,2026-05-12 13:21:00,2026-05-12 15:30:00,
301,3,concluido,Operador Municipal,2026-05-12 13:06:00,2026-05-12 14:09:00,
301,5,pendente,Operador Municipal,,,Ação ainda não iniciada.
301,6,concluido,Operador Municipal,2026-05-12 13:06:00,2026-05-12 15:23:00,
302,5,concluido,Operador Municipal,2026-05-12 14:10:00,2026-05-12 15:18:00,
302,6,em_execucao,Operador Municipal,2026-05-12 14:21:00,,
302,7,concluido,Operador Municipal,2026-05-12 14:14:00,2026-05-12 16:09:00,
302,8,em_execucao,Operador Municipal,2026-05-12 14:13:00,,
303,3,concluido,Operador Municipal,2026-05-12 14:21:00,2026-05-12 14:57:00,
303,5,em_execucao,Operador Municipal,2026-05-12 14:10:00,,
303,6,em_execucao,Operador Municipal,2026-05-12 14:22:00,,
304,1,concluido,Operador Municipal,2026-05-12 14:13:00,2026-05-12 15:04:00,
304,3,pendente,Operador Municipal,,,Ação ainda não iniciada.
304,4,concluido,Operador Municipal,2026-05-12 14:05:00,2026-05-12 16:59:00,
305,5,concluido,Operador Municipal,2026-05-12 15:10:00,2026-05-12 16:00:00,
305,6,pendente,Operador Municipal,,,Ação ainda não iniciada.
305,7,em_execucao,Operador Municipal,2026-05-12 15:29:00,,
305,8,em_execucao,Operador Municipal,2026-05-12 15:29:00,,
306,1,concluido,Operador Municipal,2026-05-12 15:30:00,2026-05-12 17:48:00,
306,3,pendente,Operador Municipal,,,Ação ainda não iniciada.
306,4,em_execucao,Operador Municipal,2026-05-12 15:17:00,,
307,3,pendente,Operador Municipal,,,Ação ainda não iniciada.
307,5,pendente,Operador Municipal,,,Ação ainda não iniciada.
307,6,pendente,Operador Municipal,,,Ação ainda não iniciada.
308,5,em_execucao,Operador Municipal,2026-05-12 16:19:00,,
308,6,em_execucao,Operador Municipal,2026-05-12 16:26:00,,
308,7,concluido,Operador Municipal,2026-05-12 16:19:00,2026-05-12 17:24:00,
308,8,em_execucao,Operador Municipal,2026-05-12 16:23:00,,
309,1,em_execucao,Operador Municipal,2026-05-12 16:17:00,,
309,3,pendente,Operador Municipal,,,Ação ainda não iniciada.
309,4,em_execucao,Operador Municipal,2026-05-12 16:06:00,,
310,3,em_execucao,Operador Municipal,2026-05-12 16:25:00,,
310,5,concluido,Operador Municipal,2026-05-12 16:26:00,2026-05-12 19:03:00,
310,6,concluido,Operador Municipal,2026-05-12 16:10:00,2026-05-12 18:17:00,
311,3,concluido,Operador Municipal,2026-05-12 17:26:00,2026-05-12 20:05:00,
311,5,em_execucao,Operador Municipal,2026-05-12 17:13:00,,
311,6,concluido,Operador Municipal,2026-05-12 17:21:00,2026-05-12 20:12:00,
312,1,concluido,Operador Municipal,2026-05-12 17:29:00,2026-05-12 19:26:00,
312,3,pendente,Operador Municipal,,,Ação ainda não iniciada.
312,4,pendente,Operador Municipal,,,Ação ainda não iniciada.
313,3,concluido,Operador Municipal,2026-05-12 17:26:00,2026-05-12 19:24:00,
313,5,concluido,Operador Municipal,2026-05-12 17:21:00,2026-05-12 19:45:00,
313,6,concluido,Operador Municipal,2026-05-12 17:28:00,2026-05-12 18:56:00,
314,1,pendente,Operador Municipal,,,Ação ainda não iniciada.
314,3,pendente,Operador Municipal,,,Ação ainda não iniciada.
314,4,pendente,Operador Municipal,,,Ação ainda não iniciada.
315,1,pendente,Operador Municipal,,,Ação ainda não iniciada.
315,3,em_execucao,Operador Municipal,2026-05-12 18:22:00,,
315,4,pendente,Operador Municipal,,,Ação ainda não iniciada.
316,1,pendente,Operador Municipal,,,Ação ainda não iniciada.
316,3,em_execucao,Operador Municipal,2026-05-12 18:13:00,,
316,4,em_execucao,Operador Municipal,2026-05-12 18:30:00,,
317,3,concluido,Operador Municipal,2026-05-12 18:13:00,2026-05-12 20:25:00,
317,5,concluido,Operador Municipal,2026-05-12 18:06:00,2026-05-12 19:15:00,
317,6,concluido,Operador Municipal,2026-05-12 18:29:00,2026-05-12 19:47:00,
318,1,em_execucao,Operador Municipal,2026-05-12 19:12:00,,
318,3,em_execucao,Operador Municipal,2026-05-12 19:16:00,,
318,4,pendente,Operador Municipal,,,Ação ainda não iniciada.
319,3,pendente,Operador Municipal,,,Ação ainda não iniciada.
319,5,concluido,Operador Municipal,2026-05-12 19:18:00,2026-05-12 22:18:00,
319,6,em_execucao,Operador Municipal,2026-05-12 19:11:00,,
320,3,concluido,Operador Municipal,2026-05-12 19:26:00,2026-05-12 22:22:00,
320,5,pendente,Operador Municipal,,,Ação ainda não iniciada.
320,6,em_execucao,Operador Municipal,2026-05-12 19:22:00,,
321,1,concluido,Operador Municipal,2026-05-12 20:12:00,2026-05-12 21:28:00,
321,3,em_execucao,Operador Municipal,2026-05-12 20:19:00,,
321,4,pendente,Operador Municipal,,,Ação ainda não iniciada.
322,1,concluido,Operador Municipal,2026-05-12 20:21:00,2026-05-12 22:53:00,
322,3,em_execucao,Operador Municipal,2026-05-12 20:19:00,,
322,4,pendente,Operador Municipal,,,Ação ainda não iniciada.
323,1,pendente,Operador Municipal,,,Ação ainda não iniciada.
323,3,em_execucao,Operador Municipal,2026-05-12 20:30:00,,
323,4,pendente,Operador Municipal,,,Ação ainda não iniciada.
324,1,pendente,Operador Municipal,,,Ação ainda não iniciada.
324,3,pendente,Operador Municipal,,,Ação ainda não iniciada.
324,4,concluido,Operador Municipal,2026-05-12 20:19:00,2026-05-12 21:10:00,
325,1,concluido,Operador Municipal,2026-05-12 21:28:00,2026-05-12 23:33:00,
325,3,em_execucao,Operador Municipal,2026-05-12 21:06:00,,
325,4,pendente,Operador Municipal,,,Ação ainda não iniciada.
326,3,concluido,Operador Municipal,2026-05-12 21:11:00,2026-05-13 00:11:00,
326,5,concluido,Operador Municipal,2026-05-12 21:08:00,2026-05-12 23:45:00,
326,6,em_execucao,Operador Municipal,2026-05-12 21:12:00,,
327,3,concluido,Operador Municipal,2026-05-12 21:29:00,2026-05-12 22:54:00,
327,5,concluido,Operador Municipal,2026-05-12 21:27:00,2026-05-12 23:12:00,
327,6,pendente,Operador Municipal,,,Ação ainda não iniciada.
328,1,pendente,Operador Municipal,,,Ação ainda não iniciada.
328,3,em_execucao,Operador Municipal,2026-05-12 21:27:00,,
328,4,pendente,Operador Municipal,,,Ação ainda não iniciada.
329,1,concluido,Operador Municipal,2026-05-12 22:30:00,2026-05-13 00:53:00,
329,3,pendente,Operador Municipal,,,Ação ainda não iniciada.
329,4,pendente,Operador Municipal,,,Ação ainda não iniciada.
330,1,pendente,Operador Municipal,,,Ação ainda não iniciada.
330,3,pendente,Operador Municipal,,,Ação ainda não iniciada.
330,4,pendente,Operador Municipal,,,Ação ainda não iniciada.
331,3,em_execucao,Operador Municipal,2026-05-12 22:22:00,,
331,5,em_execucao,Operador Municipal,2026-05-12 22:27:00,,
331,6,em_execucao,Operador Municipal,2026-05-12 22:30:00,,
332,1,em_execucao,Operador Municipal,2026-05-12 23:30:00,,
332,3,em_execucao,Operador Municipal,2026-05-12 23:06:00,,
332,4,em_execucao,Operador Municipal,2026-05-12 23:08:00,,
333,3,concluido,Operador Municipal,2026-05-12 23:21:00,2026-05-13 01:41:00,
333,5,em_execucao,Operador Municipal,2026-05-12 23:07:00,,
333,6,concluido,Operador Municipal,2026-05-12 23:20:00,2026-05-13 00:08:00,
334,1,pendente,Operador Municipal,,,Ação ainda não iniciada.
334,3,concluido,Operador Municipal,2026-05-12 23:23:00,2026-05-13 02:18:00,
334,4,pendente,Operador Municipal,,,Ação ainda não iniciada.
335,5,em_execucao,Operador Municipal,2026-05-12 23:25:00,,
335,6,em_execucao,Operador Municipal,2026-05-12 23:25:00,,
335,7,em_execucao,Operador Municipal,2026-05-12 23:20:00,,
335,8,concluido,Operador Municipal,2026-05-12 23:13:00,2026-05-13 01:35:00,
336,1,pendente,Operador Municipal,,,Ação ainda não iniciada.
336,3,concluido,Operador Municipal,2026-05-13 00:23:00,2026-05-13 01:54:00,
336,4,concluido,Operador Municipal,2026-05-13 00:07:00,2026-05-13 00:48:00,
337,3,pendente,Operador Municipal,,,Ação ainda não iniciada.
337,5,pendente,Operador Municipal,,,Ação ainda não iniciada.
337,6,concluido,Operador Municipal,2026-05-13 00:14:00,2026-05-13 01:27:00,
338,3,em_execucao,Operador Municipal,2026-05-13 00:30:00,,
338,5,em_execucao,Operador Municipal,2026-05-13 00:09:00,,
338,6,em_execucao,Operador Municipal,2026-05-13 00:10:00,,
339,3,em_execucao,Operador Municipal,2026-05-13 01:19:00,,
339,5,concluido,Operador Municipal,2026-05-13 01:21:00,2026-05-13 01:59:00,
339,6,em_execucao,Operador Municipal,2026-05-13 01:16:00,,
340,3,em_execucao,Operador Municipal,2026-05-13 01:23:00,,
340,5,em_execucao,Operador Municipal,2026-05-13 01:20:00,,
340,6,concluido,Operador Municipal,2026-05-13 01:19:00,2026-05-13 04:02:00,
341,5,em_execucao,Operador Municipal,2026-05-13 01:09:00,,
341,6,em_execucao,Operador Municipal,2026-05-13 01:15:00,,
341,7,em_execucao,Operador Municipal,2026-05-13 01:25:00,,
341,8,em_execucao,Operador Municipal,2026-05-13 01:06:00,,
342,1,concluido,Operador Municipal,2026-05-13 02:16:00,2026-05-13 03:56:00,
342,2,pendente,Operador Municipal,,,Ação ainda não iniciada.
343,1,pendente,Operador Municipal,,,Ação ainda não iniciada.
343,3,em_execucao,Operador Municipal,2026-05-13 02:10:00,,
343,4,pendente,Operador Municipal,,,Ação ainda não iniciada.
344,5,concluido,Operador Municipal,2026-05-13 02:14:00,2026-05-13 03:18:00,
344,6,em_execucao,Operador Municipal,2026-05-13 02:16:00,,
344,7,em_execucao,Operador Municipal,2026-05-13 02:10:00,,
344,8,concluido,Operador Municipal,2026-05-13 02:10:00,2026-05-13 03:08:00,
345,3,em_execucao,Operador Municipal,2026-05-13 03:09:00,,
345,5,concluido,Operador Municipal,2026-05-13 03:12:00,2026-05-13 03:59:00,
345,6,concluido,Operador Municipal,2026-05-13 03:27:00,2026-05-13 04:57:00,
346,5,em_execucao,Operador Municipal,2026-05-13 03:07:00,,
346,6,concluido,Operador Municipal,2026-05-13 03:16:00,2026-05-13 05:49:00,
346,7,concluido,Operador Municipal,2026-05-13 03:22:00,2026-05-13 04:54:00,
346,8,concluido,Operador Municipal,2026-05-13 03:14:00,2026-05-13 04:49:00,
347,1,concluido,Operador Municipal,2026-05-13 04:07:00,2026-05-13 04:59:00,
347,3,pendente,Operador Municipal,,,Ação ainda não iniciada.
347,4,pendente,Operador Municipal,,,Ação ainda não iniciada.
348,3,concluido,Operador Municipal,2026-05-13 04:12:00,2026-05-13 06:44:00,
348,5,pendente,Operador Municipal,,,Ação ainda não iniciada.
348,6,em_execucao,Operador Municipal,2026-05-13 04:12:00,,
349,5,concluido,Operador Municipal,2026-05-13 04:05:00,2026-05-13 06:03:00,
349,6,concluido,Operador Municipal,2026-05-13 04:10:00,2026-05-13 04:46:00,
349,7,em_execucao,Operador Municipal,2026-05-13 04:29:00,,
349,8,em_execucao,Operador Municipal,2026-05-13 04:08:00,,
350,5,em_execucao,Operador Municipal,2026-05-13 05:22:00,,
350,6,concluido,Operador Municipal,2026-05-13 05:12:00,2026-05-13 06:54:00,
350,7,em_execucao,Operador Municipal,2026-05-13 05:17:00,,
350,8,em_execucao,Operador Municipal,2026-05-13 05:05:00,,
351,5,pendente,Operador Municipal,,,Ação ainda não iniciada.
351,6,pendente,Operador Municipal,,,Ação ainda não iniciada.
351,7,concluido,Operador Municipal,2026-05-13 05:06:00,2026-05-13 07:55:00,
351,8,pendente,Operador Municipal,,,Ação ainda não iniciada.
352,3,concluido,Operador Municipal,2026-05-13 06:13:00,2026-05-13 07:06:00,
352,5,concluido,Operador Municipal,2026-05-13 06:14:00,2026-05-13 09:11:00,
352,6,em_execucao,Operador Municipal,2026-05-13 06:15:00,,
353,1,concluido,Operador Municipal,2026-05-13 06:28:00,2026-05-13 08:41:00,
353,3,concluido,Operador Municipal,2026-05-13 06:14:00,2026-05-13 09:10:00,
353,4,concluido,Operador Municipal,2026-05-13 06:30:00,2026-05-13 07:54:00,
354,3,pendente,Operador Municipal,,,Ação ainda não iniciada.
354,5,concluido,Operador Municipal,2026-05-13 06:14:00,2026-05-13 07:51:00,
354,6,concluido,Operador Municipal,2026-05-13 06:13:00,2026-05-13 07:01:00,
355,5,em_execucao,Operador Municipal,2026-05-13 06:20:00,,
355,6,pendente,Operador Municipal,,,Ação ainda não iniciada.
355,7,pendente,Operador Municipal,,,Ação ainda não iniciada.
355,8,em_execucao,Operador Municipal,2026-05-13 06:29:00,,
356,3,em_execucao,Operador Municipal,2026-05-13 07:07:00,,
356,5,em_execucao,Operador Municipal,2026-05-13 07:18:00,,
356,6,em_execucao,Operador Municipal,2026-05-13 07:17:00,,
357,1,pendente,Operador Municipal,,,Ação ainda não iniciada.
357,3,em_execucao,Operador Municipal,2026-05-13 07:22:00,,
357,4,concluido,Operador Municipal,2026-05-13 07:21:00,2026-05-13 09:04:00,
358,1,pendente,Operador Municipal,,,Ação ainda não iniciada.
358,3,pendente,Operador Municipal,,,Ação ainda não iniciada.
358,4,pendente,Operador Municipal,,,Ação ainda não iniciada.
359,5,em_execucao,Operador Municipal,2026-05-13 07:19:00,,
359,6,concluido,Operador Municipal,2026-05-13 07:08:00,2026-05-13 09:29:00,
359,7,em_execucao,Operador Municipal,2026-05-13 07:23:00,,
359,8,em_execucao,Operador Municipal,2026-05-13 07:21:00,,
360,3,em_execucao,Operador Municipal,2026-05-13 08:13:00,,
360,5,concluido,Operador Municipal,2026-05-13 08:05:00,2026-05-13 10:40:00,
360,6,pendente,Operador Municipal,,,Ação ainda não iniciada.
361,3,em_execucao,Operador Municipal,2026-05-13 08:21:00,,
361,5,em_execucao,Operador Municipal,2026-05-13 08:19:00,,
361,6,em_execucao,Operador Municipal,2026-05-13 08:28:00,,
362,5,concluido,Operador Municipal,2026-05-13 08:29:00,2026-05-13 09:33:00,
362,6,concluido,Operador Municipal,2026-05-13 08:05:00,2026-05-13 08:45:00,
362,7,em_execucao,Operador Municipal,2026-05-13 08:05:00,,
362,8,em_execucao,Operador Municipal,2026-05-13 08:16:00,,
363,3,concluido,Operador Municipal,2026-05-13 09:30:00,2026-05-13 11:16:00,
363,5,em_execucao,Operador Municipal,2026-05-13 09:17:00,,
363,6,pendente,Operador Municipal,,,Ação ainda não iniciada.
364,1,concluido,Operador Municipal,2026-05-13 09:09:00,2026-05-13 11:55:00,
364,3,pendente,Operador Municipal,,,Ação ainda não iniciada.
364,4,pendente,Operador Municipal,,,Ação ainda não iniciada.
365,5,pendente,Operador Municipal,,,Ação ainda não iniciada.
365,6,pendente,Operador Municipal,,,Ação ainda não iniciada.
365,7,concluido,Operador Municipal,2026-05-13 09:30:00,2026-05-13 12:00:00,
365,8,em_execucao,Operador Municipal,2026-05-13 09:20:00,,
366,3,pendente,Operador Municipal,,,Ação ainda não iniciada.
366,5,concluido,Operador Municipal,2026-05-13 10:07:00,2026-05-13 12:25:00,
366,6,em_execucao,Operador Municipal,2026-05-13 10:17:00,,
367,3,em_execucao,Operador Municipal,2026-05-13 10:20:00,,
367,5,concluido,Operador Municipal,2026-05-13 10:16:00,2026-05-13 12:14:00,
367,6,concluido,Operador Municipal,2026-05-13 10:25:00,2026-05-13 11:32:00,
368,1,concluido,Operador Municipal,2026-05-13 10:22:00,2026-05-13 12:49:00,
368,3,pendente,Operador Municipal,,,Ação ainda não iniciada.
368,4,pendente,Operador Municipal,,,Ação ainda não iniciada.
369,3,concluido,Operador Municipal,2026-05-13 11:27:00,2026-05-13 14:00:00,
369,5,concluido,Operador Municipal,2026-05-13 11:23:00,2026-05-13 13:44:00,
369,6,em_execucao,Operador Municipal,2026-05-13 11:24:00,,
370,3,concluido,Operador Municipal,2026-05-13 11:16:00,2026-05-13 12:39:00,
370,5,em_execucao,Operador Municipal,2026-05-13 11:11:00,,
370,6,concluido,Operador Municipal,2026-05-13 11:17:00,2026-05-13 13:58:00,
371,3,em_execucao,Operador Municipal,2026-05-13 11:10:00,,
371,5,pendente,Operador Municipal,,,Ação ainda não iniciada.
371,6,em_execucao,Operador Municipal,2026-05-13 11:07:00,,
372,3,concluido,Operador Municipal,2026-05-13 12:09:00,2026-05-13 13:10:00,
372,5,em_execucao,Operador Municipal,2026-05-13 12:19:00,,
372,6,concluido,Operador Municipal,2026-05-13 12:14:00,2026-05-13 12:49:00,
373,1,pendente,Operador Municipal,,,Ação ainda não iniciada.
373,3,pendente,Operador Municipal,,,Ação ainda não iniciada.
373,4,concluido,Operador Municipal,2026-05-13 12:07:00,2026-05-13 14:18:00,
374,1,pendente,Operador Municipal,,,Ação ainda não iniciada.
374,3,em_execucao,Operador Municipal,2026-05-13 13:17:00,,
374,4,pendente,Operador Municipal,,,Ação ainda não iniciada.
375,3,em_execucao,Operador Municipal,2026-05-13 13:09:00,,
375,5,em_execucao,Operador Municipal,2026-05-13 13:26:00,,
375,6,em_execucao,Operador Municipal,2026-05-13 13:22:00,,
376,3,em_execucao,Operador Municipal,2026-05-13 13:17:00,,
376,5,em_execucao,Operador Municipal,2026-05-13 13:11:00,,
376,6,concluido,Operador Municipal,2026-05-13 13:25:00,2026-05-13 14:13:00,
377,1,pendente,Operador Municipal,,,Ação ainda não iniciada.
377,2,em_execucao,Operador Municipal,2026-05-13 13:15:00,,
378,3,concluido,Operador Municipal,2026-05-13 14:26:00,2026-05-13 17:04:00,
378,5,concluido,Operador Municipal,2026-05-13 14:16:00,2026-05-13 15:11:00,
378,6,em_execucao,Operador Municipal,2026-05-13 14:24:00,,
379,3,em_execucao,Operador Municipal,2026-05-13 14:28:00,,
379,5,concluido,Operador Municipal,2026-05-13 14:19:00,2026-05-13 17:01:00,
379,6,em_execucao,Operador Municipal,2026-05-13 14:22:00,,
380,3,em_execucao,Operador Municipal,2026-05-13 14:11:00,,
380,5,em_execucao,Operador Municipal,2026-05-13 14:25:00,,
380,6,concluido,Operador Municipal,2026-05-13 14:10:00,2026-05-13 17:00:00,
381,1,pendente,Operador Municipal,,,Ação ainda não iniciada.
381,3,pendente,Operador Municipal,,,Ação ainda não iniciada.
381,4,concluido,Operador Municipal,2026-05-13 15:11:00,2026-05-13 17:02:00,
382,3,em_execucao,Operador Municipal,2026-05-13 15:27:00,,
382,5,concluido,Operador Municipal,2026-05-13 15:28:00,2026-05-13 17:44:00,
382,6,em_execucao,Operador Municipal,2026-05-13 15:26:00,,
383,3,em_execucao,Operador Municipal,2026-05-13 15:21:00,,
383,5,concluido,Operador Municipal,2026-05-13 15:29:00,2026-05-13 18:07:00,
383,6,em_execucao,Operador Municipal,2026-05-13 15:25:00,,
384,1,em_execucao,Operador Municipal,2026-05-13 16:30:00,,
384,3,em_execucao,Operador Municipal,2026-05-13 16:16:00,,
384,4,pendente,Operador Municipal,,,Ação ainda não iniciada.
385,3,concluido,Operador Municipal,2026-05-13 16:22:00,2026-05-13 17:59:00,
385,5,concluido,Operador Municipal,2026-05-13 16:05:00,2026-05-13 18:23:00,
385,6,em_execucao,Operador Municipal,2026-05-13 16:20:00,,
386,3,pendente,Operador Municipal,,,Ação ainda não iniciada.
386,5,pendente,Operador Municipal,,,Ação ainda não iniciada.
386,6,em_execucao,Operador Municipal,2026-05-13 16:13:00,,
387,3,concluido,Operador Municipal,2026-05-13 16:20:00,2026-05-13 17:49:00,
387,5,em_execucao,Operador Municipal,2026-05-13 16:24:00,,
387,6,em_execucao,Operador Municipal,2026-05-13 16:24:00,,
388,3,em_execucao,Operador Municipal,2026-05-13 17:25:00,,
388,5,concluido,Operador Municipal,2026-05-13 17:19:00,2026-05-13 19:29:00,
388,6,pendente,Operador Municipal,,,Ação ainda não iniciada.
389,3,concluido,Operador Municipal,2026-05-13 17:08:00,2026-05-13 17:39:00,
389,5,concluido,Operador Municipal,2026-05-13 17:15:00,2026-05-13 19:21:00,
389,6,concluido,Operador Municipal,2026-05-13 17:12:00,2026-05-13 18:47:00,
390,3,concluido,Operador Municipal,2026-05-13 17:07:00,2026-05-13 18:58:00,
390,5,em_execucao,Operador Municipal,2026-05-13 17:28:00,,
390,6,em_execucao,Operador Municipal,2026-05-13 17:09:00,,
391,1,concluido,Operador Municipal,2026-05-13 18:15:00,2026-05-13 21:08:00,
391,3,concluido,Operador Municipal,2026-05-13 18:06:00,2026-05-13 19:06:00,
391,4,em_execucao,Operador Municipal,2026-05-13 18:23:00,,
392,3,concluido,Operador Municipal,2026-05-13 18:14:00,2026-05-13 19:21:00,
392,5,em_execucao,Operador Municipal,2026-05-13 18:06:00,,
392,6,em_execucao,Operador Municipal,2026-05-13 18:25:00,,
393,5,concluido,Operador Municipal,2026-05-13 18:05:00,2026-05-13 19:51:00,
393,6,pendente,Operador Municipal,,,Ação ainda não iniciada.
393,7,em_execucao,Operador Municipal,2026-05-13 18:18:00,,
393,8,em_execucao,Operador Municipal,2026-05-13 18:16:00,,
394,1,em_execucao,Operador Municipal,2026-05-13 19:30:00,,
394,2,em_execucao,Operador Municipal,2026-05-13 19:20:00,,
395,5,concluido,Operador Municipal,2026-05-13 19:09:00,2026-05-13 22:08:00,
395,6,em_execucao,Operador Municipal,2026-05-13 19:13:00,,
395,7,em_execucao,Operador Municipal,2026-05-13 19:26:00,,
395,8,concluido,Operador Municipal,2026-05-13 19:13:00,2026-05-13 21:38:00,
396,1,em_execucao,Operador Municipal,2026-05-13 20:25:00,,
396,3,concluido,Operador Municipal,2026-05-13 20:28:00,2026-05-13 22:50:00,
396,4,concluido,Operador Municipal,2026-05-13 20:09:00,2026-05-13 22:37:00,
397,1,pendente,Operador Municipal,,,Ação ainda não iniciada.
397,3,pendente,Operador Municipal,,,Ação ainda não iniciada.
397,4,concluido,Operador Municipal,2026-05-13 20:09:00,2026-05-13 20:47:00,
398,5,concluido,Operador Municipal,2026-05-13 20:16:00,2026-05-13 22:19:00,
398,6,concluido,Operador Municipal,2026-05-13 20:09:00,2026-05-13 21:34:00,
398,7,em_execucao,Operador Municipal,2026-05-13 20:19:00,,
398,8,concluido,Operador Municipal,2026-05-13 20:21:00,2026-05-13 22:00:00,
399,5,concluido,Operador Municipal,2026-05-13 21:19:00,2026-05-13 23:49:00,
399,6,em_execucao,Operador Municipal,2026-05-13 21:28:00,,
399,7,concluido,Operador Municipal,2026-05-13 21:22:00,2026-05-14 00:10:00,
399,8,concluido,Operador Municipal,2026-05-13 21:13:00,2026-05-13 22:48:00,
400,3,concluido,Operador Municipal,2026-05-13 22:20:00,2026-05-13 23:00:00,
400,5,em_execucao,Operador Municipal,2026-05-13 22:13:00,,
400,6,concluido,Operador Municipal,2026-05-13 22:05:00,2026-05-14 00:02:00,
401,5,em_execucao,Operador Municipal,2026-05-13 22:14:00,,
401,6,em_execucao,Operador Municipal,2026-05-13 22:20:00,,
401,7,concluido,Operador Municipal,2026-05-13 22:13:00,2026-05-14 00:09:00,
401,8,em_execucao,Operador Municipal,2026-05-13 22:30:00,,
402,1,pendente,Operador Municipal,,,Ação ainda não iniciada.
402,3,pendente,Operador Municipal,,,Ação ainda não iniciada.
402,4,concluido,Operador Municipal,2026-05-13 23:18:00,2026-05-13 23:55:00,
403,5,concluido,Operador Municipal,2026-05-13 23:30:00,2026-05-14 02:24:00,
403,6,em_execucao,Operador Municipal,2026-05-13 23:18:00,,
403,7,concluido,Operador Municipal,2026-05-13 23:09:00,2026-05-14 00:07:00,
403,8,pendente,Operador Municipal,,,Ação ainda não iniciada.
404,1,em_execucao,Operador Municipal,2026-05-14 00:29:00,,
404,3,pendente,Operador Municipal,,,Ação ainda não iniciada.
404,4,concluido,Operador Municipal,2026-05-14 00:17:00,2026-05-14 02:49:00,
405,1,em_execucao,Operador Municipal,2026-05-14 00:19:00,,
405,3,pendente,Operador Municipal,,,Ação ainda não iniciada.
405,4,concluido,Operador Municipal,2026-05-14 00:23:00,2026-05-14 02:49:00,
406,3,em_execucao,Operador Municipal,2026-05-14 00:10:00,,
406,5,concluido,Operador Municipal,2026-05-14 00:29:00,2026-05-14 01:43:00,
406,6,concluido,Operador Municipal,2026-05-14 00:23:00,2026-05-14 00:59:00,
407,3,concluido,Operador Municipal,2026-05-14 01:12:00,2026-05-14 02:55:00,
407,5,concluido,Operador Municipal,2026-05-14 01:16:00,2026-05-14 03:59:00,
407,6,concluido,Operador Municipal,2026-05-14 01:14:00,2026-05-14 03:46:00,
408,3,em_execucao,Operador Municipal,2026-05-14 01:30:00,,
408,5,concluido,Operador Municipal,2026-05-14 01:18:00,2026-05-14 03:28:00,
408,6,em_execucao,Operador Municipal,2026-05-14 01:14:00,,
409,5,concluido,Operador Municipal,2026-05-14 01:09:00,2026-05-14 04:09:00,
409,6,em_execucao,Operador Municipal,2026-05-14 01:05:00,,
409,7,concluido,Operador Municipal,2026-05-14 01:17:00,2026-05-14 03:34:00,
409,8,em_execucao,Operador Municipal,2026-05-14 01:18:00,,
410,3,pendente,Operador Municipal,,,Ação ainda não iniciada.
410,5,em_execucao,Operador Municipal,2026-05-14 02:20:00,,
410,6,em_execucao,Operador Municipal,2026-05-14 02:20:00,,
411,1,em_execucao,Operador Municipal,2026-05-14 02:24:00,,
411,3,concluido,Operador Municipal,2026-05-14 02:13:00,2026-05-14 04:35:00,
411,4,pendente,Operador Municipal,,,Ação ainda não iniciada.
412,3,em_execucao,Operador Municipal,2026-05-14 02:22:00,,
412,5,concluido,Operador Municipal,2026-05-14 02:09:00,2026-05-14 04:40:00,
412,6,pendente,Operador Municipal,,,Ação ainda não iniciada.
413,1,pendente,Operador Municipal,,,Ação ainda não iniciada.
413,3,pendente,Operador Municipal,,,Ação ainda não iniciada.
413,4,concluido,Operador Municipal,2026-05-14 03:21:00,2026-05-14 04:52:00,
414,1,pendente,Operador Municipal,,,Ação ainda não iniciada.
414,3,concluido,Operador Municipal,2026-05-14 03:16:00,2026-05-14 05:57:00,
414,4,pendente,Operador Municipal,,,Ação ainda não iniciada.
415,3,concluido,Operador Municipal,2026-05-14 03:27:00,2026-05-14 06:22:00,
415,5,pendente,Operador Municipal,,,Ação ainda não iniciada.
415,6,concluido,Operador Municipal,2026-05-14 03:25:00,2026-05-14 04:59:00,
416,1,em_execucao,Operador Municipal,2026-05-14 04:27:00,,
416,3,pendente,Operador Municipal,,,Ação ainda não iniciada.
416,4,concluido,Operador Municipal,2026-05-14 04:25:00,2026-05-14 06:11:00,
417,3,concluido,Operador Municipal,2026-05-14 04:07:00,2026-05-14 06:59:00,
417,5,em_execucao,Operador Municipal,2026-05-14 04:05:00,,
417,6,concluido,Operador Municipal,2026-05-14 04:14:00,2026-05-14 05:49:00,
418,3,concluido,Operador Municipal,2026-05-14 04:12:00,2026-05-14 05:04:00,
418,5,em_execucao,Operador Municipal,2026-05-14 04:06:00,,
418,6,em_execucao,Operador Municipal,2026-05-14 04:27:00,,
419,1,pendente,Operador Municipal,,,Ação ainda não iniciada.
419,3,concluido,Operador Municipal,2026-05-14 05:13:00,2026-05-14 06:47:00,
419,4,pendente,Operador Municipal,,,Ação ainda não iniciada.
420,3,em_execucao,Operador Municipal,2026-05-14 05:06:00,,
420,5,pendente,Operador Municipal,,,Ação ainda não iniciada.
420,6,em_execucao,Operador Municipal,2026-05-14 05:29:00,,
421,1,concluido,Operador Municipal,2026-05-14 06:09:00,2026-05-14 06:52:00,
421,3,em_execucao,Operador Municipal,2026-05-14 06:11:00,,
421,4,pendente,Operador Municipal,,,Ação ainda não iniciada.
422,3,concluido,Operador Municipal,2026-05-14 06:19:00,2026-05-14 07:46:00,
422,5,concluido,Operador Municipal,2026-05-14 06:19:00,2026-05-14 09:03:00,
422,6,pendente,Operador Municipal,,,Ação ainda não iniciada.
423,1,concluido,Operador Municipal,2026-05-14 06:08:00,2026-05-14 07:15:00,
423,3,em_execucao,Operador Municipal,2026-05-14 06:07:00,,
423,4,pendente,Operador Municipal,,,Ação ainda não iniciada.
424,3,em_execucao,Operador Municipal,2026-05-14 06:08:00,,
424,5,em_execucao,Operador Municipal,2026-05-14 06:12:00,,
424,6,em_execucao,Operador Municipal,2026-05-14 06:15:00,,
425,1,concluido,Operador Municipal,2026-05-14 07:09:00,2026-05-14 08:38:00,
425,3,pendente,Operador Municipal,,,Ação ainda não iniciada.
425,4,concluido,Operador Municipal,2026-05-14 07:13:00,2026-05-14 08:56:00,
426,3,pendente,Operador Municipal,,,Ação ainda não iniciada.
426,5,concluido,Operador Municipal,2026-05-14 07:21:00,2026-05-14 09:52:00,
426,6,em_execucao,Operador Municipal,2026-05-14 07:22:00,,
427,1,concluido,Operador Municipal,2026-05-14 08:29:00,2026-05-14 09:46:00,
427,3,pendente,Operador Municipal,,,Ação ainda não iniciada.
427,4,em_execucao,Operador Municipal,2026-05-14 08:26:00,,
428,1,pendente,Operador Municipal,,,Ação ainda não iniciada.
428,3,em_execucao,Operador Municipal,2026-05-14 09:09:00,,
428,4,pendente,Operador Municipal,,,Ação ainda não iniciada.
429,3,concluido,Operador Municipal,2026-05-14 09:15:00,2026-05-14 10:46:00,
429,5,concluido,Operador Municipal,2026-05-14 09:21:00,2026-05-14 11:26:00,
429,6,concluido,Operador Municipal,2026-05-14 09:13:00,2026-05-14 11:04:00,
430,3,em_execucao,Operador Municipal,2026-05-14 09:20:00,,
430,5,concluido,Operador Municipal,2026-05-14 09:06:00,2026-05-14 11:37:00,
430,6,em_execucao,Operador Municipal,2026-05-14 09:24:00,,
431,1,concluido,Operador Municipal,2026-05-14 09:22:00,2026-05-14 10:13:00,
431,2,concluido,Operador Municipal,2026-05-14 09:09:00,2026-05-14 12:05:00,
432,3,em_execucao,Operador Municipal,2026-05-14 10:27:00,,
432,5,em_execucao,Operador Municipal,2026-05-14 10:08:00,,
432,6,pendente,Operador Municipal,,,Ação ainda não iniciada.
433,1,pendente,Operador Municipal,,,Ação ainda não iniciada.
433,3,concluido,Operador Municipal,2026-05-14 10:22:00,2026-05-14 12:22:00,
433,4,concluido,Operador Municipal,2026-05-14 10:28:00,2026-05-14 12:53:00,
434,1,em_execucao,Operador Municipal,2026-05-14 11:18:00,,
434,3,concluido,Operador Municipal,2026-05-14 11:13:00,2026-05-14 12:17:00,
434,4,em_execucao,Operador Municipal,2026-05-14 11:08:00,,
435,5,em_execucao,Operador Municipal,2026-05-14 11:29:00,,
435,6,em_execucao,Operador Municipal,2026-05-14 11:28:00,,
435,7,em_execucao,Operador Municipal,2026-05-14 11:28:00,,
435,8,concluido,Operador Municipal,2026-05-14 11:26:00,2026-05-14 13:08:00,
436,1,pendente,Operador Municipal,,,Ação ainda não iniciada.
436,3,pendente,Operador Municipal,,,Ação ainda não iniciada.
436,4,em_execucao,Operador Municipal,2026-05-14 11:17:00,,
437,1,concluido,Operador Municipal,2026-05-14 12:21:00,2026-05-14 14:42:00,
437,3,pendente,Operador Municipal,,,Ação ainda não iniciada.
437,4,concluido,Operador Municipal,2026-05-14 12:05:00,2026-05-14 14:14:00,
438,5,concluido,Operador Municipal,2026-05-14 12:26:00,2026-05-14 13:52:00,
438,6,pendente,Operador Municipal,,,Ação ainda não iniciada.
438,7,concluido,Operador Municipal,2026-05-14 12:16:00,2026-05-14 14:38:00,
438,8,em_execucao,Operador Municipal,2026-05-14 12:10:00,,
439,5,pendente,Operador Municipal,,,Ação ainda não iniciada.
439,6,em_execucao,Operador Municipal,2026-05-14 12:22:00,,
439,7,concluido,Operador Municipal,2026-05-14 12:19:00,2026-05-14 13:28:00,
439,8,pendente,Operador Municipal,,,Ação ainda não iniciada.
440,3,concluido,Operador Municipal,2026-05-14 12:29:00,2026-05-14 13:15:00,
440,5,em_execucao,Operador Municipal,2026-05-14 12:15:00,,
440,6,concluido,Operador Municipal,2026-05-14 12:11:00,2026-05-14 12:53:00,
441,5,em_execucao,Operador Municipal,2026-05-14 13:21:00,,
441,6,em_execucao,Operador Municipal,2026-05-14 13:06:00,,
441,7,pendente,Operador Municipal,,,Ação ainda não iniciada.
441,8,concluido,Operador Municipal,2026-05-14 13:11:00,2026-05-14 15:45:00,
442,5,concluido,Operador Municipal,2026-05-14 13:14:00,2026-05-14 14:52:00,
442,6,concluido,Operador Municipal,2026-05-14 13:08:00,2026-05-14 14:02:00,
442,7,em_execucao,Operador Municipal,2026-05-14 13:15:00,,
442,8,concluido,Operador Municipal,2026-05-14 13:15:00,2026-05-14 15:20:00,
443,1,concluido,Operador Municipal,2026-05-14 14:12:00,2026-05-14 15:25:00,
443,3,concluido,Operador Municipal,2026-05-14 14:10:00,2026-05-14 14:59:00,
443,4,em_execucao,Operador Municipal,2026-05-14 14:18:00,,
444,5,em_execucao,Operador Municipal,2026-05-14 14:10:00,,
444,6,pendente,Operador Municipal,,,Ação ainda não iniciada.
444,7,em_execucao,Operador Municipal,2026-05-14 14:20:00,,
444,8,pendente,Operador Municipal,,,Ação ainda não iniciada.
445,5,concluido,Operador Municipal,2026-05-14 14:11:00,2026-05-14 15:53:00,
445,6,em_execucao,Operador Municipal,2026-05-14 14:26:00,,
445,7,concluido,Operador Municipal,2026-05-14 14:16:00,2026-05-14 16:31:00,
445,8,concluido,Operador Municipal,2026-05-14 14:10:00,2026-05-14 15:29:00,
446,3,em_execucao,Operador Municipal,2026-05-14 14:10:00,,
446,5,concluido,Operador Municipal,2026-05-14 14:24:00,2026-05-14 16:16:00,
446,6,em_execucao,Operador Municipal,2026-05-14 14:13:00,,
447,5,concluido,Operador Municipal,2026-05-14 15:30:00,2026-05-14 17:30:00,
447,6,em_execucao,Operador Municipal,2026-05-14 15:22:00,,
447,7,concluido,Operador Municipal,2026-05-14 15:11:00,2026-05-14 17:11:00,
447,8,pendente,Operador Municipal,,,Ação ainda não iniciada.
448,5,em_execucao,Operador Municipal,2026-05-14 15:07:00,,
448,6,em_execucao,Operador Municipal,2026-05-14 15:13:00,,
448,7,concluido,Operador Municipal,2026-05-14 15:27:00,2026-05-14 17:58:00,
448,8,pendente,Operador Municipal,,,Ação ainda não iniciada.
449,5,pendente,Operador Municipal,,,Ação ainda não iniciada.
449,6,pendente,Operador Municipal,,,Ação ainda não iniciada.
449,7,em_execucao,Operador Municipal,2026-05-14 16:09:00,,
449,8,concluido,Operador Municipal,2026-05-14 16:28:00,2026-05-14 17:03:00,
450,5,em_execucao,Operador Municipal,2026-05-14 16:13:00,,
450,6,concluido,Operador Municipal,2026-05-14 16:24:00,2026-05-14 19:05:00,
450,7,em_execucao,Operador Municipal,2026-05-14 16:06:00,,
450,8,em_execucao,Operador Municipal,2026-05-14 16:08:00,,
451,3,em_execucao,Operador Municipal,2026-05-14 16:12:00,,
451,5,em_execucao,Operador Municipal,2026-05-14 16:14:00,,
451,6,pendente,Operador Municipal,,,Ação ainda não iniciada.
452,5,pendente,Operador Municipal,,,Ação ainda não iniciada.
452,6,em_execucao,Operador Municipal,2026-05-14 17:07:00,,
452,7,concluido,Operador Municipal,2026-05-14 17:07:00,2026-05-14 17:37:00,
452,8,em_execucao,Operador Municipal,2026-05-14 17:17:00,,
453,5,concluido,Operador Municipal,2026-05-14 17:21:00,2026-05-14 19:25:00,
453,6,concluido,Operador Municipal,2026-05-14 17:30:00,2026-05-14 19:12:00,
453,7,pendente,Operador Municipal,,,Ação ainda não iniciada.
453,8,concluido,Operador Municipal,2026-05-14 17:09:00,2026-05-14 18:51:00,
454,3,concluido,Operador Municipal,2026-05-14 17:23:00,2026-05-14 18:05:00,
454,5,concluido,Operador Municipal,2026-05-14 17:14:00,2026-05-14 19:31:00,
454,6,concluido,Operador Municipal,2026-05-14 17:19:00,2026-05-14 18:43:00,
455,1,pendente,Operador Municipal,,,Ação ainda não iniciada.
455,3,concluido,Operador Municipal,2026-05-14 17:15:00,2026-05-14 19:13:00,
455,4,concluido,Operador Municipal,2026-05-14 17:18:00,2026-05-14 18:04:00,
456,5,concluido,Operador Municipal,2026-05-14 18:05:00,2026-05-14 19:55:00,
456,6,pendente,Operador Municipal,,,Ação ainda não iniciada.
456,7,concluido,Operador Municipal,2026-05-14 18:19:00,2026-05-14 18:56:00,
456,8,pendente,Operador Municipal,,,Ação ainda não iniciada.
457,3,concluido,Operador Municipal,2026-05-14 18:10:00,2026-05-14 20:37:00,
457,5,em_execucao,Operador Municipal,2026-05-14 18:14:00,,
457,6,concluido,Operador Municipal,2026-05-14 18:08:00,2026-05-14 20:58:00,
458,3,em_execucao,Operador Municipal,2026-05-14 18:18:00,,
458,5,em_execucao,Operador Municipal,2026-05-14 18:05:00,,
458,6,em_execucao,Operador Municipal,2026-05-14 18:13:00,,
459,5,concluido,Operador Municipal,2026-05-14 19:19:00,2026-05-14 22:15:00,
459,6,em_execucao,Operador Municipal,2026-05-14 19:11:00,,
459,7,em_execucao,Operador Municipal,2026-05-14 19:23:00,,
459,8,concluido,Operador Municipal,2026-05-14 19:27:00,2026-05-14 21:36:00,
460,1,pendente,Operador Municipal,,,Ação ainda não iniciada.
460,3,concluido,Operador Municipal,2026-05-14 19:12:00,2026-05-14 21:54:00,
460,4,concluido,Operador Municipal,2026-05-14 19:13:00,2026-05-14 21:06:00,
461,1,concluido,Operador Municipal,2026-05-14 19:08:00,2026-05-14 20:34:00,
461,3,pendente,Operador Municipal,,,Ação ainda não iniciada.
461,4,pendente,Operador Municipal,,,Ação ainda não iniciada.
462,5,concluido,Operador Municipal,2026-05-14 20:13:00,2026-05-14 22:31:00,
462,6,concluido,Operador Municipal,2026-05-14 20:13:00,2026-05-14 22:55:00,
462,7,concluido,Operador Municipal,2026-05-14 20:30:00,2026-05-14 21:48:00,
462,8,concluido,Operador Municipal,2026-05-14 20:14:00,2026-05-14 21:50:00,
463,1,pendente,Operador Municipal,,,Ação ainda não iniciada.
463,3,concluido,Operador Municipal,2026-05-14 20:11:00,2026-05-14 21:00:00,
463,4,pendente,Operador Municipal,,,Ação ainda não iniciada.
464,1,concluido,Operador Municipal,2026-05-14 20:28:00,2026-05-14 21:15:00,
464,3,pendente,Operador Municipal,,,Ação ainda não iniciada.
464,4,pendente,Operador Municipal,,,Ação ainda não iniciada.
465,5,pendente,Operador Municipal,,,Ação ainda não iniciada.
465,6,em_execucao,Operador Municipal,2026-05-14 21:27:00,,
465,7,pendente,Operador Municipal,,,Ação ainda não iniciada.
465,8,em_execucao,Operador Municipal,2026-05-14 21:06:00,,
466,1,pendente,Operador Municipal,,,Ação ainda não iniciada.
466,3,em_execucao,Operador Municipal,2026-05-14 21:07:00,,
466,4,em_execucao,Operador Municipal,2026-05-14 21:23:00,,
467,1,concluido,Operador Municipal,2026-05-14 21:22:00,2026-05-14 23:08:00,
467,3,pendente,Operador Municipal,,,Ação ainda não iniciada.
467,4,concluido,Operador Municipal,2026-05-14 21:18:00,2026-05-14 22:12:00,
468,5,concluido,Operador Municipal,2026-05-14 22:05:00,2026-05-15 00:13:00,
468,6,em_execucao,Operador Municipal,2026-05-14 22:25:00,,
468,7,concluido,Operador Municipal,2026-05-14 22:07:00,2026-05-14 23:29:00,
468,8,pendente,Operador Municipal,,,Ação ainda não iniciada.
469,3,concluido,Operador Municipal,2026-05-14 22:10:00,2026-05-15 00:04:00,
469,5,pendente,Operador Municipal,,,Ação ainda não iniciada.
469,6,em_execucao,Operador Municipal,2026-05-14 22:25:00,,
470,1,em_execucao,Operador Municipal,2026-05-14 22:09:00,,
470,3,concluido,Operador Municipal,2026-05-14 22:13:00,2026-05-15 01:05:00,
470,4,em_execucao,Operador Municipal,2026-05-14 22:09:00,,
471,1,concluido,Operador Municipal,2026-05-14 23:10:00,2026-05-15 00:08:00,
471,3,pendente,Operador Municipal,,,Ação ainda não iniciada.
471,4,pendente,Operador Municipal,,,Ação ainda não iniciada.
472,5,em_execucao,Operador Municipal,2026-05-14 23:11:00,,
472,6,pendente,Operador Municipal,,,Ação ainda não iniciada.
472,7,em_execucao,Operador Municipal,2026-05-14 23:18:00,,
472,8,concluido,Operador Municipal,2026-05-14 23:28:00,2026-05-15 00:32:00,
473,1,em_execucao,Operador Municipal,2026-05-14 23:16:00,,
473,3,em_execucao,Operador Municipal,2026-05-14 23:28:00,,
473,4,pendente,Operador Municipal,,,Ação ainda não iniciada.
474,5,em_execucao,Operador Municipal,2026-05-15 00:17:00,,
474,6,concluido,Operador Municipal,2026-05-15 00:18:00,2026-05-15 02:08:00,
474,7,concluido,Operador Municipal,2026-05-15 00:21:00,2026-05-15 03:17:00,
474,8,pendente,Operador Municipal,,,Ação ainda não iniciada.
475,5,em_execucao,Operador Municipal,2026-05-15 00:06:00,,
475,6,concluido,Operador Municipal,2026-05-15 00:05:00,2026-05-15 01:21:00,
475,7,em_execucao,Operador Municipal,2026-05-15 00:05:00,,
475,8,em_execucao,Operador Municipal,2026-05-15 00:16:00,,
476,1,pendente,Operador Municipal,,,Ação ainda não iniciada.
476,3,pendente,Operador Municipal,,,Ação ainda não iniciada.
476,4,pendente,Operador Municipal,,,Ação ainda não iniciada.
477,5,em_execucao,Operador Municipal,2026-05-15 01:20:00,,
477,6,em_execucao,Operador Municipal,2026-05-15 01:16:00,,
477,7,concluido,Operador Municipal,2026-05-15 01:11:00,2026-05-15 03:54:00,
477,8,concluido,Operador Municipal,2026-05-15 01:27:00,2026-05-15 04:16:00,
478,5,pendente,Operador Municipal,,,Ação ainda não iniciada.
478,6,em_execucao,Operador Municipal,2026-05-15 01:10:00,,
478,7,concluido,Operador Municipal,2026-05-15 01:20:00,2026-05-15 03:10:00,
478,8,concluido,Operador Municipal,2026-05-15 01:15:00,2026-05-15 03:10:00,
479,5,pendente,Operador Municipal,,,Ação ainda não iniciada.
479,6,concluido,Operador Municipal,2026-05-15 02:09:00,2026-05-15 04:12:00,
479,7,concluido,Operador Municipal,2026-05-15 02:07:00,2026-05-15 03:36:00,
479,8,em_execucao,Operador Municipal,2026-05-15 02:19:00,,
480,5,em_execucao,Operador Municipal,2026-05-15 02:08:00,,
480,6,concluido,Operador Municipal,2026-05-15 02:11:00,2026-05-15 03:13:00,
480,7,concluido,Operador Municipal,2026-05-15 02:13:00,2026-05-15 03:56:00,
480,8,pendente,Operador Municipal,,,Ação ainda não iniciada.
481,1,pendente,Operador Municipal,,,Ação ainda não iniciada.
481,3,pendente,Operador Municipal,,,Ação ainda não iniciada.
481,4,pendente,Operador Municipal,,,Ação ainda não iniciada.
482,5,concluido,Operador Municipal,2026-05-15 03:21:00,2026-05-15 04:21:00,
482,6,em_execucao,Operador Municipal,2026-05-15 03:08:00,,
482,7,concluido,Operador Municipal,2026-05-15 03:08:00,2026-05-15 05:15:00,
482,8,concluido,Operador Municipal,2026-05-15 03:14:00,2026-05-15 04:41:00,
483,5,em_execucao,Operador Municipal,2026-05-15 03:29:00,,
483,6,concluido,Operador Municipal,2026-05-15 03:29:00,2026-05-15 05:12:00,
483,7,concluido,Operador Municipal,2026-05-15 03:17:00,2026-05-15 03:57:00,
483,8,pendente,Operador Municipal,,,Ação ainda não iniciada.
484,1,em_execucao,Operador Municipal,2026-05-15 03:19:00,,
484,3,em_execucao,Operador Municipal,2026-05-15 03:27:00,,
484,4,pendente,Operador Municipal,,,Ação ainda não iniciada.
485,5,concluido,Operador Municipal,2026-05-15 04:05:00,2026-05-15 06:23:00,
485,6,em_execucao,Operador Municipal,2026-05-15 04:14:00,,
485,7,em_execucao,Operador Municipal,2026-05-15 04:12:00,,
485,8,concluido,Operador Municipal,2026-05-15 04:05:00,2026-05-15 06:49:00,
486,5,concluido,Operador Municipal,2026-05-15 04:17:00,2026-05-15 05:43:00,
486,6,pendente,Operador Municipal,,,Ação ainda não iniciada.
486,7,em_execucao,Operador Municipal,2026-05-15 04:22:00,,
486,8,concluido,Operador Municipal,2026-05-15 04:17:00,2026-05-15 07:13:00,
487,1,concluido,Operador Municipal,2026-05-15 04:08:00,2026-05-15 04:43:00,
487,3,pendente,Operador Municipal,,,Ação ainda não iniciada.
487,4,pendente,Operador Municipal,,,Ação ainda não iniciada.
488,5,concluido,Operador Municipal,2026-05-15 05:05:00,2026-05-15 07:02:00,
488,6,concluido,Operador Municipal,2026-05-15 05:24:00,2026-05-15 06:36:00,
488,7,em_execucao,Operador Municipal,2026-05-15 05:06:00,,
488,8,em_execucao,Operador Municipal,2026-05-15 05:09:00,,
489,5,concluido,Operador Municipal,2026-05-15 05:16:00,2026-05-15 07:17:00,
489,6,pendente,Operador Municipal,,,Ação ainda não iniciada.
489,7,concluido,Operador Municipal,2026-05-15 05:21:00,2026-05-15 07:40:00,
489,8,pendente,Operador Municipal,,,Ação ainda não iniciada.
490,1,pendente,Operador Municipal,,,Ação ainda não iniciada.
490,3,em_execucao,Operador Municipal,2026-05-15 05:21:00,,
490,4,concluido,Operador Municipal,2026-05-15 05:29:00,2026-05-15 06:32:00,
491,3,concluido,Operador Municipal,2026-05-15 06:17:00,2026-05-15 08:43:00,
491,5,concluido,Operador Municipal,2026-05-15 06:26:00,2026-05-15 07:10:00,
491,6,em_execucao,Operador Municipal,2026-05-15 06:14:00,,
492,3,em_execucao,Operador Municipal,2026-05-15 08:27:00,,
492,5,em_execucao,Operador Municipal,2026-05-15 08:05:00,,
492,6,em_execucao,Operador Municipal,2026-05-15 08:08:00,,
493,5,em_execucao,Operador Municipal,2026-05-15 09:07:00,,
493,6,em_execucao,Operador Municipal,2026-05-15 09:26:00,,
493,7,concluido,Operador Municipal,2026-05-15 09:09:00,2026-05-15 10:14:00,
493,8,pendente,Operador Municipal,,,Ação ainda não iniciada.
494,1,pendente,Operador Municipal,,,Ação ainda não iniciada.
494,3,pendente,Operador Municipal,,,Ação ainda não iniciada.
494,4,pendente,Operador Municipal,,,Ação ainda não iniciada.
495,3,em_execucao,Operador Municipal,2026-05-15 09:23:00,,
495,5,concluido,Operador Municipal,2026-05-15 09:19:00,2026-05-15 12:06:00,
495,6,pendente,Operador Municipal,,,Ação ainda não iniciada.
496,1,pendente,Operador Municipal,,,Ação ainda não iniciada.
496,3,concluido,Operador Municipal,2026-05-15 09:06:00,2026-05-15 11:39:00,
496,4,pendente,Operador Municipal,,,Ação ainda não iniciada.
497,5,pendente,Operador Municipal,,,Ação ainda não iniciada.
497,6,em_execucao,Operador Municipal,2026-05-15 10:17:00,,
497,7,concluido,Operador Municipal,2026-05-15 10:08:00,2026-05-15 11:47:00,
497,8,em_execucao,Operador Municipal,2026-05-15 10:24:00,,
498,3,concluido,Operador Municipal,2026-05-15 10:06:00,2026-05-15 11:29:00,
498,5,pendente,Operador Municipal,,,Ação ainda não iniciada.
498,6,em_execucao,Operador Municipal,2026-05-15 10:20:00,,
499,3,em_execucao,Operador Municipal,2026-05-15 10:06:00,,
499,5,concluido,Operador Municipal,2026-05-15 10:23:00,2026-05-15 11:43:00,
499,6,concluido,Operador Municipal,2026-05-15 10:09:00,2026-05-15 12:27:00,
500,5,concluido,Operador Municipal,2026-05-15 11:11:00,2026-05-15 13:52:00,
500,6,concluido,Operador Municipal,2026-05-15 11:15:00,2026-05-15 13:44:00,
500,7,em_execucao,Operador Municipal,2026-05-15 11:05:00,,
500,8,em_execucao,Operador Municipal,2026-05-15 11:29:00,,
501,3,concluido,Operador Municipal,2026-05-15 11:24:00,2026-05-15 12:52:00,
501,5,em_execucao,Operador Municipal,2026-05-15 11:09:00,,
501,6,pendente,Operador Municipal,,,Ação ainda não iniciada.
502,5,em_execucao,Operador Municipal,2026-05-15 12:18:00,,
502,6,concluido,Operador Municipal,2026-05-15 12:09:00,2026-05-15 14:13:00,
502,7,em_execucao,Operador Municipal,2026-05-15 12:05:00,,
502,8,pendente,Operador Municipal,,,Ação ainda não iniciada.
503,3,concluido,Operador Municipal,2026-05-15 12:18:00,2026-05-15 12:54:00,
503,5,concluido,Operador Municipal,2026-05-15 12:28:00,2026-05-15 13:53:00,
503,6,em_execucao,Operador Municipal,2026-05-15 12:10:00,,
504,5,concluido,Operador Municipal,2026-05-15 13:14:00,2026-05-15 15:11:00,
504,6,em_execucao,Operador Municipal,2026-05-15 13:26:00,,
504,7,concluido,Operador Municipal,2026-05-15 13:22:00,2026-05-15 14:23:00,
504,8,concluido,Operador Municipal,2026-05-15 13:18:00,2026-05-15 14:25:00,
505,1,concluido,Operador Municipal,2026-05-15 13:30:00,2026-05-15 14:47:00,
505,3,pendente,Operador Municipal,,,Ação ainda não iniciada.
505,4,pendente,Operador Municipal,,,Ação ainda não iniciada.
506,3,em_execucao,Operador Municipal,2026-05-15 13:28:00,,
506,5,concluido,Operador Municipal,2026-05-15 13:20:00,2026-05-15 15:08:00,
506,6,concluido,Operador Municipal,2026-05-15 13:30:00,2026-05-15 16:24:00,
507,5,em_execucao,Operador Municipal,2026-05-15 14:21:00,,
507,6,em_execucao,Operador Municipal,2026-05-15 14:13:00,,
507,7,em_execucao,Operador Municipal,2026-05-15 14:11:00,,
507,8,em_execucao,Operador Municipal,2026-05-15 14:11:00,,
508,1,concluido,Operador Municipal,2026-05-15 14:27:00,2026-05-15 15:44:00,
508,3,em_execucao,Operador Municipal,2026-05-15 14:11:00,,
508,4,pendente,Operador Municipal,,,Ação ainda não iniciada.
509,3,pendente,Operador Municipal,,,Ação ainda não iniciada.
509,5,em_execucao,Operador Municipal,2026-05-15 14:12:00,,
509,6,em_execucao,Operador Municipal,2026-05-15 14:17:00,,
510,1,pendente,Operador Municipal,,,Ação ainda não iniciada.
510,3,em_execucao,Operador Municipal,2026-05-15 15:28:00,,
510,4,concluido,Operador Municipal,2026-05-15 15:05:00,2026-05-15 16:44:00,
511,1,concluido,Operador Municipal,2026-05-15 15:15:00,2026-05-15 16:20:00,
511,3,concluido,Operador Municipal,2026-05-15 15:21:00,2026-05-15 18:04:00,
511,4,pendente,Operador Municipal,,,Ação ainda não iniciada.
512,1,pendente,Operador Municipal,,,Ação ainda não iniciada.
512,3,em_execucao,Operador Municipal,2026-05-15 16:15:00,,
512,4,pendente,Operador Municipal,,,Ação ainda não iniciada.
513,1,pendente,Operador Municipal,,,Ação ainda não iniciada.
513,3,pendente,Operador Municipal,,,Ação ainda não iniciada.
513,4,pendente,Operador Municipal,,,Ação ainda não iniciada.
514,1,em_execucao,Operador Municipal,2026-05-15 16:14:00,,
514,3,pendente,Operador Municipal,,,Ação ainda não iniciada.
514,4,pendente,Operador Municipal,,,Ação ainda não iniciada.
515,3,concluido,Operador Municipal,2026-05-15 17:07:00,2026-05-15 19:37:00,
515,5,concluido,Operador Municipal,2026-05-15 17:15:00,2026-05-15 18:59:00,
515,6,concluido,Operador Municipal,2026-05-15 17:08:00,2026-05-15 18:02:00,
516,3,em_execucao,Operador Municipal,2026-05-15 17:22:00,,
516,5,concluido,Operador Municipal,2026-05-15 17:21:00,2026-05-15 17:57:00,
516,6,concluido,Operador Municipal,2026-05-15 17:13:00,2026-05-15 19:12:00,
517,3,em_execucao,Operador Municipal,2026-05-15 17:11:00,,
517,5,pendente,Operador Municipal,,,Ação ainda não iniciada.
517,6,concluido,Operador Municipal,2026-05-15 17:14:00,2026-05-15 18:29:00,
518,3,em_execucao,Operador Municipal,2026-05-15 18:20:00,,
518,5,em_execucao,Operador Municipal,2026-05-15 18:28:00,,
518,6,concluido,Operador Municipal,2026-05-15 18:06:00,2026-05-15 20:06:00,
519,5,concluido,Operador Municipal,2026-05-15 18:06:00,2026-05-15 19:33:00,
519,6,em_execucao,Operador Municipal,2026-05-15 18:13:00,,
519,7,concluido,Operador Municipal,2026-05-15 18:12:00,2026-05-15 19:22:00,
519,8,em_execucao,Operador Municipal,2026-05-15 18:21:00,,
520,3,em_execucao,Operador Municipal,2026-05-15 18:05:00,,
520,5,concluido,Operador Municipal,2026-05-15 18:06:00,2026-05-15 18:51:00,
520,6,pendente,Operador Municipal,,,Ação ainda não iniciada.
521,3,em_execucao,Operador Municipal,2026-05-15 18:29:00,,
521,5,concluido,Operador Municipal,2026-05-15 18:05:00,2026-05-15 19:07:00,
521,6,em_execucao,Operador Municipal,2026-05-15 18:28:00,,
522,1,em_execucao,Operador Municipal,2026-05-15 19:29:00,,
522,3,concluido,Operador Municipal,2026-05-15 19:17:00,2026-05-15 22:06:00,
522,4,concluido,Operador Municipal,2026-05-15 19:24:00,2026-05-15 21:26:00,
523,5,concluido,Operador Municipal,2026-05-15 19:09:00,2026-05-15 20:46:00,
523,6,em_execucao,Operador Municipal,2026-05-15 19:16:00,,
523,7,em_execucao,Operador Municipal,2026-05-15 19:12:00,,
523,8,em_execucao,Operador Municipal,2026-05-15 19:16:00,,
524,1,concluido,Operador Municipal,2026-05-15 19:22:00,2026-05-15 21:17:00,
524,3,pendente,Operador Municipal,,,Ação ainda não iniciada.
524,4,pendente,Operador Municipal,,,Ação ainda não iniciada.
525,1,concluido,Operador Municipal,2026-05-15 19:26:00,2026-05-15 22:13:00,
525,3,pendente,Operador Municipal,,,Ação ainda não iniciada.
525,4,pendente,Operador Municipal,,,Ação ainda não iniciada.
526,5,em_execucao,Operador Municipal,2026-05-15 20:06:00,,
526,6,pendente,Operador Municipal,,,Ação ainda não iniciada.
526,7,concluido,Operador Municipal,2026-05-15 20:22:00,2026-05-15 20:53:00,
526,8,pendente,Operador Municipal,,,Ação ainda não iniciada.
527,1,concluido,Operador Municipal,2026-05-15 20:05:00,2026-05-15 22:14:00,
527,3,em_execucao,Operador Municipal,2026-05-15 20:14:00,,
527,4,pendente,Operador Municipal,,,Ação ainda não iniciada.
528,1,concluido,Operador Municipal,2026-05-15 21:18:00,2026-05-15 23:20:00,
528,3,pendente,Operador Municipal,,,Ação ainda não iniciada.
528,4,pendente,Operador Municipal,,,Ação ainda não iniciada.
529,5,pendente,Operador Municipal,,,Ação ainda não iniciada.
529,6,concluido,Operador Municipal,2026-05-15 21:19:00,2026-05-16 00:14:00,
529,7,concluido,Operador Municipal,2026-05-15 21:18:00,2026-05-15 22:46:00,
529,8,em_execucao,Operador Municipal,2026-05-15 21:10:00,,
530,3,concluido,Operador Municipal,2026-05-15 21:28:00,2026-05-15 21:59:00,
530,5,em_execucao,Operador Municipal,2026-05-15 21:12:00,,
530,6,concluido,Operador Municipal,2026-05-15 21:25:00,2026-05-15 23:06:00,
531,1,em_execucao,Operador Municipal,2026-05-15 21:07:00,,
531,3,concluido,Operador Municipal,2026-05-15 21:21:00,2026-05-15 22:19:00,
531,4,em_execucao,Operador Municipal,2026-05-15 21:20:00,,
532,5,concluido,Operador Municipal,2026-05-15 22:27:00,2026-05-16 00:57:00,
532,6,concluido,Operador Municipal,2026-05-15 22:24:00,2026-05-15 23:26:00,
532,7,concluido,Operador Municipal,2026-05-15 22:13:00,2026-05-15 23:06:00,
532,8,pendente,Operador Municipal,,,Ação ainda não iniciada.
533,5,concluido,Operador Municipal,2026-05-15 23:20:00,2026-05-16 00:27:00,
533,6,concluido,Operador Municipal,2026-05-15 23:15:00,2026-05-16 01:23:00,
533,7,em_execucao,Operador Municipal,2026-05-15 23:20:00,,
533,8,concluido,Operador Municipal,2026-05-15 23:21:00,2026-05-16 00:51:00,
534,5,em_execucao,Operador Municipal,2026-05-15 23:29:00,,
534,6,em_execucao,Operador Municipal,2026-05-15 23:11:00,,
534,7,pendente,Operador Municipal,,,Ação ainda não iniciada.
534,8,em_execucao,Operador Municipal,2026-05-15 23:05:00,,
535,1,pendente,Operador Municipal,,,Ação ainda não iniciada.
535,3,em_execucao,Operador Municipal,2026-05-15 23:27:00,,
535,4,concluido,Operador Municipal,2026-05-15 23:20:00,2026-05-16 01:32:00,
536,5,concluido,Operador Municipal,2026-05-16 00:13:00,2026-05-16 02:03:00,
536,6,concluido,Operador Municipal,2026-05-16 00:15:00,2026-05-16 02:44:00,
536,7,concluido,Operador Municipal,2026-05-16 00:19:00,2026-05-16 01:16:00,
536,8,concluido,Operador Municipal,2026-05-16 00:27:00,2026-05-16 02:34:00,
537,3,em_execucao,Operador Municipal,2026-05-16 00:13:00,,
537,5,concluido,Operador Municipal,2026-05-16 00:08:00,2026-05-16 00:57:00,
537,6,em_execucao,Operador Municipal,2026-05-16 00:09:00,,
538,5,pendente,Operador Municipal,,,Ação ainda não iniciada.
538,6,concluido,Operador Municipal,2026-05-16 00:24:00,2026-05-16 02:48:00,
538,7,em_execucao,Operador Municipal,2026-05-16 00:15:00,,
538,8,concluido,Operador Municipal,2026-05-16 00:06:00,2026-05-16 02:59:00,
539,3,concluido,Operador Municipal,2026-05-16 01:24:00,2026-05-16 04:08:00,
539,5,em_execucao,Operador Municipal,2026-05-16 01:30:00,,
539,6,concluido,Operador Municipal,2026-05-16 01:25:00,2026-05-16 02:46:00,
540,3,concluido,Operador Municipal,2026-05-16 01:30:00,2026-05-16 04:00:00,
540,5,concluido,Operador Municipal,2026-05-16 01:10:00,2026-05-16 02:28:00,
540,6,concluido,Operador Municipal,2026-05-16 01:07:00,2026-05-16 03:37:00,
541,5,em_execucao,Operador Municipal,2026-05-16 01:20:00,,
541,6,concluido,Operador Municipal,2026-05-16 01:10:00,2026-05-16 01:45:00,
541,7,em_execucao,Operador Municipal,2026-05-16 01:20:00,,
541,8,em_execucao,Operador Municipal,2026-05-16 01:15:00,,
542,3,em_execucao,Operador Municipal,2026-05-16 02:21:00,,
542,5,em_execucao,Operador Municipal,2026-05-16 02:22:00,,
542,6,concluido,Operador Municipal,2026-05-16 02:20:00,2026-05-16 04:41:00,
543,1,pendente,Operador Municipal,,,Ação ainda não iniciada.
543,3,pendente,Operador Municipal,,,Ação ainda não iniciada.
543,4,concluido,Operador Municipal,2026-05-16 02:16:00,2026-05-16 04:42:00,
544,5,concluido,Operador Municipal,2026-05-16 02:21:00,2026-05-16 03:21:00,
544,6,em_execucao,Operador Municipal,2026-05-16 02:25:00,,
544,7,em_execucao,Operador Municipal,2026-05-16 02:13:00,,
544,8,em_execucao,Operador Municipal,2026-05-16 02:09:00,,
545,3,em_execucao,Operador Municipal,2026-05-16 03:27:00,,
545,5,concluido,Operador Municipal,2026-05-16 03:11:00,2026-05-16 04:27:00,
545,6,concluido,Operador Municipal,2026-05-16 03:23:00,2026-05-16 05:41:00,
546,3,concluido,Operador Municipal,2026-05-16 03:22:00,2026-05-16 05:22:00,
546,5,concluido,Operador Municipal,2026-05-16 03:06:00,2026-05-16 04:09:00,
546,6,concluido,Operador Municipal,2026-05-16 03:17:00,2026-05-16 03:51:00,
547,5,concluido,Operador Municipal,2026-05-16 03:09:00,2026-05-16 05:19:00,
547,6,em_execucao,Operador Municipal,2026-05-16 03:11:00,,
547,7,concluido,Operador Municipal,2026-05-16 03:06:00,2026-05-16 05:06:00,
547,8,concluido,Operador Municipal,2026-05-16 03:27:00,2026-05-16 04:37:00,
548,3,pendente,Operador Municipal,,,Ação ainda não iniciada.
548,5,pendente,Operador Municipal,,,Ação ainda não iniciada.
548,6,concluido,Operador Municipal,2026-05-16 04:16:00,2026-05-16 05:45:00,
549,3,concluido,Operador Municipal,2026-05-16 04:06:00,2026-05-16 04:48:00,
549,5,concluido,Operador Municipal,2026-05-16 04:23:00,2026-05-16 05:03:00,
549,6,em_execucao,Operador Municipal,2026-05-16 04:15:00,,
550,5,concluido,Operador Municipal,2026-05-16 04:07:00,2026-05-16 05:43:00,
550,6,concluido,Operador Municipal,2026-05-16 04:26:00,2026-05-16 05:19:00,
550,7,concluido,Operador Municipal,2026-05-16 04:28:00,2026-05-16 05:03:00,
550,8,concluido,Operador Municipal,2026-05-16 04:12:00,2026-05-16 04:48:00,
551,5,pendente,Operador Municipal,,,Ação ainda não iniciada.
551,6,em_execucao,Operador Municipal,2026-05-16 05:22:00,,
551,7,em_execucao,Operador Municipal,2026-05-16 05:12:00,,
551,8,em_execucao,Operador Municipal,2026-05-16 05:23:00,,
552,3,concluido,Operador Municipal,2026-05-16 05:16:00,2026-05-16 08:10:00,
552,5,em_execucao,Operador Municipal,2026-05-16 05:14:00,,
552,6,pendente,Operador Municipal,,,Ação ainda não iniciada.
553,1,pendente,Operador Municipal,,,Ação ainda não iniciada.
553,3,concluido,Operador Municipal,2026-05-16 05:23:00,2026-05-16 07:59:00,
553,4,concluido,Operador Municipal,2026-05-16 05:08:00,2026-05-16 07:01:00,
554,1,pendente,Operador Municipal,,,Ação ainda não iniciada.
554,3,pendente,Operador Municipal,,,Ação ainda não iniciada.
554,4,em_execucao,Operador Municipal,2026-05-16 05:23:00,,
555,5,em_execucao,Operador Municipal,2026-05-16 06:24:00,,
555,6,concluido,Operador Municipal,2026-05-16 06:22:00,2026-05-16 06:53:00,
555,7,em_execucao,Operador Municipal,2026-05-16 06:28:00,,
555,8,concluido,Operador Municipal,2026-05-16 06:17:00,2026-05-16 08:45:00,
556,1,pendente,Operador Municipal,,,Ação ainda não iniciada.
556,3,em_execucao,Operador Municipal,2026-05-16 06:12:00,,
556,4,pendente,Operador Municipal,,,Ação ainda não iniciada.
557,1,pendente,Operador Municipal,,,Ação ainda não iniciada.
557,3,pendente,Operador Municipal,,,Ação ainda não iniciada.
557,4,pendente,Operador Municipal,,,Ação ainda não iniciada.
558,5,concluido,Operador Municipal,2026-05-16 07:12:00,2026-05-16 09:16:00,
558,6,concluido,Operador Municipal,2026-05-16 07:25:00,2026-05-16 09:05:00,
558,7,pendente,Operador Municipal,,,Ação ainda não iniciada.
558,8,concluido,Operador Municipal,2026-05-16 07:15:00,2026-05-16 09:53:00,
559,1,concluido,Operador Municipal,2026-05-16 07:17:00,2026-05-16 08:10:00,
559,3,concluido,Operador Municipal,2026-05-16 07:18:00,2026-05-16 07:59:00,
559,4,em_execucao,Operador Municipal,2026-05-16 07:13:00,,
560,1,pendente,Operador Municipal,,,Ação ainda não iniciada.
560,3,pendente,Operador Municipal,,,Ação ainda não iniciada.
560,4,em_execucao,Operador Municipal,2026-05-16 07:12:00,,
561,5,concluido,Operador Municipal,2026-05-16 08:21:00,2026-05-16 10:09:00,
561,6,concluido,Operador Municipal,2026-05-16 08:21:00,2026-05-16 10:24:00,
561,7,pendente,Operador Municipal,,,Ação ainda não iniciada.
561,8,concluido,Operador Municipal,2026-05-16 08:19:00,2026-05-16 10:01:00,
562,5,concluido,Operador Municipal,2026-05-16 08:19:00,2026-05-16 11:03:00,
562,6,em_execucao,Operador Municipal,2026-05-16 08:23:00,,
562,7,concluido,Operador Municipal,2026-05-16 08:11:00,2026-05-16 10:04:00,
562,8,pendente,Operador Municipal,,,Ação ainda não iniciada.
563,5,concluido,Operador Municipal,2026-05-16 09:11:00,2026-05-16 11:19:00,
563,6,concluido,Operador Municipal,2026-05-16 09:10:00,2026-05-16 10:40:00,
563,7,em_execucao,Operador Municipal,2026-05-16 09:06:00,,
563,8,concluido,Operador Municipal,2026-05-16 09:19:00,2026-05-16 10:30:00,
564,5,concluido,Operador Municipal,2026-05-16 09:29:00,2026-05-16 10:12:00,
564,6,pendente,Operador Municipal,,,Ação ainda não iniciada.
564,7,em_execucao,Operador Municipal,2026-05-16 09:23:00,,
564,8,pendente,Operador Municipal,,,Ação ainda não iniciada.
565,1,concluido,Operador Municipal,2026-05-16 09:24:00,2026-05-16 11:23:00,
565,3,pendente,Operador Municipal,,,Ação ainda não iniciada.
565,4,pendente,Operador Municipal,,,Ação ainda não iniciada.
566,5,pendente,Operador Municipal,,,Ação ainda não iniciada.
566,6,concluido,Operador Municipal,2026-05-16 10:06:00,2026-05-16 10:54:00,
566,7,pendente,Operador Municipal,,,Ação ainda não iniciada.
566,8,em_execucao,Operador Municipal,2026-05-16 10:20:00,,
567,5,pendente,Operador Municipal,,,Ação ainda não iniciada.
567,6,em_execucao,Operador Municipal,2026-05-16 10:11:00,,
567,7,em_execucao,Operador Municipal,2026-05-16 10:17:00,,
567,8,concluido,Operador Municipal,2026-05-16 10:06:00,2026-05-16 12:13:00,
568,1,pendente,Operador Municipal,,,Ação ainda não iniciada.
568,3,concluido,Operador Municipal,2026-05-16 10:29:00,2026-05-16 12:39:00,
568,4,pendente,Operador Municipal,,,Ação ainda não iniciada.
569,1,pendente,Operador Municipal,,,Ação ainda não iniciada.
569,3,em_execucao,Operador Municipal,2026-05-16 11:07:00,,
569,4,concluido,Operador Municipal,2026-05-16 11:14:00,2026-05-16 14:11:00,
570,5,concluido,Operador Municipal,2026-05-16 11:22:00,2026-05-16 13:14:00,
570,6,concluido,Operador Municipal,2026-05-16 11:07:00,2026-05-16 14:03:00,
570,7,concluido,Operador Municipal,2026-05-16 11:29:00,2026-05-16 13:23:00,
570,8,concluido,Operador Municipal,2026-05-16 11:28:00,2026-05-16 13:30:00,
571,5,concluido,Operador Municipal,2026-05-16 11:18:00,2026-05-16 13:06:00,
571,6,em_execucao,Operador Municipal,2026-05-16 11:25:00,,
571,7,em_execucao,Operador Municipal,2026-05-16 11:13:00,,
571,8,concluido,Operador Municipal,2026-05-16 11:24:00,2026-05-16 14:22:00,
572,3,pendente,Operador Municipal,,,Ação ainda não iniciada.
572,5,em_execucao,Operador Municipal,2026-05-16 12:05:00,,
572,6,em_execucao,Operador Municipal,2026-05-16 12:23:00,,
573,5,em_execucao,Operador Municipal,2026-05-16 12:05:00,,
573,6,concluido,Operador Municipal,2026-05-16 12:05:00,2026-05-16 14:12:00,
573,7,pendente,Operador Municipal,,,Ação ainda não iniciada.
573,8,em_execucao,Operador Municipal,2026-05-16 12:29:00,,
574,5,concluido,Operador Municipal,2026-05-16 12:20:00,2026-05-16 13:30:00,
574,6,concluido,Operador Municipal,2026-05-16 12:23:00,2026-05-16 15:23:00,
574,7,concluido,Operador Municipal,2026-05-16 12:20:00,2026-05-16 13:22:00,
574,8,pendente,Operador Municipal,,,Ação ainda não iniciada.
575,5,pendente,Operador Municipal,,,Ação ainda não iniciada.
575,6,concluido,Operador Municipal,2026-05-16 13:21:00,2026-05-16 13:54:00,
575,7,pendente,Operador Municipal,,,Ação ainda não iniciada.
575,8,concluido,Operador Municipal,2026-05-16 13:12:00,2026-05-16 14:19:00,
576,5,concluido,Operador Municipal,2026-05-16 13:30:00,2026-05-16 16:30:00,
576,6,em_execucao,Operador Municipal,2026-05-16 13:12:00,,
576,7,concluido,Operador Municipal,2026-05-16 13:25:00,2026-05-16 15:03:00,
576,8,pendente,Operador Municipal,,,Ação ainda não iniciada.
577,3,concluido,Operador Municipal,2026-05-16 13:23:00,2026-05-16 14:41:00,
577,5,concluido,Operador Municipal,2026-05-16 13:05:00,2026-05-16 14:19:00,
577,6,em_execucao,Operador Municipal,2026-05-16 13:30:00,,
578,5,concluido,Operador Municipal,2026-05-16 14:24:00,2026-05-16 16:19:00,
578,6,concluido,Operador Municipal,2026-05-16 14:14:00,2026-05-16 17:12:00,
578,7,pendente,Operador Municipal,,,Ação ainda não iniciada.
578,8,concluido,Operador Municipal,2026-05-16 14:12:00,2026-05-16 15:21:00,
579,1,pendente,Operador Municipal,,,Ação ainda não iniciada.
579,3,em_execucao,Operador Municipal,2026-05-16 14:20:00,,
579,4,em_execucao,Operador Municipal,2026-05-16 14:24:00,,
580,3,pendente,Operador Municipal,,,Ação ainda não iniciada.
580,5,concluido,Operador Municipal,2026-05-16 14:18:00,2026-05-16 15:49:00,
580,6,pendente,Operador Municipal,,,Ação ainda não iniciada.
581,5,em_execucao,Operador Municipal,2026-05-16 15:20:00,,
581,6,concluido,Operador Municipal,2026-05-16 15:14:00,2026-05-16 16:28:00,
581,7,em_execucao,Operador Municipal,2026-05-16 15:30:00,,
581,8,em_execucao,Operador Municipal,2026-05-16 15:18:00,,
582,3,em_execucao,Operador Municipal,2026-05-16 15:15:00,,
582,5,em_execucao,Operador Municipal,2026-05-16 15:10:00,,
582,6,concluido,Operador Municipal,2026-05-16 15:19:00,2026-05-16 15:53:00,
583,3,pendente,Operador Municipal,,,Ação ainda não iniciada.
583,5,em_execucao,Operador Municipal,2026-05-16 15:20:00,,
583,6,em_execucao,Operador Municipal,2026-05-16 15:05:00,,
584,1,em_execucao,Operador Municipal,2026-05-16 16:15:00,,
584,2,concluido,Operador Municipal,2026-05-16 16:13:00,2026-05-16 18:55:00,
585,5,em_execucao,Operador Municipal,2026-05-16 16:12:00,,
585,6,concluido,Operador Municipal,2026-05-16 16:18:00,2026-05-16 16:58:00,
585,7,em_execucao,Operador Municipal,2026-05-16 16:21:00,,
585,8,em_execucao,Operador Municipal,2026-05-16 16:05:00,,
586,1,concluido,Operador Municipal,2026-05-16 16:17:00,2026-05-16 17:32:00,
586,3,concluido,Operador Municipal,2026-05-16 16:10:00,2026-05-16 17:32:00,
586,4,pendente,Operador Municipal,,,Ação ainda não iniciada.
587,3,concluido,Operador Municipal,2026-05-16 16:26:00,2026-05-16 18:47:00,
587,5,em_execucao,Operador Municipal,2026-05-16 16:11:00,,
587,6,concluido,Operador Municipal,2026-05-16 16:16:00,2026-05-16 17:07:00,
588,1,pendente,Operador Municipal,,,Ação ainda não iniciada.
588,3,concluido,Operador Municipal,2026-05-16 17:05:00,2026-05-16 18:39:00,
588,4,pendente,Operador Municipal,,,Ação ainda não iniciada.
589,5,em_execucao,Operador Municipal,2026-05-16 17:21:00,,
589,6,concluido,Operador Municipal,2026-05-16 17:12:00,2026-05-16 17:56:00,
589,7,em_execucao,Operador Municipal,2026-05-16 17:22:00,,
589,8,concluido,Operador Municipal,2026-05-16 17:07:00,2026-05-16 18:55:00,
590,1,pendente,Operador Municipal,,,Ação ainda não iniciada.
590,3,em_execucao,Operador Municipal,2026-05-16 17:15:00,,
590,4,em_execucao,Operador Municipal,2026-05-16 17:21:00,,
591,3,em_execucao,Operador Municipal,2026-05-16 17:24:00,,
591,5,em_execucao,Operador Municipal,2026-05-16 17:19:00,,
591,6,concluido,Operador Municipal,2026-05-16 17:26:00,2026-05-16 20:06:00,
592,1,pendente,Operador Municipal,,,Ação ainda não iniciada.
592,3,em_execucao,Operador Municipal,2026-05-16 18:16:00,,
592,4,em_execucao,Operador Municipal,2026-05-16 18:18:00,,
593,5,em_execucao,Operador Municipal,2026-05-16 18:11:00,,
593,6,em_execucao,Operador Municipal,2026-05-16 18:15:00,,
593,7,concluido,Operador Municipal,2026-05-16 18:22:00,2026-05-16 19:55:00,
593,8,em_execucao,Operador Municipal,2026-05-16 18:17:00,,
594,3,pendente,Operador Municipal,,,Ação ainda não iniciada.
594,5,concluido,Operador Municipal,2026-05-16 18:29:00,2026-05-16 19:47:00,
594,6,pendente,Operador Municipal,,,Ação ainda não iniciada.
595,3,em_execucao,Operador Municipal,2026-05-16 18:09:00,,
595,5,concluido,Operador Municipal,2026-05-16 18:07:00,2026-05-16 18:44:00,
595,6,concluido,Operador Municipal,2026-05-16 18:08:00,2026-05-16 20:15:00,
596,5,pendente,Operador Municipal,,,Ação ainda não iniciada.
596,6,em_execucao,Operador Municipal,2026-05-16 19:21:00,,
596,7,concluido,Operador Municipal,2026-05-16 19:29:00,2026-05-16 21:45:00,
596,8,pendente,Operador Municipal,,,Ação ainda não iniciada.
597,5,pendente,Operador Municipal,,,Ação ainda não iniciada.
597,6,concluido,Operador Municipal,2026-05-16 19:24:00,2026-05-16 20:14:00,
597,7,concluido,Operador Municipal,2026-05-16 19:19:00,2026-05-16 21:39:00,
597,8,em_execucao,Operador Municipal,2026-05-16 19:21:00,,
598,1,pendente,Operador Municipal,,,Ação ainda não iniciada.
598,3,concluido,Operador Municipal,2026-05-16 19:22:00,2026-05-16 20:16:00,
598,4,em_execucao,Operador Municipal,2026-05-16 19:24:00,,
599,5,pendente,Operador Municipal,,,Ação ainda não iniciada.
599,6,em_execucao,Operador Municipal,2026-05-16 20:09:00,,
599,7,concluido,Operador Municipal,2026-05-16 20:27:00,2026-05-16 22:12:00,
599,8,em_execucao,Operador Municipal,2026-05-16 20:11:00,,
600,5,pendente,Operador Municipal,,,Ação ainda não iniciada.
600,6,pendente,Operador Municipal,,,Ação ainda não iniciada.
600,7,concluido,Operador Municipal,2026-05-16 21:15:00,2026-05-16 23:33:00,
600,8,em_execucao,Operador Municipal,2026-05-16 21:25:00,,
601,3,pendente,Operador Municipal,,,Ação ainda não iniciada.
601,5,concluido,Operador Municipal,2026-05-16 21:13:00,2026-05-16 22:26:00,
601,6,em_execucao,Operador Municipal,2026-05-16 21:11:00,,
602,5,concluido,Operador Municipal,2026-05-16 22:19:00,2026-05-17 00:04:00,
602,6,pendente,Operador Municipal,,,Ação ainda não iniciada.
602,7,concluido,Operador Municipal,2026-05-16 22:30:00,2026-05-16 23:40:00,
602,8,concluido,Operador Municipal,2026-05-16 22:22:00,2026-05-17 00:03:00,
603,3,em_execucao,Operador Municipal,2026-05-16 22:07:00,,
603,5,concluido,Operador Municipal,2026-05-16 22:05:00,2026-05-16 23:30:00,
603,6,em_execucao,Operador Municipal,2026-05-16 22:22:00,,
604,1,em_execucao,Operador Municipal,2026-05-16 22:24:00,,
604,3,em_execucao,Operador Municipal,2026-05-16 22:18:00,,
604,4,pendente,Operador Municipal,,,Ação ainda não iniciada.
605,3,concluido,Operador Municipal,2026-05-16 22:17:00,2026-05-16 23:32:00,
605,5,pendente,Operador Municipal,,,Ação ainda não iniciada.
605,6,concluido,Operador Municipal,2026-05-16 22:16:00,2026-05-16 23:10:00,
606,5,em_execucao,Operador Municipal,2026-05-16 23:30:00,,
606,6,em_execucao,Operador Municipal,2026-05-16 23:12:00,,
606,7,pendente,Operador Municipal,,,Ação ainda não iniciada.
606,8,pendente,Operador Municipal,,,Ação ainda não iniciada.
607,1,pendente,Operador Municipal,,,Ação ainda não iniciada.
607,3,pendente,Operador Municipal,,,Ação ainda não iniciada.
607,4,em_execucao,Operador Municipal,2026-05-16 23:11:00,,
608,1,concluido,Operador Municipal,2026-05-16 23:09:00,2026-05-17 01:45:00,
608,3,concluido,Operador Municipal,2026-05-16 23:11:00,2026-05-17 00:20:00,
608,4,em_execucao,Operador Municipal,2026-05-16 23:24:00,,
609,1,pendente,Operador Municipal,,,Ação ainda não iniciada.
609,3,em_execucao,Operador Municipal,2026-05-16 23:23:00,,
609,4,em_execucao,Operador Municipal,2026-05-16 23:22:00,,
610,5,em_execucao,Operador Municipal,2026-05-17 00:07:00,,
610,6,concluido,Operador Municipal,2026-05-17 00:12:00,2026-05-17 02:52:00,
610,7,concluido,Operador Municipal,2026-05-17 00:14:00,2026-05-17 01:12:00,
610,8,concluido,Operador Municipal,2026-05-17 00:07:00,2026-05-17 02:54:00,
611,1,pendente,Operador Municipal,,,Ação ainda não iniciada.
611,2,pendente,Operador Municipal,,,Ação ainda não iniciada.
612,1,concluido,Operador Municipal,2026-05-17 00:05:00,2026-05-17 02:43:00,
612,3,em_execucao,Operador Municipal,2026-05-17 00:08:00,,
612,4,pendente,Operador Municipal,,,Ação ainda não iniciada.
613,5,concluido,Operador Municipal,2026-05-17 01:14:00,2026-05-17 02:49:00,
613,6,pendente,Operador Municipal,,,Ação ainda não iniciada.
613,7,concluido,Operador Municipal,2026-05-17 01:05:00,2026-05-17 03:25:00,
613,8,concluido,Operador Municipal,2026-05-17 01:28:00,2026-05-17 03:22:00,
614,1,pendente,Operador Municipal,,,Ação ainda não iniciada.
614,3,pendente,Operador Municipal,,,Ação ainda não iniciada.
614,4,concluido,Operador Municipal,2026-05-17 01:06:00,2026-05-17 02:33:00,
615,3,em_execucao,Operador Municipal,2026-05-17 01:29:00,,
615,5,em_execucao,Operador Municipal,2026-05-17 01:21:00,,
615,6,concluido,Operador Municipal,2026-05-17 01:27:00,2026-05-17 02:16:00,
616,5,concluido,Operador Municipal,2026-05-17 01:30:00,2026-05-17 02:32:00,
616,6,em_execucao,Operador Municipal,2026-05-17 01:13:00,,
616,7,concluido,Operador Municipal,2026-05-17 01:05:00,2026-05-17 02:16:00,
616,8,em_execucao,Operador Municipal,2026-05-17 01:13:00,,
617,5,em_execucao,Operador Municipal,2026-05-17 02:19:00,,
617,6,pendente,Operador Municipal,,,Ação ainda não iniciada.
617,7,em_execucao,Operador Municipal,2026-05-17 02:30:00,,
617,8,concluido,Operador Municipal,2026-05-17 02:23:00,2026-05-17 05:08:00,
618,3,pendente,Operador Municipal,,,Ação ainda não iniciada.
618,5,concluido,Operador Municipal,2026-05-17 02:23:00,2026-05-17 04:26:00,
618,6,em_execucao,Operador Municipal,2026-05-17 02:13:00,,
619,5,concluido,Operador Municipal,2026-05-17 02:14:00,2026-05-17 04:26:00,
619,6,concluido,Operador Municipal,2026-05-17 02:09:00,2026-05-17 05:05:00,
619,7,concluido,Operador Municipal,2026-05-17 02:20:00,2026-05-17 04:02:00,
619,8,concluido,Operador Municipal,2026-05-17 02:27:00,2026-05-17 04:32:00,
620,5,concluido,Operador Municipal,2026-05-17 03:14:00,2026-05-17 04:51:00,
620,6,em_execucao,Operador Municipal,2026-05-17 03:20:00,,
620,7,concluido,Operador Municipal,2026-05-17 03:10:00,2026-05-17 03:48:00,
620,8,pendente,Operador Municipal,,,Ação ainda não iniciada.
621,5,pendente,Operador Municipal,,,Ação ainda não iniciada.
621,6,concluido,Operador Municipal,2026-05-17 03:10:00,2026-05-17 04:26:00,
621,7,concluido,Operador Municipal,2026-05-17 03:26:00,2026-05-17 06:13:00,
621,8,concluido,Operador Municipal,2026-05-17 03:29:00,2026-05-17 06:20:00,
622,5,em_execucao,Operador Municipal,2026-05-17 03:21:00,,
622,6,em_execucao,Operador Municipal,2026-05-17 03:08:00,,
622,7,em_execucao,Operador Municipal,2026-05-17 03:06:00,,
622,8,concluido,Operador Municipal,2026-05-17 03:10:00,2026-05-17 06:08:00,
623,3,concluido,Operador Municipal,2026-05-17 04:19:00,2026-05-17 04:49:00,
623,5,concluido,Operador Municipal,2026-05-17 04:15:00,2026-05-17 06:14:00,
623,6,concluido,Operador Municipal,2026-05-17 04:23:00,2026-05-17 05:12:00,
624,5,em_execucao,Operador Municipal,2026-05-17 04:16:00,,
624,6,concluido,Operador Municipal,2026-05-17 04:16:00,2026-05-17 05:08:00,
624,7,concluido,Operador Municipal,2026-05-17 04:17:00,2026-05-17 05:44:00,
624,8,em_execucao,Operador Municipal,2026-05-17 04:26:00,,
625,3,em_execucao,Operador Municipal,2026-05-17 04:19:00,,
625,5,pendente,Operador Municipal,,,Ação ainda não iniciada.
625,6,pendente,Operador Municipal,,,Ação ainda não iniciada.
626,3,concluido,Operador Municipal,2026-05-17 05:10:00,2026-05-17 07:11:00,
626,5,pendente,Operador Municipal,,,Ação ainda não iniciada.
626,6,concluido,Operador Municipal,2026-05-17 05:29:00,2026-05-17 06:17:00,
627,3,concluido,Operador Municipal,2026-05-17 05:25:00,2026-05-17 07:31:00,
627,5,pendente,Operador Municipal,,,Ação ainda não iniciada.
627,6,em_execucao,Operador Municipal,2026-05-17 05:22:00,,
628,3,concluido,Operador Municipal,2026-05-17 05:10:00,2026-05-17 07:54:00,
628,5,em_execucao,Operador Municipal,2026-05-17 05:21:00,,
628,6,pendente,Operador Municipal,,,Ação ainda não iniciada.
629,1,pendente,Operador Municipal,,,Ação ainda não iniciada.
629,3,pendente,Operador Municipal,,,Ação ainda não iniciada.
629,4,em_execucao,Operador Municipal,2026-05-17 06:30:00,,
630,5,em_execucao,Operador Municipal,2026-05-17 06:11:00,,
630,6,concluido,Operador Municipal,2026-05-17 06:27:00,2026-05-17 08:04:00,
630,7,concluido,Operador Municipal,2026-05-17 06:23:00,2026-05-17 07:06:00,
630,8,concluido,Operador Municipal,2026-05-17 06:23:00,2026-05-17 07:05:00,
631,5,em_execucao,Operador Municipal,2026-05-17 06:20:00,,
631,6,pendente,Operador Municipal,,,Ação ainda não iniciada.
631,7,em_execucao,Operador Municipal,2026-05-17 06:15:00,,
631,8,em_execucao,Operador Municipal,2026-05-17 06:21:00,,
632,3,pendente,Operador Municipal,,,Ação ainda não iniciada.
632,5,em_execucao,Operador Municipal,2026-05-17 06:09:00,,
632,6,pendente,Operador Municipal,,,Ação ainda não iniciada.
633,3,concluido,Operador Municipal,2026-05-17 07:15:00,2026-05-17 08:17:00,
633,5,concluido,Operador Municipal,2026-05-17 07:10:00,2026-05-17 09:24:00,
633,6,em_execucao,Operador Municipal,2026-05-17 07:21:00,,
634,5,concluido,Operador Municipal,2026-05-17 07:11:00,2026-05-17 08:17:00,
634,6,pendente,Operador Municipal,,,Ação ainda não iniciada.
634,7,concluido,Operador Municipal,2026-05-17 07:05:00,2026-05-17 09:43:00,
634,8,concluido,Operador Municipal,2026-05-17 07:10:00,2026-05-17 09:19:00,
635,3,em_execucao,Operador Municipal,2026-05-17 07:08:00,,
635,5,concluido,Operador Municipal,2026-05-17 07:23:00,2026-05-17 08:40:00,
635,6,em_execucao,Operador Municipal,2026-05-17 07:07:00,,
636,1,concluido,Operador Municipal,2026-05-17 08:28:00,2026-05-17 10:09:00,
636,3,pendente,Operador Municipal,,,Ação ainda não iniciada.
636,4,pendente,Operador Municipal,,,Ação ainda não iniciada.
637,5,em_execucao,Operador Municipal,2026-05-17 08:16:00,,
637,6,concluido,Operador Municipal,2026-05-17 08:13:00,2026-05-17 09:05:00,
637,7,em_execucao,Operador Municipal,2026-05-17 08:11:00,,
637,8,concluido,Operador Municipal,2026-05-17 08:30:00,2026-05-17 11:04:00,
638,3,concluido,Operador Municipal,2026-05-17 08:20:00,2026-05-17 08:52:00,
638,5,concluido,Operador Municipal,2026-05-17 08:11:00,2026-05-17 10:53:00,
638,6,concluido,Operador Municipal,2026-05-17 08:21:00,2026-05-17 10:28:00,
639,1,concluido,Operador Municipal,2026-05-17 08:08:00,2026-05-17 10:19:00,
639,3,pendente,Operador Municipal,,,Ação ainda não iniciada.
639,4,concluido,Operador Municipal,2026-05-17 08:18:00,2026-05-17 10:38:00,
640,3,em_execucao,Operador Municipal,2026-05-17 09:11:00,,
640,5,pendente,Operador Municipal,,,Ação ainda não iniciada.
640,6,concluido,Operador Municipal,2026-05-17 09:16:00,2026-05-17 09:47:00,
641,5,concluido,Operador Municipal,2026-05-17 09:20:00,2026-05-17 10:17:00,
641,6,concluido,Operador Municipal,2026-05-17 09:28:00,2026-05-17 10:22:00,
641,7,pendente,Operador Municipal,,,Ação ainda não iniciada.
641,8,concluido,Operador Municipal,2026-05-17 09:20:00,2026-05-17 11:42:00,
642,5,em_execucao,Operador Municipal,2026-05-17 09:25:00,,
642,6,concluido,Operador Municipal,2026-05-17 09:21:00,2026-05-17 11:10:00,
642,7,em_execucao,Operador Municipal,2026-05-17 09:25:00,,
642,8,concluido,Operador Municipal,2026-05-17 09:29:00,2026-05-17 10:53:00,
643,1,concluido,Operador Municipal,2026-05-17 09:12:00,2026-05-17 12:01:00,
643,3,em_execucao,Operador Municipal,2026-05-17 09:21:00,,
643,4,pendente,Operador Municipal,,,Ação ainda não iniciada.
644,3,em_execucao,Operador Municipal,2026-05-17 10:05:00,,
644,5,em_execucao,Operador Municipal,2026-05-17 10:23:00,,
644,6,pendente,Operador Municipal,,,Ação ainda não iniciada.
645,5,em_execucao,Operador Municipal,2026-05-17 10:18:00,,
645,6,em_execucao,Operador Municipal,2026-05-17 10:13:00,,
645,7,concluido,Operador Municipal,2026-05-17 10:27:00,2026-05-17 12:08:00,
645,8,em_execucao,Operador Municipal,2026-05-17 10:06:00,,
646,3,concluido,Operador Municipal,2026-05-17 10:20:00,2026-05-17 13:00:00,
646,5,pendente,Operador Municipal,,,Ação ainda não iniciada.
646,6,concluido,Operador Municipal,2026-05-17 10:05:00,2026-05-17 12:01:00,
647,1,concluido,Operador Municipal,2026-05-17 10:07:00,2026-05-17 10:43:00,
647,2,pendente,Operador Municipal,,,Ação ainda não iniciada.
648,1,pendente,Operador Municipal,,,Ação ainda não iniciada.
648,3,concluido,Operador Municipal,2026-05-17 11:18:00,2026-05-17 12:23:00,
648,4,em_execucao,Operador Municipal,2026-05-17 11:20:00,,
649,3,concluido,Operador Municipal,2026-05-17 11:19:00,2026-05-17 13:08:00,
649,5,concluido,Operador Municipal,2026-05-17 11:15:00,2026-05-17 12:43:00,
649,6,concluido,Operador Municipal,2026-05-17 11:20:00,2026-05-17 12:57:00,
650,3,concluido,Operador Municipal,2026-05-17 11:21:00,2026-05-17 11:57:00,
650,5,concluido,Operador Municipal,2026-05-17 11:09:00,2026-05-17 13:33:00,
650,6,concluido,Operador Municipal,2026-05-17 11:24:00,2026-05-17 12:33:00,
651,3,em_execucao,Operador Municipal,2026-05-17 12:29:00,,
651,5,em_execucao,Operador Municipal,2026-05-17 12:29:00,,
651,6,em_execucao,Operador Municipal,2026-05-17 12:25:00,,
652,3,em_execucao,Operador Municipal,2026-05-17 12:14:00,,
652,5,concluido,Operador Municipal,2026-05-17 12:25:00,2026-05-17 14:32:00,
652,6,concluido,Operador Municipal,2026-05-17 12:26:00,2026-05-17 14:24:00,
653,5,em_execucao,Operador Municipal,2026-05-17 12:10:00,,
653,6,concluido,Operador Municipal,2026-05-17 12:16:00,2026-05-17 14:36:00,
653,7,em_execucao,Operador Municipal,2026-05-17 12:05:00,,
653,8,concluido,Operador Municipal,2026-05-17 12:13:00,2026-05-17 13:24:00,
654,3,pendente,Operador Municipal,,,Ação ainda não iniciada.
654,5,concluido,Operador Municipal,2026-05-17 13:10:00,2026-05-17 15:42:00,
654,6,em_execucao,Operador Municipal,2026-05-17 13:18:00,,
655,3,concluido,Operador Municipal,2026-05-17 13:06:00,2026-05-17 15:20:00,
655,5,em_execucao,Operador Municipal,2026-05-17 13:16:00,,
655,6,em_execucao,Operador Municipal,2026-05-17 13:23:00,,
656,3,concluido,Operador Municipal,2026-05-17 13:10:00,2026-05-17 14:01:00,
656,5,pendente,Operador Municipal,,,Ação ainda não iniciada.
656,6,em_execucao,Operador Municipal,2026-05-17 13:10:00,,
657,5,concluido,Operador Municipal,2026-05-17 13:16:00,2026-05-17 16:06:00,
657,6,em_execucao,Operador Municipal,2026-05-17 13:11:00,,
657,7,concluido,Operador Municipal,2026-05-17 13:19:00,2026-05-17 14:37:00,
657,8,concluido,Operador Municipal,2026-05-17 13:10:00,2026-05-17 13:48:00,
658,3,em_execucao,Operador Municipal,2026-05-17 14:21:00,,
658,5,concluido,Operador Municipal,2026-05-17 14:25:00,2026-05-17 15:21:00,
658,6,em_execucao,Operador Municipal,2026-05-17 14:09:00,,
659,1,pendente,Operador Municipal,,,Ação ainda não iniciada.
659,3,pendente,Operador Municipal,,,Ação ainda não iniciada.
659,4,pendente,Operador Municipal,,,Ação ainda não iniciada.
660,3,em_execucao,Operador Municipal,2026-05-17 14:06:00,,
660,5,em_execucao,Operador Municipal,2026-05-17 14:20:00,,
660,6,em_execucao,Operador Municipal,2026-05-17 14:17:00,,
661,5,em_execucao,Operador Municipal,2026-05-17 14:11:00,,
661,6,concluido,Operador Municipal,2026-05-17 14:08:00,2026-05-17 15:39:00,
661,7,pendente,Operador Municipal,,,Ação ainda não iniciada.
661,8,concluido,Operador Municipal,2026-05-17 14:27:00,2026-05-17 15:04:00,
662,3,concluido,Operador Municipal,2026-05-17 15:11:00,2026-05-17 16:43:00,
662,5,concluido,Operador Municipal,2026-05-17 15:21:00,2026-05-17 17:57:00,
662,6,concluido,Operador Municipal,2026-05-17 15:27:00,2026-05-17 16:09:00,
663,1,em_execucao,Operador Municipal,2026-05-17 15:29:00,,
663,3,em_execucao,Operador Municipal,2026-05-17 15:20:00,,
663,4,concluido,Operador Municipal,2026-05-17 15:19:00,2026-05-17 16:38:00,
664,5,em_execucao,Operador Municipal,2026-05-17 15:27:00,,
664,6,concluido,Operador Municipal,2026-05-17 15:27:00,2026-05-17 18:14:00,
664,7,em_execucao,Operador Municipal,2026-05-17 15:17:00,,
664,8,concluido,Operador Municipal,2026-05-17 15:24:00,2026-05-17 17:59:00,
665,1,em_execucao,Operador Municipal,2026-05-17 16:16:00,,
665,3,pendente,Operador Municipal,,,Ação ainda não iniciada.
665,4,em_execucao,Operador Municipal,2026-05-17 16:19:00,,
666,3,concluido,Operador Municipal,2026-05-17 16:09:00,2026-05-17 18:17:00,
666,5,concluido,Operador Municipal,2026-05-17 16:10:00,2026-05-17 17:27:00,
666,6,concluido,Operador Municipal,2026-05-17 16:26:00,2026-05-17 19:08:00,
667,3,pendente,Operador Municipal,,,Ação ainda não iniciada.
667,5,concluido,Operador Municipal,2026-05-17 16:13:00,2026-05-17 16:57:00,
667,6,concluido,Operador Municipal,2026-05-17 16:29:00,2026-05-17 19:26:00,
668,5,em_execucao,Operador Municipal,2026-05-17 16:07:00,,
668,6,concluido,Operador Municipal,2026-05-17 16:05:00,2026-05-17 17:48:00,
668,7,em_execucao,Operador Municipal,2026-05-17 16:11:00,,
668,8,concluido,Operador Municipal,2026-05-17 16:19:00,2026-05-17 17:02:00,
669,3,em_execucao,Operador Municipal,2026-05-17 17:09:00,,
669,5,em_execucao,Operador Municipal,2026-05-17 17:20:00,,
669,6,pendente,Operador Municipal,,,Ação ainda não iniciada.
670,1,concluido,Operador Municipal,2026-05-17 17:13:00,2026-05-17 19:06:00,
670,3,pendente,Operador Municipal,,,Ação ainda não iniciada.
670,4,pendente,Operador Municipal,,,Ação ainda não iniciada.
671,5,concluido,Operador Municipal,2026-05-17 17:16:00,2026-05-17 19:40:00,
671,6,concluido,Operador Municipal,2026-05-17 17:26:00,2026-05-17 19:38:00,
671,7,pendente,Operador Municipal,,,Ação ainda não iniciada.
671,8,pendente,Operador Municipal,,,Ação ainda não iniciada.
672,3,em_execucao,Operador Municipal,2026-05-17 18:28:00,,
672,5,em_execucao,Operador Municipal,2026-05-17 18:08:00,,
672,6,concluido,Operador Municipal,2026-05-17 18:05:00,2026-05-17 20:35:00,
673,3,em_execucao,Operador Municipal,2026-05-17 18:15:00,,
673,5,em_execucao,Operador Municipal,2026-05-17 18:21:00,,
673,6,pendente,Operador Municipal,,,Ação ainda não iniciada.
674,3,em_execucao,Operador Municipal,2026-05-17 18:09:00,,
674,5,em_execucao,Operador Municipal,2026-05-17 18:10:00,,
674,6,concluido,Operador Municipal,2026-05-17 18:15:00,2026-05-17 19:18:00,
675,3,concluido,Operador Municipal,2026-05-17 19:28:00,2026-05-17 20:21:00,
675,5,em_execucao,Operador Municipal,2026-05-17 19:29:00,,
675,6,em_execucao,Operador Municipal,2026-05-17 19:30:00,,
676,1,concluido,Operador Municipal,2026-05-17 19:21:00,2026-05-17 22:14:00,
676,3,concluido,Operador Municipal,2026-05-17 19:19:00,2026-05-17 21:24:00,
676,4,em_execucao,Operador Municipal,2026-05-17 19:12:00,,
677,1,pendente,Operador Municipal,,,Ação ainda não iniciada.
677,3,em_execucao,Operador Municipal,2026-05-17 19:21:00,,
677,4,em_execucao,Operador Municipal,2026-05-17 19:30:00,,
678,3,em_execucao,Operador Municipal,2026-05-17 20:09:00,,
678,5,concluido,Operador Municipal,2026-05-17 20:20:00,2026-05-17 23:09:00,
678,6,pendente,Operador Municipal,,,Ação ainda não iniciada.
679,3,em_execucao,Operador Municipal,2026-05-17 20:06:00,,
679,5,concluido,Operador Municipal,2026-05-17 20:23:00,2026-05-17 23:01:00,
679,6,concluido,Operador Municipal,2026-05-17 20:16:00,2026-05-17 21:39:00,
680,3,pendente,Operador Municipal,,,Ação ainda não iniciada.
680,5,concluido,Operador Municipal,2026-05-17 20:20:00,2026-05-17 21:57:00,
680,6,concluido,Operador Municipal,2026-05-17 20:08:00,2026-05-17 21:01:00,
681,3,em_execucao,Operador Municipal,2026-05-17 21:20:00,,
681,5,em_execucao,Operador Municipal,2026-05-17 21:13:00,,
681,6,em_execucao,Operador Municipal,2026-05-17 21:24:00,,
682,1,pendente,Operador Municipal,,,Ação ainda não iniciada.
682,2,concluido,Operador Municipal,2026-05-17 21:27:00,2026-05-17 23:38:00,
683,1,concluido,Operador Municipal,2026-05-17 21:20:00,2026-05-18 00:07:00,
683,3,em_execucao,Operador Municipal,2026-05-17 21:17:00,,
683,4,pendente,Operador Municipal,,,Ação ainda não iniciada.
684,3,em_execucao,Operador Municipal,2026-05-17 21:23:00,,
684,5,em_execucao,Operador Municipal,2026-05-17 21:21:00,,
684,6,concluido,Operador Municipal,2026-05-17 21:16:00,2026-05-18 00:04:00,
685,5,em_execucao,Operador Municipal,2026-05-17 22:19:00,,
685,6,em_execucao,Operador Municipal,2026-05-17 22:07:00,,
685,7,em_execucao,Operador Municipal,2026-05-17 22:27:00,,
685,8,em_execucao,Operador Municipal,2026-05-17 22:08:00,,
686,3,concluido,Operador Municipal,2026-05-17 22:05:00,2026-05-17 22:44:00,
686,5,concluido,Operador Municipal,2026-05-17 22:16:00,2026-05-17 23:44:00,
686,6,concluido,Operador Municipal,2026-05-17 22:21:00,2026-05-18 01:14:00,
687,5,concluido,Operador Municipal,2026-05-17 23:27:00,2026-05-18 01:24:00,
687,6,pendente,Operador Municipal,,,Ação ainda não iniciada.
687,7,concluido,Operador Municipal,2026-05-17 23:09:00,2026-05-18 00:10:00,
687,8,concluido,Operador Municipal,2026-05-17 23:28:00,2026-05-18 01:18:00,
688,1,concluido,Operador Municipal,2026-05-17 23:16:00,2026-05-18 00:02:00,
688,3,em_execucao,Operador Municipal,2026-05-17 23:25:00,,
688,4,pendente,Operador Municipal,,,Ação ainda não iniciada.
689,1,concluido,Operador Municipal,2026-05-17 23:18:00,2026-05-18 00:44:00,
689,3,concluido,Operador Municipal,2026-05-17 23:19:00,2026-05-18 00:51:00,
689,4,pendente,Operador Municipal,,,Ação ainda não iniciada.
690,3,pendente,Operador Municipal,,,Ação ainda não iniciada.
690,5,em_execucao,Operador Municipal,2026-05-17 23:06:00,,
690,6,em_execucao,Operador Municipal,2026-05-17 23:29:00,,
691,3,concluido,Operador Municipal,2026-05-18 00:28:00,2026-05-18 01:40:00,
691,5,pendente,Operador Municipal,,,Ação ainda não iniciada.
691,6,pendente,Operador Municipal,,,Ação ainda não iniciada.
692,1,em_execucao,Operador Municipal,2026-05-18 00:05:00,,
692,3,pendente,Operador Municipal,,,Ação ainda não iniciada.
692,4,pendente,Operador Municipal,,,Ação ainda não iniciada.
693,3,concluido,Operador Municipal,2026-05-18 00:19:00,2026-05-18 03:10:00,
693,5,concluido,Operador Municipal,2026-05-18 00:23:00,2026-05-18 03:10:00,
693,6,concluido,Operador Municipal,2026-05-18 00:25:00,2026-05-18 03:09:00,
694,3,em_execucao,Operador Municipal,2026-05-18 01:15:00,,
694,5,pendente,Operador Municipal,,,Ação ainda não iniciada.
694,6,em_execucao,Operador Municipal,2026-05-18 01:16:00,,
695,1,pendente,Operador Municipal,,,Ação ainda não iniciada.
695,2,em_execucao,Operador Municipal,2026-05-18 01:13:00,,
696,3,concluido,Operador Municipal,2026-05-18 01:12:00,2026-05-18 03:33:00,
696,5,concluido,Operador Municipal,2026-05-18 01:15:00,2026-05-18 02:02:00,
696,6,em_execucao,Operador Municipal,2026-05-18 01:28:00,,
697,3,em_execucao,Operador Municipal,2026-05-18 02:29:00,,
697,5,concluido,Operador Municipal,2026-05-18 02:29:00,2026-05-18 02:59:00,
697,6,em_execucao,Operador Municipal,2026-05-18 02:08:00,,
698,3,pendente,Operador Municipal,,,Ação ainda não iniciada.
698,5,em_execucao,Operador Municipal,2026-05-18 02:13:00,,
698,6,pendente,Operador Municipal,,,Ação ainda não iniciada.
699,3,em_execucao,Operador Municipal,2026-05-18 03:25:00,,
699,5,concluido,Operador Municipal,2026-05-18 03:21:00,2026-05-18 05:25:00,
699,6,em_execucao,Operador Municipal,2026-05-18 03:21:00,,
700,1,pendente,Operador Municipal,,,Ação ainda não iniciada.
700,3,concluido,Operador Municipal,2026-05-18 03:05:00,2026-05-18 05:35:00,
700,4,concluido,Operador Municipal,2026-05-18 03:14:00,2026-05-18 05:04:00,
701,1,em_execucao,Operador Municipal,2026-05-18 03:14:00,,
701,3,pendente,Operador Municipal,,,Ação ainda não iniciada.
701,4,em_execucao,Operador Municipal,2026-05-18 03:30:00,,
702,1,concluido,Operador Municipal,2026-05-18 04:28:00,2026-05-18 06:10:00,
702,3,em_execucao,Operador Municipal,2026-05-18 04:26:00,,
702,4,pendente,Operador Municipal,,,Ação ainda não iniciada.
703,3,concluido,Operador Municipal,2026-05-18 05:15:00,2026-05-18 07:14:00,
703,5,em_execucao,Operador Municipal,2026-05-18 05:24:00,,
703,6,concluido,Operador Municipal,2026-05-18 05:11:00,2026-05-18 05:48:00,
704,1,em_execucao,Operador Municipal,2026-05-18 05:14:00,,
704,3,pendente,Operador Municipal,,,Ação ainda não iniciada.
704,4,pendente,Operador Municipal,,,Ação ainda não iniciada.
705,1,em_execucao,Operador Municipal,2026-05-18 06:28:00,,
705,3,pendente,Operador Municipal,,,Ação ainda não iniciada.
705,4,pendente,Operador Municipal,,,Ação ainda não iniciada.
706,1,em_execucao,Operador Municipal,2026-05-18 06:25:00,,
706,3,concluido,Operador Municipal,2026-05-18 06:06:00,2026-05-18 07:34:00,
706,4,pendente,Operador Municipal,,,Ação ainda não iniciada.
707,3,pendente,Operador Municipal,,,Ação ainda não iniciada.
707,5,em_execucao,Operador Municipal,2026-05-18 07:18:00,,
707,6,concluido,Operador Municipal,2026-05-18 07:22:00,2026-05-18 09:11:00,
708,3,em_execucao,Operador Municipal,2026-05-18 07:15:00,,
708,5,em_execucao,Operador Municipal,2026-05-18 07:13:00,,
708,6,em_execucao,Operador Municipal,2026-05-18 07:21:00,,
709,3,concluido,Operador Municipal,2026-05-18 08:13:00,2026-05-18 09:20:00,
709,5,pendente,Operador Municipal,,,Ação ainda não iniciada.
709,6,em_execucao,Operador Municipal,2026-05-18 08:07:00,,
710,1,pendente,Operador Municipal,,,Ação ainda não iniciada.
710,3,pendente,Operador Municipal,,,Ação ainda não iniciada.
710,4,pendente,Operador Municipal,,,Ação ainda não iniciada.
711,1,concluido,Operador Municipal,2026-05-18 09:10:00,2026-05-18 10:14:00,
711,3,concluido,Operador Municipal,2026-05-18 09:11:00,2026-05-18 11:44:00,
711,4,em_execucao,Operador Municipal,2026-05-18 09:27:00,,
712,3,concluido,Operador Municipal,2026-05-18 09:24:00,2026-05-18 10:47:00,
712,5,pendente,Operador Municipal,,,Ação ainda não iniciada.
712,6,concluido,Operador Municipal,2026-05-18 09:28:00,2026-05-18 11:51:00,
713,3,concluido,Operador Municipal,2026-05-18 09:11:00,2026-05-18 10:29:00,
713,5,concluido,Operador Municipal,2026-05-18 09:10:00,2026-05-18 10:42:00,
713,6,concluido,Operador Municipal,2026-05-18 09:26:00,2026-05-18 12:11:00,
714,3,em_execucao,Operador Municipal,2026-05-18 10:21:00,,
714,5,em_execucao,Operador Municipal,2026-05-18 10:30:00,,
714,6,concluido,Operador Municipal,2026-05-18 10:30:00,2026-05-18 12:17:00,
715,3,em_execucao,Operador Municipal,2026-05-18 10:24:00,,
715,5,concluido,Operador Municipal,2026-05-18 10:17:00,2026-05-18 12:32:00,
715,6,concluido,Operador Municipal,2026-05-18 10:23:00,2026-05-18 13:23:00,
716,1,pendente,Operador Municipal,,,Ação ainda não iniciada.
716,2,concluido,Operador Municipal,2026-05-18 10:16:00,2026-05-18 11:13:00,
717,3,concluido,Operador Municipal,2026-05-18 11:25:00,2026-05-18 12:38:00,
717,5,em_execucao,Operador Municipal,2026-05-18 11:05:00,,
717,6,pendente,Operador Municipal,,,Ação ainda não iniciada.
718,3,pendente,Operador Municipal,,,Ação ainda não iniciada.
718,5,em_execucao,Operador Municipal,2026-05-18 11:06:00,,
718,6,pendente,Operador Municipal,,,Ação ainda não iniciada.
719,3,em_execucao,Operador Municipal,2026-05-18 12:07:00,,
719,5,em_execucao,Operador Municipal,2026-05-18 12:14:00,,
719,6,concluido,Operador Municipal,2026-05-18 12:07:00,2026-05-18 13:05:00,
720,1,concluido,Operador Municipal,2026-05-18 12:19:00,2026-05-18 13:47:00,
720,3,concluido,Operador Municipal,2026-05-18 12:12:00,2026-05-18 13:05:00,
720,4,pendente,Operador Municipal,,,Ação ainda não iniciada.
721,3,concluido,Operador Municipal,2026-05-18 13:08:00,2026-05-18 15:43:00,
721,5,em_execucao,Operador Municipal,2026-05-18 13:13:00,,
721,6,em_execucao,Operador Municipal,2026-05-18 13:16:00,,
722,1,em_execucao,Operador Municipal,2026-05-18 13:25:00,,
722,3,pendente,Operador Municipal,,,Ação ainda não iniciada.
722,4,pendente,Operador Municipal,,,Ação ainda não iniciada.
723,1,pendente,Operador Municipal,,,Ação ainda não iniciada.
723,3,em_execucao,Operador Municipal,2026-05-18 13:23:00,,
723,4,pendente,Operador Municipal,,,Ação ainda não iniciada.
724,3,concluido,Operador Municipal,2026-05-18 14:16:00,2026-05-18 15:04:00,
724,5,concluido,Operador Municipal,2026-05-18 14:22:00,2026-05-18 15:28:00,
724,6,pendente,Operador Municipal,,,Ação ainda não iniciada.
725,5,concluido,Operador Municipal,2026-05-18 14:17:00,2026-05-18 15:26:00,
725,6,em_execucao,Operador Municipal,2026-05-18 14:25:00,,
725,7,em_execucao,Operador Municipal,2026-05-18 14:26:00,,
725,8,concluido,Operador Municipal,2026-05-18 14:16:00,2026-05-18 15:16:00,
726,3,em_execucao,Operador Municipal,2026-05-18 15:25:00,,
726,5,concluido,Operador Municipal,2026-05-18 15:06:00,2026-05-18 17:40:00,
726,6,pendente,Operador Municipal,,,Ação ainda não iniciada.
727,1,concluido,Operador Municipal,2026-05-18 15:09:00,2026-05-18 17:02:00,
727,3,em_execucao,Operador Municipal,2026-05-18 15:14:00,,
727,4,concluido,Operador Municipal,2026-05-18 15:22:00,2026-05-18 17:48:00,
728,5,concluido,Operador Municipal,2026-05-18 15:29:00,2026-05-18 17:42:00,
728,6,concluido,Operador Municipal,2026-05-18 15:08:00,2026-05-18 17:06:00,
728,7,em_execucao,Operador Municipal,2026-05-18 15:27:00,,
728,8,concluido,Operador Municipal,2026-05-18 15:05:00,2026-05-18 15:38:00,
729,3,concluido,Operador Municipal,2026-05-18 16:19:00,2026-05-18 18:00:00,
729,5,em_execucao,Operador Municipal,2026-05-18 16:21:00,,
729,6,pendente,Operador Municipal,,,Ação ainda não iniciada.
730,3,concluido,Operador Municipal,2026-05-18 16:13:00,2026-05-18 18:25:00,
730,5,em_execucao,Operador Municipal,2026-05-18 16:26:00,,
730,6,em_execucao,Operador Municipal,2026-05-18 16:18:00,,
731,1,pendente,Operador Municipal,,,Ação ainda não iniciada.
731,3,concluido,Operador Municipal,2026-05-18 16:24:00,2026-05-18 18:31:00,
731,4,concluido,Operador Municipal,2026-05-18 16:23:00,2026-05-18 17:02:00,
732,5,em_execucao,Operador Municipal,2026-05-18 16:14:00,,
732,6,concluido,Operador Municipal,2026-05-18 16:07:00,2026-05-18 18:54:00,
732,7,em_execucao,Operador Municipal,2026-05-18 16:24:00,,
732,8,pendente,Operador Municipal,,,Ação ainda não iniciada.
733,1,em_execucao,Operador Municipal,2026-05-18 17:05:00,,
733,3,pendente,Operador Municipal,,,Ação ainda não iniciada.
733,4,em_execucao,Operador Municipal,2026-05-18 17:07:00,,
734,3,concluido,Operador Municipal,2026-05-18 17:18:00,2026-05-18 19:25:00,
734,5,concluido,Operador Municipal,2026-05-18 17:15:00,2026-05-18 18:33:00,
734,6,concluido,Operador Municipal,2026-05-18 17:22:00,2026-05-18 19:13:00,
735,3,concluido,Operador Municipal,2026-05-18 17:07:00,2026-05-18 19:32:00,
735,5,concluido,Operador Municipal,2026-05-18 17:29:00,2026-05-18 18:25:00,
735,6,concluido,Operador Municipal,2026-05-18 17:06:00,2026-05-18 17:41:00,
736,5,concluido,Operador Municipal,2026-05-18 17:14:00,2026-05-18 19:12:00,
736,6,pendente,Operador Municipal,,,Ação ainda não iniciada.
736,7,concluido,Operador Municipal,2026-05-18 17:09:00,2026-05-18 18:57:00,
736,8,pendente,Operador Municipal,,,Ação ainda não iniciada.
737,1,pendente,Operador Municipal,,,Ação ainda não iniciada.
737,3,em_execucao,Operador Municipal,2026-05-18 18:30:00,,
737,4,pendente,Operador Municipal,,,Ação ainda não iniciada.
738,3,pendente,Operador Municipal,,,Ação ainda não iniciada.
738,5,em_execucao,Operador Municipal,2026-05-18 18:16:00,,
738,6,concluido,Operador Municipal,2026-05-18 18:19:00,2026-05-18 20:32:00,
739,5,em_execucao,Operador Municipal,2026-05-18 18:14:00,,
739,6,concluido,Operador Municipal,2026-05-18 18:29:00,2026-05-18 21:02:00,
739,7,em_execucao,Operador Municipal,2026-05-18 18:15:00,,
739,8,pendente,Operador Municipal,,,Ação ainda não iniciada.
740,5,concluido,Operador Municipal,2026-05-18 18:07:00,2026-05-18 20:02:00,
740,6,concluido,Operador Municipal,2026-05-18 18:30:00,2026-05-18 21:15:00,
740,7,em_execucao,Operador Municipal,2026-05-18 18:15:00,,
740,8,pendente,Operador Municipal,,,Ação ainda não iniciada.
741,1,pendente,Operador Municipal,,,Ação ainda não iniciada.
741,3,pendente,Operador Municipal,,,Ação ainda não iniciada.
741,4,pendente,Operador Municipal,,,Ação ainda não iniciada.
742,3,em_execucao,Operador Municipal,2026-05-18 19:14:00,,
742,5,concluido,Operador Municipal,2026-05-18 19:17:00,2026-05-18 21:59:00,
742,6,em_execucao,Operador Municipal,2026-05-18 19:29:00,,
743,5,concluido,Operador Municipal,2026-05-18 19:09:00,2026-05-18 21:57:00,
743,6,concluido,Operador Municipal,2026-05-18 19:12:00,2026-05-18 21:04:00,
743,7,em_execucao,Operador Municipal,2026-05-18 19:06:00,,
743,8,em_execucao,Operador Municipal,2026-05-18 19:27:00,,
744,5,em_execucao,Operador Municipal,2026-05-18 19:06:00,,
744,6,em_execucao,Operador Municipal,2026-05-18 19:17:00,,
744,7,concluido,Operador Municipal,2026-05-18 19:18:00,2026-05-18 22:07:00,
744,8,concluido,Operador Municipal,2026-05-18 19:17:00,2026-05-18 22:14:00,
745,5,pendente,Operador Municipal,,,Ação ainda não iniciada.
745,6,concluido,Operador Municipal,2026-05-18 20:18:00,2026-05-18 21:32:00,
745,7,em_execucao,Operador Municipal,2026-05-18 20:11:00,,
745,8,pendente,Operador Municipal,,,Ação ainda não iniciada.
746,3,concluido,Operador Municipal,2026-05-18 20:18:00,2026-05-18 23:04:00,
746,5,pendente,Operador Municipal,,,Ação ainda não iniciada.
746,6,concluido,Operador Municipal,2026-05-18 20:10:00,2026-05-18 23:02:00,
747,5,concluido,Operador Municipal,2026-05-18 20:17:00,2026-05-18 21:42:00,
747,6,em_execucao,Operador Municipal,2026-05-18 20:30:00,,
747,7,pendente,Operador Municipal,,,Ação ainda não iniciada.
747,8,em_execucao,Operador Municipal,2026-05-18 20:05:00,,
748,1,pendente,Operador Municipal,,,Ação ainda não iniciada.
748,3,em_execucao,Operador Municipal,2026-05-18 20:06:00,,
748,4,concluido,Operador Municipal,2026-05-18 20:17:00,2026-05-18 22:05:00,
749,3,em_execucao,Operador Municipal,2026-05-18 21:19:00,,
749,5,em_execucao,Operador Municipal,2026-05-18 21:12:00,,
749,6,concluido,Operador Municipal,2026-05-18 21:21:00,2026-05-18 23:06:00,
750,3,em_execucao,Operador Municipal,2026-05-18 21:30:00,,
750,5,em_execucao,Operador Municipal,2026-05-18 21:13:00,,
750,6,concluido,Operador Municipal,2026-05-18 21:24:00,2026-05-18 22:06:00,
751,5,concluido,Operador Municipal,2026-05-18 21:19:00,2026-05-19 00:01:00,
751,6,em_execucao,Operador Municipal,2026-05-18 21:11:00,,
751,7,concluido,Operador Municipal,2026-05-18 21:05:00,2026-05-18 23:52:00,
751,8,em_execucao,Operador Municipal,2026-05-18 21:30:00,,
752,3,em_execucao,Operador Municipal,2026-05-18 21:25:00,,
752,5,concluido,Operador Municipal,2026-05-18 21:18:00,2026-05-18 22:11:00,
752,6,em_execucao,Operador Municipal,2026-05-18 21:30:00,,
753,3,concluido,Operador Municipal,2026-05-18 22:13:00,2026-05-19 00:31:00,
753,5,pendente,Operador Municipal,,,Ação ainda não iniciada.
753,6,em_execucao,Operador Municipal,2026-05-18 22:13:00,,
754,5,em_execucao,Operador Municipal,2026-05-18 22:05:00,,
754,6,concluido,Operador Municipal,2026-05-18 22:20:00,2026-05-18 22:56:00,
754,7,em_execucao,Operador Municipal,2026-05-18 22:06:00,,
754,8,em_execucao,Operador Municipal,2026-05-18 22:21:00,,
755,3,concluido,Operador Municipal,2026-05-18 22:19:00,2026-05-18 23:51:00,
755,5,concluido,Operador Municipal,2026-05-18 22:13:00,2026-05-19 00:16:00,
755,6,em_execucao,Operador Municipal,2026-05-18 22:11:00,,
756,3,em_execucao,Operador Municipal,2026-05-18 23:27:00,,
756,5,concluido,Operador Municipal,2026-05-18 23:13:00,2026-05-19 02:01:00,
756,6,pendente,Operador Municipal,,,Ação ainda não iniciada.
757,1,pendente,Operador Municipal,,,Ação ainda não iniciada.
757,3,em_execucao,Operador Municipal,2026-05-18 23:10:00,,
757,4,pendente,Operador Municipal,,,Ação ainda não iniciada.
758,5,concluido,Operador Municipal,2026-05-18 23:11:00,2026-05-19 01:20:00,
758,6,concluido,Operador Municipal,2026-05-18 23:09:00,2026-05-19 01:13:00,
758,7,concluido,Operador Municipal,2026-05-18 23:15:00,2026-05-19 01:44:00,
758,8,concluido,Operador Municipal,2026-05-18 23:07:00,2026-05-19 00:34:00,
759,5,concluido,Operador Municipal,2026-05-18 23:17:00,2026-05-19 00:57:00,
759,6,em_execucao,Operador Municipal,2026-05-18 23:18:00,,
759,7,em_execucao,Operador Municipal,2026-05-18 23:13:00,,
759,8,concluido,Operador Municipal,2026-05-18 23:15:00,2026-05-19 01:19:00,
760,3,concluido,Operador Municipal,2026-05-19 00:23:00,2026-05-19 02:40:00,
760,5,em_execucao,Operador Municipal,2026-05-19 00:22:00,,
760,6,concluido,Operador Municipal,2026-05-19 00:27:00,2026-05-19 01:59:00,
761,5,pendente,Operador Municipal,,,Ação ainda não iniciada.
761,6,pendente,Operador Municipal,,,Ação ainda não iniciada.
761,7,concluido,Operador Municipal,2026-05-19 00:12:00,2026-05-19 01:47:00,
761,8,pendente,Operador Municipal,,,Ação ainda não iniciada.
762,5,em_execucao,Operador Municipal,2026-05-19 00:17:00,,
762,6,em_execucao,Operador Municipal,2026-05-19 00:25:00,,
762,7,em_execucao,Operador Municipal,2026-05-19 00:07:00,,
762,8,em_execucao,Operador Municipal,2026-05-19 00:11:00,,
763,3,em_execucao,Operador Municipal,2026-05-19 01:10:00,,
763,5,pendente,Operador Municipal,,,Ação ainda não iniciada.
763,6,em_execucao,Operador Municipal,2026-05-19 01:15:00,,
764,5,concluido,Operador Municipal,2026-05-19 01:09:00,2026-05-19 01:39:00,
764,6,em_execucao,Operador Municipal,2026-05-19 01:19:00,,
764,7,concluido,Operador Municipal,2026-05-19 01:05:00,2026-05-19 03:46:00,
764,8,concluido,Operador Municipal,2026-05-19 01:09:00,2026-05-19 01:46:00,
765,5,pendente,Operador Municipal,,,Ação ainda não iniciada.
765,6,em_execucao,Operador Municipal,2026-05-19 01:18:00,,
765,7,concluido,Operador Municipal,2026-05-19 01:29:00,2026-05-19 02:53:00,
765,8,em_execucao,Operador Municipal,2026-05-19 01:16:00,,
766,1,em_execucao,Operador Municipal,2026-05-19 02:26:00,,
766,3,em_execucao,Operador Municipal,2026-05-19 02:22:00,,
766,4,pendente,Operador Municipal,,,Ação ainda não iniciada.
767,5,em_execucao,Operador Municipal,2026-05-19 02:16:00,,
767,6,em_execucao,Operador Municipal,2026-05-19 02:28:00,,
767,7,em_execucao,Operador Municipal,2026-05-19 02:08:00,,
767,8,em_execucao,Operador Municipal,2026-05-19 02:10:00,,
768,5,concluido,Operador Municipal,2026-05-19 02:14:00,2026-05-19 03:30:00,
768,6,em_execucao,Operador Municipal,2026-05-19 02:10:00,,
768,7,concluido,Operador Municipal,2026-05-19 02:17:00,2026-05-19 03:19:00,
768,8,em_execucao,Operador Municipal,2026-05-19 02:19:00,,
769,5,concluido,Operador Municipal,2026-05-19 03:23:00,2026-05-19 04:33:00,
769,6,concluido,Operador Municipal,2026-05-19 03:14:00,2026-05-19 04:22:00,
769,7,em_execucao,Operador Municipal,2026-05-19 03:08:00,,
769,8,em_execucao,Operador Municipal,2026-05-19 03:26:00,,
770,5,pendente,Operador Municipal,,,Ação ainda não iniciada.
770,6,concluido,Operador Municipal,2026-05-19 03:10:00,2026-05-19 05:57:00,
770,7,em_execucao,Operador Municipal,2026-05-19 03:30:00,,
770,8,concluido,Operador Municipal,2026-05-19 03:12:00,2026-05-19 05:37:00,
771,3,concluido,Operador Municipal,2026-05-19 04:15:00,2026-05-19 06:23:00,
771,5,em_execucao,Operador Municipal,2026-05-19 04:08:00,,
771,6,concluido,Operador Municipal,2026-05-19 04:13:00,2026-05-19 06:43:00,
772,5,concluido,Operador Municipal,2026-05-19 04:27:00,2026-05-19 05:02:00,
772,6,pendente,Operador Municipal,,,Ação ainda não iniciada.
772,7,pendente,Operador Municipal,,,Ação ainda não iniciada.
772,8,em_execucao,Operador Municipal,2026-05-19 04:21:00,,
773,1,concluido,Operador Municipal,2026-05-19 05:29:00,2026-05-19 07:38:00,
773,3,pendente,Operador Municipal,,,Ação ainda não iniciada.
773,4,pendente,Operador Municipal,,,Ação ainda não iniciada.
774,3,concluido,Operador Municipal,2026-05-19 05:15:00,2026-05-19 06:43:00,
774,5,concluido,Operador Municipal,2026-05-19 05:08:00,2026-05-19 07:14:00,
774,6,concluido,Operador Municipal,2026-05-19 05:15:00,2026-05-19 07:32:00,
775,1,pendente,Operador Municipal,,,Ação ainda não iniciada.
775,3,concluido,Operador Municipal,2026-05-19 06:14:00,2026-05-19 07:55:00,
775,4,concluido,Operador Municipal,2026-05-19 06:08:00,2026-05-19 07:18:00,
776,3,em_execucao,Operador Municipal,2026-05-19 06:26:00,,
776,5,concluido,Operador Municipal,2026-05-19 06:29:00,2026-05-19 07:13:00,
776,6,em_execucao,Operador Municipal,2026-05-19 06:19:00,,
777,1,pendente,Operador Municipal,,,Ação ainda não iniciada.
777,3,pendente,Operador Municipal,,,Ação ainda não iniciada.
777,4,pendente,Operador Municipal,,,Ação ainda não iniciada.
778,3,em_execucao,Operador Municipal,2026-05-19 07:17:00,,
778,5,em_execucao,Operador Municipal,2026-05-19 07:27:00,,
778,6,em_execucao,Operador Municipal,2026-05-19 07:15:00,,
779,1,pendente,Operador Municipal,,,Ação ainda não iniciada.
779,3,pendente,Operador Municipal,,,Ação ainda não iniciada.
779,4,pendente,Operador Municipal,,,Ação ainda não iniciada.
780,3,concluido,Operador Municipal,2026-05-19 08:29:00,2026-05-19 11:14:00,
780,5,pendente,Operador Municipal,,,Ação ainda não iniciada.
780,6,em_execucao,Operador Municipal,2026-05-19 08:13:00,,
781,1,em_execucao,Operador Municipal,2026-05-19 08:17:00,,
781,3,concluido,Operador Municipal,2026-05-19 08:27:00,2026-05-19 10:58:00,
781,4,pendente,Operador Municipal,,,Ação ainda não iniciada.
782,1,pendente,Operador Municipal,,,Ação ainda não iniciada.
782,3,concluido,Operador Municipal,2026-05-19 08:27:00,2026-05-19 10:31:00,
782,4,pendente,Operador Municipal,,,Ação ainda não iniciada.
783,3,concluido,Operador Municipal,2026-05-19 09:12:00,2026-05-19 11:41:00,
783,5,concluido,Operador Municipal,2026-05-19 09:28:00,2026-05-19 10:05:00,
783,6,em_execucao,Operador Municipal,2026-05-19 09:19:00,,
784,1,concluido,Operador Municipal,2026-05-19 09:16:00,2026-05-19 10:56:00,
784,3,concluido,Operador Municipal,2026-05-19 09:24:00,2026-05-19 11:11:00,
784,4,pendente,Operador Municipal,,,Ação ainda não iniciada.
785,5,concluido,Operador Municipal,2026-05-19 09:28:00,2026-05-19 09:58:00,
785,6,concluido,Operador Municipal,2026-05-19 09:21:00,2026-05-19 10:47:00,
785,7,pendente,Operador Municipal,,,Ação ainda não iniciada.
785,8,concluido,Operador Municipal,2026-05-19 09:22:00,2026-05-19 10:18:00,
786,1,concluido,Operador Municipal,2026-05-19 10:21:00,2026-05-19 12:27:00,
786,3,concluido,Operador Municipal,2026-05-19 10:22:00,2026-05-19 10:54:00,
786,4,pendente,Operador Municipal,,,Ação ainda não iniciada.
787,1,concluido,Operador Municipal,2026-05-19 10:17:00,2026-05-19 12:32:00,
787,2,pendente,Operador Municipal,,,Ação ainda não iniciada.
788,1,pendente,Operador Municipal,,,Ação ainda não iniciada.
788,3,pendente,Operador Municipal,,,Ação ainda não iniciada.
788,4,em_execucao,Operador Municipal,2026-05-19 10:18:00,,
789,5,em_execucao,Operador Municipal,2026-05-19 10:23:00,,
789,6,em_execucao,Operador Municipal,2026-05-19 10:13:00,,
789,7,pendente,Operador Municipal,,,Ação ainda não iniciada.
789,8,pendente,Operador Municipal,,,Ação ainda não iniciada.
790,3,em_execucao,Operador Municipal,2026-05-19 11:20:00,,
790,5,concluido,Operador Municipal,2026-05-19 11:25:00,2026-05-19 13:24:00,
790,6,concluido,Operador Municipal,2026-05-19 11:08:00,2026-05-19 13:07:00,
791,3,pendente,Operador Municipal,,,Ação ainda não iniciada.
791,5,concluido,Operador Municipal,2026-05-19 11:11:00,2026-05-19 12:56:00,
791,6,concluido,Operador Municipal,2026-05-19 11:25:00,2026-05-19 12:38:00,
792,5,pendente,Operador Municipal,,,Ação ainda não iniciada.
792,6,em_execucao,Operador Municipal,2026-05-19 11:20:00,,
792,7,pendente,Operador Municipal,,,Ação ainda não iniciada.
792,8,concluido,Operador Municipal,2026-05-19 11:29:00,2026-05-19 14:19:00,
793,1,em_execucao,Operador Municipal,2026-05-19 12:20:00,,
793,3,pendente,Operador Municipal,,,Ação ainda não iniciada.
793,4,pendente,Operador Municipal,,,Ação ainda não iniciada.
794,1,pendente,Operador Municipal,,,Ação ainda não iniciada.
794,3,em_execucao,Operador Municipal,2026-05-19 12:06:00,,
794,4,em_execucao,Operador Municipal,2026-05-19 12:11:00,,
795,5,em_execucao,Operador Municipal,2026-05-19 12:17:00,,
795,6,em_execucao,Operador Municipal,2026-05-19 12:29:00,,
795,7,em_execucao,Operador Municipal,2026-05-19 12:19:00,,
795,8,concluido,Operador Municipal,2026-05-19 12:12:00,2026-05-19 13:27:00,
796,1,pendente,Operador Municipal,,,Ação ainda não iniciada.
796,3,em_execucao,Operador Municipal,2026-05-19 13:21:00,,
796,4,concluido,Operador Municipal,2026-05-19 13:15:00,2026-05-19 13:51:00,
797,3,concluido,Operador Municipal,2026-05-19 13:22:00,2026-05-19 14:15:00,
797,5,concluido,Operador Municipal,2026-05-19 13:10:00,2026-05-19 15:20:00,
797,6,em_execucao,Operador Municipal,2026-05-19 13:14:00,,
798,1,pendente,Operador Municipal,,,Ação ainda não iniciada.
798,3,em_execucao,Operador Municipal,2026-05-19 14:24:00,,
798,4,concluido,Operador Municipal,2026-05-19 14:07:00,2026-05-19 16:52:00,
799,3,em_execucao,Operador Municipal,2026-05-19 14:21:00,,
799,5,em_execucao,Operador Municipal,2026-05-19 14:12:00,,
799,6,pendente,Operador Municipal,,,Ação ainda não iniciada.
800,3,concluido,Operador Municipal,2026-05-19 15:13:00,2026-05-19 15:57:00,
800,5,em_execucao,Operador Municipal,2026-05-19 15:12:00,,
800,6,em_execucao,Operador Municipal,2026-05-19 15:26:00,,
801,3,em_execucao,Operador Municipal,2026-05-19 16:27:00,,
801,5,em_execucao,Operador Municipal,2026-05-19 16:14:00,,
801,6,em_execucao,Operador Municipal,2026-05-19 16:28:00,,
802,3,concluido,Operador Municipal,2026-05-19 16:11:00,2026-05-19 18:06:00,
802,5,concluido,Operador Municipal,2026-05-19 16:26:00,2026-05-19 17:18:00,
802,6,concluido,Operador Municipal,2026-05-19 16:12:00,2026-05-19 18:48:00,
803,1,concluido,Operador Municipal,2026-05-19 17:25:00,2026-05-19 19:51:00,
803,3,pendente,Operador Municipal,,,Ação ainda não iniciada.
803,4,em_execucao,Operador Municipal,2026-05-19 17:25:00,,
804,1,pendente,Operador Municipal,,,Ação ainda não iniciada.
804,3,em_execucao,Operador Municipal,2026-05-19 18:05:00,,
804,4,pendente,Operador Municipal,,,Ação ainda não iniciada.
805,3,em_execucao,Operador Municipal,2026-05-19 18:07:00,,
805,5,em_execucao,Operador Municipal,2026-05-19 18:13:00,,
805,6,em_execucao,Operador Municipal,2026-05-19 18:29:00,,
806,1,pendente,Operador Municipal,,,Ação ainda não iniciada.
806,3,em_execucao,Operador Municipal,2026-05-19 19:10:00,,
806,4,concluido,Operador Municipal,2026-05-19 19:28:00,2026-05-19 22:01:00,
807,1,em_execucao,Operador Municipal,2026-05-19 19:09:00,,
807,3,pendente,Operador Municipal,,,Ação ainda não iniciada.
807,4,pendente,Operador Municipal,,,Ação ainda não iniciada.
808,3,em_execucao,Operador Municipal,2026-05-19 19:18:00,,
808,5,pendente,Operador Municipal,,,Ação ainda não iniciada.
808,6,pendente,Operador Municipal,,,Ação ainda não iniciada.
809,1,pendente,Operador Municipal,,,Ação ainda não iniciada.
809,3,pendente,Operador Municipal,,,Ação ainda não iniciada.
809,4,pendente,Operador Municipal,,,Ação ainda não iniciada.
810,3,em_execucao,Operador Municipal,2026-05-19 20:22:00,,
810,5,concluido,Operador Municipal,2026-05-19 20:29:00,2026-05-19 23:07:00,
810,6,concluido,Operador Municipal,2026-05-19 20:07:00,2026-05-19 22:21:00,
811,3,em_execucao,Operador Municipal,2026-05-19 20:14:00,,
811,5,em_execucao,Operador Municipal,2026-05-19 20:22:00,,
811,6,concluido,Operador Municipal,2026-05-19 20:13:00,2026-05-19 20:48:00,
812,1,concluido,Operador Municipal,2026-05-19 21:07:00,2026-05-19 23:46:00,
812,3,concluido,Operador Municipal,2026-05-19 21:22:00,2026-05-19 22:32:00,
812,4,pendente,Operador Municipal,,,Ação ainda não iniciada.
813,1,pendente,Operador Municipal,,,Ação ainda não iniciada.
813,3,pendente,Operador Municipal,,,Ação ainda não iniciada.
813,4,pendente,Operador Municipal,,,Ação ainda não iniciada.
814,3,concluido,Operador Municipal,2026-05-19 21:17:00,2026-05-19 22:57:00,
814,5,em_execucao,Operador Municipal,2026-05-19 21:29:00,,
814,6,em_execucao,Operador Municipal,2026-05-19 21:27:00,,
815,1,pendente,Operador Municipal,,,Ação ainda não iniciada.
815,2,pendente,Operador Municipal,,,Ação ainda não iniciada.
816,1,concluido,Operador Municipal,2026-05-19 23:16:00,2026-05-20 01:58:00,
816,3,pendente,Operador Municipal,,,Ação ainda não iniciada.
816,4,concluido,Operador Municipal,2026-05-19 23:15:00,2026-05-20 00:11:00,
817,5,concluido,Operador Municipal,2026-05-19 23:08:00,2026-05-20 00:28:00,
817,6,concluido,Operador Municipal,2026-05-19 23:06:00,2026-05-20 00:53:00,
817,7,concluido,Operador Municipal,2026-05-19 23:27:00,2026-05-20 00:46:00,
817,8,concluido,Operador Municipal,2026-05-19 23:14:00,2026-05-19 23:56:00,
818,1,pendente,Operador Municipal,,,Ação ainda não iniciada.
818,3,em_execucao,Operador Municipal,2026-05-19 23:07:00,,
818,4,concluido,Operador Municipal,2026-05-19 23:20:00,2026-05-20 01:27:00,
819,1,pendente,Operador Municipal,,,Ação ainda não iniciada.
819,3,pendente,Operador Municipal,,,Ação ainda não iniciada.
819,4,pendente,Operador Municipal,,,Ação ainda não iniciada.
820,3,em_execucao,Operador Municipal,2026-05-20 00:05:00,,
820,5,em_execucao,Operador Municipal,2026-05-20 00:27:00,,
820,6,concluido,Operador Municipal,2026-05-20 00:05:00,2026-05-20 02:42:00,
821,1,em_execucao,Operador Municipal,2026-05-20 01:16:00,,
821,3,pendente,Operador Municipal,,,Ação ainda não iniciada.
821,4,em_execucao,Operador Municipal,2026-05-20 01:27:00,,
822,1,concluido,Operador Municipal,2026-05-20 01:12:00,2026-05-20 03:42:00,
822,3,pendente,Operador Municipal,,,Ação ainda não iniciada.
822,4,pendente,Operador Municipal,,,Ação ainda não iniciada.
823,3,concluido,Operador Municipal,2026-05-20 01:26:00,2026-05-20 03:41:00,
823,5,concluido,Operador Municipal,2026-05-20 01:14:00,2026-05-20 02:21:00,
823,6,pendente,Operador Municipal,,,Ação ainda não iniciada.
824,1,pendente,Operador Municipal,,,Ação ainda não iniciada.
824,3,pendente,Operador Municipal,,,Ação ainda não iniciada.
824,4,pendente,Operador Municipal,,,Ação ainda não iniciada.
825,3,pendente,Operador Municipal,,,Ação ainda não iniciada.
825,5,concluido,Operador Municipal,2026-05-20 02:05:00,2026-05-20 03:59:00,
825,6,pendente,Operador Municipal,,,Ação ainda não iniciada.
826,3,em_execucao,Operador Municipal,2026-05-20 03:21:00,,
826,5,concluido,Operador Municipal,2026-05-20 03:13:00,2026-05-20 04:43:00,
826,6,em_execucao,Operador Municipal,2026-05-20 03:12:00,,
827,3,em_execucao,Operador Municipal,2026-05-20 03:07:00,,
827,5,concluido,Operador Municipal,2026-05-20 03:20:00,2026-05-20 05:52:00,
827,6,em_execucao,Operador Municipal,2026-05-20 03:24:00,,
828,1,pendente,Operador Municipal,,,Ação ainda não iniciada.
828,2,pendente,Operador Municipal,,,Ação ainda não iniciada.
829,1,em_execucao,Operador Municipal,2026-05-20 04:10:00,,
829,3,pendente,Operador Municipal,,,Ação ainda não iniciada.
829,4,em_execucao,Operador Municipal,2026-05-20 04:20:00,,
830,3,concluido,Operador Municipal,2026-05-20 04:25:00,2026-05-20 06:56:00,
830,5,concluido,Operador Municipal,2026-05-20 04:24:00,2026-05-20 06:03:00,
830,6,pendente,Operador Municipal,,,Ação ainda não iniciada.
831,1,pendente,Operador Municipal,,,Ação ainda não iniciada.
831,3,pendente,Operador Municipal,,,Ação ainda não iniciada.
831,4,pendente,Operador Municipal,,,Ação ainda não iniciada.
832,3,concluido,Operador Municipal,2026-05-20 05:16:00,2026-05-20 07:31:00,
832,5,em_execucao,Operador Municipal,2026-05-20 05:24:00,,
832,6,em_execucao,Operador Municipal,2026-05-20 05:27:00,,
833,1,pendente,Operador Municipal,,,Ação ainda não iniciada.
833,3,concluido,Operador Municipal,2026-05-20 05:16:00,2026-05-20 06:11:00,
833,4,concluido,Operador Municipal,2026-05-20 05:07:00,2026-05-20 05:42:00,
834,1,pendente,Operador Municipal,,,Ação ainda não iniciada.
834,3,em_execucao,Operador Municipal,2026-05-20 05:09:00,,
834,4,em_execucao,Operador Municipal,2026-05-20 05:19:00,,
835,1,em_execucao,Operador Municipal,2026-05-20 06:27:00,,
835,3,pendente,Operador Municipal,,,Ação ainda não iniciada.
835,4,pendente,Operador Municipal,,,Ação ainda não iniciada.
836,1,em_execucao,Operador Municipal,2026-05-20 06:05:00,,
836,3,em_execucao,Operador Municipal,2026-05-20 06:06:00,,
836,4,pendente,Operador Municipal,,,Ação ainda não iniciada.
837,1,em_execucao,Operador Municipal,2026-05-20 06:16:00,,
837,3,pendente,Operador Municipal,,,Ação ainda não iniciada.
837,4,pendente,Operador Municipal,,,Ação ainda não iniciada.
838,1,concluido,Operador Municipal,2026-05-20 07:15:00,2026-05-20 09:38:00,
838,3,concluido,Operador Municipal,2026-05-20 07:06:00,2026-05-20 09:25:00,
838,4,concluido,Operador Municipal,2026-05-20 07:06:00,2026-05-20 08:03:00,
839,5,em_execucao,Operador Municipal,2026-05-20 08:30:00,,
839,6,em_execucao,Operador Municipal,2026-05-20 08:19:00,,
839,7,concluido,Operador Municipal,2026-05-20 08:29:00,2026-05-20 09:34:00,
839,8,pendente,Operador Municipal,,,Ação ainda não iniciada.
840,1,em_execucao,Operador Municipal,2026-05-20 08:06:00,,
840,3,em_execucao,Operador Municipal,2026-05-20 08:25:00,,
840,4,pendente,Operador Municipal,,,Ação ainda não iniciada.
841,1,pendente,Operador Municipal,,,Ação ainda não iniciada.
841,2,pendente,Operador Municipal,,,Ação ainda não iniciada.
842,1,pendente,Operador Municipal,,,Ação ainda não iniciada.
842,3,pendente,Operador Municipal,,,Ação ainda não iniciada.
842,4,pendente,Operador Municipal,,,Ação ainda não iniciada.
843,5,em_execucao,Operador Municipal,2026-05-20 09:19:00,,
843,6,concluido,Operador Municipal,2026-05-20 09:20:00,2026-05-20 11:53:00,
843,7,concluido,Operador Municipal,2026-05-20 09:28:00,2026-05-20 11:30:00,
843,8,em_execucao,Operador Municipal,2026-05-20 09:15:00,,
844,1,em_execucao,Operador Municipal,2026-05-20 09:06:00,,
844,3,pendente,Operador Municipal,,,Ação ainda não iniciada.
844,4,em_execucao,Operador Municipal,2026-05-20 09:30:00,,
845,1,em_execucao,Operador Municipal,2026-05-20 09:17:00,,
845,3,pendente,Operador Municipal,,,Ação ainda não iniciada.
845,4,em_execucao,Operador Municipal,2026-05-20 09:18:00,,
846,5,em_execucao,Operador Municipal,2026-05-20 10:25:00,,
846,6,concluido,Operador Municipal,2026-05-20 10:28:00,2026-05-20 11:57:00,
846,7,em_execucao,Operador Municipal,2026-05-20 10:21:00,,
846,8,em_execucao,Operador Municipal,2026-05-20 10:05:00,,
847,1,concluido,Operador Municipal,2026-05-20 10:06:00,2026-05-20 11:42:00,
847,2,pendente,Operador Municipal,,,Ação ainda não iniciada.
848,5,concluido,Operador Municipal,2026-05-20 11:21:00,2026-05-20 14:12:00,
848,6,concluido,Operador Municipal,2026-05-20 11:09:00,2026-05-20 14:01:00,
848,7,concluido,Operador Municipal,2026-05-20 11:15:00,2026-05-20 12:22:00,
848,8,concluido,Operador Municipal,2026-05-20 11:22:00,2026-05-20 14:13:00,
849,1,pendente,Operador Municipal,,,Ação ainda não iniciada.
849,3,em_execucao,Operador Municipal,2026-05-20 11:07:00,,
849,4,pendente,Operador Municipal,,,Ação ainda não iniciada.
850,5,concluido,Operador Municipal,2026-05-20 12:16:00,2026-05-20 13:36:00,
850,6,concluido,Operador Municipal,2026-05-20 12:22:00,2026-05-20 13:06:00,
850,7,em_execucao,Operador Municipal,2026-05-20 12:17:00,,
850,8,em_execucao,Operador Municipal,2026-05-20 12:23:00,,
851,3,pendente,Operador Municipal,,,Ação ainda não iniciada.
851,5,concluido,Operador Municipal,2026-05-20 12:12:00,2026-05-20 13:58:00,
851,6,concluido,Operador Municipal,2026-05-20 12:15:00,2026-05-20 15:09:00,
852,3,concluido,Operador Municipal,2026-05-20 12:25:00,2026-05-20 13:02:00,
852,5,em_execucao,Operador Municipal,2026-05-20 12:15:00,,
852,6,concluido,Operador Municipal,2026-05-20 12:30:00,2026-05-20 13:14:00,
853,5,em_execucao,Operador Municipal,2026-05-20 13:22:00,,
853,6,em_execucao,Operador Municipal,2026-05-20 13:16:00,,
853,7,concluido,Operador Municipal,2026-05-20 13:18:00,2026-05-20 15:38:00,
853,8,concluido,Operador Municipal,2026-05-20 13:21:00,2026-05-20 13:54:00,
854,1,pendente,Operador Municipal,,,Ação ainda não iniciada.
854,3,em_execucao,Operador Municipal,2026-05-20 13:14:00,,
854,4,pendente,Operador Municipal,,,Ação ainda não iniciada.
855,3,concluido,Operador Municipal,2026-05-20 13:12:00,2026-05-20 14:08:00,
855,5,concluido,Operador Municipal,2026-05-20 13:22:00,2026-05-20 14:52:00,
855,6,concluido,Operador Municipal,2026-05-20 13:27:00,2026-05-20 14:39:00,
856,3,concluido,Operador Municipal,2026-05-20 14:20:00,2026-05-20 16:13:00,
856,5,em_execucao,Operador Municipal,2026-05-20 14:29:00,,
856,6,concluido,Operador Municipal,2026-05-20 14:22:00,2026-05-20 15:27:00,
857,1,concluido,Operador Municipal,2026-05-20 14:30:00,2026-05-20 16:53:00,
857,3,pendente,Operador Municipal,,,Ação ainda não iniciada.
857,4,concluido,Operador Municipal,2026-05-20 14:18:00,2026-05-20 15:07:00,
858,3,pendente,Operador Municipal,,,Ação ainda não iniciada.
858,5,em_execucao,Operador Municipal,2026-05-20 15:08:00,,
858,6,concluido,Operador Municipal,2026-05-20 15:13:00,2026-05-20 16:27:00,
859,5,em_execucao,Operador Municipal,2026-05-20 15:25:00,,
859,6,pendente,Operador Municipal,,,Ação ainda não iniciada.
859,7,pendente,Operador Municipal,,,Ação ainda não iniciada.
859,8,pendente,Operador Municipal,,,Ação ainda não iniciada.
860,3,em_execucao,Operador Municipal,2026-05-20 15:30:00,,
860,5,concluido,Operador Municipal,2026-05-20 15:10:00,2026-05-20 15:54:00,
860,6,em_execucao,Operador Municipal,2026-05-20 15:08:00,,
861,1,concluido,Operador Municipal,2026-05-20 15:25:00,2026-05-20 18:05:00,
861,3,pendente,Operador Municipal,,,Ação ainda não iniciada.
861,4,em_execucao,Operador Municipal,2026-05-20 15:12:00,,
862,1,pendente,Operador Municipal,,,Ação ainda não iniciada.
862,3,pendente,Operador Municipal,,,Ação ainda não iniciada.
862,4,pendente,Operador Municipal,,,Ação ainda não iniciada.
863,3,em_execucao,Operador Municipal,2026-05-20 16:06:00,,
863,5,em_execucao,Operador Municipal,2026-05-20 16:25:00,,
863,6,concluido,Operador Municipal,2026-05-20 16:06:00,2026-05-20 18:15:00,
864,1,em_execucao,Operador Municipal,2026-05-20 16:21:00,,
864,2,concluido,Operador Municipal,2026-05-20 16:30:00,2026-05-20 19:16:00,
865,3,concluido,Operador Municipal,2026-05-20 17:09:00,2026-05-20 18:28:00,
865,5,concluido,Operador Municipal,2026-05-20 17:24:00,2026-05-20 19:15:00,
865,6,concluido,Operador Municipal,2026-05-20 17:19:00,2026-05-20 18:37:00,
866,3,concluido,Operador Municipal,2026-05-20 17:09:00,2026-05-20 19:21:00,
866,5,em_execucao,Operador Municipal,2026-05-20 17:16:00,,
866,6,concluido,Operador Municipal,2026-05-20 17:24:00,2026-05-20 19:37:00,
867,1,pendente,Operador Municipal,,,Ação ainda não iniciada.
867,3,pendente,Operador Municipal,,,Ação ainda não iniciada.
867,4,em_execucao,Operador Municipal,2026-05-20 17:27:00,,
868,1,concluido,Operador Municipal,2026-05-20 18:22:00,2026-05-20 19:19:00,
868,3,em_execucao,Operador Municipal,2026-05-20 18:07:00,,
868,4,em_execucao,Operador Municipal,2026-05-20 18:13:00,,
869,3,pendente,Operador Municipal,,,Ação ainda não iniciada.
869,5,pendente,Operador Municipal,,,Ação ainda não iniciada.
869,6,em_execucao,Operador Municipal,2026-05-20 18:20:00,,
870,3,concluido,Operador Municipal,2026-05-20 18:10:00,2026-05-20 20:34:00,
870,5,concluido,Operador Municipal,2026-05-20 18:20:00,2026-05-20 19:24:00,
870,6,concluido,Operador Municipal,2026-05-20 18:10:00,2026-05-20 19:40:00,
871,1,pendente,Operador Municipal,,,Ação ainda não iniciada.
871,3,pendente,Operador Municipal,,,Ação ainda não iniciada.
871,4,concluido,Operador Municipal,2026-05-20 18:15:00,2026-05-20 20:08:00,
872,3,em_execucao,Operador Municipal,2026-05-20 19:09:00,,
872,5,pendente,Operador Municipal,,,Ação ainda não iniciada.
872,6,em_execucao,Operador Municipal,2026-05-20 19:12:00,,
873,3,concluido,Operador Municipal,2026-05-20 19:19:00,2026-05-20 21:16:00,
873,5,em_execucao,Operador Municipal,2026-05-20 19:12:00,,
873,6,em_execucao,Operador Municipal,2026-05-20 19:07:00,,
874,3,pendente,Operador Municipal,,,Ação ainda não iniciada.
874,5,concluido,Operador Municipal,2026-05-20 20:08:00,2026-05-20 21:47:00,
874,6,em_execucao,Operador Municipal,2026-05-20 20:05:00,,
875,3,pendente,Operador Municipal,,,Ação ainda não iniciada.
875,5,concluido,Operador Municipal,2026-05-20 20:12:00,2026-05-20 22:02:00,
875,6,concluido,Operador Municipal,2026-05-20 20:30:00,2026-05-20 22:08:00,
876,3,concluido,Operador Municipal,2026-05-20 21:06:00,2026-05-20 22:38:00,
876,5,pendente,Operador Municipal,,,Ação ainda não iniciada.
876,6,concluido,Operador Municipal,2026-05-20 21:22:00,2026-05-21 00:12:00,
877,1,pendente,Operador Municipal,,,Ação ainda não iniciada.
877,3,pendente,Operador Municipal,,,Ação ainda não iniciada.
877,4,pendente,Operador Municipal,,,Ação ainda não iniciada.
878,1,pendente,Operador Municipal,,,Ação ainda não iniciada.
878,3,em_execucao,Operador Municipal,2026-05-20 22:30:00,,
878,4,concluido,Operador Municipal,2026-05-20 22:25:00,2026-05-20 23:14:00,
879,1,pendente,Operador Municipal,,,Ação ainda não iniciada.
879,3,pendente,Operador Municipal,,,Ação ainda não iniciada.
879,4,em_execucao,Operador Municipal,2026-05-20 23:19:00,,
880,3,em_execucao,Operador Municipal,2026-05-21 00:07:00,,
880,5,concluido,Operador Municipal,2026-05-21 00:09:00,2026-05-21 02:31:00,
880,6,concluido,Operador Municipal,2026-05-21 00:30:00,2026-05-21 02:15:00,
881,3,concluido,Operador Municipal,2026-05-21 01:24:00,2026-05-21 03:57:00,
881,5,concluido,Operador Municipal,2026-05-21 01:28:00,2026-05-21 02:55:00,
881,6,concluido,Operador Municipal,2026-05-21 01:17:00,2026-05-21 03:59:00,
882,3,pendente,Operador Municipal,,,Ação ainda não iniciada.
882,5,concluido,Operador Municipal,2026-05-21 01:11:00,2026-05-21 03:14:00,
882,6,concluido,Operador Municipal,2026-05-21 01:05:00,2026-05-21 02:57:00,
883,1,pendente,Operador Municipal,,,Ação ainda não iniciada.
883,3,concluido,Operador Municipal,2026-05-21 01:18:00,2026-05-21 02:50:00,
883,4,pendente,Operador Municipal,,,Ação ainda não iniciada.
884,1,concluido,Operador Municipal,2026-05-21 02:21:00,2026-05-21 05:17:00,
884,3,pendente,Operador Municipal,,,Ação ainda não iniciada.
884,4,pendente,Operador Municipal,,,Ação ainda não iniciada.
885,1,concluido,Operador Municipal,2026-05-21 02:07:00,2026-05-21 03:46:00,
885,2,concluido,Operador Municipal,2026-05-21 02:08:00,2026-05-21 03:39:00,
886,1,pendente,Operador Municipal,,,Ação ainda não iniciada.
886,3,pendente,Operador Municipal,,,Ação ainda não iniciada.
886,4,pendente,Operador Municipal,,,Ação ainda não iniciada.
887,3,em_execucao,Operador Municipal,2026-05-21 02:16:00,,
887,5,pendente,Operador Municipal,,,Ação ainda não iniciada.
887,6,concluido,Operador Municipal,2026-05-21 02:07:00,2026-05-21 04:34:00,
888,5,concluido,Operador Municipal,2026-05-21 03:20:00,2026-05-21 05:29:00,
888,6,concluido,Operador Municipal,2026-05-21 03:29:00,2026-05-21 05:16:00,
888,7,pendente,Operador Municipal,,,Ação ainda não iniciada.
888,8,pendente,Operador Municipal,,,Ação ainda não iniciada.
889,1,em_execucao,Operador Municipal,2026-05-21 03:29:00,,
889,3,pendente,Operador Municipal,,,Ação ainda não iniciada.
889,4,concluido,Operador Municipal,2026-05-21 03:15:00,2026-05-21 04:42:00,
890,1,pendente,Operador Municipal,,,Ação ainda não iniciada.
890,3,pendente,Operador Municipal,,,Ação ainda não iniciada.
890,4,pendente,Operador Municipal,,,Ação ainda não iniciada.
891,5,concluido,Operador Municipal,2026-05-21 04:28:00,2026-05-21 07:21:00,
891,6,concluido,Operador Municipal,2026-05-21 04:20:00,2026-05-21 06:35:00,
891,7,em_execucao,Operador Municipal,2026-05-21 04:07:00,,
891,8,concluido,Operador Municipal,2026-05-21 04:06:00,2026-05-21 05:46:00,
892,1,em_execucao,Operador Municipal,2026-05-21 04:30:00,,
892,3,pendente,Operador Municipal,,,Ação ainda não iniciada.
892,4,concluido,Operador Municipal,2026-05-21 04:15:00,2026-05-21 06:42:00,
893,3,pendente,Operador Municipal,,,Ação ainda não iniciada.
893,5,em_execucao,Operador Municipal,2026-05-21 04:16:00,,
893,6,concluido,Operador Municipal,2026-05-21 04:09:00,2026-05-21 05:27:00,
894,5,em_execucao,Operador Municipal,2026-05-21 05:22:00,,
894,6,pendente,Operador Municipal,,,Ação ainda não iniciada.
894,7,em_execucao,Operador Municipal,2026-05-21 05:08:00,,
894,8,em_execucao,Operador Municipal,2026-05-21 05:15:00,,
895,1,em_execucao,Operador Municipal,2026-05-21 05:10:00,,
895,3,concluido,Operador Municipal,2026-05-21 05:17:00,2026-05-21 07:43:00,
895,4,em_execucao,Operador Municipal,2026-05-21 05:07:00,,
896,3,concluido,Operador Municipal,2026-05-21 06:15:00,2026-05-21 07:59:00,
896,5,em_execucao,Operador Municipal,2026-05-21 06:29:00,,
896,6,pendente,Operador Municipal,,,Ação ainda não iniciada.
897,3,em_execucao,Operador Municipal,2026-05-21 07:11:00,,
897,5,concluido,Operador Municipal,2026-05-21 07:05:00,2026-05-21 09:39:00,
897,6,concluido,Operador Municipal,2026-05-21 07:12:00,2026-05-21 09:05:00,
898,3,em_execucao,Operador Municipal,2026-05-21 08:19:00,,
898,5,concluido,Operador Municipal,2026-05-21 08:19:00,2026-05-21 10:01:00,
898,6,em_execucao,Operador Municipal,2026-05-21 08:24:00,,
899,1,em_execucao,Operador Municipal,2026-05-21 09:22:00,,
899,3,pendente,Operador Municipal,,,Ação ainda não iniciada.
899,4,em_execucao,Operador Municipal,2026-05-21 09:29:00,,
900,1,pendente,Operador Municipal,,,Ação ainda não iniciada.
900,3,pendente,Operador Municipal,,,Ação ainda não iniciada.
900,4,concluido,Operador Municipal,2026-05-21 09:22:00,2026-05-21 10:36:00,
901,5,em_execucao,Operador Municipal,2026-05-21 10:07:00,,
901,6,em_execucao,Operador Municipal,2026-05-21 10:06:00,,
901,7,pendente,Operador Municipal,,,Ação ainda não iniciada.
901,8,em_execucao,Operador Municipal,2026-05-21 10:14:00,,
902,3,em_execucao,Operador Municipal,2026-05-21 10:09:00,,
902,5,pendente,Operador Municipal,,,Ação ainda não iniciada.
902,6,em_execucao,Operador Municipal,2026-05-21 10:13:00,,
903,1,pendente,Operador Municipal,,,Ação ainda não iniciada.
903,3,em_execucao,Operador Municipal,2026-05-21 10:05:00,,
903,4,concluido,Operador Municipal,2026-05-21 10:23:00,2026-05-21 13:22:00,
904,1,pendente,Operador Municipal,,,Ação ainda não iniciada.
904,3,concluido,Operador Municipal,2026-05-21 10:27:00,2026-05-21 13:01:00,
904,4,pendente,Operador Municipal,,,Ação ainda não iniciada.
905,5,em_execucao,Operador Municipal,2026-05-21 11:22:00,,
905,6,concluido,Operador Municipal,2026-05-21 11:23:00,2026-05-21 13:39:00,
905,7,pendente,Operador Municipal,,,Ação ainda não iniciada.
905,8,em_execucao,Operador Municipal,2026-05-21 11:30:00,,
906,5,em_execucao,Operador Municipal,2026-05-21 11:28:00,,
906,6,em_execucao,Operador Municipal,2026-05-21 11:17:00,,
906,7,pendente,Operador Municipal,,,Ação ainda não iniciada.
906,8,em_execucao,Operador Municipal,2026-05-21 11:13:00,,
907,5,pendente,Operador Municipal,,,Ação ainda não iniciada.
907,6,concluido,Operador Municipal,2026-05-21 12:26:00,2026-05-21 14:20:00,
907,7,em_execucao,Operador Municipal,2026-05-21 12:15:00,,
907,8,concluido,Operador Municipal,2026-05-21 12:24:00,2026-05-21 13:26:00,
908,3,concluido,Operador Municipal,2026-05-21 12:14:00,2026-05-21 14:05:00,
908,5,concluido,Operador Municipal,2026-05-21 12:07:00,2026-05-21 14:23:00,
908,6,em_execucao,Operador Municipal,2026-05-21 12:22:00,,
909,3,concluido,Operador Municipal,2026-05-21 12:11:00,2026-05-21 14:43:00,
909,5,em_execucao,Operador Municipal,2026-05-21 12:14:00,,
909,6,concluido,Operador Municipal,2026-05-21 12:15:00,2026-05-21 13:58:00,
910,5,pendente,Operador Municipal,,,Ação ainda não iniciada.
910,6,pendente,Operador Municipal,,,Ação ainda não iniciada.
910,7,concluido,Operador Municipal,2026-05-21 13:15:00,2026-05-21 14:03:00,
910,8,em_execucao,Operador Municipal,2026-05-21 13:19:00,,
911,1,concluido,Operador Municipal,2026-05-21 13:24:00,2026-05-21 14:38:00,
911,3,em_execucao,Operador Municipal,2026-05-21 13:09:00,,
911,4,pendente,Operador Municipal,,,Ação ainda não iniciada.
912,3,em_execucao,Operador Municipal,2026-05-21 13:12:00,,
912,5,em_execucao,Operador Municipal,2026-05-21 13:11:00,,
912,6,em_execucao,Operador Municipal,2026-05-21 13:15:00,,
913,5,pendente,Operador Municipal,,,Ação ainda não iniciada.
913,6,concluido,Operador Municipal,2026-05-21 14:20:00,2026-05-21 17:06:00,
913,7,concluido,Operador Municipal,2026-05-21 14:13:00,2026-05-21 15:46:00,
913,8,concluido,Operador Municipal,2026-05-21 14:27:00,2026-05-21 15:55:00,
914,1,pendente,Operador Municipal,,,Ação ainda não iniciada.
914,3,pendente,Operador Municipal,,,Ação ainda não iniciada.
914,4,em_execucao,Operador Municipal,2026-05-21 14:10:00,,
915,3,em_execucao,Operador Municipal,2026-05-21 14:12:00,,
915,5,em_execucao,Operador Municipal,2026-05-21 14:14:00,,
915,6,em_execucao,Operador Municipal,2026-05-21 14:14:00,,
916,5,pendente,Operador Municipal,,,Ação ainda não iniciada.
916,6,em_execucao,Operador Municipal,2026-05-21 15:27:00,,
916,7,em_execucao,Operador Municipal,2026-05-21 15:05:00,,
916,8,em_execucao,Operador Municipal,2026-05-21 15:30:00,,
917,3,em_execucao,Operador Municipal,2026-05-21 15:24:00,,
917,5,pendente,Operador Municipal,,,Ação ainda não iniciada.
917,6,concluido,Operador Municipal,2026-05-21 15:17:00,2026-05-21 18:01:00,
918,3,concluido,Operador Municipal,2026-05-21 15:25:00,2026-05-21 17:50:00,
918,5,em_execucao,Operador Municipal,2026-05-21 15:14:00,,
918,6,em_execucao,Operador Municipal,2026-05-21 15:05:00,,
919,1,pendente,Operador Municipal,,,Ação ainda não iniciada.
919,3,pendente,Operador Municipal,,,Ação ainda não iniciada.
919,4,em_execucao,Operador Municipal,2026-05-21 16:28:00,,
920,1,pendente,Operador Municipal,,,Ação ainda não iniciada.
920,3,pendente,Operador Municipal,,,Ação ainda não iniciada.
920,4,concluido,Operador Municipal,2026-05-21 16:11:00,2026-05-21 18:41:00,
921,3,concluido,Operador Municipal,2026-05-21 16:25:00,2026-05-21 18:13:00,
921,5,em_execucao,Operador Municipal,2026-05-21 16:11:00,,
921,6,concluido,Operador Municipal,2026-05-21 16:24:00,2026-05-21 18:12:00,
922,1,em_execucao,Operador Municipal,2026-05-21 17:24:00,,
922,3,em_execucao,Operador Municipal,2026-05-21 17:06:00,,
922,4,pendente,Operador Municipal,,,Ação ainda não iniciada.
923,1,pendente,Operador Municipal,,,Ação ainda não iniciada.
923,3,pendente,Operador Municipal,,,Ação ainda não iniciada.
923,4,pendente,Operador Municipal,,,Ação ainda não iniciada.
924,3,concluido,Operador Municipal,2026-05-21 18:19:00,2026-05-21 19:50:00,
924,5,pendente,Operador Municipal,,,Ação ainda não iniciada.
924,6,concluido,Operador Municipal,2026-05-21 18:20:00,2026-05-21 20:35:00,
925,3,em_execucao,Operador Municipal,2026-05-21 18:17:00,,
925,5,concluido,Operador Municipal,2026-05-21 18:15:00,2026-05-21 20:51:00,
925,6,pendente,Operador Municipal,,,Ação ainda não iniciada.
926,1,concluido,Operador Municipal,2026-05-21 19:27:00,2026-05-21 22:21:00,
926,3,pendente,Operador Municipal,,,Ação ainda não iniciada.
926,4,concluido,Operador Municipal,2026-05-21 19:28:00,2026-05-21 22:27:00,
927,3,concluido,Operador Municipal,2026-05-21 19:23:00,2026-05-21 21:32:00,
927,5,concluido,Operador Municipal,2026-05-21 19:08:00,2026-05-21 19:43:00,
927,6,concluido,Operador Municipal,2026-05-21 19:16:00,2026-05-21 21:48:00,
928,1,pendente,Operador Municipal,,,Ação ainda não iniciada.
928,2,pendente,Operador Municipal,,,Ação ainda não iniciada.
929,1,pendente,Operador Municipal,,,Ação ainda não iniciada.
929,3,pendente,Operador Municipal,,,Ação ainda não iniciada.
929,4,em_execucao,Operador Municipal,2026-05-21 20:26:00,,
930,3,pendente,Operador Municipal,,,Ação ainda não iniciada.
930,5,concluido,Operador Municipal,2026-05-21 20:20:00,2026-05-21 22:57:00,
930,6,concluido,Operador Municipal,2026-05-21 20:16:00,2026-05-21 21:32:00,
931,1,pendente,Operador Municipal,,,Ação ainda não iniciada.
931,2,em_execucao,Operador Municipal,2026-05-21 20:30:00,,
932,3,pendente,Operador Municipal,,,Ação ainda não iniciada.
932,5,concluido,Operador Municipal,2026-05-21 21:07:00,2026-05-21 23:58:00,
932,6,concluido,Operador Municipal,2026-05-21 21:16:00,2026-05-21 23:15:00,
933,1,concluido,Operador Municipal,2026-05-21 21:23:00,2026-05-22 00:09:00,
933,3,pendente,Operador Municipal,,,Ação ainda não iniciada.
933,4,concluido,Operador Municipal,2026-05-21 21:25:00,2026-05-21 23:00:00,
934,1,concluido,Operador Municipal,2026-05-21 21:18:00,2026-05-21 23:22:00,
934,3,concluido,Operador Municipal,2026-05-21 21:28:00,2026-05-21 22:39:00,
934,4,pendente,Operador Municipal,,,Ação ainda não iniciada.
935,3,em_execucao,Operador Municipal,2026-05-21 22:14:00,,
935,5,em_execucao,Operador Municipal,2026-05-21 22:05:00,,
935,6,em_execucao,Operador Municipal,2026-05-21 22:05:00,,
936,3,em_execucao,Operador Municipal,2026-05-21 23:15:00,,
936,5,concluido,Operador Municipal,2026-05-21 23:09:00,2026-05-22 01:47:00,
936,6,em_execucao,Operador Municipal,2026-05-21 23:28:00,,
937,3,concluido,Operador Municipal,2026-05-21 23:25:00,2026-05-22 00:23:00,
937,5,em_execucao,Operador Municipal,2026-05-21 23:09:00,,
937,6,em_execucao,Operador Municipal,2026-05-21 23:13:00,,
938,3,em_execucao,Operador Municipal,2026-05-21 23:17:00,,
938,5,em_execucao,Operador Municipal,2026-05-21 23:19:00,,
938,6,em_execucao,Operador Municipal,2026-05-21 23:13:00,,
939,3,em_execucao,Operador Municipal,2026-05-22 00:17:00,,
939,5,em_execucao,Operador Municipal,2026-05-22 00:29:00,,
939,6,concluido,Operador Municipal,2026-05-22 00:20:00,2026-05-22 02:20:00,
940,3,concluido,Operador Municipal,2026-05-22 00:26:00,2026-05-22 03:03:00,
940,5,concluido,Operador Municipal,2026-05-22 00:25:00,2026-05-22 01:11:00,
940,6,em_execucao,Operador Municipal,2026-05-22 00:13:00,,
941,1,em_execucao,Operador Municipal,2026-05-22 00:26:00,,
941,3,em_execucao,Operador Municipal,2026-05-22 00:14:00,,
941,4,pendente,Operador Municipal,,,Ação ainda não iniciada.
942,3,em_execucao,Operador Municipal,2026-05-22 01:19:00,,
942,5,concluido,Operador Municipal,2026-05-22 01:11:00,2026-05-22 02:16:00,
942,6,em_execucao,Operador Municipal,2026-05-22 01:07:00,,
943,3,em_execucao,Operador Municipal,2026-05-22 01:20:00,,
943,5,em_execucao,Operador Municipal,2026-05-22 01:17:00,,
943,6,em_execucao,Operador Municipal,2026-05-22 01:28:00,,
944,3,concluido,Operador Municipal,2026-05-22 02:25:00,2026-05-22 04:47:00,
944,5,pendente,Operador Municipal,,,Ação ainda não iniciada.
944,6,concluido,Operador Municipal,2026-05-22 02:12:00,2026-05-22 03:16:00,
945,3,em_execucao,Operador Municipal,2026-05-22 02:18:00,,
945,5,concluido,Operador Municipal,2026-05-22 02:07:00,2026-05-22 04:48:00,
945,6,em_execucao,Operador Municipal,2026-05-22 02:30:00,,
946,1,concluido,Operador Municipal,2026-05-22 03:07:00,2026-05-22 05:50:00,
946,3,pendente,Operador Municipal,,,Ação ainda não iniciada.
946,4,em_execucao,Operador Municipal,2026-05-22 03:05:00,,
947,3,concluido,Operador Municipal,2026-05-22 03:19:00,2026-05-22 03:49:00,
947,5,concluido,Operador Municipal,2026-05-22 03:29:00,2026-05-22 05:39:00,
947,6,pendente,Operador Municipal,,,Ação ainda não iniciada.
948,1,concluido,Operador Municipal,2026-05-22 04:18:00,2026-05-22 06:27:00,
948,3,pendente,Operador Municipal,,,Ação ainda não iniciada.
948,4,concluido,Operador Municipal,2026-05-22 04:16:00,2026-05-22 06:57:00,
949,3,pendente,Operador Municipal,,,Ação ainda não iniciada.
949,5,pendente,Operador Municipal,,,Ação ainda não iniciada.
949,6,pendente,Operador Municipal,,,Ação ainda não iniciada.
950,3,concluido,Operador Municipal,2026-05-22 04:14:00,2026-05-22 05:35:00,
950,5,pendente,Operador Municipal,,,Ação ainda não iniciada.
950,6,concluido,Operador Municipal,2026-05-22 04:22:00,2026-05-22 06:21:00,
951,1,pendente,Operador Municipal,,,Ação ainda não iniciada.
951,3,pendente,Operador Municipal,,,Ação ainda não iniciada.
951,4,em_execucao,Operador Municipal,2026-05-22 04:26:00,,
952,5,pendente,Operador Municipal,,,Ação ainda não iniciada.
952,6,em_execucao,Operador Municipal,2026-05-22 05:12:00,,
952,7,pendente,Operador Municipal,,,Ação ainda não iniciada.
952,8,em_execucao,Operador Municipal,2026-05-22 05:09:00,,
953,3,concluido,Operador Municipal,2026-05-22 05:09:00,2026-05-22 05:50:00,
953,5,concluido,Operador Municipal,2026-05-22 05:23:00,2026-05-22 06:36:00,
953,6,em_execucao,Operador Municipal,2026-05-22 05:22:00,,
954,5,em_execucao,Operador Municipal,2026-05-22 05:21:00,,
954,6,em_execucao,Operador Municipal,2026-05-22 05:30:00,,
954,7,em_execucao,Operador Municipal,2026-05-22 05:17:00,,
954,8,em_execucao,Operador Municipal,2026-05-22 05:18:00,,
955,5,em_execucao,Operador Municipal,2026-05-22 06:09:00,,
955,6,em_execucao,Operador Municipal,2026-05-22 06:10:00,,
955,7,concluido,Operador Municipal,2026-05-22 06:11:00,2026-05-22 08:27:00,
955,8,em_execucao,Operador Municipal,2026-05-22 06:24:00,,
956,3,concluido,Operador Municipal,2026-05-22 06:18:00,2026-05-22 07:25:00,
956,5,em_execucao,Operador Municipal,2026-05-22 06:21:00,,
956,6,concluido,Operador Municipal,2026-05-22 06:19:00,2026-05-22 07:29:00,
957,5,concluido,Operador Municipal,2026-05-22 06:19:00,2026-05-22 08:33:00,
957,6,em_execucao,Operador Municipal,2026-05-22 06:27:00,,
957,7,pendente,Operador Municipal,,,Ação ainda não iniciada.
957,8,concluido,Operador Municipal,2026-05-22 06:26:00,2026-05-22 07:59:00,
958,5,pendente,Operador Municipal,,,Ação ainda não iniciada.
958,6,em_execucao,Operador Municipal,2026-05-22 07:13:00,,
958,7,em_execucao,Operador Municipal,2026-05-22 07:05:00,,
958,8,em_execucao,Operador Municipal,2026-05-22 07:15:00,,
959,3,em_execucao,Operador Municipal,2026-05-22 07:21:00,,
959,5,concluido,Operador Municipal,2026-05-22 07:21:00,2026-05-22 08:05:00,
959,6,em_execucao,Operador Municipal,2026-05-22 07:21:00,,
960,5,em_execucao,Operador Municipal,2026-05-22 07:12:00,,
960,6,concluido,Operador Municipal,2026-05-22 07:08:00,2026-05-22 08:52:00,
960,7,em_execucao,Operador Municipal,2026-05-22 07:05:00,,
960,8,em_execucao,Operador Municipal,2026-05-22 07:17:00,,
961,5,concluido,Operador Municipal,2026-05-22 08:22:00,2026-05-22 11:22:00,
961,6,em_execucao,Operador Municipal,2026-05-22 08:18:00,,
961,7,concluido,Operador Municipal,2026-05-22 08:24:00,2026-05-22 09:11:00,
961,8,em_execucao,Operador Municipal,2026-05-22 08:25:00,,
962,3,em_execucao,Operador Municipal,2026-05-22 08:12:00,,
962,5,concluido,Operador Municipal,2026-05-22 08:13:00,2026-05-22 09:28:00,
962,6,concluido,Operador Municipal,2026-05-22 08:13:00,2026-05-22 09:17:00,
963,1,pendente,Operador Municipal,,,Ação ainda não iniciada.
963,3,em_execucao,Operador Municipal,2026-05-22 08:28:00,,
963,4,pendente,Operador Municipal,,,Ação ainda não iniciada.
964,5,concluido,Operador Municipal,2026-05-22 09:14:00,2026-05-22 10:30:00,
964,6,em_execucao,Operador Municipal,2026-05-22 09:23:00,,
964,7,em_execucao,Operador Municipal,2026-05-22 09:19:00,,
964,8,concluido,Operador Municipal,2026-05-22 09:10:00,2026-05-22 09:41:00,
965,3,pendente,Operador Municipal,,,Ação ainda não iniciada.
965,5,pendente,Operador Municipal,,,Ação ainda não iniciada.
965,6,em_execucao,Operador Municipal,2026-05-22 09:21:00,,
966,3,em_execucao,Operador Municipal,2026-05-22 09:09:00,,
966,5,pendente,Operador Municipal,,,Ação ainda não iniciada.
966,6,em_execucao,Operador Municipal,2026-05-22 09:30:00,,
967,5,em_execucao,Operador Municipal,2026-05-22 10:15:00,,
967,6,em_execucao,Operador Municipal,2026-05-22 10:11:00,,
967,7,pendente,Operador Municipal,,,Ação ainda não iniciada.
967,8,em_execucao,Operador Municipal,2026-05-22 10:11:00,,
968,1,pendente,Operador Municipal,,,Ação ainda não iniciada.
968,3,concluido,Operador Municipal,2026-05-22 10:11:00,2026-05-22 11:28:00,
968,4,pendente,Operador Municipal,,,Ação ainda não iniciada.
969,3,concluido,Operador Municipal,2026-05-22 10:11:00,2026-05-22 12:48:00,
969,5,concluido,Operador Municipal,2026-05-22 10:25:00,2026-05-22 12:07:00,
969,6,em_execucao,Operador Municipal,2026-05-22 10:14:00,,
970,1,pendente,Operador Municipal,,,Ação ainda não iniciada.
970,3,pendente,Operador Municipal,,,Ação ainda não iniciada.
970,4,concluido,Operador Municipal,2026-05-22 11:07:00,2026-05-22 12:30:00,
971,1,pendente,Operador Municipal,,,Ação ainda não iniciada.
971,3,pendente,Operador Municipal,,,Ação ainda não iniciada.
971,4,pendente,Operador Municipal,,,Ação ainda não iniciada.
972,1,pendente,Operador Municipal,,,Ação ainda não iniciada.
972,3,concluido,Operador Municipal,2026-05-22 11:11:00,2026-05-22 13:36:00,
972,4,pendente,Operador Municipal,,,Ação ainda não iniciada.
973,3,em_execucao,Operador Municipal,2026-05-22 12:18:00,,
973,5,concluido,Operador Municipal,2026-05-22 12:06:00,2026-05-22 14:45:00,
973,6,concluido,Operador Municipal,2026-05-22 12:13:00,2026-05-22 12:58:00,
974,3,pendente,Operador Municipal,,,Ação ainda não iniciada.
974,5,concluido,Operador Municipal,2026-05-22 12:07:00,2026-05-22 14:22:00,
974,6,em_execucao,Operador Municipal,2026-05-22 12:08:00,,
975,3,pendente,Operador Municipal,,,Ação ainda não iniciada.
975,5,concluido,Operador Municipal,2026-05-22 13:29:00,2026-05-22 16:11:00,
975,6,em_execucao,Operador Municipal,2026-05-22 13:08:00,,
976,5,pendente,Operador Municipal,,,Ação ainda não iniciada.
976,6,concluido,Operador Municipal,2026-05-22 13:23:00,2026-05-22 14:25:00,
976,7,em_execucao,Operador Municipal,2026-05-22 13:28:00,,
976,8,concluido,Operador Municipal,2026-05-22 13:10:00,2026-05-22 15:51:00,
977,3,concluido,Operador Municipal,2026-05-22 13:27:00,2026-05-22 15:34:00,
977,5,concluido,Operador Municipal,2026-05-22 13:18:00,2026-05-22 14:37:00,
977,6,pendente,Operador Municipal,,,Ação ainda não iniciada.
978,1,em_execucao,Operador Municipal,2026-05-22 13:05:00,,
978,2,em_execucao,Operador Municipal,2026-05-22 13:08:00,,
979,3,concluido,Operador Municipal,2026-05-22 14:20:00,2026-05-22 16:29:00,
979,5,em_execucao,Operador Municipal,2026-05-22 14:11:00,,
979,6,em_execucao,Operador Municipal,2026-05-22 14:30:00,,
980,5,concluido,Operador Municipal,2026-05-22 14:23:00,2026-05-22 15:16:00,
980,6,em_execucao,Operador Municipal,2026-05-22 14:28:00,,
980,7,em_execucao,Operador Municipal,2026-05-22 14:24:00,,
980,8,em_execucao,Operador Municipal,2026-05-22 14:21:00,,
981,3,pendente,Operador Municipal,,,Ação ainda não iniciada.
981,5,em_execucao,Operador Municipal,2026-05-22 14:13:00,,
981,6,concluido,Operador Municipal,2026-05-22 14:14:00,2026-05-22 17:08:00,
982,3,concluido,Operador Municipal,2026-05-22 15:24:00,2026-05-22 16:03:00,
982,5,em_execucao,Operador Municipal,2026-05-22 15:22:00,,
982,6,em_execucao,Operador Municipal,2026-05-22 15:15:00,,
983,5,em_execucao,Operador Municipal,2026-05-22 15:13:00,,
983,6,em_execucao,Operador Municipal,2026-05-22 15:14:00,,
983,7,em_execucao,Operador Municipal,2026-05-22 15:20:00,,
983,8,em_execucao,Operador Municipal,2026-05-22 15:11:00,,
984,1,pendente,Operador Municipal,,,Ação ainda não iniciada.
984,3,concluido,Operador Municipal,2026-05-22 15:15:00,2026-05-22 16:26:00,
984,4,concluido,Operador Municipal,2026-05-22 15:30:00,2026-05-22 17:56:00,
985,1,pendente,Operador Municipal,,,Ação ainda não iniciada.
985,2,pendente,Operador Municipal,,,Ação ainda não iniciada.
986,3,em_execucao,Operador Municipal,2026-05-22 16:13:00,,
986,5,concluido,Operador Municipal,2026-05-22 16:13:00,2026-05-22 19:03:00,
986,6,em_execucao,Operador Municipal,2026-05-22 16:08:00,,
987,5,concluido,Operador Municipal,2026-05-22 16:30:00,2026-05-22 17:44:00,
987,6,concluido,Operador Municipal,2026-05-22 16:24:00,2026-05-22 18:43:00,
987,7,em_execucao,Operador Municipal,2026-05-22 16:30:00,,
987,8,pendente,Operador Municipal,,,Ação ainda não iniciada.
988,1,em_execucao,Operador Municipal,2026-05-22 16:18:00,,
988,3,em_execucao,Operador Municipal,2026-05-22 16:26:00,,
988,4,pendente,Operador Municipal,,,Ação ainda não iniciada.
989,1,em_execucao,Operador Municipal,2026-05-22 16:20:00,,
989,3,concluido,Operador Municipal,2026-05-22 16:08:00,2026-05-22 16:42:00,
989,4,pendente,Operador Municipal,,,Ação ainda não iniciada.
990,5,concluido,Operador Municipal,2026-05-22 17:16:00,2026-05-22 18:23:00,
990,6,concluido,Operador Municipal,2026-05-22 17:10:00,2026-05-22 19:41:00,
990,7,em_execucao,Operador Municipal,2026-05-22 17:17:00,,
990,8,em_execucao,Operador Municipal,2026-05-22 17:23:00,,
991,5,concluido,Operador Municipal,2026-05-22 17:08:00,2026-05-22 18:33:00,
991,6,concluido,Operador Municipal,2026-05-22 17:26:00,2026-05-22 19:06:00,
991,7,pendente,Operador Municipal,,,Ação ainda não iniciada.
991,8,concluido,Operador Municipal,2026-05-22 17:06:00,2026-05-22 19:45:00,
992,3,concluido,Operador Municipal,2026-05-22 17:19:00,2026-05-22 20:18:00,
992,5,em_execucao,Operador Municipal,2026-05-22 17:09:00,,
992,6,em_execucao,Operador Municipal,2026-05-22 17:21:00,,
993,3,em_execucao,Operador Municipal,2026-05-22 17:10:00,,
993,5,em_execucao,Operador Municipal,2026-05-22 17:08:00,,
993,6,concluido,Operador Municipal,2026-05-22 17:22:00,2026-05-22 17:59:00,
994,5,concluido,Operador Municipal,2026-05-22 18:15:00,2026-05-22 21:15:00,
994,6,em_execucao,Operador Municipal,2026-05-22 18:24:00,,
994,7,concluido,Operador Municipal,2026-05-22 18:10:00,2026-05-22 20:07:00,
994,8,em_execucao,Operador Municipal,2026-05-22 18:05:00,,
995,5,em_execucao,Operador Municipal,2026-05-22 18:18:00,,
995,6,concluido,Operador Municipal,2026-05-22 18:10:00,2026-05-22 20:47:00,
995,7,concluido,Operador Municipal,2026-05-22 18:09:00,2026-05-22 20:56:00,
995,8,em_execucao,Operador Municipal,2026-05-22 18:18:00,,
996,3,pendente,Operador Municipal,,,Ação ainda não iniciada.
996,5,concluido,Operador Municipal,2026-05-22 18:27:00,2026-05-22 20:20:00,
996,6,em_execucao,Operador Municipal,2026-05-22 18:21:00,,
997,3,em_execucao,Operador Municipal,2026-05-22 18:08:00,,
997,5,em_execucao,Operador Municipal,2026-05-22 18:27:00,,
997,6,concluido,Operador Municipal,2026-05-22 18:18:00,2026-05-22 19:04:00,
998,5,concluido,Operador Municipal,2026-05-22 19:23:00,2026-05-22 21:15:00,
998,6,pendente,Operador Municipal,,,Ação ainda não iniciada.
998,7,em_execucao,Operador Municipal,2026-05-22 19:08:00,,
998,8,em_execucao,Operador Municipal,2026-05-22 19:06:00,,
999,5,em_execucao,Operador Municipal,2026-05-22 19:20:00,,
999,6,concluido,Operador Municipal,2026-05-22 19:06:00,2026-05-22 21:01:00,
999,7,em_execucao,Operador Municipal,2026-05-22 19:18:00,,
999,8,concluido,Operador Municipal,2026-05-22 19:07:00,2026-05-22 22:04:00,
1000,1,concluido,Operador Municipal,2026-05-22 19:19:00,2026-05-22 21:43:00,
1000,3,pendente,Operador Municipal,,,Ação ainda não iniciada.
1000,4,em_execucao,Operador Municipal,2026-05-22 19:18:00,,
1001,3,concluido,Operador Municipal,2026-05-22 20:25:00,2026-05-22 23:18:00,
1001,5,em_execucao,Operador Municipal,2026-05-22 20:17:00,,
1001,6,em_execucao,Operador Municipal,2026-05-22 20:15:00,,
1002,1,concluido,Operador Municipal,2026-05-22 20:18:00,2026-05-22 21:46:00,
1002,3,pendente,Operador Municipal,,,Ação ainda não iniciada.
1002,4,em_execucao,Operador Municipal,2026-05-22 20:13:00,,
1003,1,pendente,Operador Municipal,,,Ação ainda não iniciada.
1003,3,em_execucao,Operador Municipal,2026-05-22 20:22:00,,
1003,4,em_execucao,Operador Municipal,2026-05-22 20:14:00,,
1004,3,concluido,Operador Municipal,2026-05-22 21:14:00,2026-05-22 21:59:00,
1004,5,em_execucao,Operador Municipal,2026-05-22 21:23:00,,
1004,6,concluido,Operador Municipal,2026-05-22 21:09:00,2026-05-23 00:08:00,
1005,3,concluido,Operador Municipal,2026-05-22 21:23:00,2026-05-22 22:30:00,
1005,5,em_execucao,Operador Municipal,2026-05-22 21:09:00,,
1005,6,pendente,Operador Municipal,,,Ação ainda não iniciada.
1006,1,concluido,Operador Municipal,2026-05-22 21:16:00,2026-05-22 22:38:00,
1006,3,concluido,Operador Municipal,2026-05-22 21:17:00,2026-05-22 22:03:00,
1006,4,concluido,Operador Municipal,2026-05-22 21:15:00,2026-05-22 23:44:00,
1007,5,em_execucao,Operador Municipal,2026-05-22 22:11:00,,
1007,6,concluido,Operador Municipal,2026-05-22 22:20:00,2026-05-22 22:53:00,
1007,7,concluido,Operador Municipal,2026-05-22 22:29:00,2026-05-22 23:17:00,
1007,8,em_execucao,Operador Municipal,2026-05-22 22:12:00,,
1008,5,em_execucao,Operador Municipal,2026-05-22 22:16:00,,
1008,6,em_execucao,Operador Municipal,2026-05-22 22:15:00,,
1008,7,concluido,Operador Municipal,2026-05-22 22:26:00,2026-05-23 00:28:00,
1008,8,em_execucao,Operador Municipal,2026-05-22 22:07:00,,
1009,1,em_execucao,Operador Municipal,2026-05-22 22:27:00,,
1009,3,em_execucao,Operador Municipal,2026-05-22 22:26:00,,
1009,4,concluido,Operador Municipal,2026-05-22 22:20:00,2026-05-23 00:06:00,
1010,3,concluido,Operador Municipal,2026-05-22 22:13:00,2026-05-22 23:21:00,
1010,5,em_execucao,Operador Municipal,2026-05-22 22:08:00,,
1010,6,concluido,Operador Municipal,2026-05-22 22:26:00,2026-05-22 23:30:00,
1011,1,concluido,Operador Municipal,2026-05-22 23:11:00,2026-05-23 00:16:00,
1011,3,concluido,Operador Municipal,2026-05-22 23:30:00,2026-05-23 01:07:00,
1011,4,pendente,Operador Municipal,,,Ação ainda não iniciada.
1012,5,em_execucao,Operador Municipal,2026-05-22 23:11:00,,
1012,6,concluido,Operador Municipal,2026-05-22 23:28:00,2026-05-23 01:45:00,
1012,7,concluido,Operador Municipal,2026-05-22 23:10:00,2026-05-23 01:43:00,
1012,8,em_execucao,Operador Municipal,2026-05-22 23:15:00,,
1013,1,concluido,Operador Municipal,2026-05-22 23:06:00,2026-05-23 00:10:00,
1013,3,em_execucao,Operador Municipal,2026-05-22 23:09:00,,
1013,4,em_execucao,Operador Municipal,2026-05-22 23:28:00,,
1014,5,em_execucao,Operador Municipal,2026-05-23 00:10:00,,
1014,6,concluido,Operador Municipal,2026-05-23 00:13:00,2026-05-23 01:14:00,
1014,7,em_execucao,Operador Municipal,2026-05-23 00:15:00,,
1014,8,concluido,Operador Municipal,2026-05-23 00:19:00,2026-05-23 02:38:00,
1015,1,pendente,Operador Municipal,,,Ação ainda não iniciada.
1015,3,pendente,Operador Municipal,,,Ação ainda não iniciada.
1015,4,em_execucao,Operador Municipal,2026-05-23 00:11:00,,
1016,1,pendente,Operador Municipal,,,Ação ainda não iniciada.
1016,2,concluido,Operador Municipal,2026-05-23 00:26:00,2026-05-23 02:18:00,
1017,5,concluido,Operador Municipal,2026-05-23 01:22:00,2026-05-23 03:23:00,
1017,6,em_execucao,Operador Municipal,2026-05-23 01:14:00,,
1017,7,em_execucao,Operador Municipal,2026-05-23 01:11:00,,
1017,8,concluido,Operador Municipal,2026-05-23 01:20:00,2026-05-23 02:08:00,
1018,5,em_execucao,Operador Municipal,2026-05-23 01:11:00,,
1018,6,concluido,Operador Municipal,2026-05-23 01:17:00,2026-05-23 02:40:00,
1018,7,pendente,Operador Municipal,,,Ação ainda não iniciada.
1018,8,em_execucao,Operador Municipal,2026-05-23 01:24:00,,
1019,5,em_execucao,Operador Municipal,2026-05-23 02:12:00,,
1019,6,pendente,Operador Municipal,,,Ação ainda não iniciada.
1019,7,em_execucao,Operador Municipal,2026-05-23 02:24:00,,
1019,8,concluido,Operador Municipal,2026-05-23 02:18:00,2026-05-23 04:11:00,
1020,5,pendente,Operador Municipal,,,Ação ainda não iniciada.
1020,6,em_execucao,Operador Municipal,2026-05-23 02:26:00,,
1020,7,em_execucao,Operador Municipal,2026-05-23 02:18:00,,
1020,8,concluido,Operador Municipal,2026-05-23 02:06:00,2026-05-23 04:08:00,
1021,1,em_execucao,Operador Municipal,2026-05-23 02:07:00,,
1021,3,concluido,Operador Municipal,2026-05-23 02:19:00,2026-05-23 04:11:00,
1021,4,pendente,Operador Municipal,,,Ação ainda não iniciada.
1022,1,concluido,Operador Municipal,2026-05-23 02:07:00,2026-05-23 04:02:00,
1022,3,em_execucao,Operador Municipal,2026-05-23 02:10:00,,
1022,4,concluido,Operador Municipal,2026-05-23 02:17:00,2026-05-23 04:28:00,
1023,5,concluido,Operador Municipal,2026-05-23 03:27:00,2026-05-23 05:26:00,
1023,6,concluido,Operador Municipal,2026-05-23 03:18:00,2026-05-23 05:05:00,
1023,7,em_execucao,Operador Municipal,2026-05-23 03:09:00,,
1023,8,em_execucao,Operador Municipal,2026-05-23 03:18:00,,
1024,5,concluido,Operador Municipal,2026-05-23 03:15:00,2026-05-23 03:49:00,
1024,6,em_execucao,Operador Municipal,2026-05-23 03:23:00,,
1024,7,em_execucao,Operador Municipal,2026-05-23 03:16:00,,
1024,8,concluido,Operador Municipal,2026-05-23 03:24:00,2026-05-23 06:11:00,
1025,1,pendente,Operador Municipal,,,Ação ainda não iniciada.
1025,3,pendente,Operador Municipal,,,Ação ainda não iniciada.
1025,4,concluido,Operador Municipal,2026-05-23 03:26:00,2026-05-23 05:10:00,
1026,5,em_execucao,Operador Municipal,2026-05-23 04:28:00,,
1026,6,pendente,Operador Municipal,,,Ação ainda não iniciada.
1026,7,em_execucao,Operador Municipal,2026-05-23 04:10:00,,
1026,8,concluido,Operador Municipal,2026-05-23 04:14:00,2026-05-23 06:02:00,
1027,1,em_execucao,Operador Municipal,2026-05-23 04:20:00,,
1027,3,concluido,Operador Municipal,2026-05-23 04:06:00,2026-05-23 05:16:00,
1027,4,em_execucao,Operador Municipal,2026-05-23 04:08:00,,
1028,3,em_execucao,Operador Municipal,2026-05-23 04:20:00,,
1028,5,em_execucao,Operador Municipal,2026-05-23 04:06:00,,
1028,6,concluido,Operador Municipal,2026-05-23 04:07:00,2026-05-23 06:47:00,
1029,5,em_execucao,Operador Municipal,2026-05-23 05:20:00,,
1029,6,em_execucao,Operador Municipal,2026-05-23 05:21:00,,
1029,7,concluido,Operador Municipal,2026-05-23 05:17:00,2026-05-23 07:39:00,
1029,8,em_execucao,Operador Municipal,2026-05-23 05:21:00,,
1030,1,pendente,Operador Municipal,,,Ação ainda não iniciada.
1030,3,concluido,Operador Municipal,2026-05-23 05:26:00,2026-05-23 07:29:00,
1030,4,pendente,Operador Municipal,,,Ação ainda não iniciada.
1031,3,concluido,Operador Municipal,2026-05-23 05:23:00,2026-05-23 08:08:00,
1031,5,em_execucao,Operador Municipal,2026-05-23 05:14:00,,
1031,6,concluido,Operador Municipal,2026-05-23 05:19:00,2026-05-23 07:35:00,
1032,5,concluido,Operador Municipal,2026-05-23 06:16:00,2026-05-23 07:41:00,
1032,6,concluido,Operador Municipal,2026-05-23 06:23:00,2026-05-23 07:38:00,
1032,7,pendente,Operador Municipal,,,Ação ainda não iniciada.
1032,8,pendente,Operador Municipal,,,Ação ainda não iniciada.
1033,1,pendente,Operador Municipal,,,Ação ainda não iniciada.
1033,3,concluido,Operador Municipal,2026-05-23 06:23:00,2026-05-23 06:55:00,
1033,4,concluido,Operador Municipal,2026-05-23 06:12:00,2026-05-23 07:10:00,
1034,3,em_execucao,Operador Municipal,2026-05-23 06:19:00,,
1034,5,em_execucao,Operador Municipal,2026-05-23 06:22:00,,
1034,6,concluido,Operador Municipal,2026-05-23 06:10:00,2026-05-23 07:25:00,
1035,3,pendente,Operador Municipal,,,Ação ainda não iniciada.
1035,5,em_execucao,Operador Municipal,2026-05-23 07:29:00,,
1035,6,em_execucao,Operador Municipal,2026-05-23 07:14:00,,
1036,3,concluido,Operador Municipal,2026-05-23 07:16:00,2026-05-23 09:32:00,
1036,5,concluido,Operador Municipal,2026-05-23 07:29:00,2026-05-23 10:27:00,
1036,6,em_execucao,Operador Municipal,2026-05-23 07:23:00,,
1037,3,em_execucao,Operador Municipal,2026-05-23 08:09:00,,
1037,5,concluido,Operador Municipal,2026-05-23 08:12:00,2026-05-23 09:13:00,
1037,6,pendente,Operador Municipal,,,Ação ainda não iniciada.
1038,1,pendente,Operador Municipal,,,Ação ainda não iniciada.
1038,3,concluido,Operador Municipal,2026-05-23 08:20:00,2026-05-23 09:13:00,
1038,4,concluido,Operador Municipal,2026-05-23 08:27:00,2026-05-23 10:04:00,
1039,1,em_execucao,Operador Municipal,2026-05-23 08:05:00,,
1039,3,pendente,Operador Municipal,,,Ação ainda não iniciada.
1039,4,pendente,Operador Municipal,,,Ação ainda não iniciada.
1040,3,pendente,Operador Municipal,,,Ação ainda não iniciada.
1040,5,em_execucao,Operador Municipal,2026-05-23 08:17:00,,
1040,6,concluido,Operador Municipal,2026-05-23 08:24:00,2026-05-23 09:13:00,
1041,3,em_execucao,Operador Municipal,2026-05-23 09:24:00,,
1041,5,em_execucao,Operador Municipal,2026-05-23 09:09:00,,
1041,6,em_execucao,Operador Municipal,2026-05-23 09:08:00,,
1042,3,em_execucao,Operador Municipal,2026-05-23 09:18:00,,
1042,5,em_execucao,Operador Municipal,2026-05-23 09:08:00,,
1042,6,em_execucao,Operador Municipal,2026-05-23 09:20:00,,
1043,1,pendente,Operador Municipal,,,Ação ainda não iniciada.
1043,3,em_execucao,Operador Municipal,2026-05-23 10:10:00,,
1043,4,pendente,Operador Municipal,,,Ação ainda não iniciada.
1044,5,concluido,Operador Municipal,2026-05-23 10:25:00,2026-05-23 13:04:00,
1044,6,concluido,Operador Municipal,2026-05-23 10:14:00,2026-05-23 11:02:00,
1044,7,concluido,Operador Municipal,2026-05-23 10:19:00,2026-05-23 11:46:00,
1044,8,em_execucao,Operador Municipal,2026-05-23 10:10:00,,
1045,1,pendente,Operador Municipal,,,Ação ainda não iniciada.
1045,2,em_execucao,Operador Municipal,2026-05-23 11:10:00,,
1046,3,pendente,Operador Municipal,,,Ação ainda não iniciada.
1046,5,concluido,Operador Municipal,2026-05-23 11:25:00,2026-05-23 13:28:00,
1046,6,concluido,Operador Municipal,2026-05-23 11:19:00,2026-05-23 12:28:00,
1047,1,em_execucao,Operador Municipal,2026-05-23 12:25:00,,
1047,3,concluido,Operador Municipal,2026-05-23 12:28:00,2026-05-23 13:20:00,
1047,4,concluido,Operador Municipal,2026-05-23 12:07:00,2026-05-23 13:00:00,
1048,3,em_execucao,Operador Municipal,2026-05-23 12:30:00,,
1048,5,em_execucao,Operador Municipal,2026-05-23 12:28:00,,
1048,6,em_execucao,Operador Municipal,2026-05-23 12:17:00,,
1049,1,pendente,Operador Municipal,,,Ação ainda não iniciada.
1049,3,em_execucao,Operador Municipal,2026-05-23 13:17:00,,
1049,4,em_execucao,Operador Municipal,2026-05-23 13:26:00,,
1050,3,concluido,Operador Municipal,2026-05-23 13:19:00,2026-05-23 14:15:00,
1050,5,concluido,Operador Municipal,2026-05-23 13:05:00,2026-05-23 13:44:00,
1050,6,em_execucao,Operador Municipal,2026-05-23 13:14:00,,
1051,3,em_execucao,Operador Municipal,2026-05-23 13:25:00,,
1051,5,concluido,Operador Municipal,2026-05-23 13:15:00,2026-05-23 15:35:00,
1051,6,pendente,Operador Municipal,,,Ação ainda não iniciada.
1052,3,concluido,Operador Municipal,2026-05-23 14:07:00,2026-05-23 15:50:00,
1052,5,concluido,Operador Municipal,2026-05-23 14:25:00,2026-05-23 15:13:00,
1052,6,em_execucao,Operador Municipal,2026-05-23 14:13:00,,
1053,1,pendente,Operador Municipal,,,Ação ainda não iniciada.
1053,2,em_execucao,Operador Municipal,2026-05-23 14:08:00,,
1054,3,pendente,Operador Municipal,,,Ação ainda não iniciada.
1054,5,em_execucao,Operador Municipal,2026-05-23 15:09:00,,
1054,6,em_execucao,Operador Municipal,2026-05-23 15:07:00,,
1055,1,pendente,Operador Municipal,,,Ação ainda não iniciada.
1055,3,concluido,Operador Municipal,2026-05-23 16:26:00,2026-05-23 19:26:00,
1055,4,pendente,Operador Municipal,,,Ação ainda não iniciada.
1056,1,em_execucao,Operador Municipal,2026-05-23 16:30:00,,
1056,2,pendente,Operador Municipal,,,Ação ainda não iniciada.
1057,5,em_execucao,Operador Municipal,2026-05-23 16:05:00,,
1057,6,em_execucao,Operador Municipal,2026-05-23 16:17:00,,
1057,7,em_execucao,Operador Municipal,2026-05-23 16:27:00,,
1057,8,em_execucao,Operador Municipal,2026-05-23 16:17:00,,
1058,1,pendente,Operador Municipal,,,Ação ainda não iniciada.
1058,3,pendente,Operador Municipal,,,Ação ainda não iniciada.
1058,4,em_execucao,Operador Municipal,2026-05-23 17:24:00,,
1059,3,em_execucao,Operador Municipal,2026-05-23 17:25:00,,
1059,5,em_execucao,Operador Municipal,2026-05-23 17:06:00,,
1059,6,concluido,Operador Municipal,2026-05-23 17:07:00,2026-05-23 19:39:00,
1060,3,em_execucao,Operador Municipal,2026-05-23 18:14:00,,
1060,5,pendente,Operador Municipal,,,Ação ainda não iniciada.
1060,6,concluido,Operador Municipal,2026-05-23 18:28:00,2026-05-23 19:57:00,
1061,3,concluido,Operador Municipal,2026-05-23 19:09:00,2026-05-23 21:02:00,
1061,5,concluido,Operador Municipal,2026-05-23 19:13:00,2026-05-23 21:38:00,
1061,6,concluido,Operador Municipal,2026-05-23 19:16:00,2026-05-23 20:39:00,
1062,1,pendente,Operador Municipal,,,Ação ainda não iniciada.
1062,3,em_execucao,Operador Municipal,2026-05-23 19:26:00,,
1062,4,em_execucao,Operador Municipal,2026-05-23 19:30:00,,
1063,1,pendente,Operador Municipal,,,Ação ainda não iniciada.
1063,3,pendente,Operador Municipal,,,Ação ainda não iniciada.
1063,4,pendente,Operador Municipal,,,Ação ainda não iniciada.
1064,3,pendente,Operador Municipal,,,Ação ainda não iniciada.
1064,5,em_execucao,Operador Municipal,2026-05-23 19:12:00,,
1064,6,em_execucao,Operador Municipal,2026-05-23 19:16:00,,
1065,3,em_execucao,Operador Municipal,2026-05-23 20:06:00,,
1065,5,concluido,Operador Municipal,2026-05-23 20:30:00,2026-05-23 21:56:00,
1065,6,concluido,Operador Municipal,2026-05-23 20:28:00,2026-05-23 22:51:00,
1066,3,concluido,Operador Municipal,2026-05-23 20:19:00,2026-05-23 21:15:00,
1066,5,em_execucao,Operador Municipal,2026-05-23 20:20:00,,
1066,6,concluido,Operador Municipal,2026-05-23 20:27:00,2026-05-23 23:18:00,
1067,1,concluido,Operador Municipal,2026-05-23 20:12:00,2026-05-23 21:40:00,
1067,3,pendente,Operador Municipal,,,Ação ainda não iniciada.
1067,4,concluido,Operador Municipal,2026-05-23 20:14:00,2026-05-23 22:05:00,
1068,3,concluido,Operador Municipal,2026-05-23 21:09:00,2026-05-23 23:55:00,
1068,5,concluido,Operador Municipal,2026-05-23 21:06:00,2026-05-23 21:54:00,
1068,6,concluido,Operador Municipal,2026-05-23 21:14:00,2026-05-23 22:45:00,
1069,3,em_execucao,Operador Municipal,2026-05-23 21:06:00,,
1069,5,em_execucao,Operador Municipal,2026-05-23 21:06:00,,
1069,6,concluido,Operador Municipal,2026-05-23 21:28:00,2026-05-23 22:37:00,
1070,3,pendente,Operador Municipal,,,Ação ainda não iniciada.
1070,5,concluido,Operador Municipal,2026-05-23 21:22:00,2026-05-23 22:01:00,
1070,6,concluido,Operador Municipal,2026-05-23 21:30:00,2026-05-23 23:26:00,
1071,1,em_execucao,Operador Municipal,2026-05-23 22:18:00,,
1071,3,pendente,Operador Municipal,,,Ação ainda não iniciada.
1071,4,em_execucao,Operador Municipal,2026-05-23 22:28:00,,
1072,5,pendente,Operador Municipal,,,Ação ainda não iniciada.
1072,6,concluido,Operador Municipal,2026-05-23 22:26:00,2026-05-24 00:45:00,
1072,7,concluido,Operador Municipal,2026-05-23 22:29:00,2026-05-24 00:52:00,
1072,8,pendente,Operador Municipal,,,Ação ainda não iniciada.
1073,1,concluido,Operador Municipal,2026-05-23 22:28:00,2026-05-23 23:10:00,
1073,3,pendente,Operador Municipal,,,Ação ainda não iniciada.
1073,4,concluido,Operador Municipal,2026-05-23 22:27:00,2026-05-24 00:06:00,
1074,5,em_execucao,Operador Municipal,2026-05-23 23:26:00,,
1074,6,em_execucao,Operador Municipal,2026-05-23 23:26:00,,
1074,7,concluido,Operador Municipal,2026-05-23 23:18:00,2026-05-24 01:35:00,
1074,8,concluido,Operador Municipal,2026-05-23 23:12:00,2026-05-24 00:49:00,
1075,5,em_execucao,Operador Municipal,2026-05-23 23:30:00,,
1075,6,em_execucao,Operador Municipal,2026-05-23 23:12:00,,
1075,7,pendente,Operador Municipal,,,Ação ainda não iniciada.
1075,8,em_execucao,Operador Municipal,2026-05-23 23:14:00,,
1076,3,concluido,Operador Municipal,2026-05-24 00:24:00,2026-05-24 01:13:00,
1076,5,em_execucao,Operador Municipal,2026-05-24 00:15:00,,
1076,6,pendente,Operador Municipal,,,Ação ainda não iniciada.
1077,1,pendente,Operador Municipal,,,Ação ainda não iniciada.
1077,3,pendente,Operador Municipal,,,Ação ainda não iniciada.
1077,4,pendente,Operador Municipal,,,Ação ainda não iniciada.
1078,5,em_execucao,Operador Municipal,2026-05-24 00:13:00,,
1078,6,em_execucao,Operador Municipal,2026-05-24 00:18:00,,
1078,7,concluido,Operador Municipal,2026-05-24 00:30:00,2026-05-24 02:07:00,
1078,8,em_execucao,Operador Municipal,2026-05-24 00:09:00,,
1079,3,concluido,Operador Municipal,2026-05-24 01:22:00,2026-05-24 04:21:00,
1079,5,concluido,Operador Municipal,2026-05-24 01:05:00,2026-05-24 02:25:00,
1079,6,concluido,Operador Municipal,2026-05-24 01:07:00,2026-05-24 02:28:00,
1080,3,concluido,Operador Municipal,2026-05-24 01:25:00,2026-05-24 03:07:00,
1080,5,em_execucao,Operador Municipal,2026-05-24 01:25:00,,
1080,6,em_execucao,Operador Municipal,2026-05-24 01:27:00,,
1081,5,em_execucao,Operador Municipal,2026-05-24 02:17:00,,
1081,6,concluido,Operador Municipal,2026-05-24 02:05:00,2026-05-24 04:31:00,
1081,7,concluido,Operador Municipal,2026-05-24 02:23:00,2026-05-24 03:28:00,
1081,8,em_execucao,Operador Municipal,2026-05-24 02:20:00,,
1082,1,pendente,Operador Municipal,,,Ação ainda não iniciada.
1082,2,pendente,Operador Municipal,,,Ação ainda não iniciada.
1083,5,em_execucao,Operador Municipal,2026-05-24 02:22:00,,
1083,6,concluido,Operador Municipal,2026-05-24 02:16:00,2026-05-24 04:10:00,
1083,7,concluido,Operador Municipal,2026-05-24 02:27:00,2026-05-24 04:31:00,
1083,8,concluido,Operador Municipal,2026-05-24 02:15:00,2026-05-24 04:26:00,
1084,5,concluido,Operador Municipal,2026-05-24 03:24:00,2026-05-24 04:25:00,
1084,6,em_execucao,Operador Municipal,2026-05-24 03:12:00,,
1084,7,pendente,Operador Municipal,,,Ação ainda não iniciada.
1084,8,em_execucao,Operador Municipal,2026-05-24 03:09:00,,
1085,5,pendente,Operador Municipal,,,Ação ainda não iniciada.
1085,6,em_execucao,Operador Municipal,2026-05-24 03:14:00,,
1085,7,concluido,Operador Municipal,2026-05-24 03:09:00,2026-05-24 04:50:00,
1085,8,em_execucao,Operador Municipal,2026-05-24 03:21:00,,
1086,5,concluido,Operador Municipal,2026-05-24 04:09:00,2026-05-24 06:03:00,
1086,6,em_execucao,Operador Municipal,2026-05-24 04:08:00,,
1086,7,concluido,Operador Municipal,2026-05-24 04:28:00,2026-05-24 06:02:00,
1086,8,concluido,Operador Municipal,2026-05-24 04:26:00,2026-05-24 07:22:00,
1087,5,concluido,Operador Municipal,2026-05-24 04:22:00,2026-05-24 06:58:00,
1087,6,em_execucao,Operador Municipal,2026-05-24 04:25:00,,
1087,7,em_execucao,Operador Municipal,2026-05-24 04:22:00,,
1087,8,pendente,Operador Municipal,,,Ação ainda não iniciada.
1088,5,concluido,Operador Municipal,2026-05-24 05:06:00,2026-05-24 06:25:00,
1088,6,em_execucao,Operador Municipal,2026-05-24 05:21:00,,
1088,7,em_execucao,Operador Municipal,2026-05-24 05:27:00,,
1088,8,em_execucao,Operador Municipal,2026-05-24 05:05:00,,
1089,5,concluido,Operador Municipal,2026-05-24 05:14:00,2026-05-24 08:08:00,
1089,6,em_execucao,Operador Municipal,2026-05-24 05:05:00,,
1089,7,concluido,Operador Municipal,2026-05-24 05:21:00,2026-05-24 05:55:00,
1089,8,concluido,Operador Municipal,2026-05-24 05:29:00,2026-05-24 07:46:00,
1090,3,em_execucao,Operador Municipal,2026-05-24 05:29:00,,
1090,5,pendente,Operador Municipal,,,Ação ainda não iniciada.
1090,6,pendente,Operador Municipal,,,Ação ainda não iniciada.
1091,5,em_execucao,Operador Municipal,2026-05-24 06:06:00,,
1091,6,concluido,Operador Municipal,2026-05-24 06:06:00,2026-05-24 08:13:00,
1091,7,concluido,Operador Municipal,2026-05-24 06:18:00,2026-05-24 08:46:00,
1091,8,em_execucao,Operador Municipal,2026-05-24 06:28:00,,
1092,3,pendente,Operador Municipal,,,Ação ainda não iniciada.
1092,5,em_execucao,Operador Municipal,2026-05-24 06:21:00,,
1092,6,concluido,Operador Municipal,2026-05-24 06:06:00,2026-05-24 08:07:00,
1093,3,concluido,Operador Municipal,2026-05-24 06:18:00,2026-05-24 07:16:00,
1093,5,em_execucao,Operador Municipal,2026-05-24 06:14:00,,
1093,6,em_execucao,Operador Municipal,2026-05-24 06:23:00,,
1094,3,concluido,Operador Municipal,2026-05-24 07:30:00,2026-05-24 09:33:00,
1094,5,concluido,Operador Municipal,2026-05-24 07:30:00,2026-05-24 09:16:00,
1094,6,concluido,Operador Municipal,2026-05-24 07:11:00,2026-05-24 08:49:00,
1095,5,concluido,Operador Municipal,2026-05-24 07:11:00,2026-05-24 09:54:00,
1095,6,concluido,Operador Municipal,2026-05-24 07:16:00,2026-05-24 08:02:00,
1095,7,concluido,Operador Municipal,2026-05-24 07:12:00,2026-05-24 09:36:00,
1095,8,em_execucao,Operador Municipal,2026-05-24 07:26:00,,
1096,3,em_execucao,Operador Municipal,2026-05-24 07:05:00,,
1096,5,concluido,Operador Municipal,2026-05-24 07:24:00,2026-05-24 09:42:00,
1096,6,concluido,Operador Municipal,2026-05-24 07:18:00,2026-05-24 08:33:00,
1097,5,em_execucao,Operador Municipal,2026-05-24 07:24:00,,
1097,6,concluido,Operador Municipal,2026-05-24 07:27:00,2026-05-24 08:21:00,
1097,7,concluido,Operador Municipal,2026-05-24 07:11:00,2026-05-24 09:06:00,
1097,8,em_execucao,Operador Municipal,2026-05-24 07:07:00,,
1098,3,em_execucao,Operador Municipal,2026-05-24 08:17:00,,
1098,5,em_execucao,Operador Municipal,2026-05-24 08:24:00,,
1098,6,em_execucao,Operador Municipal,2026-05-24 08:20:00,,
1099,3,pendente,Operador Municipal,,,Ação ainda não iniciada.
1099,5,concluido,Operador Municipal,2026-05-24 08:09:00,2026-05-24 09:26:00,
1099,6,concluido,Operador Municipal,2026-05-24 08:06:00,2026-05-24 10:26:00,
1100,3,em_execucao,Operador Municipal,2026-05-24 08:25:00,,
1100,5,concluido,Operador Municipal,2026-05-24 08:12:00,2026-05-24 10:49:00,
1100,6,pendente,Operador Municipal,,,Ação ainda não iniciada.
1101,1,pendente,Operador Municipal,,,Ação ainda não iniciada.
1101,3,pendente,Operador Municipal,,,Ação ainda não iniciada.
1101,4,pendente,Operador Municipal,,,Ação ainda não iniciada.
1102,1,concluido,Operador Municipal,2026-05-24 09:28:00,2026-05-24 12:22:00,
1102,3,pendente,Operador Municipal,,,Ação ainda não iniciada.
1102,4,em_execucao,Operador Municipal,2026-05-24 09:16:00,,
1103,1,pendente,Operador Municipal,,,Ação ainda não iniciada.
1103,2,pendente,Operador Municipal,,,Ação ainda não iniciada.
1104,1,concluido,Operador Municipal,2026-05-24 10:23:00,2026-05-24 11:37:00,
1104,3,pendente,Operador Municipal,,,Ação ainda não iniciada.
1104,4,em_execucao,Operador Municipal,2026-05-24 10:27:00,,
1105,5,em_execucao,Operador Municipal,2026-05-24 10:17:00,,
1105,6,concluido,Operador Municipal,2026-05-24 10:09:00,2026-05-24 11:17:00,
1105,7,em_execucao,Operador Municipal,2026-05-24 10:21:00,,
1105,8,em_execucao,Operador Municipal,2026-05-24 10:08:00,,
1106,1,em_execucao,Operador Municipal,2026-05-24 11:22:00,,
1106,3,em_execucao,Operador Municipal,2026-05-24 11:24:00,,
1106,4,concluido,Operador Municipal,2026-05-24 11:11:00,2026-05-24 12:50:00,
1107,3,concluido,Operador Municipal,2026-05-24 11:24:00,2026-05-24 13:02:00,
1107,5,concluido,Operador Municipal,2026-05-24 11:15:00,2026-05-24 11:58:00,
1107,6,concluido,Operador Municipal,2026-05-24 11:17:00,2026-05-24 12:50:00,
1108,5,concluido,Operador Municipal,2026-05-24 12:21:00,2026-05-24 14:29:00,
1108,6,pendente,Operador Municipal,,,Ação ainda não iniciada.
1108,7,concluido,Operador Municipal,2026-05-24 12:12:00,2026-05-24 14:12:00,
1108,8,concluido,Operador Municipal,2026-05-24 12:21:00,2026-05-24 13:56:00,
1109,1,concluido,Operador Municipal,2026-05-24 13:11:00,2026-05-24 15:28:00,
1109,3,concluido,Operador Municipal,2026-05-24 13:29:00,2026-05-24 14:18:00,
1109,4,concluido,Operador Municipal,2026-05-24 13:18:00,2026-05-24 15:06:00,
1110,1,pendente,Operador Municipal,,,Ação ainda não iniciada.
1110,3,pendente,Operador Municipal,,,Ação ainda não iniciada.
1110,4,concluido,Operador Municipal,2026-05-24 13:05:00,2026-05-24 13:51:00,
1111,3,em_execucao,Operador Municipal,2026-05-24 13:15:00,,
1111,5,em_execucao,Operador Municipal,2026-05-24 13:10:00,,
1111,6,em_execucao,Operador Municipal,2026-05-24 13:24:00,,
1112,3,concluido,Operador Municipal,2026-05-24 14:16:00,2026-05-24 15:57:00,
1112,5,concluido,Operador Municipal,2026-05-24 14:17:00,2026-05-24 16:19:00,
1112,6,pendente,Operador Municipal,,,Ação ainda não iniciada.
1113,3,em_execucao,Operador Municipal,2026-05-24 14:19:00,,
1113,5,em_execucao,Operador Municipal,2026-05-24 14:09:00,,
1113,6,em_execucao,Operador Municipal,2026-05-24 14:14:00,,
1114,3,em_execucao,Operador Municipal,2026-05-24 15:25:00,,
1114,5,em_execucao,Operador Municipal,2026-05-24 15:19:00,,
1114,6,em_execucao,Operador Municipal,2026-05-24 15:17:00,,
1115,1,em_execucao,Operador Municipal,2026-05-24 15:30:00,,
1115,2,pendente,Operador Municipal,,,Ação ainda não iniciada.
1116,1,em_execucao,Operador Municipal,2026-05-24 15:10:00,,
1116,3,pendente,Operador Municipal,,,Ação ainda não iniciada.
1116,4,em_execucao,Operador Municipal,2026-05-24 15:15:00,,
1117,5,concluido,Operador Municipal,2026-05-24 15:08:00,2026-05-24 17:23:00,
1117,6,em_execucao,Operador Municipal,2026-05-24 15:11:00,,
1117,7,em_execucao,Operador Municipal,2026-05-24 15:14:00,,
1117,8,em_execucao,Operador Municipal,2026-05-24 15:12:00,,
1118,1,pendente,Operador Municipal,,,Ação ainda não iniciada.
1118,3,pendente,Operador Municipal,,,Ação ainda não iniciada.
1118,4,concluido,Operador Municipal,2026-05-24 16:10:00,2026-05-24 17:37:00,
1119,3,em_execucao,Operador Municipal,2026-05-24 16:17:00,,
1119,5,concluido,Operador Municipal,2026-05-24 16:26:00,2026-05-24 18:40:00,
1119,6,concluido,Operador Municipal,2026-05-24 16:15:00,2026-05-24 18:00:00,
1120,1,pendente,Operador Municipal,,,Ação ainda não iniciada.
1120,3,pendente,Operador Municipal,,,Ação ainda não iniciada.
1120,4,em_execucao,Operador Municipal,2026-05-24 17:12:00,,
1121,3,em_execucao,Operador Municipal,2026-05-24 17:13:00,,
1121,5,em_execucao,Operador Municipal,2026-05-24 17:24:00,,
1121,6,em_execucao,Operador Municipal,2026-05-24 17:26:00,,
1122,1,concluido,Operador Municipal,2026-05-24 18:17:00,2026-05-24 19:31:00,
1122,3,concluido,Operador Municipal,2026-05-24 18:11:00,2026-05-24 20:02:00,
1122,4,pendente,Operador Municipal,,,Ação ainda não iniciada.
1123,3,concluido,Operador Municipal,2026-05-24 18:05:00,2026-05-24 18:59:00,
1123,5,em_execucao,Operador Municipal,2026-05-24 18:20:00,,
1123,6,em_execucao,Operador Municipal,2026-05-24 18:19:00,,
1124,1,em_execucao,Operador Municipal,2026-05-24 19:30:00,,
1124,3,pendente,Operador Municipal,,,Ação ainda não iniciada.
1124,4,em_execucao,Operador Municipal,2026-05-24 19:12:00,,
1125,3,concluido,Operador Municipal,2026-05-24 19:11:00,2026-05-24 20:27:00,
1125,5,pendente,Operador Municipal,,,Ação ainda não iniciada.
1125,6,concluido,Operador Municipal,2026-05-24 19:06:00,2026-05-24 20:50:00,
1126,1,concluido,Operador Municipal,2026-05-24 19:15:00,2026-05-24 21:03:00,
1126,3,pendente,Operador Municipal,,,Ação ainda não iniciada.
1126,4,pendente,Operador Municipal,,,Ação ainda não iniciada.
1127,1,pendente,Operador Municipal,,,Ação ainda não iniciada.
1127,2,concluido,Operador Municipal,2026-05-24 20:05:00,2026-05-24 22:41:00,
1128,3,em_execucao,Operador Municipal,2026-05-24 20:28:00,,
1128,5,em_execucao,Operador Municipal,2026-05-24 20:18:00,,
1128,6,em_execucao,Operador Municipal,2026-05-24 20:26:00,,
1129,1,pendente,Operador Municipal,,,Ação ainda não iniciada.
1129,3,pendente,Operador Municipal,,,Ação ainda não iniciada.
1129,4,concluido,Operador Municipal,2026-05-24 20:17:00,2026-05-24 22:04:00,
1130,1,pendente,Operador Municipal,,,Ação ainda não iniciada.
1130,3,pendente,Operador Municipal,,,Ação ainda não iniciada.
1130,4,pendente,Operador Municipal,,,Ação ainda não iniciada.
1131,3,em_execucao,Operador Municipal,2026-05-24 22:13:00,,
1131,5,em_execucao,Operador Municipal,2026-05-24 22:11:00,,
1131,6,concluido,Operador Municipal,2026-05-24 22:22:00,2026-05-24 23:58:00,
1132,1,pendente,Operador Municipal,,,Ação ainda não iniciada.
1132,3,em_execucao,Operador Municipal,2026-05-24 23:18:00,,
1132,4,pendente,Operador Municipal,,,Ação ainda não iniciada.
1133,3,concluido,Operador Municipal,2026-05-25 00:22:00,2026-05-25 02:49:00,
1133,5,concluido,Operador Municipal,2026-05-25 00:30:00,2026-05-25 01:57:00,
1133,6,em_execucao,Operador Municipal,2026-05-25 00:26:00,,
1134,1,pendente,Operador Municipal,,,Ação ainda não iniciada.
1134,3,concluido,Operador Municipal,2026-05-25 01:24:00,2026-05-25 04:15:00,
1134,4,pendente,Operador Municipal,,,Ação ainda não iniciada.
1135,1,em_execucao,Operador Municipal,2026-05-25 01:09:00,,
1135,3,pendente,Operador Municipal,,,Ação ainda não iniciada.
1135,4,pendente,Operador Municipal,,,Ação ainda não iniciada.
1136,1,em_execucao,Operador Municipal,2026-05-25 02:21:00,,
1136,3,pendente,Operador Municipal,,,Ação ainda não iniciada.
1136,4,pendente,Operador Municipal,,,Ação ainda não iniciada.
1137,1,concluido,Operador Municipal,2026-05-25 02:08:00,2026-05-25 02:40:00,
1137,3,concluido,Operador Municipal,2026-05-25 02:15:00,2026-05-25 03:38:00,
1137,4,pendente,Operador Municipal,,,Ação ainda não iniciada.
1138,1,em_execucao,Operador Municipal,2026-05-25 02:19:00,,
1138,3,em_execucao,Operador Municipal,2026-05-25 02:07:00,,
1138,4,em_execucao,Operador Municipal,2026-05-25 02:23:00,,
1139,1,pendente,Operador Municipal,,,Ação ainda não iniciada.
1139,3,concluido,Operador Municipal,2026-05-25 02:23:00,2026-05-25 02:58:00,
1139,4,em_execucao,Operador Municipal,2026-05-25 02:10:00,,
1140,3,pendente,Operador Municipal,,,Ação ainda não iniciada.
1140,5,concluido,Operador Municipal,2026-05-25 03:28:00,2026-05-25 05:06:00,
1140,6,pendente,Operador Municipal,,,Ação ainda não iniciada.
1141,1,pendente,Operador Municipal,,,Ação ainda não iniciada.
1141,3,concluido,Operador Municipal,2026-05-25 03:23:00,2026-05-25 04:17:00,
1141,4,em_execucao,Operador Municipal,2026-05-25 03:20:00,,
1142,1,em_execucao,Operador Municipal,2026-05-25 03:25:00,,
1142,3,concluido,Operador Municipal,2026-05-25 03:06:00,2026-05-25 05:14:00,
1142,4,pendente,Operador Municipal,,,Ação ainda não iniciada.
1143,1,pendente,Operador Municipal,,,Ação ainda não iniciada.
1143,3,em_execucao,Operador Municipal,2026-05-25 04:20:00,,
1143,4,concluido,Operador Municipal,2026-05-25 04:23:00,2026-05-25 05:56:00,
1144,1,concluido,Operador Municipal,2026-05-25 04:20:00,2026-05-25 07:00:00,
1144,3,pendente,Operador Municipal,,,Ação ainda não iniciada.
1144,4,concluido,Operador Municipal,2026-05-25 04:22:00,2026-05-25 06:41:00,
1145,1,concluido,Operador Municipal,2026-05-25 05:18:00,2026-05-25 08:16:00,
1145,3,concluido,Operador Municipal,2026-05-25 05:29:00,2026-05-25 07:12:00,
1145,4,em_execucao,Operador Municipal,2026-05-25 05:06:00,,
1146,1,concluido,Operador Municipal,2026-05-25 05:10:00,2026-05-25 05:40:00,
1146,3,em_execucao,Operador Municipal,2026-05-25 05:30:00,,
1146,4,pendente,Operador Municipal,,,Ação ainda não iniciada.
1147,1,em_execucao,Operador Municipal,2026-05-25 06:22:00,,
1147,3,concluido,Operador Municipal,2026-05-25 06:20:00,2026-05-25 08:39:00,
1147,4,concluido,Operador Municipal,2026-05-25 06:15:00,2026-05-25 06:49:00,
1148,1,pendente,Operador Municipal,,,Ação ainda não iniciada.
1148,3,concluido,Operador Municipal,2026-05-25 06:28:00,2026-05-25 07:51:00,
1148,4,pendente,Operador Municipal,,,Ação ainda não iniciada.
1149,5,em_execucao,Operador Municipal,2026-05-25 06:10:00,,
1149,6,concluido,Operador Municipal,2026-05-25 06:14:00,2026-05-25 07:13:00,
1149,7,em_execucao,Operador Municipal,2026-05-25 06:25:00,,
1149,8,pendente,Operador Municipal,,,Ação ainda não iniciada.
1150,5,concluido,Operador Municipal,2026-05-25 07:27:00,2026-05-25 09:06:00,
1150,6,em_execucao,Operador Municipal,2026-05-25 07:18:00,,
1150,7,em_execucao,Operador Municipal,2026-05-25 07:22:00,,
1150,8,concluido,Operador Municipal,2026-05-25 07:27:00,2026-05-25 09:35:00,
1151,5,em_execucao,Operador Municipal,2026-05-25 08:12:00,,
1151,6,pendente,Operador Municipal,,,Ação ainda não iniciada.
1151,7,em_execucao,Operador Municipal,2026-05-25 08:22:00,,
1151,8,em_execucao,Operador Municipal,2026-05-25 08:06:00,,
1152,5,concluido,Operador Municipal,2026-05-25 08:14:00,2026-05-25 10:19:00,
1152,6,em_execucao,Operador Municipal,2026-05-25 08:22:00,,
1152,7,pendente,Operador Municipal,,,Ação ainda não iniciada.
1152,8,em_execucao,Operador Municipal,2026-05-25 08:06:00,,
1153,5,concluido,Operador Municipal,2026-05-25 09:26:00,2026-05-25 11:23:00,
1153,6,em_execucao,Operador Municipal,2026-05-25 09:10:00,,
1153,7,pendente,Operador Municipal,,,Ação ainda não iniciada.
1153,8,pendente,Operador Municipal,,,Ação ainda não iniciada.
1154,3,em_execucao,Operador Municipal,2026-05-25 09:12:00,,
1154,5,em_execucao,Operador Municipal,2026-05-25 09:26:00,,
1154,6,pendente,Operador Municipal,,,Ação ainda não iniciada.
1155,3,concluido,Operador Municipal,2026-05-25 10:20:00,2026-05-25 12:14:00,
1155,5,concluido,Operador Municipal,2026-05-25 10:07:00,2026-05-25 12:59:00,
1155,6,concluido,Operador Municipal,2026-05-25 10:09:00,2026-05-25 11:30:00,
1156,3,concluido,Operador Municipal,2026-05-25 10:30:00,2026-05-25 11:35:00,
1156,5,em_execucao,Operador Municipal,2026-05-25 10:07:00,,
1156,6,concluido,Operador Municipal,2026-05-25 10:28:00,2026-05-25 11:39:00,
1157,5,pendente,Operador Municipal,,,Ação ainda não iniciada.
1157,6,em_execucao,Operador Municipal,2026-05-25 11:05:00,,
1157,7,pendente,Operador Municipal,,,Ação ainda não iniciada.
1157,8,concluido,Operador Municipal,2026-05-25 11:20:00,2026-05-25 13:03:00,
1158,1,em_execucao,Operador Municipal,2026-05-25 11:19:00,,
1158,3,em_execucao,Operador Municipal,2026-05-25 11:17:00,,
1158,4,em_execucao,Operador Municipal,2026-05-25 11:07:00,,
1159,3,concluido,Operador Municipal,2026-05-25 12:12:00,2026-05-25 14:05:00,
1159,5,concluido,Operador Municipal,2026-05-25 12:05:00,2026-05-25 13:52:00,
1159,6,em_execucao,Operador Municipal,2026-05-25 12:11:00,,
1160,1,pendente,Operador Municipal,,,Ação ainda não iniciada.
1160,2,pendente,Operador Municipal,,,Ação ainda não iniciada.
1161,3,em_execucao,Operador Municipal,2026-05-25 13:21:00,,
1161,5,em_execucao,Operador Municipal,2026-05-25 13:17:00,,
1161,6,em_execucao,Operador Municipal,2026-05-25 13:21:00,,
1162,1,pendente,Operador Municipal,,,Ação ainda não iniciada.
1162,3,em_execucao,Operador Municipal,2026-05-25 14:23:00,,
1162,4,em_execucao,Operador Municipal,2026-05-25 14:19:00,,
1163,1,pendente,Operador Municipal,,,Ação ainda não iniciada.
1163,3,em_execucao,Operador Municipal,2026-05-25 15:14:00,,
1163,4,pendente,Operador Municipal,,,Ação ainda não iniciada.
1164,1,pendente,Operador Municipal,,,Ação ainda não iniciada.
1164,3,em_execucao,Operador Municipal,2026-05-25 15:29:00,,
1164,4,concluido,Operador Municipal,2026-05-25 15:24:00,2026-05-25 17:23:00,
1165,1,concluido,Operador Municipal,2026-05-25 15:19:00,2026-05-25 17:54:00,
1165,3,concluido,Operador Municipal,2026-05-25 15:05:00,2026-05-25 15:54:00,
1165,4,pendente,Operador Municipal,,,Ação ainda não iniciada.
1166,1,pendente,Operador Municipal,,,Ação ainda não iniciada.
1166,3,concluido,Operador Municipal,2026-05-25 16:21:00,2026-05-25 17:59:00,
1166,4,em_execucao,Operador Municipal,2026-05-25 16:08:00,,
1167,1,concluido,Operador Municipal,2026-05-25 16:25:00,2026-05-25 17:28:00,
1167,3,pendente,Operador Municipal,,,Ação ainda não iniciada.
1167,4,pendente,Operador Municipal,,,Ação ainda não iniciada.
1168,1,pendente,Operador Municipal,,,Ação ainda não iniciada.
1168,3,pendente,Operador Municipal,,,Ação ainda não iniciada.
1168,4,em_execucao,Operador Municipal,2026-05-25 17:28:00,,
1169,3,em_execucao,Operador Municipal,2026-05-25 17:14:00,,
1169,5,em_execucao,Operador Municipal,2026-05-25 17:20:00,,
1169,6,pendente,Operador Municipal,,,Ação ainda não iniciada.
1170,3,concluido,Operador Municipal,2026-05-25 18:25:00,2026-05-25 20:31:00,
1170,5,concluido,Operador Municipal,2026-05-25 18:14:00,2026-05-25 18:54:00,
1170,6,concluido,Operador Municipal,2026-05-25 18:21:00,2026-05-25 20:23:00,
1171,1,em_execucao,Operador Municipal,2026-05-25 20:11:00,,
1171,2,pendente,Operador Municipal,,,Ação ainda não iniciada.
1172,3,pendente,Operador Municipal,,,Ação ainda não iniciada.
1172,5,em_execucao,Operador Municipal,2026-05-25 20:15:00,,
1172,6,concluido,Operador Municipal,2026-05-25 20:16:00,2026-05-25 22:02:00,
1173,1,concluido,Operador Municipal,2026-05-25 20:19:00,2026-05-25 21:50:00,
1173,3,em_execucao,Operador Municipal,2026-05-25 20:19:00,,
1173,4,pendente,Operador Municipal,,,Ação ainda não iniciada.
1174,1,concluido,Operador Municipal,2026-05-25 21:12:00,2026-05-25 22:19:00,
1174,2,em_execucao,Operador Municipal,2026-05-25 21:18:00,,
1175,1,pendente,Operador Municipal,,,Ação ainda não iniciada.
1175,3,pendente,Operador Municipal,,,Ação ainda não iniciada.
1175,4,pendente,Operador Municipal,,,Ação ainda não iniciada.
1176,3,em_execucao,Operador Municipal,2026-05-25 22:26:00,,
1176,5,em_execucao,Operador Municipal,2026-05-25 22:27:00,,
1176,6,em_execucao,Operador Municipal,2026-05-25 22:13:00,,
1177,1,pendente,Operador Municipal,,,Ação ainda não iniciada.
1177,2,pendente,Operador Municipal,,,Ação ainda não iniciada.
1178,1,pendente,Operador Municipal,,,Ação ainda não iniciada.
1178,3,pendente,Operador Municipal,,,Ação ainda não iniciada.
1178,4,pendente,Operador Municipal,,,Ação ainda não iniciada.
1179,1,pendente,Operador Municipal,,,Ação ainda não iniciada.
1179,3,pendente,Operador Municipal,,,Ação ainda não iniciada.
1179,4,pendente,Operador Municipal,,,Ação ainda não iniciada.
1180,1,concluido,Operador Municipal,2026-05-26 01:19:00,2026-05-26 01:50:00,
1180,3,concluido,Operador Municipal,2026-05-26 01:22:00,2026-05-26 02:36:00,
1180,4,pendente,Operador Municipal,,,Ação ainda não iniciada.
1181,5,pendente,Operador Municipal,,,Ação ainda não iniciada.
1181,6,concluido,Operador Municipal,2026-05-26 01:22:00,2026-05-26 03:41:00,
1181,7,em_execucao,Operador Municipal,2026-05-26 01:27:00,,
1181,8,concluido,Operador Municipal,2026-05-26 01:22:00,2026-05-26 02:15:00,
1182,1,pendente,Operador Municipal,,,Ação ainda não iniciada.
1182,3,concluido,Operador Municipal,2026-05-26 01:25:00,2026-05-26 04:11:00,
1182,4,concluido,Operador Municipal,2026-05-26 01:24:00,2026-05-26 03:42:00,
1183,5,concluido,Operador Municipal,2026-05-26 02:24:00,2026-05-26 04:01:00,
1183,6,concluido,Operador Municipal,2026-05-26 02:23:00,2026-05-26 03:04:00,
1183,7,concluido,Operador Municipal,2026-05-26 02:17:00,2026-05-26 04:10:00,
1183,8,pendente,Operador Municipal,,,Ação ainda não iniciada.
1184,1,em_execucao,Operador Municipal,2026-05-26 02:17:00,,
1184,3,pendente,Operador Municipal,,,Ação ainda não iniciada.
1184,4,em_execucao,Operador Municipal,2026-05-26 02:05:00,,
1185,1,pendente,Operador Municipal,,,Ação ainda não iniciada.
1185,3,pendente,Operador Municipal,,,Ação ainda não iniciada.
1185,4,em_execucao,Operador Municipal,2026-05-26 02:22:00,,
1186,5,concluido,Operador Municipal,2026-05-26 03:29:00,2026-05-26 05:19:00,
1186,6,concluido,Operador Municipal,2026-05-26 03:24:00,2026-05-26 05:28:00,
1186,7,em_execucao,Operador Municipal,2026-05-26 03:18:00,,
1186,8,concluido,Operador Municipal,2026-05-26 03:15:00,2026-05-26 05:57:00,
1187,5,em_execucao,Operador Municipal,2026-05-26 04:14:00,,
1187,6,concluido,Operador Municipal,2026-05-26 04:29:00,2026-05-26 05:27:00,
1187,7,em_execucao,Operador Municipal,2026-05-26 04:30:00,,
1187,8,concluido,Operador Municipal,2026-05-26 04:17:00,2026-05-26 05:55:00,
1188,5,concluido,Operador Municipal,2026-05-26 05:29:00,2026-05-26 07:05:00,
1188,6,pendente,Operador Municipal,,,Ação ainda não iniciada.
1188,7,concluido,Operador Municipal,2026-05-26 05:16:00,2026-05-26 07:02:00,
1188,8,em_execucao,Operador Municipal,2026-05-26 05:09:00,,
1189,1,em_execucao,Operador Municipal,2026-05-26 05:27:00,,
1189,3,pendente,Operador Municipal,,,Ação ainda não iniciada.
1189,4,pendente,Operador Municipal,,,Ação ainda não iniciada.
1190,3,em_execucao,Operador Municipal,2026-05-26 06:27:00,,
1190,5,em_execucao,Operador Municipal,2026-05-26 06:26:00,,
1190,6,concluido,Operador Municipal,2026-05-26 06:20:00,2026-05-26 09:12:00,
1191,5,pendente,Operador Municipal,,,Ação ainda não iniciada.
1191,6,concluido,Operador Municipal,2026-05-26 06:05:00,2026-05-26 08:05:00,
1191,7,pendente,Operador Municipal,,,Ação ainda não iniciada.
1191,8,concluido,Operador Municipal,2026-05-26 06:27:00,2026-05-26 08:37:00,
1192,1,em_execucao,Operador Municipal,2026-05-26 07:26:00,,
1192,3,pendente,Operador Municipal,,,Ação ainda não iniciada.
1192,4,pendente,Operador Municipal,,,Ação ainda não iniciada.
1193,1,pendente,Operador Municipal,,,Ação ainda não iniciada.
1193,2,pendente,Operador Municipal,,,Ação ainda não iniciada.
1194,1,pendente,Operador Municipal,,,Ação ainda não iniciada.
1194,2,em_execucao,Operador Municipal,2026-05-26 08:15:00,,
1195,1,pendente,Operador Municipal,,,Ação ainda não iniciada.
1195,3,concluido,Operador Municipal,2026-05-26 08:29:00,2026-05-26 10:40:00,
1195,4,pendente,Operador Municipal,,,Ação ainda não iniciada.
1196,5,concluido,Operador Municipal,2026-05-26 12:09:00,2026-05-26 13:34:00,
1196,6,em_execucao,Operador Municipal,2026-05-26 12:25:00,,
1196,7,concluido,Operador Municipal,2026-05-26 12:25:00,2026-05-26 13:55:00,
1196,8,concluido,Operador Municipal,2026-05-26 12:11:00,2026-05-26 14:07:00,
1197,1,pendente,Operador Municipal,,,Ação ainda não iniciada.
1197,3,concluido,Operador Municipal,2026-05-26 13:21:00,2026-05-26 14:53:00,
1197,4,pendente,Operador Municipal,,,Ação ainda não iniciada.
1198,1,concluido,Operador Municipal,2026-05-26 13:24:00,2026-05-26 14:45:00,
1198,3,pendente,Operador Municipal,,,Ação ainda não iniciada.
1198,4,pendente,Operador Municipal,,,Ação ainda não iniciada.
1199,1,pendente,Operador Municipal,,,Ação ainda não iniciada.
1199,2,pendente,Operador Municipal,,,Ação ainda não iniciada.
1200,1,em_execucao,Operador Municipal,2026-05-26 14:22:00,,
1200,3,em_execucao,Operador Municipal,2026-05-26 14:19:00,,
1200,4,em_execucao,Operador Municipal,2026-05-26 14:27:00,,
1201,3,concluido,Operador Municipal,2026-05-26 14:19:00,2026-05-26 15:04:00,
1201,5,em_execucao,Operador Municipal,2026-05-26 14:25:00,,
1201,6,em_execucao,Operador Municipal,2026-05-26 14:09:00,,
1202,3,pendente,Operador Municipal,,,Ação ainda não iniciada.
1202,5,concluido,Operador Municipal,2026-05-26 15:28:00,2026-05-26 16:55:00,
1202,6,concluido,Operador Municipal,2026-05-26 15:20:00,2026-05-26 18:10:00,
1203,1,pendente,Operador Municipal,,,Ação ainda não iniciada.
1203,3,pendente,Operador Municipal,,,Ação ainda não iniciada.
1203,4,em_execucao,Operador Municipal,2026-05-26 15:08:00,,
1204,1,pendente,Operador Municipal,,,Ação ainda não iniciada.
1204,3,pendente,Operador Municipal,,,Ação ainda não iniciada.
1204,4,concluido,Operador Municipal,2026-05-26 15:18:00,2026-05-26 16:00:00,
1205,3,em_execucao,Operador Municipal,2026-05-26 16:07:00,,
1205,5,pendente,Operador Municipal,,,Ação ainda não iniciada.
1205,6,em_execucao,Operador Municipal,2026-05-26 16:29:00,,
1206,1,concluido,Operador Municipal,2026-05-26 16:13:00,2026-05-26 18:17:00,
1206,3,em_execucao,Operador Municipal,2026-05-26 16:26:00,,
1206,4,pendente,Operador Municipal,,,Ação ainda não iniciada.
1207,1,pendente,Operador Municipal,,,Ação ainda não iniciada.
1207,3,em_execucao,Operador Municipal,2026-05-26 16:28:00,,
1207,4,em_execucao,Operador Municipal,2026-05-26 16:28:00,,
1208,3,em_execucao,Operador Municipal,2026-05-26 17:08:00,,
1208,5,em_execucao,Operador Municipal,2026-05-26 17:13:00,,
1208,6,em_execucao,Operador Municipal,2026-05-26 17:21:00,,
1209,1,pendente,Operador Municipal,,,Ação ainda não iniciada.
1209,3,em_execucao,Operador Municipal,2026-05-26 17:23:00,,
1209,4,pendente,Operador Municipal,,,Ação ainda não iniciada.
1210,5,concluido,Operador Municipal,2026-05-26 17:09:00,2026-05-26 19:07:00,
1210,6,em_execucao,Operador Municipal,2026-05-26 17:21:00,,
1210,7,em_execucao,Operador Municipal,2026-05-26 17:15:00,,
1210,8,em_execucao,Operador Municipal,2026-05-26 17:13:00,,
1211,3,em_execucao,Operador Municipal,2026-05-26 18:13:00,,
1211,5,pendente,Operador Municipal,,,Ação ainda não iniciada.
1211,6,concluido,Operador Municipal,2026-05-26 18:17:00,2026-05-26 20:12:00,
1212,1,pendente,Operador Municipal,,,Ação ainda não iniciada.
1212,3,concluido,Operador Municipal,2026-05-26 18:21:00,2026-05-26 21:16:00,
1212,4,concluido,Operador Municipal,2026-05-26 18:24:00,2026-05-26 20:58:00,
1213,1,pendente,Operador Municipal,,,Ação ainda não iniciada.
1213,3,concluido,Operador Municipal,2026-05-26 18:08:00,2026-05-26 19:33:00,
1213,4,pendente,Operador Municipal,,,Ação ainda não iniciada.
1214,1,concluido,Operador Municipal,2026-05-26 19:29:00,2026-05-26 20:47:00,
1214,3,pendente,Operador Municipal,,,Ação ainda não iniciada.
1214,4,concluido,Operador Municipal,2026-05-26 19:06:00,2026-05-26 21:01:00,
1215,1,pendente,Operador Municipal,,,Ação ainda não iniciada.
1215,3,pendente,Operador Municipal,,,Ação ainda não iniciada.
1215,4,pendente,Operador Municipal,,,Ação ainda não iniciada.
1216,3,em_execucao,Operador Municipal,2026-05-26 19:27:00,,
1216,5,concluido,Operador Municipal,2026-05-26 19:11:00,2026-05-26 20:28:00,
1216,6,pendente,Operador Municipal,,,Ação ainda não iniciada.
1217,1,pendente,Operador Municipal,,,Ação ainda não iniciada.
1217,3,pendente,Operador Municipal,,,Ação ainda não iniciada.
1217,4,pendente,Operador Municipal,,,Ação ainda não iniciada.
1218,1,pendente,Operador Municipal,,,Ação ainda não iniciada.
1218,2,pendente,Operador Municipal,,,Ação ainda não iniciada.
1219,1,em_execucao,Operador Municipal,2026-05-26 20:18:00,,
1219,3,pendente,Operador Municipal,,,Ação ainda não iniciada.
1219,4,concluido,Operador Municipal,2026-05-26 20:07:00,2026-05-26 20:50:00,
1220,1,pendente,Operador Municipal,,,Ação ainda não iniciada.
1220,3,pendente,Operador Municipal,,,Ação ainda não iniciada.
1220,4,concluido,Operador Municipal,2026-05-26 21:15:00,2026-05-27 00:15:00,
1221,3,concluido,Operador Municipal,2026-05-26 21:16:00,2026-05-26 21:46:00,
1221,5,em_execucao,Operador Municipal,2026-05-26 21:07:00,,
1221,6,em_execucao,Operador Municipal,2026-05-26 21:14:00,,
1222,1,concluido,Operador Municipal,2026-05-26 22:23:00,2026-05-27 00:07:00,
1222,3,pendente,Operador Municipal,,,Ação ainda não iniciada.
1222,4,pendente,Operador Municipal,,,Ação ainda não iniciada.
1223,1,concluido,Operador Municipal,2026-05-26 23:06:00,2026-05-27 01:17:00,
1223,3,pendente,Operador Municipal,,,Ação ainda não iniciada.
1223,4,em_execucao,Operador Municipal,2026-05-26 23:11:00,,
1224,1,concluido,Operador Municipal,2026-05-26 23:07:00,2026-05-27 00:54:00,
1224,3,pendente,Operador Municipal,,,Ação ainda não iniciada.
1224,4,em_execucao,Operador Municipal,2026-05-26 23:07:00,,
1225,1,em_execucao,Operador Municipal,2026-05-26 23:10:00,,
1225,2,pendente,Operador Municipal,,,Ação ainda não iniciada.
1226,5,em_execucao,Operador Municipal,2026-05-26 23:17:00,,
1226,6,em_execucao,Operador Municipal,2026-05-26 23:26:00,,
1226,7,concluido,Operador Municipal,2026-05-26 23:20:00,2026-05-27 01:41:00,
1226,8,concluido,Operador Municipal,2026-05-26 23:06:00,2026-05-27 00:31:00,
1227,1,concluido,Operador Municipal,2026-05-27 00:16:00,2026-05-27 02:14:00,
1227,3,pendente,Operador Municipal,,,Ação ainda não iniciada.
1227,4,concluido,Operador Municipal,2026-05-27 00:12:00,2026-05-27 01:14:00,
1228,1,pendente,Operador Municipal,,,Ação ainda não iniciada.
1228,3,concluido,Operador Municipal,2026-05-27 00:20:00,2026-05-27 01:01:00,
1228,4,em_execucao,Operador Municipal,2026-05-27 00:30:00,,
1229,5,concluido,Operador Municipal,2026-05-27 01:08:00,2026-05-27 03:45:00,
1229,6,concluido,Operador Municipal,2026-05-27 01:09:00,2026-05-27 02:27:00,
1229,7,pendente,Operador Municipal,,,Ação ainda não iniciada.
1229,8,concluido,Operador Municipal,2026-05-27 01:26:00,2026-05-27 02:05:00,
1230,1,concluido,Operador Municipal,2026-05-27 01:12:00,2026-05-27 03:32:00,
1230,3,concluido,Operador Municipal,2026-05-27 01:22:00,2026-05-27 02:37:00,
1230,4,em_execucao,Operador Municipal,2026-05-27 01:15:00,,
1231,1,pendente,Operador Municipal,,,Ação ainda não iniciada.
1231,3,pendente,Operador Municipal,,,Ação ainda não iniciada.
1231,4,pendente,Operador Municipal,,,Ação ainda não iniciada.
1232,3,em_execucao,Operador Municipal,2026-05-27 02:25:00,,
1232,5,em_execucao,Operador Municipal,2026-05-27 02:07:00,,
1232,6,concluido,Operador Municipal,2026-05-27 02:15:00,2026-05-27 04:32:00,
1233,1,concluido,Operador Municipal,2026-05-27 02:06:00,2026-05-27 04:39:00,
1233,2,concluido,Operador Municipal,2026-05-27 02:19:00,2026-05-27 04:46:00,
1234,1,pendente,Operador Municipal,,,Ação ainda não iniciada.
1234,3,pendente,Operador Municipal,,,Ação ainda não iniciada.
1234,4,pendente,Operador Municipal,,,Ação ainda não iniciada.
1235,1,concluido,Operador Municipal,2026-05-27 03:20:00,2026-05-27 06:04:00,
1235,3,em_execucao,Operador Municipal,2026-05-27 03:12:00,,
1235,4,em_execucao,Operador Municipal,2026-05-27 03:30:00,,
1236,3,em_execucao,Operador Municipal,2026-05-27 03:06:00,,
1236,5,concluido,Operador Municipal,2026-05-27 03:08:00,2026-05-27 03:55:00,
1236,6,em_execucao,Operador Municipal,2026-05-27 03:16:00,,
1237,1,pendente,Operador Municipal,,,Ação ainda não iniciada.
1237,2,pendente,Operador Municipal,,,Ação ainda não iniciada.
1238,1,pendente,Operador Municipal,,,Ação ainda não iniciada.
1238,3,pendente,Operador Municipal,,,Ação ainda não iniciada.
1238,4,concluido,Operador Municipal,2026-05-27 03:06:00,2026-05-27 04:58:00,
1239,3,concluido,Operador Municipal,2026-05-27 04:08:00,2026-05-27 06:14:00,
1239,5,pendente,Operador Municipal,,,Ação ainda não iniciada.
1239,6,pendente,Operador Municipal,,,Ação ainda não iniciada.
1240,1,concluido,Operador Municipal,2026-05-27 04:29:00,2026-05-27 06:10:00,
1240,3,pendente,Operador Municipal,,,Ação ainda não iniciada.
1240,4,concluido,Operador Municipal,2026-05-27 04:13:00,2026-05-27 06:25:00,
1241,3,concluido,Operador Municipal,2026-05-27 05:27:00,2026-05-27 08:23:00,
1241,5,em_execucao,Operador Municipal,2026-05-27 05:23:00,,
1241,6,pendente,Operador Municipal,,,Ação ainda não iniciada.
1242,1,pendente,Operador Municipal,,,Ação ainda não iniciada.
1242,3,concluido,Operador Municipal,2026-05-27 05:13:00,2026-05-27 06:53:00,
1242,4,pendente,Operador Municipal,,,Ação ainda não iniciada.
1243,1,pendente,Operador Municipal,,,Ação ainda não iniciada.
1243,3,concluido,Operador Municipal,2026-05-27 05:19:00,2026-05-27 05:49:00,
1243,4,em_execucao,Operador Municipal,2026-05-27 05:08:00,,
1244,3,concluido,Operador Municipal,2026-05-27 06:14:00,2026-05-27 08:15:00,
1244,5,concluido,Operador Municipal,2026-05-27 06:27:00,2026-05-27 08:06:00,
1244,6,concluido,Operador Municipal,2026-05-27 06:26:00,2026-05-27 07:12:00,
1245,3,em_execucao,Operador Municipal,2026-05-27 06:19:00,,
1245,5,pendente,Operador Municipal,,,Ação ainda não iniciada.
1245,6,concluido,Operador Municipal,2026-05-27 06:19:00,2026-05-27 07:53:00,
1246,1,concluido,Operador Municipal,2026-05-27 07:14:00,2026-05-27 09:27:00,
1246,3,concluido,Operador Municipal,2026-05-27 07:15:00,2026-05-27 09:58:00,
1246,4,pendente,Operador Municipal,,,Ação ainda não iniciada.
1247,1,pendente,Operador Municipal,,,Ação ainda não iniciada.
1247,3,pendente,Operador Municipal,,,Ação ainda não iniciada.
1247,4,concluido,Operador Municipal,2026-05-27 08:23:00,2026-05-27 09:59:00,
1248,1,pendente,Operador Municipal,,,Ação ainda não iniciada.
1248,3,concluido,Operador Municipal,2026-05-27 09:15:00,2026-05-27 11:35:00,
1248,4,em_execucao,Operador Municipal,2026-05-27 09:05:00,,
1249,1,pendente,Operador Municipal,,,Ação ainda não iniciada.
1249,3,em_execucao,Operador Municipal,2026-05-27 09:05:00,,
1249,4,em_execucao,Operador Municipal,2026-05-27 09:29:00,,
1250,1,concluido,Operador Municipal,2026-05-27 10:21:00,2026-05-27 12:42:00,
1250,3,em_execucao,Operador Municipal,2026-05-27 10:12:00,,
1250,4,em_execucao,Operador Municipal,2026-05-27 10:30:00,,
1251,1,em_execucao,Operador Municipal,2026-05-27 11:16:00,,
1251,2,pendente,Operador Municipal,,,Ação ainda não iniciada.
1252,1,pendente,Operador Municipal,,,Ação ainda não iniciada.
1252,3,pendente,Operador Municipal,,,Ação ainda não iniciada.
1252,4,pendente,Operador Municipal,,,Ação ainda não iniciada.
1253,1,concluido,Operador Municipal,2026-05-27 11:28:00,2026-05-27 14:21:00,
1253,3,pendente,Operador Municipal,,,Ação ainda não iniciada.
1253,4,pendente,Operador Municipal,,,Ação ainda não iniciada.
1254,1,em_execucao,Operador Municipal,2026-05-27 12:18:00,,
1254,2,concluido,Operador Municipal,2026-05-27 12:23:00,2026-05-27 13:03:00,
1255,1,pendente,Operador Municipal,,,Ação ainda não iniciada.
1255,3,em_execucao,Operador Municipal,2026-05-27 12:23:00,,
1255,4,concluido,Operador Municipal,2026-05-27 12:29:00,2026-05-27 14:26:00,
1256,1,pendente,Operador Municipal,,,Ação ainda não iniciada.
1256,3,concluido,Operador Municipal,2026-05-27 13:12:00,2026-05-27 13:46:00,
1256,4,em_execucao,Operador Municipal,2026-05-27 13:19:00,,
1257,1,concluido,Operador Municipal,2026-05-27 14:13:00,2026-05-27 15:19:00,
1257,3,pendente,Operador Municipal,,,Ação ainda não iniciada.
1257,4,pendente,Operador Municipal,,,Ação ainda não iniciada.
1258,1,concluido,Operador Municipal,2026-05-27 14:20:00,2026-05-27 15:28:00,
1258,3,pendente,Operador Municipal,,,Ação ainda não iniciada.
1258,4,pendente,Operador Municipal,,,Ação ainda não iniciada.
1259,1,pendente,Operador Municipal,,,Ação ainda não iniciada.
1259,3,concluido,Operador Municipal,2026-05-27 14:28:00,2026-05-27 15:52:00,
1259,4,pendente,Operador Municipal,,,Ação ainda não iniciada.
1260,1,concluido,Operador Municipal,2026-05-27 14:28:00,2026-05-27 15:10:00,
1260,3,em_execucao,Operador Municipal,2026-05-27 14:29:00,,
1260,4,pendente,Operador Municipal,,,Ação ainda não iniciada.
1261,1,concluido,Operador Municipal,2026-05-27 15:19:00,2026-05-27 17:21:00,
1261,3,concluido,Operador Municipal,2026-05-27 15:12:00,2026-05-27 17:45:00,
1261,4,concluido,Operador Municipal,2026-05-27 15:07:00,2026-05-27 16:24:00,
1262,1,pendente,Operador Municipal,,,Ação ainda não iniciada.
1262,3,em_execucao,Operador Municipal,2026-05-27 16:23:00,,
1262,4,pendente,Operador Municipal,,,Ação ainda não iniciada.
1263,1,pendente,Operador Municipal,,,Ação ainda não iniciada.
1263,3,pendente,Operador Municipal,,,Ação ainda não iniciada.
1263,4,concluido,Operador Municipal,2026-05-27 16:16:00,2026-05-27 18:39:00,
1264,1,concluido,Operador Municipal,2026-05-27 17:29:00,2026-05-27 19:28:00,
1264,3,em_execucao,Operador Municipal,2026-05-27 17:13:00,,
1264,4,em_execucao,Operador Municipal,2026-05-27 17:11:00,,
1265,1,pendente,Operador Municipal,,,Ação ainda não iniciada.
1265,3,pendente,Operador Municipal,,,Ação ainda não iniciada.
1265,4,pendente,Operador Municipal,,,Ação ainda não iniciada.
1266,3,em_execucao,Operador Municipal,2026-05-27 17:19:00,,
1266,5,concluido,Operador Municipal,2026-05-27 17:24:00,2026-05-27 19:57:00,
1266,6,em_execucao,Operador Municipal,2026-05-27 17:21:00,,
1267,1,pendente,Operador Municipal,,,Ação ainda não iniciada.
1267,3,concluido,Operador Municipal,2026-05-27 18:28:00,2026-05-27 21:02:00,
1267,4,pendente,Operador Municipal,,,Ação ainda não iniciada.
1268,1,em_execucao,Operador Municipal,2026-05-27 19:11:00,,
1268,3,pendente,Operador Municipal,,,Ação ainda não iniciada.
1268,4,pendente,Operador Municipal,,,Ação ainda não iniciada.
1269,1,em_execucao,Operador Municipal,2026-05-27 20:22:00,,
1269,3,pendente,Operador Municipal,,,Ação ainda não iniciada.
1269,4,pendente,Operador Municipal,,,Ação ainda não iniciada.
1270,3,em_execucao,Operador Municipal,2026-05-27 20:21:00,,
1270,5,concluido,Operador Municipal,2026-05-27 20:26:00,2026-05-27 23:09:00,
1270,6,concluido,Operador Municipal,2026-05-27 20:08:00,2026-05-27 21:40:00,
1271,3,concluido,Operador Municipal,2026-05-27 20:27:00,2026-05-27 22:02:00,
1271,5,pendente,Operador Municipal,,,Ação ainda não iniciada.
1271,6,em_execucao,Operador Municipal,2026-05-27 20:08:00,,
1272,3,concluido,Operador Municipal,2026-05-27 21:23:00,2026-05-27 22:53:00,
1272,5,em_execucao,Operador Municipal,2026-05-27 21:08:00,,
1272,6,concluido,Operador Municipal,2026-05-27 21:19:00,2026-05-27 23:38:00,
1273,3,concluido,Operador Municipal,2026-05-27 21:25:00,2026-05-27 23:57:00,
1273,5,concluido,Operador Municipal,2026-05-27 21:25:00,2026-05-27 22:47:00,
1273,6,pendente,Operador Municipal,,,Ação ainda não iniciada.
1274,1,em_execucao,Operador Municipal,2026-05-27 22:29:00,,
1274,3,em_execucao,Operador Municipal,2026-05-27 22:19:00,,
1274,4,pendente,Operador Municipal,,,Ação ainda não iniciada.
1275,3,em_execucao,Operador Municipal,2026-05-27 22:09:00,,
1275,5,concluido,Operador Municipal,2026-05-27 22:28:00,2026-05-28 00:06:00,
1275,6,em_execucao,Operador Municipal,2026-05-27 22:20:00,,
1276,1,concluido,Operador Municipal,2026-05-27 22:07:00,2026-05-28 00:02:00,
1276,3,em_execucao,Operador Municipal,2026-05-27 22:23:00,,
1276,4,em_execucao,Operador Municipal,2026-05-27 22:06:00,,
1277,3,concluido,Operador Municipal,2026-05-27 22:15:00,2026-05-27 22:53:00,
1277,5,em_execucao,Operador Municipal,2026-05-27 22:13:00,,
1277,6,em_execucao,Operador Municipal,2026-05-27 22:18:00,,
1278,1,em_execucao,Operador Municipal,2026-05-27 23:16:00,,
1278,3,concluido,Operador Municipal,2026-05-27 23:16:00,2026-05-28 01:51:00,
1278,4,em_execucao,Operador Municipal,2026-05-27 23:21:00,,
1279,3,concluido,Operador Municipal,2026-05-27 23:17:00,2026-05-28 01:20:00,
1279,5,concluido,Operador Municipal,2026-05-27 23:07:00,2026-05-28 00:12:00,
1279,6,em_execucao,Operador Municipal,2026-05-27 23:23:00,,
1280,3,concluido,Operador Municipal,2026-05-27 23:30:00,2026-05-28 02:26:00,
1280,5,em_execucao,Operador Municipal,2026-05-27 23:12:00,,
1280,6,em_execucao,Operador Municipal,2026-05-27 23:28:00,,
1281,1,concluido,Operador Municipal,2026-05-28 00:19:00,2026-05-28 00:50:00,
1281,3,concluido,Operador Municipal,2026-05-28 00:08:00,2026-05-28 02:59:00,
1281,4,pendente,Operador Municipal,,,Ação ainda não iniciada.
1282,3,em_execucao,Operador Municipal,2026-05-28 00:11:00,,
1282,5,em_execucao,Operador Municipal,2026-05-28 00:30:00,,
1282,6,concluido,Operador Municipal,2026-05-28 00:27:00,2026-05-28 03:01:00,
1283,5,concluido,Operador Municipal,2026-05-28 00:06:00,2026-05-28 01:20:00,
1283,6,em_execucao,Operador Municipal,2026-05-28 00:06:00,,
1283,7,concluido,Operador Municipal,2026-05-28 00:11:00,2026-05-28 01:40:00,
1283,8,pendente,Operador Municipal,,,Ação ainda não iniciada.
1284,3,em_execucao,Operador Municipal,2026-05-28 00:25:00,,
1284,5,pendente,Operador Municipal,,,Ação ainda não iniciada.
1284,6,concluido,Operador Municipal,2026-05-28 00:19:00,2026-05-28 00:49:00,
1285,3,pendente,Operador Municipal,,,Ação ainda não iniciada.
1285,5,em_execucao,Operador Municipal,2026-05-28 01:30:00,,
1285,6,concluido,Operador Municipal,2026-05-28 01:11:00,2026-05-28 04:01:00,
1286,3,concluido,Operador Municipal,2026-05-28 01:22:00,2026-05-28 02:11:00,
1286,5,concluido,Operador Municipal,2026-05-28 01:16:00,2026-05-28 03:21:00,
1286,6,concluido,Operador Municipal,2026-05-28 01:29:00,2026-05-28 04:01:00,
1287,5,em_execucao,Operador Municipal,2026-05-28 01:28:00,,
1287,6,concluido,Operador Municipal,2026-05-28 01:19:00,2026-05-28 03:01:00,
1287,7,concluido,Operador Municipal,2026-05-28 01:15:00,2026-05-28 04:11:00,
1287,8,concluido,Operador Municipal,2026-05-28 01:08:00,2026-05-28 04:03:00,
1288,5,em_execucao,Operador Municipal,2026-05-28 01:16:00,,
1288,6,pendente,Operador Municipal,,,Ação ainda não iniciada.
1288,7,em_execucao,Operador Municipal,2026-05-28 01:09:00,,
1288,8,concluido,Operador Municipal,2026-05-28 01:29:00,2026-05-28 03:45:00,
1289,1,pendente,Operador Municipal,,,Ação ainda não iniciada.
1289,3,em_execucao,Operador Municipal,2026-05-28 02:15:00,,
1289,4,concluido,Operador Municipal,2026-05-28 02:21:00,2026-05-28 04:21:00,
1290,5,pendente,Operador Municipal,,,Ação ainda não iniciada.
1290,6,em_execucao,Operador Municipal,2026-05-28 02:25:00,,
1290,7,em_execucao,Operador Municipal,2026-05-28 02:20:00,,
1290,8,em_execucao,Operador Municipal,2026-05-28 02:17:00,,
1291,3,concluido,Operador Municipal,2026-05-28 02:18:00,2026-05-28 03:06:00,
1291,5,em_execucao,Operador Municipal,2026-05-28 02:28:00,,
1291,6,em_execucao,Operador Municipal,2026-05-28 02:08:00,,
1292,1,em_execucao,Operador Municipal,2026-05-28 03:21:00,,
1292,3,concluido,Operador Municipal,2026-05-28 03:06:00,2026-05-28 05:50:00,
1292,4,concluido,Operador Municipal,2026-05-28 03:15:00,2026-05-28 04:40:00,
1293,1,pendente,Operador Municipal,,,Ação ainda não iniciada.
1293,3,em_execucao,Operador Municipal,2026-05-28 03:11:00,,
1293,4,em_execucao,Operador Municipal,2026-05-28 03:06:00,,
1294,5,em_execucao,Operador Municipal,2026-05-28 03:13:00,,
1294,6,em_execucao,Operador Municipal,2026-05-28 03:13:00,,
1294,7,concluido,Operador Municipal,2026-05-28 03:20:00,2026-05-28 04:12:00,
1294,8,em_execucao,Operador Municipal,2026-05-28 03:05:00,,
1295,3,concluido,Operador Municipal,2026-05-28 03:28:00,2026-05-28 04:34:00,
1295,5,em_execucao,Operador Municipal,2026-05-28 03:23:00,,
1295,6,concluido,Operador Municipal,2026-05-28 03:11:00,2026-05-28 04:10:00,
1296,1,pendente,Operador Municipal,,,Ação ainda não iniciada.
1296,3,em_execucao,Operador Municipal,2026-05-28 04:09:00,,
1296,4,concluido,Operador Municipal,2026-05-28 04:17:00,2026-05-28 06:57:00,
1297,5,pendente,Operador Municipal,,,Ação ainda não iniciada.
1297,6,concluido,Operador Municipal,2026-05-28 04:15:00,2026-05-28 05:52:00,
1297,7,concluido,Operador Municipal,2026-05-28 04:14:00,2026-05-28 05:12:00,
1297,8,em_execucao,Operador Municipal,2026-05-28 04:23:00,,
1298,3,concluido,Operador Municipal,2026-05-28 04:07:00,2026-05-28 05:04:00,
1298,5,pendente,Operador Municipal,,,Ação ainda não iniciada.
1298,6,em_execucao,Operador Municipal,2026-05-28 04:05:00,,
1299,5,concluido,Operador Municipal,2026-05-28 05:27:00,2026-05-28 07:16:00,
1299,6,em_execucao,Operador Municipal,2026-05-28 05:07:00,,
1299,7,em_execucao,Operador Municipal,2026-05-28 05:11:00,,
1299,8,concluido,Operador Municipal,2026-05-28 05:19:00,2026-05-28 06:03:00,
1300,3,em_execucao,Operador Municipal,2026-05-28 05:05:00,,
1300,5,concluido,Operador Municipal,2026-05-28 05:06:00,2026-05-28 06:43:00,
1300,6,em_execucao,Operador Municipal,2026-05-28 05:11:00,,
1301,5,concluido,Operador Municipal,2026-05-28 06:25:00,2026-05-28 08:32:00,
1301,6,em_execucao,Operador Municipal,2026-05-28 06:27:00,,
1301,7,concluido,Operador Municipal,2026-05-28 06:10:00,2026-05-28 07:07:00,
1301,8,em_execucao,Operador Municipal,2026-05-28 06:08:00,,
1302,3,concluido,Operador Municipal,2026-05-28 06:20:00,2026-05-28 07:51:00,
1302,5,pendente,Operador Municipal,,,Ação ainda não iniciada.
1302,6,pendente,Operador Municipal,,,Ação ainda não iniciada.
1303,3,em_execucao,Operador Municipal,2026-05-28 06:23:00,,
1303,5,concluido,Operador Municipal,2026-05-28 06:23:00,2026-05-28 07:33:00,
1303,6,concluido,Operador Municipal,2026-05-28 06:15:00,2026-05-28 06:50:00,
1304,3,em_execucao,Operador Municipal,2026-05-28 06:06:00,,
1304,5,concluido,Operador Municipal,2026-05-28 06:06:00,2026-05-28 08:47:00,
1304,6,em_execucao,Operador Municipal,2026-05-28 06:13:00,,
1305,3,concluido,Operador Municipal,2026-05-28 07:22:00,2026-05-28 08:39:00,
1305,5,concluido,Operador Municipal,2026-05-28 07:26:00,2026-05-28 09:35:00,
1305,6,em_execucao,Operador Municipal,2026-05-28 07:23:00,,
1306,3,em_execucao,Operador Municipal,2026-05-28 07:24:00,,
1306,5,concluido,Operador Municipal,2026-05-28 07:28:00,2026-05-28 08:20:00,
1306,6,em_execucao,Operador Municipal,2026-05-28 07:07:00,,
1307,5,em_execucao,Operador Municipal,2026-05-28 08:17:00,,
1307,6,pendente,Operador Municipal,,,Ação ainda não iniciada.
1307,7,pendente,Operador Municipal,,,Ação ainda não iniciada.
1307,8,concluido,Operador Municipal,2026-05-28 08:16:00,2026-05-28 09:36:00,
1308,3,concluido,Operador Municipal,2026-05-28 08:11:00,2026-05-28 08:50:00,
1308,5,concluido,Operador Municipal,2026-05-28 08:22:00,2026-05-28 10:48:00,
1308,6,concluido,Operador Municipal,2026-05-28 08:19:00,2026-05-28 11:16:00,
1309,5,concluido,Operador Municipal,2026-05-28 09:24:00,2026-05-28 12:11:00,
1309,6,concluido,Operador Municipal,2026-05-28 09:25:00,2026-05-28 10:18:00,
1309,7,em_execucao,Operador Municipal,2026-05-28 09:16:00,,
1309,8,pendente,Operador Municipal,,,Ação ainda não iniciada.
1310,1,pendente,Operador Municipal,,,Ação ainda não iniciada.
1310,3,concluido,Operador Municipal,2026-05-28 09:16:00,2026-05-28 10:32:00,
1310,4,pendente,Operador Municipal,,,Ação ainda não iniciada.
1311,5,concluido,Operador Municipal,2026-05-28 09:24:00,2026-05-28 10:51:00,
1311,6,concluido,Operador Municipal,2026-05-28 09:19:00,2026-05-28 11:15:00,
1311,7,em_execucao,Operador Municipal,2026-05-28 09:26:00,,
1311,8,em_execucao,Operador Municipal,2026-05-28 09:09:00,,
1312,5,em_execucao,Operador Municipal,2026-05-28 09:05:00,,
1312,6,em_execucao,Operador Municipal,2026-05-28 09:26:00,,
1312,7,concluido,Operador Municipal,2026-05-28 09:17:00,2026-05-28 12:07:00,
1312,8,em_execucao,Operador Municipal,2026-05-28 09:28:00,,
1313,5,em_execucao,Operador Municipal,2026-05-28 10:13:00,,
1313,6,concluido,Operador Municipal,2026-05-28 10:11:00,2026-05-28 11:21:00,
1313,7,em_execucao,Operador Municipal,2026-05-28 10:27:00,,
1313,8,concluido,Operador Municipal,2026-05-28 10:08:00,2026-05-28 11:26:00,
1314,1,pendente,Operador Municipal,,,Ação ainda não iniciada.
1314,3,concluido,Operador Municipal,2026-05-28 10:24:00,2026-05-28 13:00:00,
1314,4,concluido,Operador Municipal,2026-05-28 10:30:00,2026-05-28 13:29:00,
1315,5,em_execucao,Operador Municipal,2026-05-28 10:23:00,,
1315,6,pendente,Operador Municipal,,,Ação ainda não iniciada.
1315,7,em_execucao,Operador Municipal,2026-05-28 10:27:00,,
1315,8,em_execucao,Operador Municipal,2026-05-28 10:30:00,,
1316,1,concluido,Operador Municipal,2026-05-28 10:27:00,2026-05-28 12:39:00,
1316,3,concluido,Operador Municipal,2026-05-28 10:25:00,2026-05-28 12:20:00,
1316,4,em_execucao,Operador Municipal,2026-05-28 10:16:00,,
1317,5,em_execucao,Operador Municipal,2026-05-28 11:14:00,,
1317,6,em_execucao,Operador Municipal,2026-05-28 11:24:00,,
1317,7,em_execucao,Operador Municipal,2026-05-28 11:18:00,,
1317,8,concluido,Operador Municipal,2026-05-28 11:09:00,2026-05-28 13:12:00,
1318,3,em_execucao,Operador Municipal,2026-05-28 11:29:00,,
1318,5,concluido,Operador Municipal,2026-05-28 11:19:00,2026-05-28 13:23:00,
1318,6,pendente,Operador Municipal,,,Ação ainda não iniciada.
1319,5,concluido,Operador Municipal,2026-05-28 11:05:00,2026-05-28 11:37:00,
1319,6,concluido,Operador Municipal,2026-05-28 11:08:00,2026-05-28 12:55:00,
1319,7,em_execucao,Operador Municipal,2026-05-28 11:30:00,,
1319,8,pendente,Operador Municipal,,,Ação ainda não iniciada.
1320,1,pendente,Operador Municipal,,,Ação ainda não iniciada.
1320,3,concluido,Operador Municipal,2026-05-28 11:24:00,2026-05-28 12:09:00,
1320,4,pendente,Operador Municipal,,,Ação ainda não iniciada.
1321,5,em_execucao,Operador Municipal,2026-05-28 12:12:00,,
1321,6,em_execucao,Operador Municipal,2026-05-28 12:30:00,,
1321,7,pendente,Operador Municipal,,,Ação ainda não iniciada.
1321,8,concluido,Operador Municipal,2026-05-28 12:16:00,2026-05-28 13:25:00,
1322,5,em_execucao,Operador Municipal,2026-05-28 12:08:00,,
1322,6,em_execucao,Operador Municipal,2026-05-28 12:15:00,,
1322,7,concluido,Operador Municipal,2026-05-28 12:30:00,2026-05-28 14:40:00,
1322,8,pendente,Operador Municipal,,,Ação ainda não iniciada.
1323,5,em_execucao,Operador Municipal,2026-05-28 12:15:00,,
1323,6,em_execucao,Operador Municipal,2026-05-28 12:30:00,,
1323,7,concluido,Operador Municipal,2026-05-28 12:07:00,2026-05-28 14:05:00,
1323,8,em_execucao,Operador Municipal,2026-05-28 12:13:00,,
1324,1,pendente,Operador Municipal,,,Ação ainda não iniciada.
1324,3,concluido,Operador Municipal,2026-05-28 12:26:00,2026-05-28 14:58:00,
1324,4,em_execucao,Operador Municipal,2026-05-28 12:24:00,,
1325,5,em_execucao,Operador Municipal,2026-05-28 13:10:00,,
1325,6,concluido,Operador Municipal,2026-05-28 13:21:00,2026-05-28 14:36:00,
1325,7,concluido,Operador Municipal,2026-05-28 13:15:00,2026-05-28 13:48:00,
1325,8,pendente,Operador Municipal,,,Ação ainda não iniciada.
1326,5,em_execucao,Operador Municipal,2026-05-28 13:11:00,,
1326,6,em_execucao,Operador Municipal,2026-05-28 13:12:00,,
1326,7,em_execucao,Operador Municipal,2026-05-28 13:16:00,,
1326,8,em_execucao,Operador Municipal,2026-05-28 13:22:00,,
1327,3,pendente,Operador Municipal,,,Ação ainda não iniciada.
1327,5,pendente,Operador Municipal,,,Ação ainda não iniciada.
1327,6,concluido,Operador Municipal,2026-05-28 13:28:00,2026-05-28 14:28:00,
1328,1,concluido,Operador Municipal,2026-05-28 13:07:00,2026-05-28 15:13:00,
1328,3,pendente,Operador Municipal,,,Ação ainda não iniciada.
1328,4,em_execucao,Operador Municipal,2026-05-28 13:21:00,,
1329,1,concluido,Operador Municipal,2026-05-28 14:18:00,2026-05-28 15:50:00,
1329,3,concluido,Operador Municipal,2026-05-28 14:16:00,2026-05-28 16:18:00,
1329,4,concluido,Operador Municipal,2026-05-28 14:25:00,2026-05-28 15:40:00,
1330,5,concluido,Operador Municipal,2026-05-28 14:25:00,2026-05-28 17:01:00,
1330,6,em_execucao,Operador Municipal,2026-05-28 14:29:00,,
1330,7,concluido,Operador Municipal,2026-05-28 14:13:00,2026-05-28 16:41:00,
1330,8,concluido,Operador Municipal,2026-05-28 14:18:00,2026-05-28 16:11:00,
1331,3,concluido,Operador Municipal,2026-05-28 14:06:00,2026-05-28 15:02:00,
1331,5,concluido,Operador Municipal,2026-05-28 14:21:00,2026-05-28 15:12:00,
1331,6,em_execucao,Operador Municipal,2026-05-28 14:08:00,,
1332,1,em_execucao,Operador Municipal,2026-05-28 14:20:00,,
1332,3,concluido,Operador Municipal,2026-05-28 14:20:00,2026-05-28 15:25:00,
1332,4,em_execucao,Operador Municipal,2026-05-28 14:18:00,,
1333,1,pendente,Operador Municipal,,,Ação ainda não iniciada.
1333,3,em_execucao,Operador Municipal,2026-05-28 15:12:00,,
1333,4,concluido,Operador Municipal,2026-05-28 15:19:00,2026-05-28 16:48:00,
1334,5,pendente,Operador Municipal,,,Ação ainda não iniciada.
1334,6,pendente,Operador Municipal,,,Ação ainda não iniciada.
1334,7,concluido,Operador Municipal,2026-05-28 15:10:00,2026-05-28 17:47:00,
1334,8,em_execucao,Operador Municipal,2026-05-28 15:28:00,,
1335,1,concluido,Operador Municipal,2026-05-28 15:29:00,2026-05-28 16:30:00,
1335,3,pendente,Operador Municipal,,,Ação ainda não iniciada.
1335,4,pendente,Operador Municipal,,,Ação ainda não iniciada.
1336,1,pendente,Operador Municipal,,,Ação ainda não iniciada.
1336,3,em_execucao,Operador Municipal,2026-05-28 16:12:00,,
1336,4,pendente,Operador Municipal,,,Ação ainda não iniciada.
1337,5,em_execucao,Operador Municipal,2026-05-28 16:16:00,,
1337,6,concluido,Operador Municipal,2026-05-28 16:11:00,2026-05-28 17:27:00,
1337,7,em_execucao,Operador Municipal,2026-05-28 16:30:00,,
1337,8,concluido,Operador Municipal,2026-05-28 16:26:00,2026-05-28 18:43:00,
1338,1,pendente,Operador Municipal,,,Ação ainda não iniciada.
1338,3,pendente,Operador Municipal,,,Ação ainda não iniciada.
1338,4,concluido,Operador Municipal,2026-05-28 17:13:00,2026-05-28 18:46:00,
1339,5,em_execucao,Operador Municipal,2026-05-28 17:22:00,,
1339,6,concluido,Operador Municipal,2026-05-28 17:12:00,2026-05-28 19:41:00,
1339,7,em_execucao,Operador Municipal,2026-05-28 17:09:00,,
1339,8,em_execucao,Operador Municipal,2026-05-28 17:07:00,,
1340,1,em_execucao,Operador Municipal,2026-05-28 18:05:00,,
1340,3,pendente,Operador Municipal,,,Ação ainda não iniciada.
1340,4,pendente,Operador Municipal,,,Ação ainda não iniciada.
1341,1,em_execucao,Operador Municipal,2026-05-28 18:05:00,,
1341,3,concluido,Operador Municipal,2026-05-28 18:07:00,2026-05-28 20:27:00,
1341,4,pendente,Operador Municipal,,,Ação ainda não iniciada.
1342,5,em_execucao,Operador Municipal,2026-05-28 18:23:00,,
1342,6,concluido,Operador Municipal,2026-05-28 18:18:00,2026-05-28 20:10:00,
1342,7,concluido,Operador Municipal,2026-05-28 18:15:00,2026-05-28 19:38:00,
1342,8,em_execucao,Operador Municipal,2026-05-28 18:10:00,,
1343,1,concluido,Operador Municipal,2026-05-28 19:17:00,2026-05-28 21:38:00,
1343,3,em_execucao,Operador Municipal,2026-05-28 19:05:00,,
1343,4,pendente,Operador Municipal,,,Ação ainda não iniciada.
1344,3,concluido,Operador Municipal,2026-05-28 19:14:00,2026-05-28 20:18:00,
1344,5,concluido,Operador Municipal,2026-05-28 19:08:00,2026-05-28 20:57:00,
1344,6,em_execucao,Operador Municipal,2026-05-28 19:24:00,,
1345,1,pendente,Operador Municipal,,,Ação ainda não iniciada.
1345,3,concluido,Operador Municipal,2026-05-28 20:22:00,2026-05-28 22:22:00,
1345,4,em_execucao,Operador Municipal,2026-05-28 20:12:00,,
1346,3,concluido,Operador Municipal,2026-05-28 20:20:00,2026-05-28 21:25:00,
1346,5,em_execucao,Operador Municipal,2026-05-28 20:28:00,,
1346,6,em_execucao,Operador Municipal,2026-05-28 20:25:00,,
1347,1,pendente,Operador Municipal,,,Ação ainda não iniciada.
1347,3,pendente,Operador Municipal,,,Ação ainda não iniciada.
1347,4,pendente,Operador Municipal,,,Ação ainda não iniciada.
1348,1,concluido,Operador Municipal,2026-05-28 21:12:00,2026-05-28 23:36:00,
1348,3,concluido,Operador Municipal,2026-05-28 21:22:00,2026-05-29 00:10:00,
1348,4,pendente,Operador Municipal,,,Ação ainda não iniciada.
1349,3,concluido,Operador Municipal,2026-05-28 21:10:00,2026-05-28 23:12:00,
1349,5,em_execucao,Operador Municipal,2026-05-28 21:26:00,,
1349,6,concluido,Operador Municipal,2026-05-28 21:25:00,2026-05-28 22:50:00,
1350,1,pendente,Operador Municipal,,,Ação ainda não iniciada.
1350,3,pendente,Operador Municipal,,,Ação ainda não iniciada.
1350,4,pendente,Operador Municipal,,,Ação ainda não iniciada.
1351,3,em_execucao,Operador Municipal,2026-05-28 23:05:00,,
1351,5,concluido,Operador Municipal,2026-05-28 23:21:00,2026-05-29 02:21:00,
1351,6,em_execucao,Operador Municipal,2026-05-28 23:17:00,,
1352,1,pendente,Operador Municipal,,,Ação ainda não iniciada.
1352,2,concluido,Operador Municipal,2026-05-29 00:08:00,2026-05-29 01:25:00,
1353,1,pendente,Operador Municipal,,,Ação ainda não iniciada.
1353,3,pendente,Operador Municipal,,,Ação ainda não iniciada.
1353,4,concluido,Operador Municipal,2026-05-29 00:13:00,2026-05-29 02:10:00,
1354,1,concluido,Operador Municipal,2026-05-29 01:22:00,2026-05-29 03:01:00,
1354,3,concluido,Operador Municipal,2026-05-29 01:23:00,2026-05-29 02:21:00,
1354,4,em_execucao,Operador Municipal,2026-05-29 01:12:00,,
1355,1,pendente,Operador Municipal,,,Ação ainda não iniciada.
1355,3,em_execucao,Operador Municipal,2026-05-29 01:11:00,,
1355,4,em_execucao,Operador Municipal,2026-05-29 01:17:00,,
1356,3,em_execucao,Operador Municipal,2026-05-29 01:07:00,,
1356,5,em_execucao,Operador Municipal,2026-05-29 01:10:00,,
1356,6,concluido,Operador Municipal,2026-05-29 01:05:00,2026-05-29 01:39:00,
1357,1,pendente,Operador Municipal,,,Ação ainda não iniciada.
1357,3,em_execucao,Operador Municipal,2026-05-29 02:12:00,,
1357,4,concluido,Operador Municipal,2026-05-29 02:10:00,2026-05-29 02:58:00,
1358,1,pendente,Operador Municipal,,,Ação ainda não iniciada.
1358,3,pendente,Operador Municipal,,,Ação ainda não iniciada.
1358,4,concluido,Operador Municipal,2026-05-29 02:28:00,2026-05-29 03:44:00,
1359,1,pendente,Operador Municipal,,,Ação ainda não iniciada.
1359,3,concluido,Operador Municipal,2026-05-29 02:11:00,2026-05-29 05:05:00,
1359,4,pendente,Operador Municipal,,,Ação ainda não iniciada.
1360,1,em_execucao,Operador Municipal,2026-05-29 03:16:00,,
1360,3,pendente,Operador Municipal,,,Ação ainda não iniciada.
1360,4,concluido,Operador Municipal,2026-05-29 03:21:00,2026-05-29 05:19:00,
1361,1,pendente,Operador Municipal,,,Ação ainda não iniciada.
1361,3,em_execucao,Operador Municipal,2026-05-29 04:23:00,,
1361,4,em_execucao,Operador Municipal,2026-05-29 04:13:00,,
1362,1,pendente,Operador Municipal,,,Ação ainda não iniciada.
1362,3,pendente,Operador Municipal,,,Ação ainda não iniciada.
1362,4,pendente,Operador Municipal,,,Ação ainda não iniciada.
1363,1,pendente,Operador Municipal,,,Ação ainda não iniciada.
1363,3,pendente,Operador Municipal,,,Ação ainda não iniciada.
1363,4,pendente,Operador Municipal,,,Ação ainda não iniciada.
1364,1,pendente,Operador Municipal,,,Ação ainda não iniciada.
1364,3,concluido,Operador Municipal,2026-05-29 05:12:00,2026-05-29 06:28:00,
1364,4,pendente,Operador Municipal,,,Ação ainda não iniciada.
1365,3,concluido,Operador Municipal,2026-05-29 06:12:00,2026-05-29 08:01:00,
1365,5,em_execucao,Operador Municipal,2026-05-29 06:25:00,,
1365,6,pendente,Operador Municipal,,,Ação ainda não iniciada.
1366,3,pendente,Operador Municipal,,,Ação ainda não iniciada.
1366,5,concluido,Operador Municipal,2026-05-29 07:29:00,2026-05-29 09:43:00,
1366,6,em_execucao,Operador Municipal,2026-05-29 07:22:00,,
1367,1,em_execucao,Operador Municipal,2026-05-29 07:21:00,,
1367,2,concluido,Operador Municipal,2026-05-29 07:07:00,2026-05-29 09:46:00,
1368,1,em_execucao,Operador Municipal,2026-05-29 07:30:00,,
1368,3,concluido,Operador Municipal,2026-05-29 07:10:00,2026-05-29 08:28:00,
1368,4,em_execucao,Operador Municipal,2026-05-29 07:30:00,,
1369,3,concluido,Operador Municipal,2026-05-29 08:25:00,2026-05-29 10:14:00,
1369,5,concluido,Operador Municipal,2026-05-29 08:18:00,2026-05-29 10:02:00,
1369,6,pendente,Operador Municipal,,,Ação ainda não iniciada.
1370,1,pendente,Operador Municipal,,,Ação ainda não iniciada.
1370,3,em_execucao,Operador Municipal,2026-05-29 08:11:00,,
1370,4,pendente,Operador Municipal,,,Ação ainda não iniciada.
1371,1,pendente,Operador Municipal,,,Ação ainda não iniciada.
1371,3,em_execucao,Operador Municipal,2026-05-29 09:22:00,,
1371,4,em_execucao,Operador Municipal,2026-05-29 09:22:00,,
1372,1,em_execucao,Operador Municipal,2026-05-29 09:25:00,,
1372,3,em_execucao,Operador Municipal,2026-05-29 09:21:00,,
1372,4,em_execucao,Operador Municipal,2026-05-29 09:14:00,,
1373,1,concluido,Operador Municipal,2026-05-29 10:30:00,2026-05-29 12:54:00,
1373,3,em_execucao,Operador Municipal,2026-05-29 10:28:00,,
1373,4,pendente,Operador Municipal,,,Ação ainda não iniciada.
1374,3,pendente,Operador Municipal,,,Ação ainda não iniciada.
1374,5,em_execucao,Operador Municipal,2026-05-29 11:17:00,,
1374,6,em_execucao,Operador Municipal,2026-05-29 11:17:00,,
1375,1,pendente,Operador Municipal,,,Ação ainda não iniciada.
1375,3,pendente,Operador Municipal,,,Ação ainda não iniciada.
1375,4,pendente,Operador Municipal,,,Ação ainda não iniciada.
1376,1,pendente,Operador Municipal,,,Ação ainda não iniciada.
1376,3,em_execucao,Operador Municipal,2026-05-29 11:25:00,,
1376,4,pendente,Operador Municipal,,,Ação ainda não iniciada.
1377,1,pendente,Operador Municipal,,,Ação ainda não iniciada.
1377,3,pendente,Operador Municipal,,,Ação ainda não iniciada.
1377,4,em_execucao,Operador Municipal,2026-05-29 12:27:00,,
1378,3,pendente,Operador Municipal,,,Ação ainda não iniciada.
1378,5,em_execucao,Operador Municipal,2026-05-29 12:27:00,,
1378,6,em_execucao,Operador Municipal,2026-05-29 12:16:00,,
1379,1,pendente,Operador Municipal,,,Ação ainda não iniciada.
1379,3,pendente,Operador Municipal,,,Ação ainda não iniciada.
1379,4,pendente,Operador Municipal,,,Ação ainda não iniciada.
1380,3,concluido,Operador Municipal,2026-05-29 12:20:00,2026-05-29 14:53:00,
1380,5,em_execucao,Operador Municipal,2026-05-29 12:20:00,,
1380,6,pendente,Operador Municipal,,,Ação ainda não iniciada.
1381,3,concluido,Operador Municipal,2026-05-29 13:14:00,2026-05-29 15:22:00,
1381,5,em_execucao,Operador Municipal,2026-05-29 13:05:00,,
1381,6,em_execucao,Operador Municipal,2026-05-29 13:05:00,,
1382,1,concluido,Operador Municipal,2026-05-29 13:12:00,2026-05-29 13:52:00,
1382,3,pendente,Operador Municipal,,,Ação ainda não iniciada.
1382,4,pendente,Operador Municipal,,,Ação ainda não iniciada.
1383,1,pendente,Operador Municipal,,,Ação ainda não iniciada.
1383,3,concluido,Operador Municipal,2026-05-29 14:20:00,2026-05-29 16:25:00,
1383,4,pendente,Operador Municipal,,,Ação ainda não iniciada.
1384,1,pendente,Operador Municipal,,,Ação ainda não iniciada.
1384,3,concluido,Operador Municipal,2026-05-29 15:26:00,2026-05-29 16:48:00,
1384,4,concluido,Operador Municipal,2026-05-29 15:10:00,2026-05-29 15:43:00,
1385,5,pendente,Operador Municipal,,,Ação ainda não iniciada.
1385,6,em_execucao,Operador Municipal,2026-05-29 15:10:00,,
1385,7,concluido,Operador Municipal,2026-05-29 15:28:00,2026-05-29 16:14:00,
1385,8,em_execucao,Operador Municipal,2026-05-29 15:30:00,,
1386,3,em_execucao,Operador Municipal,2026-05-29 16:07:00,,
1386,5,em_execucao,Operador Municipal,2026-05-29 16:15:00,,
1386,6,concluido,Operador Municipal,2026-05-29 16:11:00,2026-05-29 16:46:00,
1387,3,em_execucao,Operador Municipal,2026-05-29 16:28:00,,
1387,5,pendente,Operador Municipal,,,Ação ainda não iniciada.
1387,6,em_execucao,Operador Municipal,2026-05-29 16:29:00,,
1388,3,concluido,Operador Municipal,2026-05-29 17:21:00,2026-05-29 18:34:00,
1388,5,em_execucao,Operador Municipal,2026-05-29 17:22:00,,
1388,6,em_execucao,Operador Municipal,2026-05-29 17:19:00,,
1389,3,em_execucao,Operador Municipal,2026-05-29 17:14:00,,
1389,5,em_execucao,Operador Municipal,2026-05-29 17:09:00,,
1389,6,concluido,Operador Municipal,2026-05-29 17:30:00,2026-05-29 19:07:00,
1390,3,em_execucao,Operador Municipal,2026-05-29 18:06:00,,
1390,5,em_execucao,Operador Municipal,2026-05-29 18:07:00,,
1390,6,concluido,Operador Municipal,2026-05-29 18:22:00,2026-05-29 20:50:00,
1391,1,pendente,Operador Municipal,,,Ação ainda não iniciada.
1391,3,em_execucao,Operador Municipal,2026-05-29 18:12:00,,
1391,4,pendente,Operador Municipal,,,Ação ainda não iniciada.
1392,1,pendente,Operador Municipal,,,Ação ainda não iniciada.
1392,3,pendente,Operador Municipal,,,Ação ainda não iniciada.
1392,4,pendente,Operador Municipal,,,Ação ainda não iniciada.
1393,3,concluido,Operador Municipal,2026-05-29 20:05:00,2026-05-29 22:20:00,
1393,5,em_execucao,Operador Municipal,2026-05-29 20:23:00,,
1393,6,pendente,Operador Municipal,,,Ação ainda não iniciada.
1394,1,pendente,Operador Municipal,,,Ação ainda não iniciada.
1394,3,pendente,Operador Municipal,,,Ação ainda não iniciada.
1394,4,pendente,Operador Municipal,,,Ação ainda não iniciada.
1395,1,pendente,Operador Municipal,,,Ação ainda não iniciada.
1395,3,em_execucao,Operador Municipal,2026-05-29 21:28:00,,
1395,4,em_execucao,Operador Municipal,2026-05-29 21:15:00,,
1396,3,concluido,Operador Municipal,2026-05-29 22:11:00,2026-05-29 23:11:00,
1396,5,concluido,Operador Municipal,2026-05-29 22:30:00,2026-05-29 23:20:00,
1396,6,em_execucao,Operador Municipal,2026-05-29 22:30:00,,
1397,1,pendente,Operador Municipal,,,Ação ainda não iniciada.
1397,3,concluido,Operador Municipal,2026-05-29 22:11:00,2026-05-30 00:50:00,
1397,4,em_execucao,Operador Municipal,2026-05-29 22:11:00,,
1398,3,concluido,Operador Municipal,2026-05-29 23:13:00,2026-05-30 01:04:00,
1398,5,em_execucao,Operador Municipal,2026-05-29 23:06:00,,
1398,6,concluido,Operador Municipal,2026-05-29 23:18:00,2026-05-30 01:31:00,
1399,1,concluido,Operador Municipal,2026-05-29 23:18:00,2026-05-29 23:55:00,
1399,3,em_execucao,Operador Municipal,2026-05-29 23:11:00,,
1399,4,concluido,Operador Municipal,2026-05-29 23:10:00,2026-05-30 00:57:00,
1400,1,concluido,Operador Municipal,2026-05-30 00:14:00,2026-05-30 01:33:00,
1400,3,concluido,Operador Municipal,2026-05-30 00:12:00,2026-05-30 02:24:00,
1400,4,em_execucao,Operador Municipal,2026-05-30 00:24:00,,
1401,1,pendente,Operador Municipal,,,Ação ainda não iniciada.
1401,3,pendente,Operador Municipal,,,Ação ainda não iniciada.
1401,4,em_execucao,Operador Municipal,2026-05-30 00:23:00,,
1402,1,em_execucao,Operador Municipal,2026-05-30 01:20:00,,
1402,3,pendente,Operador Municipal,,,Ação ainda não iniciada.
1402,4,concluido,Operador Municipal,2026-05-30 01:16:00,2026-05-30 03:54:00,
1403,1,concluido,Operador Municipal,2026-05-30 01:05:00,2026-05-30 01:38:00,
1403,3,em_execucao,Operador Municipal,2026-05-30 01:21:00,,
1403,4,concluido,Operador Municipal,2026-05-30 01:16:00,2026-05-30 03:17:00,
1404,3,em_execucao,Operador Municipal,2026-05-30 02:25:00,,
1404,5,pendente,Operador Municipal,,,Ação ainda não iniciada.
1404,6,concluido,Operador Municipal,2026-05-30 02:10:00,2026-05-30 02:56:00,
1405,3,em_execucao,Operador Municipal,2026-05-30 03:15:00,,
1405,5,concluido,Operador Municipal,2026-05-30 03:30:00,2026-05-30 04:40:00,
1405,6,concluido,Operador Municipal,2026-05-30 03:25:00,2026-05-30 05:40:00,
1406,1,pendente,Operador Municipal,,,Ação ainda não iniciada.
1406,3,pendente,Operador Municipal,,,Ação ainda não iniciada.
1406,4,pendente,Operador Municipal,,,Ação ainda não iniciada.
1407,1,concluido,Operador Municipal,2026-05-30 04:13:00,2026-05-30 05:08:00,
1407,3,pendente,Operador Municipal,,,Ação ainda não iniciada.
1407,4,em_execucao,Operador Municipal,2026-05-30 04:13:00,,
1408,1,concluido,Operador Municipal,2026-05-30 05:27:00,2026-05-30 07:30:00,
1408,2,em_execucao,Operador Municipal,2026-05-30 05:23:00,,
1409,1,concluido,Operador Municipal,2026-05-30 06:29:00,2026-05-30 07:51:00,
1409,3,em_execucao,Operador Municipal,2026-05-30 06:24:00,,
1409,4,pendente,Operador Municipal,,,Ação ainda não iniciada.
1410,1,pendente,Operador Municipal,,,Ação ainda não iniciada.
1410,3,concluido,Operador Municipal,2026-05-30 07:13:00,2026-05-30 09:12:00,
1410,4,em_execucao,Operador Municipal,2026-05-30 07:13:00,,
1411,1,pendente,Operador Municipal,,,Ação ainda não iniciada.
1411,3,em_execucao,Operador Municipal,2026-05-30 08:25:00,,
1411,4,concluido,Operador Municipal,2026-05-30 08:08:00,2026-05-30 09:24:00,
1412,1,pendente,Operador Municipal,,,Ação ainda não iniciada.
1412,3,concluido,Operador Municipal,2026-05-30 08:22:00,2026-05-30 11:02:00,
1412,4,concluido,Operador Municipal,2026-05-30 08:18:00,2026-05-30 10:21:00,
1413,1,pendente,Operador Municipal,,,Ação ainda não iniciada.
1413,3,pendente,Operador Municipal,,,Ação ainda não iniciada.
1413,4,pendente,Operador Municipal,,,Ação ainda não iniciada.
1414,5,em_execucao,Operador Municipal,2026-05-30 09:07:00,,
1414,6,pendente,Operador Municipal,,,Ação ainda não iniciada.
1414,7,concluido,Operador Municipal,2026-05-30 09:18:00,2026-05-30 11:39:00,
1414,8,em_execucao,Operador Municipal,2026-05-30 09:26:00,,
1415,1,pendente,Operador Municipal,,,Ação ainda não iniciada.
1415,3,pendente,Operador Municipal,,,Ação ainda não iniciada.
1415,4,em_execucao,Operador Municipal,2026-05-30 09:09:00,,
1416,3,concluido,Operador Municipal,2026-05-30 10:27:00,2026-05-30 12:12:00,
1416,5,em_execucao,Operador Municipal,2026-05-30 10:19:00,,
1416,6,concluido,Operador Municipal,2026-05-30 10:21:00,2026-05-30 11:01:00,
1417,1,concluido,Operador Municipal,2026-05-30 10:19:00,2026-05-30 13:02:00,
1417,3,pendente,Operador Municipal,,,Ação ainda não iniciada.
1417,4,pendente,Operador Municipal,,,Ação ainda não iniciada.
1418,1,em_execucao,Operador Municipal,2026-05-30 10:28:00,,
1418,3,pendente,Operador Municipal,,,Ação ainda não iniciada.
1418,4,pendente,Operador Municipal,,,Ação ainda não iniciada.
1419,1,pendente,Operador Municipal,,,Ação ainda não iniciada.
1419,3,pendente,Operador Municipal,,,Ação ainda não iniciada.
1419,4,pendente,Operador Municipal,,,Ação ainda não iniciada.
1420,1,em_execucao,Operador Municipal,2026-05-30 12:30:00,,
1420,3,em_execucao,Operador Municipal,2026-05-30 12:24:00,,
1420,4,pendente,Operador Municipal,,,Ação ainda não iniciada.
1421,1,concluido,Operador Municipal,2026-05-30 12:10:00,2026-05-30 13:57:00,
1421,2,pendente,Operador Municipal,,,Ação ainda não iniciada.
1422,1,pendente,Operador Municipal,,,Ação ainda não iniciada.
1422,3,pendente,Operador Municipal,,,Ação ainda não iniciada.
1422,4,em_execucao,Operador Municipal,2026-05-30 13:07:00,,
1423,1,em_execucao,Operador Municipal,2026-05-30 13:10:00,,
1423,3,pendente,Operador Municipal,,,Ação ainda não iniciada.
1423,4,concluido,Operador Municipal,2026-05-30 13:20:00,2026-05-30 15:15:00,
1424,1,concluido,Operador Municipal,2026-05-30 13:16:00,2026-05-30 13:59:00,
1424,3,concluido,Operador Municipal,2026-05-30 13:28:00,2026-05-30 14:23:00,
1424,4,em_execucao,Operador Municipal,2026-05-30 13:11:00,,
1425,1,pendente,Operador Municipal,,,Ação ainda não iniciada.
1425,3,pendente,Operador Municipal,,,Ação ainda não iniciada.
1425,4,em_execucao,Operador Municipal,2026-05-30 14:17:00,,
1426,3,concluido,Operador Municipal,2026-05-30 14:17:00,2026-05-30 16:03:00,
1426,5,em_execucao,Operador Municipal,2026-05-30 14:25:00,,
1426,6,concluido,Operador Municipal,2026-05-30 14:09:00,2026-05-30 15:16:00,
1427,1,pendente,Operador Municipal,,,Ação ainda não iniciada.
1427,3,concluido,Operador Municipal,2026-05-30 15:19:00,2026-05-30 16:03:00,
1427,4,concluido,Operador Municipal,2026-05-30 15:23:00,2026-05-30 16:47:00,
1428,1,concluido,Operador Municipal,2026-05-30 16:21:00,2026-05-30 19:15:00,
1428,3,concluido,Operador Municipal,2026-05-30 16:11:00,2026-05-30 17:25:00,
1428,4,pendente,Operador Municipal,,,Ação ainda não iniciada.
1429,1,pendente,Operador Municipal,,,Ação ainda não iniciada.
1429,3,concluido,Operador Municipal,2026-05-30 17:14:00,2026-05-30 20:05:00,
1429,4,concluido,Operador Municipal,2026-05-30 17:28:00,2026-05-30 18:34:00,
1430,3,concluido,Operador Municipal,2026-05-30 17:29:00,2026-05-30 17:59:00,
1430,5,concluido,Operador Municipal,2026-05-30 17:07:00,2026-05-30 19:45:00,
1430,6,concluido,Operador Municipal,2026-05-30 17:19:00,2026-05-30 18:26:00,
1431,1,concluido,Operador Municipal,2026-05-30 18:24:00,2026-05-30 20:25:00,
1431,3,em_execucao,Operador Municipal,2026-05-30 18:28:00,,
1431,4,pendente,Operador Municipal,,,Ação ainda não iniciada.
1432,1,em_execucao,Operador Municipal,2026-05-30 19:06:00,,
1432,3,pendente,Operador Municipal,,,Ação ainda não iniciada.
1432,4,em_execucao,Operador Municipal,2026-05-30 19:05:00,,
1433,1,concluido,Operador Municipal,2026-05-30 19:28:00,2026-05-30 20:08:00,
1433,3,pendente,Operador Municipal,,,Ação ainda não iniciada.
1433,4,em_execucao,Operador Municipal,2026-05-30 19:18:00,,
1434,1,concluido,Operador Municipal,2026-05-30 19:27:00,2026-05-30 21:49:00,
1434,2,pendente,Operador Municipal,,,Ação ainda não iniciada.
1435,5,em_execucao,Operador Municipal,2026-05-30 20:12:00,,
1435,6,concluido,Operador Municipal,2026-05-30 20:10:00,2026-05-30 23:07:00,
1435,7,em_execucao,Operador Municipal,2026-05-30 20:27:00,,
1435,8,concluido,Operador Municipal,2026-05-30 20:06:00,2026-05-30 21:54:00,
1436,5,concluido,Operador Municipal,2026-05-30 21:07:00,2026-05-30 22:01:00,
1436,6,em_execucao,Operador Municipal,2026-05-30 21:12:00,,
1436,7,concluido,Operador Municipal,2026-05-30 21:26:00,2026-05-30 23:34:00,
1436,8,concluido,Operador Municipal,2026-05-30 21:25:00,2026-05-31 00:22:00,
1437,5,em_execucao,Operador Municipal,2026-05-30 22:26:00,,
1437,6,em_execucao,Operador Municipal,2026-05-30 22:23:00,,
1437,7,em_execucao,Operador Municipal,2026-05-30 22:07:00,,
1437,8,concluido,Operador Municipal,2026-05-30 22:30:00,2026-05-31 00:35:00,
1438,1,em_execucao,Operador Municipal,2026-05-30 22:12:00,,
1438,3,pendente,Operador Municipal,,,Ação ainda não iniciada.
1438,4,pendente,Operador Municipal,,,Ação ainda não iniciada.
1439,5,em_execucao,Operador Municipal,2026-05-30 23:12:00,,
1439,6,concluido,Operador Municipal,2026-05-30 23:18:00,2026-05-31 00:34:00,
1439,7,em_execucao,Operador Municipal,2026-05-30 23:12:00,,
1439,8,concluido,Operador Municipal,2026-05-30 23:16:00,2026-05-31 01:54:00,
1440,3,em_execucao,Operador Municipal,2026-05-31 00:27:00,,
1440,5,pendente,Operador Municipal,,,Ação ainda não iniciada.
1440,6,em_execucao,Operador Municipal,2026-05-31 00:16:00,,
1441,5,pendente,Operador Municipal,,,Ação ainda não iniciada.
1441,6,em_execucao,Operador Municipal,2026-05-31 00:12:00,,
1441,7,concluido,Operador Municipal,2026-05-31 00:29:00,2026-05-31 02:22:00,
1441,8,pendente,Operador Municipal,,,Ação ainda não iniciada.
1442,1,pendente,Operador Municipal,,,Ação ainda não iniciada.
1442,3,concluido,Operador Municipal,2026-05-31 00:27:00,2026-05-31 01:03:00,
1442,4,concluido,Operador Municipal,2026-05-31 00:09:00,2026-05-31 02:48:00,
1443,3,concluido,Operador Municipal,2026-05-31 01:20:00,2026-05-31 03:36:00,
1443,5,em_execucao,Operador Municipal,2026-05-31 01:25:00,,
1443,6,em_execucao,Operador Municipal,2026-05-31 01:17:00,,
1444,5,pendente,Operador Municipal,,,Ação ainda não iniciada.
1444,6,em_execucao,Operador Municipal,2026-05-31 01:26:00,,
1444,7,concluido,Operador Municipal,2026-05-31 01:28:00,2026-05-31 04:26:00,
1444,8,concluido,Operador Municipal,2026-05-31 01:14:00,2026-05-31 04:11:00,
1445,3,pendente,Operador Municipal,,,Ação ainda não iniciada.
1445,5,em_execucao,Operador Municipal,2026-05-31 01:21:00,,
1445,6,em_execucao,Operador Municipal,2026-05-31 01:19:00,,
1446,1,pendente,Operador Municipal,,,Ação ainda não iniciada.
1446,3,pendente,Operador Municipal,,,Ação ainda não iniciada.
1446,4,pendente,Operador Municipal,,,Ação ainda não iniciada.
1447,3,em_execucao,Operador Municipal,2026-05-31 02:13:00,,
1447,5,concluido,Operador Municipal,2026-05-31 02:21:00,2026-05-31 03:50:00,
1447,6,pendente,Operador Municipal,,,Ação ainda não iniciada.
1448,1,pendente,Operador Municipal,,,Ação ainda não iniciada.
1448,3,concluido,Operador Municipal,2026-05-31 02:19:00,2026-05-31 04:16:00,
1448,4,pendente,Operador Municipal,,,Ação ainda não iniciada.
1449,3,pendente,Operador Municipal,,,Ação ainda não iniciada.
1449,5,em_execucao,Operador Municipal,2026-05-31 02:18:00,,
1449,6,concluido,Operador Municipal,2026-05-31 02:28:00,2026-05-31 03:43:00,
1450,3,concluido,Operador Municipal,2026-05-31 03:30:00,2026-05-31 04:32:00,
1450,5,concluido,Operador Municipal,2026-05-31 03:08:00,2026-05-31 03:44:00,
1450,6,em_execucao,Operador Municipal,2026-05-31 03:19:00,,
1451,5,em_execucao,Operador Municipal,2026-05-31 03:12:00,,
1451,6,em_execucao,Operador Municipal,2026-05-31 03:19:00,,
1451,7,concluido,Operador Municipal,2026-05-31 03:15:00,2026-05-31 06:09:00,
1451,8,concluido,Operador Municipal,2026-05-31 03:16:00,2026-05-31 05:56:00,
1452,5,em_execucao,Operador Municipal,2026-05-31 03:28:00,,
1452,6,em_execucao,Operador Municipal,2026-05-31 03:12:00,,
1452,7,em_execucao,Operador Municipal,2026-05-31 03:27:00,,
1452,8,concluido,Operador Municipal,2026-05-31 03:20:00,2026-05-31 04:33:00,
1453,3,concluido,Operador Municipal,2026-05-31 04:23:00,2026-05-31 05:57:00,
1453,5,pendente,Operador Municipal,,,Ação ainda não iniciada.
1453,6,em_execucao,Operador Municipal,2026-05-31 04:17:00,,
1454,3,em_execucao,Operador Municipal,2026-05-31 04:20:00,,
1454,5,pendente,Operador Municipal,,,Ação ainda não iniciada.
1454,6,concluido,Operador Municipal,2026-05-31 04:29:00,2026-05-31 05:43:00,
1455,5,pendente,Operador Municipal,,,Ação ainda não iniciada.
1455,6,em_execucao,Operador Municipal,2026-05-31 04:11:00,,
1455,7,pendente,Operador Municipal,,,Ação ainda não iniciada.
1455,8,concluido,Operador Municipal,2026-05-31 04:26:00,2026-05-31 06:18:00,
1456,1,em_execucao,Operador Municipal,2026-05-31 04:23:00,,
1456,3,pendente,Operador Municipal,,,Ação ainda não iniciada.
1456,4,pendente,Operador Municipal,,,Ação ainda não iniciada.
1457,3,em_execucao,Operador Municipal,2026-05-31 05:17:00,,
1457,5,em_execucao,Operador Municipal,2026-05-31 05:05:00,,
1457,6,concluido,Operador Municipal,2026-05-31 05:26:00,2026-05-31 06:34:00,
1458,5,concluido,Operador Municipal,2026-05-31 05:26:00,2026-05-31 07:12:00,
1458,6,pendente,Operador Municipal,,,Ação ainda não iniciada.
1458,7,concluido,Operador Municipal,2026-05-31 05:19:00,2026-05-31 07:51:00,
1458,8,concluido,Operador Municipal,2026-05-31 05:29:00,2026-05-31 07:00:00,
1459,3,concluido,Operador Municipal,2026-05-31 05:14:00,2026-05-31 05:49:00,
1459,5,em_execucao,Operador Municipal,2026-05-31 05:12:00,,
1459,6,em_execucao,Operador Municipal,2026-05-31 05:09:00,,
1460,1,em_execucao,Operador Municipal,2026-05-31 06:07:00,,
1460,2,concluido,Operador Municipal,2026-05-31 06:19:00,2026-05-31 06:54:00,
1461,3,em_execucao,Operador Municipal,2026-05-31 06:08:00,,
1461,5,concluido,Operador Municipal,2026-05-31 06:29:00,2026-05-31 09:05:00,
1461,6,em_execucao,Operador Municipal,2026-05-31 06:16:00,,
1462,3,em_execucao,Operador Municipal,2026-05-31 06:22:00,,
1462,5,pendente,Operador Municipal,,,Ação ainda não iniciada.
1462,6,pendente,Operador Municipal,,,Ação ainda não iniciada.
1463,1,em_execucao,Operador Municipal,2026-05-31 07:12:00,,
1463,3,pendente,Operador Municipal,,,Ação ainda não iniciada.
1463,4,pendente,Operador Municipal,,,Ação ainda não iniciada.
1464,1,pendente,Operador Municipal,,,Ação ainda não iniciada.
1464,3,pendente,Operador Municipal,,,Ação ainda não iniciada.
1464,4,pendente,Operador Municipal,,,Ação ainda não iniciada.
1465,1,pendente,Operador Municipal,,,Ação ainda não iniciada.
1465,3,pendente,Operador Municipal,,,Ação ainda não iniciada.
1465,4,concluido,Operador Municipal,2026-05-31 08:28:00,2026-05-31 11:02:00,
1466,1,pendente,Operador Municipal,,,Ação ainda não iniciada.
1466,3,em_execucao,Operador Municipal,2026-05-31 08:23:00,,
1466,4,em_execucao,Operador Municipal,2026-05-31 08:19:00,,
1467,1,em_execucao,Operador Municipal,2026-05-31 08:19:00,,
1467,3,pendente,Operador Municipal,,,Ação ainda não iniciada.
1467,4,concluido,Operador Municipal,2026-05-31 08:29:00,2026-05-31 11:19:00,
1468,1,pendente,Operador Municipal,,,Ação ainda não iniciada.
1468,3,concluido,Operador Municipal,2026-05-31 08:25:00,2026-05-31 10:31:00,
1468,4,pendente,Operador Municipal,,,Ação ainda não iniciada.
1469,1,em_execucao,Operador Municipal,2026-05-31 09:27:00,,
1469,2,concluido,Operador Municipal,2026-05-31 09:23:00,2026-05-31 11:26:00,
1470,1,concluido,Operador Municipal,2026-05-31 10:20:00,2026-05-31 12:59:00,
1470,3,pendente,Operador Municipal,,,Ação ainda não iniciada.
1470,4,concluido,Operador Municipal,2026-05-31 10:08:00,2026-05-31 11:45:00,
1471,1,pendente,Operador Municipal,,,Ação ainda não iniciada.
1471,3,em_execucao,Operador Municipal,2026-05-31 10:17:00,,
1471,4,concluido,Operador Municipal,2026-05-31 10:05:00,2026-05-31 11:28:00,
1472,5,pendente,Operador Municipal,,,Ação ainda não iniciada.
1472,6,em_execucao,Operador Municipal,2026-05-31 11:13:00,,
1472,7,pendente,Operador Municipal,,,Ação ainda não iniciada.
1472,8,pendente,Operador Municipal,,,Ação ainda não iniciada.
1473,1,em_execucao,Operador Municipal,2026-05-31 11:14:00,,
1473,3,em_execucao,Operador Municipal,2026-05-31 11:21:00,,
1473,4,em_execucao,Operador Municipal,2026-05-31 11:29:00,,
1474,3,concluido,Operador Municipal,2026-05-31 12:13:00,2026-05-31 13:50:00,
1474,5,em_execucao,Operador Municipal,2026-05-31 12:25:00,,
1474,6,pendente,Operador Municipal,,,Ação ainda não iniciada.
1475,5,concluido,Operador Municipal,2026-05-31 12:05:00,2026-05-31 13:23:00,
1475,6,concluido,Operador Municipal,2026-05-31 12:16:00,2026-05-31 14:39:00,
1475,7,concluido,Operador Municipal,2026-05-31 12:26:00,2026-05-31 14:20:00,
1475,8,concluido,Operador Municipal,2026-05-31 12:25:00,2026-05-31 13:58:00,
1476,3,concluido,Operador Municipal,2026-05-31 12:16:00,2026-05-31 15:11:00,
1476,5,em_execucao,Operador Municipal,2026-05-31 12:19:00,,
1476,6,pendente,Operador Municipal,,,Ação ainda não iniciada.
1477,3,em_execucao,Operador Municipal,2026-05-31 13:12:00,,
1477,5,concluido,Operador Municipal,2026-05-31 13:21:00,2026-05-31 16:13:00,
1477,6,em_execucao,Operador Municipal,2026-05-31 13:23:00,,
1478,5,pendente,Operador Municipal,,,Ação ainda não iniciada.
1478,6,concluido,Operador Municipal,2026-05-31 14:30:00,2026-05-31 17:15:00,
1478,7,pendente,Operador Municipal,,,Ação ainda não iniciada.
1478,8,concluido,Operador Municipal,2026-05-31 14:15:00,2026-05-31 15:10:00,
1479,5,pendente,Operador Municipal,,,Ação ainda não iniciada.
1479,6,concluido,Operador Municipal,2026-05-31 14:05:00,2026-05-31 16:43:00,
1479,7,pendente,Operador Municipal,,,Ação ainda não iniciada.
1479,8,em_execucao,Operador Municipal,2026-05-31 14:15:00,,
1480,3,concluido,Operador Municipal,2026-05-31 15:16:00,2026-05-31 17:14:00,
1480,5,concluido,Operador Municipal,2026-05-31 15:12:00,2026-05-31 17:08:00,
1480,6,concluido,Operador Municipal,2026-05-31 15:06:00,2026-05-31 17:49:00,
1481,3,concluido,Operador Municipal,2026-05-31 15:27:00,2026-05-31 16:13:00,
1481,5,em_execucao,Operador Municipal,2026-05-31 15:14:00,,
1481,6,concluido,Operador Municipal,2026-05-31 15:10:00,2026-05-31 16:29:00,
1482,5,concluido,Operador Municipal,2026-05-31 15:24:00,2026-05-31 16:20:00,
1482,6,concluido,Operador Municipal,2026-05-31 15:14:00,2026-05-31 17:42:00,
1482,7,em_execucao,Operador Municipal,2026-05-31 15:24:00,,
1482,8,concluido,Operador Municipal,2026-05-31 15:25:00,2026-05-31 18:02:00,
1483,3,concluido,Operador Municipal,2026-05-31 16:28:00,2026-05-31 18:10:00,
1483,5,pendente,Operador Municipal,,,Ação ainda não iniciada.
1483,6,em_execucao,Operador Municipal,2026-05-31 16:12:00,,
1484,1,concluido,Operador Municipal,2026-05-31 16:07:00,2026-05-31 17:55:00,
1484,3,pendente,Operador Municipal,,,Ação ainda não iniciada.
1484,4,pendente,Operador Municipal,,,Ação ainda não iniciada.
1485,5,concluido,Operador Municipal,2026-05-31 16:14:00,2026-05-31 18:51:00,
1485,6,concluido,Operador Municipal,2026-05-31 16:14:00,2026-05-31 17:30:00,
1485,7,concluido,Operador Municipal,2026-05-31 16:16:00,2026-05-31 18:03:00,
1485,8,concluido,Operador Municipal,2026-05-31 16:25:00,2026-05-31 17:04:00,
1486,3,em_execucao,Operador Municipal,2026-05-31 17:08:00,,
1486,5,pendente,Operador Municipal,,,Ação ainda não iniciada.
1486,6,em_execucao,Operador Municipal,2026-05-31 17:05:00,,
1487,1,em_execucao,Operador Municipal,2026-05-31 17:23:00,,
1487,3,em_execucao,Operador Municipal,2026-05-31 17:10:00,,
1487,4,concluido,Operador Municipal,2026-05-31 17:17:00,2026-05-31 19:44:00,
1488,3,concluido,Operador Municipal,2026-05-31 17:17:00,2026-05-31 19:32:00,
1488,5,concluido,Operador Municipal,2026-05-31 17:26:00,2026-05-31 19:15:00,
1488,6,em_execucao,Operador Municipal,2026-05-31 17:08:00,,
1489,1,pendente,Operador Municipal,,,Ação ainda não iniciada.
1489,3,concluido,Operador Municipal,2026-05-31 17:30:00,2026-05-31 18:22:00,
1489,4,pendente,Operador Municipal,,,Ação ainda não iniciada.
1490,3,em_execucao,Operador Municipal,2026-05-31 18:18:00,,
1490,5,em_execucao,Operador Municipal,2026-05-31 18:14:00,,
1490,6,em_execucao,Operador Municipal,2026-05-31 18:19:00,,
1491,3,concluido,Operador Municipal,2026-05-31 18:17:00,2026-05-31 20:51:00,
1491,5,concluido,Operador Municipal,2026-05-31 18:14:00,2026-05-31 20:26:00,
1491,6,pendente,Operador Municipal,,,Ação ainda não iniciada.
1492,1,pendente,Operador Municipal,,,Ação ainda não iniciada.
1492,3,concluido,Operador Municipal,2026-05-31 18:28:00,2026-05-31 19:32:00,
1492,4,pendente,Operador Municipal,,,Ação ainda não iniciada.
1493,1,em_execucao,Operador Municipal,2026-05-31 19:19:00,,
1493,3,em_execucao,Operador Municipal,2026-05-31 19:25:00,,
1493,4,em_execucao,Operador Municipal,2026-05-31 19:27:00,,
1494,1,concluido,Operador Municipal,2026-05-31 19:26:00,2026-05-31 20:15:00,
1494,3,concluido,Operador Municipal,2026-05-31 19:05:00,2026-05-31 20:31:00,
1494,4,pendente,Operador Municipal,,,Ação ainda não iniciada.
1495,3,concluido,Operador Municipal,2026-05-31 19:29:00,2026-05-31 21:26:00,
1495,5,concluido,Operador Municipal,2026-05-31 19:29:00,2026-05-31 22:28:00,
1495,6,concluido,Operador Municipal,2026-05-31 19:20:00,2026-05-31 20:25:00,
1496,1,pendente,Operador Municipal,,,Ação ainda não iniciada.
1496,3,pendente,Operador Municipal,,,Ação ainda não iniciada.
1496,4,em_execucao,Operador Municipal,2026-05-31 20:28:00,,
1497,3,concluido,Operador Municipal,2026-05-31 21:19:00,2026-05-31 22:12:00,
1497,5,em_execucao,Operador Municipal,2026-05-31 21:29:00,,
1497,6,em_execucao,Operador Municipal,2026-05-31 21:20:00,,
1498,1,pendente,Operador Municipal,,,Ação ainda não iniciada.
1498,3,concluido,Operador Municipal,2026-05-31 21:08:00,2026-05-31 23:12:00,
1498,4,pendente,Operador Municipal,,,Ação ainda não iniciada.
1499,3,em_execucao,Operador Municipal,2026-05-31 23:29:00,,
1499,5,em_execucao,Operador Municipal,2026-05-31 23:21:00,,
1499,6,concluido,Operador Municipal,2026-05-31 23:30:00,2026-06-01 00:43:00,
1500,3,em_execucao,Operador Municipal,2026-06-01 00:09:00,,
1500,5,em_execucao,Operador Municipal,2026-06-01 00:22:00,,
1500,6,concluido,Operador Municipal,2026-06-01 00:18:00,2026-06-01 01:43:00,
1501,1,em_execucao,Operador Municipal,2026-06-01 00:18:00,,
1501,3,em_execucao,Operador Municipal,2026-06-01 00:16:00,,
1501,4,pendente,Operador Municipal,,,Ação ainda não iniciada.
1502,5,em_execucao,Operador Municipal,2026-06-01 01:11:00,,
1502,6,concluido,Operador Municipal,2026-06-01 01:26:00,2026-06-01 02:37:00,
1502,7,pendente,Operador Municipal,,,Ação ainda não iniciada.
1502,8,concluido,Operador Municipal,2026-06-01 01:05:00,2026-06-01 04:05:00,
1503,3,concluido,Operador Municipal,2026-06-01 01:18:00,2026-06-01 01:53:00,
1503,5,concluido,Operador Municipal,2026-06-01 01:25:00,2026-06-01 03:27:00,
1503,6,concluido,Operador Municipal,2026-06-01 01:10:00,2026-06-01 02:43:00,
1504,5,em_execucao,Operador Municipal,2026-06-01 02:29:00,,
1504,6,em_execucao,Operador Municipal,2026-06-01 02:07:00,,
1504,7,em_execucao,Operador Municipal,2026-06-01 02:13:00,,
1504,8,concluido,Operador Municipal,2026-06-01 02:05:00,2026-06-01 04:56:00,
1505,3,em_execucao,Operador Municipal,2026-06-01 02:19:00,,
1505,5,em_execucao,Operador Municipal,2026-06-01 02:24:00,,
1505,6,concluido,Operador Municipal,2026-06-01 02:13:00,2026-06-01 03:32:00,
1506,3,pendente,Operador Municipal,,,Ação ainda não iniciada.
1506,5,em_execucao,Operador Municipal,2026-06-01 02:11:00,,
1506,6,em_execucao,Operador Municipal,2026-06-01 02:17:00,,
1507,3,concluido,Operador Municipal,2026-06-01 02:24:00,2026-06-01 03:17:00,
1507,5,concluido,Operador Municipal,2026-06-01 02:28:00,2026-06-01 04:54:00,
1507,6,concluido,Operador Municipal,2026-06-01 02:28:00,2026-06-01 03:43:00,
1508,5,concluido,Operador Municipal,2026-06-01 03:17:00,2026-06-01 05:22:00,
1508,6,em_execucao,Operador Municipal,2026-06-01 03:06:00,,
1508,7,concluido,Operador Municipal,2026-06-01 03:20:00,2026-06-01 03:52:00,
1508,8,em_execucao,Operador Municipal,2026-06-01 03:08:00,,
1509,1,em_execucao,Operador Municipal,2026-06-01 03:19:00,,
1509,3,pendente,Operador Municipal,,,Ação ainda não iniciada.
1509,4,pendente,Operador Municipal,,,Ação ainda não iniciada.
1510,5,concluido,Operador Municipal,2026-06-01 03:09:00,2026-06-01 06:01:00,
1510,6,em_execucao,Operador Municipal,2026-06-01 03:19:00,,
1510,7,pendente,Operador Municipal,,,Ação ainda não iniciada.
1510,8,em_execucao,Operador Municipal,2026-06-01 03:08:00,,
1511,3,pendente,Operador Municipal,,,Ação ainda não iniciada.
1511,5,em_execucao,Operador Municipal,2026-06-01 03:05:00,,
1511,6,pendente,Operador Municipal,,,Ação ainda não iniciada.
1512,5,em_execucao,Operador Municipal,2026-06-01 04:23:00,,
1512,6,concluido,Operador Municipal,2026-06-01 04:11:00,2026-06-01 06:49:00,
1512,7,concluido,Operador Municipal,2026-06-01 04:14:00,2026-06-01 04:46:00,
1512,8,concluido,Operador Municipal,2026-06-01 04:16:00,2026-06-01 06:49:00,
1513,3,concluido,Operador Municipal,2026-06-01 04:11:00,2026-06-01 06:15:00,
1513,5,pendente,Operador Municipal,,,Ação ainda não iniciada.
1513,6,pendente,Operador Municipal,,,Ação ainda não iniciada.
1514,5,concluido,Operador Municipal,2026-06-01 04:20:00,2026-06-01 05:46:00,
1514,6,concluido,Operador Municipal,2026-06-01 04:12:00,2026-06-01 05:07:00,
1514,7,em_execucao,Operador Municipal,2026-06-01 04:22:00,,
1514,8,concluido,Operador Municipal,2026-06-01 04:20:00,2026-06-01 05:39:00,
1515,3,concluido,Operador Municipal,2026-06-01 04:27:00,2026-06-01 06:26:00,
1515,5,concluido,Operador Municipal,2026-06-01 04:07:00,2026-06-01 06:10:00,
1515,6,concluido,Operador Municipal,2026-06-01 04:22:00,2026-06-01 05:35:00,
1516,5,pendente,Operador Municipal,,,Ação ainda não iniciada.
1516,6,em_execucao,Operador Municipal,2026-06-01 05:08:00,,
1516,7,em_execucao,Operador Municipal,2026-06-01 05:23:00,,
1516,8,em_execucao,Operador Municipal,2026-06-01 05:28:00,,
1517,1,pendente,Operador Municipal,,,Ação ainda não iniciada.
1517,3,em_execucao,Operador Municipal,2026-06-01 05:23:00,,
1517,4,pendente,Operador Municipal,,,Ação ainda não iniciada.
1518,5,concluido,Operador Municipal,2026-06-01 05:28:00,2026-06-01 06:35:00,
1518,6,pendente,Operador Municipal,,,Ação ainda não iniciada.
1518,7,em_execucao,Operador Municipal,2026-06-01 05:22:00,,
1518,8,concluido,Operador Municipal,2026-06-01 05:15:00,2026-06-01 07:29:00,
1519,3,em_execucao,Operador Municipal,2026-06-01 05:27:00,,
1519,5,pendente,Operador Municipal,,,Ação ainda não iniciada.
1519,6,concluido,Operador Municipal,2026-06-01 05:16:00,2026-06-01 07:23:00,
1520,5,concluido,Operador Municipal,2026-06-01 06:17:00,2026-06-01 08:42:00,
1520,6,concluido,Operador Municipal,2026-06-01 06:13:00,2026-06-01 07:40:00,
1520,7,em_execucao,Operador Municipal,2026-06-01 06:22:00,,
1520,8,em_execucao,Operador Municipal,2026-06-01 06:07:00,,
1521,5,pendente,Operador Municipal,,,Ação ainda não iniciada.
1521,6,concluido,Operador Municipal,2026-06-01 06:25:00,2026-06-01 09:12:00,
1521,7,em_execucao,Operador Municipal,2026-06-01 06:15:00,,
1521,8,concluido,Operador Municipal,2026-06-01 06:30:00,2026-06-01 07:53:00,
1522,3,concluido,Operador Municipal,2026-06-01 06:26:00,2026-06-01 07:51:00,
1522,5,concluido,Operador Municipal,2026-06-01 06:22:00,2026-06-01 07:51:00,
1522,6,concluido,Operador Municipal,2026-06-01 06:21:00,2026-06-01 08:07:00,
1523,5,concluido,Operador Municipal,2026-06-01 07:13:00,2026-06-01 08:01:00,
1523,6,concluido,Operador Municipal,2026-06-01 07:06:00,2026-06-01 08:28:00,
1523,7,concluido,Operador Municipal,2026-06-01 07:06:00,2026-06-01 08:46:00,
1523,8,em_execucao,Operador Municipal,2026-06-01 07:30:00,,
1524,1,pendente,Operador Municipal,,,Ação ainda não iniciada.
1524,3,pendente,Operador Municipal,,,Ação ainda não iniciada.
1524,4,concluido,Operador Municipal,2026-06-01 07:08:00,2026-06-01 08:33:00,
1525,5,concluido,Operador Municipal,2026-06-01 07:17:00,2026-06-01 08:25:00,
1525,6,concluido,Operador Municipal,2026-06-01 07:17:00,2026-06-01 10:09:00,
1525,7,concluido,Operador Municipal,2026-06-01 07:25:00,2026-06-01 10:10:00,
1525,8,concluido,Operador Municipal,2026-06-01 07:06:00,2026-06-01 08:50:00,
1526,3,em_execucao,Operador Municipal,2026-06-01 07:08:00,,
1526,5,concluido,Operador Municipal,2026-06-01 07:11:00,2026-06-01 08:42:00,
1526,6,em_execucao,Operador Municipal,2026-06-01 07:11:00,,
1527,1,concluido,Operador Municipal,2026-06-01 08:22:00,2026-06-01 10:57:00,
1527,3,em_execucao,Operador Municipal,2026-06-01 08:24:00,,
1527,4,em_execucao,Operador Municipal,2026-06-01 08:17:00,,
1528,5,em_execucao,Operador Municipal,2026-06-01 08:10:00,,
1528,6,concluido,Operador Municipal,2026-06-01 08:13:00,2026-06-01 09:18:00,
1528,7,concluido,Operador Municipal,2026-06-01 08:08:00,2026-06-01 09:23:00,
1528,8,concluido,Operador Municipal,2026-06-01 08:21:00,2026-06-01 11:06:00,
1529,5,concluido,Operador Municipal,2026-06-01 08:26:00,2026-06-01 09:00:00,
1529,6,em_execucao,Operador Municipal,2026-06-01 08:06:00,,
1529,7,concluido,Operador Municipal,2026-06-01 08:13:00,2026-06-01 09:40:00,
1529,8,concluido,Operador Municipal,2026-06-01 08:16:00,2026-06-01 09:58:00,
1530,3,em_execucao,Operador Municipal,2026-06-01 09:10:00,,
1530,5,concluido,Operador Municipal,2026-06-01 09:28:00,2026-06-01 10:45:00,
1530,6,concluido,Operador Municipal,2026-06-01 09:09:00,2026-06-01 09:40:00,
1531,1,em_execucao,Operador Municipal,2026-06-01 09:11:00,,
1531,3,pendente,Operador Municipal,,,Ação ainda não iniciada.
1531,4,pendente,Operador Municipal,,,Ação ainda não iniciada.
1532,3,pendente,Operador Municipal,,,Ação ainda não iniciada.
1532,5,concluido,Operador Municipal,2026-06-01 10:25:00,2026-06-01 11:12:00,
1532,6,em_execucao,Operador Municipal,2026-06-01 10:13:00,,
1533,3,em_execucao,Operador Municipal,2026-06-01 11:18:00,,
1533,5,em_execucao,Operador Municipal,2026-06-01 11:13:00,,
1533,6,concluido,Operador Municipal,2026-06-01 11:07:00,2026-06-01 12:42:00,
1534,1,pendente,Operador Municipal,,,Ação ainda não iniciada.
1534,3,concluido,Operador Municipal,2026-06-01 11:25:00,2026-06-01 13:18:00,
1534,4,pendente,Operador Municipal,,,Ação ainda não iniciada.
1535,3,em_execucao,Operador Municipal,2026-06-01 11:13:00,,
1535,5,em_execucao,Operador Municipal,2026-06-01 11:30:00,,
1535,6,em_execucao,Operador Municipal,2026-06-01 11:28:00,,
1536,3,em_execucao,Operador Municipal,2026-06-01 12:18:00,,
1536,5,em_execucao,Operador Municipal,2026-06-01 12:30:00,,
1536,6,em_execucao,Operador Municipal,2026-06-01 12:13:00,,
1537,1,concluido,Operador Municipal,2026-06-01 14:16:00,2026-06-01 16:39:00,
1537,3,pendente,Operador Municipal,,,Ação ainda não iniciada.
1537,4,pendente,Operador Municipal,,,Ação ainda não iniciada.
1538,3,concluido,Operador Municipal,2026-06-01 14:06:00,2026-06-01 16:19:00,
1538,5,em_execucao,Operador Municipal,2026-06-01 14:25:00,,
1538,6,concluido,Operador Municipal,2026-06-01 14:16:00,2026-06-01 16:08:00,
1539,1,pendente,Operador Municipal,,,Ação ainda não iniciada.
1539,3,concluido,Operador Municipal,2026-06-01 15:28:00,2026-06-01 17:57:00,
1539,4,concluido,Operador Municipal,2026-06-01 15:15:00,2026-06-01 17:46:00,
1540,1,pendente,Operador Municipal,,,Ação ainda não iniciada.
1540,3,concluido,Operador Municipal,2026-06-01 15:20:00,2026-06-01 17:04:00,
1540,4,pendente,Operador Municipal,,,Ação ainda não iniciada.
1541,1,concluido,Operador Municipal,2026-06-01 15:25:00,2026-06-01 16:59:00,
1541,3,em_execucao,Operador Municipal,2026-06-01 15:16:00,,
1541,4,pendente,Operador Municipal,,,Ação ainda não iniciada.
1542,1,em_execucao,Operador Municipal,2026-06-01 16:08:00,,
1542,3,concluido,Operador Municipal,2026-06-01 16:25:00,2026-06-01 18:21:00,
1542,4,pendente,Operador Municipal,,,Ação ainda não iniciada.
1543,3,em_execucao,Operador Municipal,2026-06-01 16:09:00,,
1543,5,em_execucao,Operador Municipal,2026-06-01 16:05:00,,
1543,6,concluido,Operador Municipal,2026-06-01 16:24:00,2026-06-01 17:09:00,
1544,1,pendente,Operador Municipal,,,Ação ainda não iniciada.
1544,3,concluido,Operador Municipal,2026-06-01 17:17:00,2026-06-01 19:21:00,
1544,4,pendente,Operador Municipal,,,Ação ainda não iniciada.
1545,1,em_execucao,Operador Municipal,2026-06-01 17:15:00,,
1545,3,em_execucao,Operador Municipal,2026-06-01 17:07:00,,
1545,4,pendente,Operador Municipal,,,Ação ainda não iniciada.
1546,1,em_execucao,Operador Municipal,2026-06-01 17:25:00,,
1546,3,concluido,Operador Municipal,2026-06-01 17:20:00,2026-06-01 18:29:00,
1546,4,pendente,Operador Municipal,,,Ação ainda não iniciada.
1547,1,pendente,Operador Municipal,,,Ação ainda não iniciada.
1547,3,pendente,Operador Municipal,,,Ação ainda não iniciada.
1547,4,concluido,Operador Municipal,2026-06-01 18:21:00,2026-06-01 19:46:00,
1548,1,pendente,Operador Municipal,,,Ação ainda não iniciada.
1548,3,pendente,Operador Municipal,,,Ação ainda não iniciada.
1548,4,pendente,Operador Municipal,,,Ação ainda não iniciada.
1549,1,pendente,Operador Municipal,,,Ação ainda não iniciada.
1549,3,em_execucao,Operador Municipal,2026-06-01 18:08:00,,
1549,4,concluido,Operador Municipal,2026-06-01 18:21:00,2026-06-01 21:19:00,
1550,1,pendente,Operador Municipal,,,Ação ainda não iniciada.
1550,2,concluido,Operador Municipal,2026-06-01 19:21:00,2026-06-01 21:16:00,
1551,1,em_execucao,Operador Municipal,2026-06-01 20:06:00,,
1551,3,concluido,Operador Municipal,2026-06-01 20:10:00,2026-06-01 21:30:00,
1551,4,em_execucao,Operador Municipal,2026-06-01 20:23:00,,
1552,1,concluido,Operador Municipal,2026-06-01 21:30:00,2026-06-01 23:06:00,
1552,3,pendente,Operador Municipal,,,Ação ainda não iniciada.
1552,4,concluido,Operador Municipal,2026-06-01 21:18:00,2026-06-01 22:51:00,
1553,1,pendente,Operador Municipal,,,Ação ainda não iniciada.
1553,3,concluido,Operador Municipal,2026-06-01 22:09:00,2026-06-02 00:09:00,
1553,4,concluido,Operador Municipal,2026-06-01 22:17:00,2026-06-01 23:01:00,
1554,1,pendente,Operador Municipal,,,Ação ainda não iniciada.
1554,3,em_execucao,Operador Municipal,2026-06-01 22:28:00,,
1554,4,em_execucao,Operador Municipal,2026-06-01 22:10:00,,
1555,3,em_execucao,Operador Municipal,2026-06-01 23:08:00,,
1555,5,concluido,Operador Municipal,2026-06-01 23:19:00,2026-06-02 00:01:00,
1555,6,em_execucao,Operador Municipal,2026-06-01 23:07:00,,
1556,1,concluido,Operador Municipal,2026-06-01 23:20:00,2026-06-02 01:39:00,
1556,3,pendente,Operador Municipal,,,Ação ainda não iniciada.
1556,4,pendente,Operador Municipal,,,Ação ainda não iniciada.
1557,3,concluido,Operador Municipal,2026-06-02 00:26:00,2026-06-02 01:03:00,
1557,5,em_execucao,Operador Municipal,2026-06-02 00:07:00,,
1557,6,pendente,Operador Municipal,,,Ação ainda não iniciada.
1558,1,em_execucao,Operador Municipal,2026-06-02 01:29:00,,
1558,3,em_execucao,Operador Municipal,2026-06-02 01:15:00,,
1558,4,concluido,Operador Municipal,2026-06-02 01:16:00,2026-06-02 02:40:00,
1559,3,concluido,Operador Municipal,2026-06-02 01:23:00,2026-06-02 04:22:00,
1559,5,concluido,Operador Municipal,2026-06-02 01:28:00,2026-06-02 04:19:00,
1559,6,em_execucao,Operador Municipal,2026-06-02 01:10:00,,
1560,1,pendente,Operador Municipal,,,Ação ainda não iniciada.
1560,3,em_execucao,Operador Municipal,2026-06-02 02:08:00,,
1560,4,em_execucao,Operador Municipal,2026-06-02 02:29:00,,
1561,1,pendente,Operador Municipal,,,Ação ainda não iniciada.
1561,3,pendente,Operador Municipal,,,Ação ainda não iniciada.
1561,4,concluido,Operador Municipal,2026-06-02 02:24:00,2026-06-02 03:19:00,
1562,3,em_execucao,Operador Municipal,2026-06-02 02:11:00,,
1562,5,em_execucao,Operador Municipal,2026-06-02 02:19:00,,
1562,6,em_execucao,Operador Municipal,2026-06-02 02:19:00,,
1563,1,concluido,Operador Municipal,2026-06-02 02:25:00,2026-06-02 03:48:00,
1563,2,pendente,Operador Municipal,,,Ação ainda não iniciada.
1564,5,em_execucao,Operador Municipal,2026-06-02 03:09:00,,
1564,6,em_execucao,Operador Municipal,2026-06-02 03:29:00,,
1564,7,concluido,Operador Municipal,2026-06-02 03:17:00,2026-06-02 04:47:00,
1564,8,em_execucao,Operador Municipal,2026-06-02 03:27:00,,
1565,1,em_execucao,Operador Municipal,2026-06-02 04:15:00,,
1565,3,pendente,Operador Municipal,,,Ação ainda não iniciada.
1565,4,pendente,Operador Municipal,,,Ação ainda não iniciada.
1566,3,em_execucao,Operador Municipal,2026-06-02 04:13:00,,
1566,5,em_execucao,Operador Municipal,2026-06-02 04:07:00,,
1566,6,em_execucao,Operador Municipal,2026-06-02 04:18:00,,
1567,5,concluido,Operador Municipal,2026-06-02 04:16:00,2026-06-02 07:15:00,
1567,6,concluido,Operador Municipal,2026-06-02 04:25:00,2026-06-02 07:01:00,
1567,7,em_execucao,Operador Municipal,2026-06-02 04:08:00,,
1567,8,concluido,Operador Municipal,2026-06-02 04:17:00,2026-06-02 05:34:00,
1568,3,em_execucao,Operador Municipal,2026-06-02 05:22:00,,
1568,5,concluido,Operador Municipal,2026-06-02 05:18:00,2026-06-02 07:25:00,
1568,6,pendente,Operador Municipal,,,Ação ainda não iniciada.
1569,1,pendente,Operador Municipal,,,Ação ainda não iniciada.
1569,3,concluido,Operador Municipal,2026-06-02 06:18:00,2026-06-02 08:31:00,
1569,4,em_execucao,Operador Municipal,2026-06-02 06:07:00,,
1570,1,em_execucao,Operador Municipal,2026-06-02 07:26:00,,
1570,3,pendente,Operador Municipal,,,Ação ainda não iniciada.
1570,4,concluido,Operador Municipal,2026-06-02 07:21:00,2026-06-02 09:18:00,
1571,3,em_execucao,Operador Municipal,2026-06-02 07:25:00,,
1571,5,concluido,Operador Municipal,2026-06-02 07:11:00,2026-06-02 09:51:00,
1571,6,concluido,Operador Municipal,2026-06-02 07:17:00,2026-06-02 08:50:00,
1572,1,pendente,Operador Municipal,,,Ação ainda não iniciada.
1572,3,pendente,Operador Municipal,,,Ação ainda não iniciada.
1572,4,pendente,Operador Municipal,,,Ação ainda não iniciada.
1573,1,pendente,Operador Municipal,,,Ação ainda não iniciada.
1573,3,em_execucao,Operador Municipal,2026-06-02 08:29:00,,
1573,4,pendente,Operador Municipal,,,Ação ainda não iniciada.
1574,3,em_execucao,Operador Municipal,2026-06-02 09:15:00,,
1574,5,em_execucao,Operador Municipal,2026-06-02 09:20:00,,
1574,6,em_execucao,Operador Municipal,2026-06-02 09:25:00,,
1575,1,concluido,Operador Municipal,2026-06-02 10:17:00,2026-06-02 10:54:00,
1575,3,pendente,Operador Municipal,,,Ação ainda não iniciada.
1575,4,concluido,Operador Municipal,2026-06-02 10:21:00,2026-06-02 11:00:00,
1576,1,pendente,Operador Municipal,,,Ação ainda não iniciada.
1576,3,pendente,Operador Municipal,,,Ação ainda não iniciada.
1576,4,pendente,Operador Municipal,,,Ação ainda não iniciada.
1577,1,concluido,Operador Municipal,2026-06-02 10:24:00,2026-06-02 12:56:00,
1577,3,em_execucao,Operador Municipal,2026-06-02 10:05:00,,
1577,4,em_execucao,Operador Municipal,2026-06-02 10:24:00,,
1578,3,concluido,Operador Municipal,2026-06-02 11:21:00,2026-06-02 12:32:00,
1578,5,concluido,Operador Municipal,2026-06-02 11:07:00,2026-06-02 12:50:00,
1578,6,em_execucao,Operador Municipal,2026-06-02 11:15:00,,
1579,1,em_execucao,Operador Municipal,2026-06-02 11:11:00,,
1579,2,pendente,Operador Municipal,,,Ação ainda não iniciada.
1580,1,pendente,Operador Municipal,,,Ação ainda não iniciada.
1580,3,em_execucao,Operador Municipal,2026-06-02 11:11:00,,
1580,4,em_execucao,Operador Municipal,2026-06-02 11:19:00,,
1581,3,em_execucao,Operador Municipal,2026-06-02 12:16:00,,
1581,5,em_execucao,Operador Municipal,2026-06-02 12:20:00,,
1581,6,em_execucao,Operador Municipal,2026-06-02 12:29:00,,
1582,3,concluido,Operador Municipal,2026-06-02 12:27:00,2026-06-02 13:27:00,
1582,5,concluido,Operador Municipal,2026-06-02 12:23:00,2026-06-02 15:14:00,
1582,6,em_execucao,Operador Municipal,2026-06-02 12:26:00,,
1583,1,pendente,Operador Municipal,,,Ação ainda não iniciada.
1583,3,concluido,Operador Municipal,2026-06-02 13:27:00,2026-06-02 14:14:00,
1583,4,em_execucao,Operador Municipal,2026-06-02 13:14:00,,
1584,3,concluido,Operador Municipal,2026-06-02 13:28:00,2026-06-02 14:20:00,
1584,5,em_execucao,Operador Municipal,2026-06-02 13:24:00,,
1584,6,concluido,Operador Municipal,2026-06-02 13:22:00,2026-06-02 16:03:00,
1585,1,em_execucao,Operador Municipal,2026-06-02 14:20:00,,
1585,3,pendente,Operador Municipal,,,Ação ainda não iniciada.
1585,4,pendente,Operador Municipal,,,Ação ainda não iniciada.
1586,1,pendente,Operador Municipal,,,Ação ainda não iniciada.
1586,3,pendente,Operador Municipal,,,Ação ainda não iniciada.
1586,4,pendente,Operador Municipal,,,Ação ainda não iniciada.
1587,3,concluido,Operador Municipal,2026-06-02 14:16:00,2026-06-02 15:48:00,
1587,5,em_execucao,Operador Municipal,2026-06-02 14:10:00,,
1587,6,em_execucao,Operador Municipal,2026-06-02 14:27:00,,
1588,1,em_execucao,Operador Municipal,2026-06-02 15:17:00,,
1588,3,em_execucao,Operador Municipal,2026-06-02 15:24:00,,
1588,4,em_execucao,Operador Municipal,2026-06-02 15:09:00,,
1589,1,concluido,Operador Municipal,2026-06-02 15:29:00,2026-06-02 17:34:00,
1589,3,pendente,Operador Municipal,,,Ação ainda não iniciada.
1589,4,em_execucao,Operador Municipal,2026-06-02 15:22:00,,
1590,1,em_execucao,Operador Municipal,2026-06-02 16:21:00,,
1590,3,pendente,Operador Municipal,,,Ação ainda não iniciada.
1590,4,em_execucao,Operador Municipal,2026-06-02 16:18:00,,
1591,1,pendente,Operador Municipal,,,Ação ainda não iniciada.
1591,3,pendente,Operador Municipal,,,Ação ainda não iniciada.
1591,4,pendente,Operador Municipal,,,Ação ainda não iniciada.
1592,5,concluido,Operador Municipal,2026-06-02 16:20:00,2026-06-02 17:25:00,
1592,6,pendente,Operador Municipal,,,Ação ainda não iniciada.
1592,7,concluido,Operador Municipal,2026-06-02 16:18:00,2026-06-02 17:20:00,
1592,8,em_execucao,Operador Municipal,2026-06-02 16:14:00,,
1593,5,em_execucao,Operador Municipal,2026-06-02 17:19:00,,
1593,6,em_execucao,Operador Municipal,2026-06-02 17:18:00,,
1593,7,concluido,Operador Municipal,2026-06-02 17:11:00,2026-06-02 17:59:00,
1593,8,em_execucao,Operador Municipal,2026-06-02 17:14:00,,
1594,1,pendente,Operador Municipal,,,Ação ainda não iniciada.
1594,3,pendente,Operador Municipal,,,Ação ainda não iniciada.
1594,4,em_execucao,Operador Municipal,2026-06-02 17:15:00,,
1595,3,em_execucao,Operador Municipal,2026-06-02 17:17:00,,
1595,5,concluido,Operador Municipal,2026-06-02 17:28:00,2026-06-02 18:04:00,
1595,6,concluido,Operador Municipal,2026-06-02 17:07:00,2026-06-02 19:28:00,
1596,3,pendente,Operador Municipal,,,Ação ainda não iniciada.
1596,5,em_execucao,Operador Municipal,2026-06-02 17:21:00,,
1596,6,concluido,Operador Municipal,2026-06-02 17:15:00,2026-06-02 18:03:00,
1597,5,concluido,Operador Municipal,2026-06-02 18:19:00,2026-06-02 20:23:00,
1597,6,em_execucao,Operador Municipal,2026-06-02 18:27:00,,
1597,7,concluido,Operador Municipal,2026-06-02 18:28:00,2026-06-02 21:14:00,
1597,8,concluido,Operador Municipal,2026-06-02 18:21:00,2026-06-02 21:11:00,
1598,3,em_execucao,Operador Municipal,2026-06-02 18:18:00,,
1598,5,concluido,Operador Municipal,2026-06-02 18:14:00,2026-06-02 19:42:00,
1598,6,concluido,Operador Municipal,2026-06-02 18:10:00,2026-06-02 18:49:00,
1599,3,pendente,Operador Municipal,,,Ação ainda não iniciada.
1599,5,concluido,Operador Municipal,2026-06-02 18:15:00,2026-06-02 20:25:00,
1599,6,em_execucao,Operador Municipal,2026-06-02 18:22:00,,
1600,1,pendente,Operador Municipal,,,Ação ainda não iniciada.
1600,3,concluido,Operador Municipal,2026-06-02 18:13:00,2026-06-02 19:45:00,
1600,4,pendente,Operador Municipal,,,Ação ainda não iniciada.
1601,5,concluido,Operador Municipal,2026-06-02 19:30:00,2026-06-02 20:47:00,
1601,6,concluido,Operador Municipal,2026-06-02 19:29:00,2026-06-02 20:44:00,
1601,7,concluido,Operador Municipal,2026-06-02 19:11:00,2026-06-02 21:44:00,
1601,8,em_execucao,Operador Municipal,2026-06-02 19:20:00,,
1602,3,em_execucao,Operador Municipal,2026-06-02 19:24:00,,
1602,5,concluido,Operador Municipal,2026-06-02 19:06:00,2026-06-02 21:35:00,
1602,6,pendente,Operador Municipal,,,Ação ainda não iniciada.
1603,1,concluido,Operador Municipal,2026-06-02 19:21:00,2026-06-02 21:15:00,
1603,3,pendente,Operador Municipal,,,Ação ainda não iniciada.
1603,4,em_execucao,Operador Municipal,2026-06-02 19:25:00,,
1604,3,concluido,Operador Municipal,2026-06-02 19:10:00,2026-06-02 21:14:00,
1604,5,em_execucao,Operador Municipal,2026-06-02 19:24:00,,
1604,6,concluido,Operador Municipal,2026-06-02 19:25:00,2026-06-02 20:07:00,
1605,5,concluido,Operador Municipal,2026-06-02 20:20:00,2026-06-02 22:47:00,
1605,6,concluido,Operador Municipal,2026-06-02 20:11:00,2026-06-02 23:06:00,
1605,7,concluido,Operador Municipal,2026-06-02 20:22:00,2026-06-02 22:40:00,
1605,8,em_execucao,Operador Municipal,2026-06-02 20:28:00,,
1606,1,concluido,Operador Municipal,2026-06-02 20:14:00,2026-06-02 21:29:00,
1606,3,pendente,Operador Municipal,,,Ação ainda não iniciada.
1606,4,pendente,Operador Municipal,,,Ação ainda não iniciada.
1607,1,em_execucao,Operador Municipal,2026-06-02 20:28:00,,
1607,3,pendente,Operador Municipal,,,Ação ainda não iniciada.
1607,4,concluido,Operador Municipal,2026-06-02 20:15:00,2026-06-02 22:16:00,
1608,3,em_execucao,Operador Municipal,2026-06-02 20:26:00,,
1608,5,em_execucao,Operador Municipal,2026-06-02 20:22:00,,
1608,6,concluido,Operador Municipal,2026-06-02 20:05:00,2026-06-02 22:10:00,
1609,5,concluido,Operador Municipal,2026-06-02 21:20:00,2026-06-03 00:03:00,
1609,6,pendente,Operador Municipal,,,Ação ainda não iniciada.
1609,7,em_execucao,Operador Municipal,2026-06-02 21:29:00,,
1609,8,em_execucao,Operador Municipal,2026-06-02 21:14:00,,
1610,3,em_execucao,Operador Municipal,2026-06-02 21:06:00,,
1610,5,em_execucao,Operador Municipal,2026-06-02 21:18:00,,
1610,6,pendente,Operador Municipal,,,Ação ainda não iniciada.
1611,1,pendente,Operador Municipal,,,Ação ainda não iniciada.
1611,3,concluido,Operador Municipal,2026-06-02 21:22:00,2026-06-02 22:17:00,
1611,4,pendente,Operador Municipal,,,Ação ainda não iniciada.
1612,5,em_execucao,Operador Municipal,2026-06-02 22:09:00,,
1612,6,concluido,Operador Municipal,2026-06-02 22:25:00,2026-06-03 00:28:00,
1612,7,em_execucao,Operador Municipal,2026-06-02 22:09:00,,
1612,8,concluido,Operador Municipal,2026-06-02 22:11:00,2026-06-03 01:02:00,
1613,3,concluido,Operador Municipal,2026-06-02 22:26:00,2026-06-02 23:08:00,
1613,5,concluido,Operador Municipal,2026-06-02 22:23:00,2026-06-03 00:58:00,
1613,6,em_execucao,Operador Municipal,2026-06-02 22:08:00,,
1614,1,concluido,Operador Municipal,2026-06-02 22:29:00,2026-06-03 00:49:00,
1614,3,concluido,Operador Municipal,2026-06-02 22:12:00,2026-06-02 23:04:00,
1614,4,pendente,Operador Municipal,,,Ação ainda não iniciada.
1615,3,em_execucao,Operador Municipal,2026-06-02 23:24:00,,
1615,5,em_execucao,Operador Municipal,2026-06-02 23:23:00,,
1615,6,concluido,Operador Municipal,2026-06-02 23:07:00,2026-06-03 01:31:00,
1616,3,concluido,Operador Municipal,2026-06-03 00:10:00,2026-06-03 02:37:00,
1616,5,em_execucao,Operador Municipal,2026-06-03 00:29:00,,
1616,6,em_execucao,Operador Municipal,2026-06-03 00:12:00,,
1617,5,pendente,Operador Municipal,,,Ação ainda não iniciada.
1617,6,concluido,Operador Municipal,2026-06-03 02:08:00,2026-06-03 03:00:00,
1617,7,concluido,Operador Municipal,2026-06-03 02:29:00,2026-06-03 03:10:00,
1617,8,em_execucao,Operador Municipal,2026-06-03 02:10:00,,
1618,3,em_execucao,Operador Municipal,2026-06-03 03:06:00,,
1618,5,em_execucao,Operador Municipal,2026-06-03 03:10:00,,
1618,6,concluido,Operador Municipal,2026-06-03 03:12:00,2026-06-03 06:07:00,
1619,1,concluido,Operador Municipal,2026-06-03 03:10:00,2026-06-03 04:33:00,
1619,3,pendente,Operador Municipal,,,Ação ainda não iniciada.
1619,4,concluido,Operador Municipal,2026-06-03 03:06:00,2026-06-03 03:47:00,
1620,3,em_execucao,Operador Municipal,2026-06-03 04:28:00,,
1620,5,em_execucao,Operador Municipal,2026-06-03 04:08:00,,
1620,6,pendente,Operador Municipal,,,Ação ainda não iniciada.
1621,5,concluido,Operador Municipal,2026-06-03 04:16:00,2026-06-03 06:57:00,
1621,6,concluido,Operador Municipal,2026-06-03 04:28:00,2026-06-03 06:37:00,
1621,7,concluido,Operador Municipal,2026-06-03 04:11:00,2026-06-03 06:40:00,
1621,8,concluido,Operador Municipal,2026-06-03 04:19:00,2026-06-03 06:16:00,
1622,5,concluido,Operador Municipal,2026-06-03 05:09:00,2026-06-03 07:56:00,
1622,6,em_execucao,Operador Municipal,2026-06-03 05:13:00,,
1622,7,pendente,Operador Municipal,,,Ação ainda não iniciada.
1622,8,pendente,Operador Municipal,,,Ação ainda não iniciada.
1623,3,concluido,Operador Municipal,2026-06-03 05:20:00,2026-06-03 07:55:00,
1623,5,em_execucao,Operador Municipal,2026-06-03 05:14:00,,
1623,6,em_execucao,Operador Municipal,2026-06-03 05:29:00,,
1624,5,em_execucao,Operador Municipal,2026-06-03 06:22:00,,
1624,6,concluido,Operador Municipal,2026-06-03 06:17:00,2026-06-03 08:16:00,
1624,7,em_execucao,Operador Municipal,2026-06-03 06:15:00,,
1624,8,em_execucao,Operador Municipal,2026-06-03 06:15:00,,
1625,1,em_execucao,Operador Municipal,2026-06-03 06:07:00,,
1625,3,pendente,Operador Municipal,,,Ação ainda não iniciada.
1625,4,em_execucao,Operador Municipal,2026-06-03 06:15:00,,
1626,3,em_execucao,Operador Municipal,2026-06-03 06:27:00,,
1626,5,concluido,Operador Municipal,2026-06-03 06:26:00,2026-06-03 09:26:00,
1626,6,em_execucao,Operador Municipal,2026-06-03 06:18:00,,
1627,5,pendente,Operador Municipal,,,Ação ainda não iniciada.
1627,6,pendente,Operador Municipal,,,Ação ainda não iniciada.
1627,7,pendente,Operador Municipal,,,Ação ainda não iniciada.
1627,8,concluido,Operador Municipal,2026-06-03 07:18:00,2026-06-03 09:48:00,
1628,1,em_execucao,Operador Municipal,2026-06-03 07:14:00,,
1628,3,pendente,Operador Municipal,,,Ação ainda não iniciada.
1628,4,pendente,Operador Municipal,,,Ação ainda não iniciada.
1629,1,pendente,Operador Municipal,,,Ação ainda não iniciada.
1629,3,pendente,Operador Municipal,,,Ação ainda não iniciada.
1629,4,pendente,Operador Municipal,,,Ação ainda não iniciada.
1630,3,em_execucao,Operador Municipal,2026-06-03 08:29:00,,
1630,5,pendente,Operador Municipal,,,Ação ainda não iniciada.
1630,6,em_execucao,Operador Municipal,2026-06-03 08:13:00,,
1631,3,em_execucao,Operador Municipal,2026-06-03 09:20:00,,
1631,5,em_execucao,Operador Municipal,2026-06-03 09:13:00,,
1631,6,concluido,Operador Municipal,2026-06-03 09:26:00,2026-06-03 10:29:00,
1632,1,pendente,Operador Municipal,,,Ação ainda não iniciada.
1632,2,em_execucao,Operador Municipal,2026-06-03 09:05:00,,
1633,3,pendente,Operador Municipal,,,Ação ainda não iniciada.
1633,5,em_execucao,Operador Municipal,2026-06-03 09:10:00,,
1633,6,pendente,Operador Municipal,,,Ação ainda não iniciada.
1634,3,em_execucao,Operador Municipal,2026-06-03 10:13:00,,
1634,5,em_execucao,Operador Municipal,2026-06-03 10:19:00,,
1634,6,concluido,Operador Municipal,2026-06-03 10:13:00,2026-06-03 11:28:00,
1635,5,concluido,Operador Municipal,2026-06-03 10:05:00,2026-06-03 10:56:00,
1635,6,concluido,Operador Municipal,2026-06-03 10:30:00,2026-06-03 13:27:00,
1635,7,em_execucao,Operador Municipal,2026-06-03 10:10:00,,
1635,8,concluido,Operador Municipal,2026-06-03 10:20:00,2026-06-03 11:17:00,
1636,5,concluido,Operador Municipal,2026-06-03 11:17:00,2026-06-03 13:22:00,
1636,6,concluido,Operador Municipal,2026-06-03 11:10:00,2026-06-03 12:43:00,
1636,7,em_execucao,Operador Municipal,2026-06-03 11:11:00,,
1636,8,concluido,Operador Municipal,2026-06-03 11:14:00,2026-06-03 12:22:00,
1637,5,concluido,Operador Municipal,2026-06-03 12:07:00,2026-06-03 14:30:00,
1637,6,em_execucao,Operador Municipal,2026-06-03 12:19:00,,
1637,7,concluido,Operador Municipal,2026-06-03 12:22:00,2026-06-03 14:21:00,
1637,8,em_execucao,Operador Municipal,2026-06-03 12:16:00,,
1638,1,pendente,Operador Municipal,,,Ação ainda não iniciada.
1638,2,em_execucao,Operador Municipal,2026-06-03 12:06:00,,
1639,3,pendente,Operador Municipal,,,Ação ainda não iniciada.
1639,5,em_execucao,Operador Municipal,2026-06-03 13:23:00,,
1639,6,pendente,Operador Municipal,,,Ação ainda não iniciada.
1640,1,pendente,Operador Municipal,,,Ação ainda não iniciada.
1640,3,concluido,Operador Municipal,2026-06-03 13:05:00,2026-06-03 13:56:00,
1640,4,pendente,Operador Municipal,,,Ação ainda não iniciada.
1641,1,pendente,Operador Municipal,,,Ação ainda não iniciada.
1641,3,pendente,Operador Municipal,,,Ação ainda não iniciada.
1641,4,em_execucao,Operador Municipal,2026-06-03 14:25:00,,
1642,3,em_execucao,Operador Municipal,2026-06-03 14:13:00,,
1642,5,em_execucao,Operador Municipal,2026-06-03 14:05:00,,
1642,6,concluido,Operador Municipal,2026-06-03 14:21:00,2026-06-03 15:37:00,
1643,1,pendente,Operador Municipal,,,Ação ainda não iniciada.
1643,3,pendente,Operador Municipal,,,Ação ainda não iniciada.
1643,4,pendente,Operador Municipal,,,Ação ainda não iniciada.
1644,3,em_execucao,Operador Municipal,2026-06-03 15:30:00,,
1644,5,em_execucao,Operador Municipal,2026-06-03 15:29:00,,
1644,6,concluido,Operador Municipal,2026-06-03 15:30:00,2026-06-03 17:37:00,
1645,1,em_execucao,Operador Municipal,2026-06-03 15:13:00,,
1645,3,pendente,Operador Municipal,,,Ação ainda não iniciada.
1645,4,em_execucao,Operador Municipal,2026-06-03 15:06:00,,
1646,1,em_execucao,Operador Municipal,2026-06-03 16:12:00,,
1646,3,em_execucao,Operador Municipal,2026-06-03 16:17:00,,
1646,4,pendente,Operador Municipal,,,Ação ainda não iniciada.
1647,1,pendente,Operador Municipal,,,Ação ainda não iniciada.
1647,3,pendente,Operador Municipal,,,Ação ainda não iniciada.
1647,4,em_execucao,Operador Municipal,2026-06-03 17:14:00,,
1648,1,em_execucao,Operador Municipal,2026-06-03 17:17:00,,
1648,3,pendente,Operador Municipal,,,Ação ainda não iniciada.
1648,4,pendente,Operador Municipal,,,Ação ainda não iniciada.
1649,1,concluido,Operador Municipal,2026-06-03 17:26:00,2026-06-03 18:37:00,
1649,3,concluido,Operador Municipal,2026-06-03 17:24:00,2026-06-03 20:20:00,
1649,4,pendente,Operador Municipal,,,Ação ainda não iniciada.
1650,5,concluido,Operador Municipal,2026-06-03 18:27:00,2026-06-03 20:47:00,
1650,6,concluido,Operador Municipal,2026-06-03 18:28:00,2026-06-03 20:01:00,
1650,7,pendente,Operador Municipal,,,Ação ainda não iniciada.
1650,8,em_execucao,Operador Municipal,2026-06-03 18:12:00,,
1651,1,pendente,Operador Municipal,,,Ação ainda não iniciada.
1651,3,em_execucao,Operador Municipal,2026-06-03 18:23:00,,
1651,4,pendente,Operador Municipal,,,Ação ainda não iniciada.
1652,1,pendente,Operador Municipal,,,Ação ainda não iniciada.
1652,3,pendente,Operador Municipal,,,Ação ainda não iniciada.
1652,4,pendente,Operador Municipal,,,Ação ainda não iniciada.
1653,5,em_execucao,Operador Municipal,2026-06-03 19:12:00,,
1653,6,pendente,Operador Municipal,,,Ação ainda não iniciada.
1653,7,concluido,Operador Municipal,2026-06-03 19:16:00,2026-06-03 20:24:00,
1653,8,em_execucao,Operador Municipal,2026-06-03 19:24:00,,
1654,1,pendente,Operador Municipal,,,Ação ainda não iniciada.
1654,3,pendente,Operador Municipal,,,Ação ainda não iniciada.
1654,4,pendente,Operador Municipal,,,Ação ainda não iniciada.
1655,1,concluido,Operador Municipal,2026-06-03 19:20:00,2026-06-03 22:16:00,
1655,3,pendente,Operador Municipal,,,Ação ainda não iniciada.
1655,4,pendente,Operador Municipal,,,Ação ainda não iniciada.
1656,1,em_execucao,Operador Municipal,2026-06-03 20:12:00,,
1656,3,concluido,Operador Municipal,2026-06-03 20:13:00,2026-06-03 23:06:00,
1656,4,em_execucao,Operador Municipal,2026-06-03 20:15:00,,
1657,5,concluido,Operador Municipal,2026-06-03 20:23:00,2026-06-03 21:53:00,
1657,6,pendente,Operador Municipal,,,Ação ainda não iniciada.
1657,7,concluido,Operador Municipal,2026-06-03 20:24:00,2026-06-03 21:35:00,
1657,8,concluido,Operador Municipal,2026-06-03 20:22:00,2026-06-03 22:26:00,
1658,1,pendente,Operador Municipal,,,Ação ainda não iniciada.
1658,3,pendente,Operador Municipal,,,Ação ainda não iniciada.
1658,4,concluido,Operador Municipal,2026-06-03 20:06:00,2026-06-03 20:56:00,
1659,3,pendente,Operador Municipal,,,Ação ainda não iniciada.
1659,5,em_execucao,Operador Municipal,2026-06-03 21:22:00,,
1659,6,concluido,Operador Municipal,2026-06-03 21:19:00,2026-06-03 22:37:00,
1660,5,em_execucao,Operador Municipal,2026-06-03 21:08:00,,
1660,6,em_execucao,Operador Municipal,2026-06-03 21:26:00,,
1660,7,concluido,Operador Municipal,2026-06-03 21:07:00,2026-06-03 21:48:00,
1660,8,em_execucao,Operador Municipal,2026-06-03 21:28:00,,
1661,1,em_execucao,Operador Municipal,2026-06-03 22:26:00,,
1661,3,em_execucao,Operador Municipal,2026-06-03 22:06:00,,
1661,4,concluido,Operador Municipal,2026-06-03 22:07:00,2026-06-04 00:19:00,
1662,5,em_execucao,Operador Municipal,2026-06-03 22:10:00,,
1662,6,em_execucao,Operador Municipal,2026-06-03 22:06:00,,
1662,7,em_execucao,Operador Municipal,2026-06-03 22:12:00,,
1662,8,em_execucao,Operador Municipal,2026-06-03 22:28:00,,
1663,1,concluido,Operador Municipal,2026-06-03 22:30:00,2026-06-04 01:23:00,
1663,3,pendente,Operador Municipal,,,Ação ainda não iniciada.
1663,4,concluido,Operador Municipal,2026-06-03 22:15:00,2026-06-04 00:35:00,
1664,5,pendente,Operador Municipal,,,Ação ainda não iniciada.
1664,6,concluido,Operador Municipal,2026-06-03 23:07:00,2026-06-04 01:27:00,
1664,7,em_execucao,Operador Municipal,2026-06-03 23:17:00,,
1664,8,em_execucao,Operador Municipal,2026-06-03 23:10:00,,
1665,3,em_execucao,Operador Municipal,2026-06-04 00:11:00,,
1665,5,concluido,Operador Municipal,2026-06-04 00:09:00,2026-06-04 00:56:00,
1665,6,concluido,Operador Municipal,2026-06-04 00:26:00,2026-06-04 01:32:00,
1666,1,em_execucao,Operador Municipal,2026-06-04 01:16:00,,
1666,3,pendente,Operador Municipal,,,Ação ainda não iniciada.
1666,4,pendente,Operador Municipal,,,Ação ainda não iniciada.
1667,3,em_execucao,Operador Municipal,2026-06-04 01:08:00,,
1667,5,pendente,Operador Municipal,,,Ação ainda não iniciada.
1667,6,concluido,Operador Municipal,2026-06-04 01:22:00,2026-06-04 02:18:00,
1668,1,pendente,Operador Municipal,,,Ação ainda não iniciada.
1668,3,em_execucao,Operador Municipal,2026-06-04 02:08:00,,
1668,4,em_execucao,Operador Municipal,2026-06-04 02:09:00,,
1669,1,em_execucao,Operador Municipal,2026-06-04 02:15:00,,
1669,3,concluido,Operador Municipal,2026-06-04 02:13:00,2026-06-04 04:13:00,
1669,4,em_execucao,Operador Municipal,2026-06-04 02:23:00,,
1670,1,pendente,Operador Municipal,,,Ação ainda não iniciada.
1670,3,pendente,Operador Municipal,,,Ação ainda não iniciada.
1670,4,em_execucao,Operador Municipal,2026-06-04 02:25:00,,
1671,1,pendente,Operador Municipal,,,Ação ainda não iniciada.
1671,3,pendente,Operador Municipal,,,Ação ainda não iniciada.
1671,4,em_execucao,Operador Municipal,2026-06-04 03:13:00,,
1672,3,concluido,Operador Municipal,2026-06-04 04:28:00,2026-06-04 07:05:00,
1672,5,concluido,Operador Municipal,2026-06-04 04:10:00,2026-06-04 06:52:00,
1672,6,concluido,Operador Municipal,2026-06-04 04:24:00,2026-06-04 07:06:00,
1673,1,em_execucao,Operador Municipal,2026-06-04 04:24:00,,
1673,2,em_execucao,Operador Municipal,2026-06-04 04:05:00,,
1674,3,em_execucao,Operador Municipal,2026-06-04 05:22:00,,
1674,5,pendente,Operador Municipal,,,Ação ainda não iniciada.
1674,6,pendente,Operador Municipal,,,Ação ainda não iniciada.
1675,3,pendente,Operador Municipal,,,Ação ainda não iniciada.
1675,5,em_execucao,Operador Municipal,2026-06-04 05:30:00,,
1675,6,pendente,Operador Municipal,,,Ação ainda não iniciada.
1676,1,concluido,Operador Municipal,2026-06-04 06:15:00,2026-06-04 08:14:00,
1676,3,pendente,Operador Municipal,,,Ação ainda não iniciada.
1676,4,concluido,Operador Municipal,2026-06-04 06:16:00,2026-06-04 07:18:00,
1677,3,concluido,Operador Municipal,2026-06-04 06:24:00,2026-06-04 07:29:00,
1677,5,concluido,Operador Municipal,2026-06-04 06:30:00,2026-06-04 07:50:00,
1677,6,concluido,Operador Municipal,2026-06-04 06:26:00,2026-06-04 07:25:00,
1678,1,pendente,Operador Municipal,,,Ação ainda não iniciada.
1678,3,concluido,Operador Municipal,2026-06-04 06:21:00,2026-06-04 07:35:00,
1678,4,pendente,Operador Municipal,,,Ação ainda não iniciada.
1679,3,pendente,Operador Municipal,,,Ação ainda não iniciada.
1679,5,concluido,Operador Municipal,2026-06-04 06:25:00,2026-06-04 08:36:00,
1679,6,em_execucao,Operador Municipal,2026-06-04 06:17:00,,
1680,3,concluido,Operador Municipal,2026-06-04 07:06:00,2026-06-04 08:49:00,
1680,5,em_execucao,Operador Municipal,2026-06-04 07:09:00,,
1680,6,pendente,Operador Municipal,,,Ação ainda não iniciada.
1681,5,pendente,Operador Municipal,,,Ação ainda não iniciada.
1681,6,pendente,Operador Municipal,,,Ação ainda não iniciada.
1681,7,pendente,Operador Municipal,,,Ação ainda não iniciada.
1681,8,em_execucao,Operador Municipal,2026-06-04 07:17:00,,
1682,1,pendente,Operador Municipal,,,Ação ainda não iniciada.
1682,2,em_execucao,Operador Municipal,2026-06-04 07:08:00,,
1683,3,concluido,Operador Municipal,2026-06-04 07:13:00,2026-06-04 10:13:00,
1683,5,em_execucao,Operador Municipal,2026-06-04 07:10:00,,
1683,6,pendente,Operador Municipal,,,Ação ainda não iniciada.
1684,1,pendente,Operador Municipal,,,Ação ainda não iniciada.
1684,3,pendente,Operador Municipal,,,Ação ainda não iniciada.
1684,4,concluido,Operador Municipal,2026-06-04 08:23:00,2026-06-04 09:15:00,
1685,5,pendente,Operador Municipal,,,Ação ainda não iniciada.
1685,6,em_execucao,Operador Municipal,2026-06-04 08:13:00,,
1685,7,concluido,Operador Municipal,2026-06-04 08:26:00,2026-06-04 09:16:00,
1685,8,em_execucao,Operador Municipal,2026-06-04 08:08:00,,
1686,1,concluido,Operador Municipal,2026-06-04 08:23:00,2026-06-04 10:32:00,
1686,3,concluido,Operador Municipal,2026-06-04 08:28:00,2026-06-04 10:10:00,
1686,4,em_execucao,Operador Municipal,2026-06-04 08:28:00,,
1687,1,em_execucao,Operador Municipal,2026-06-04 09:26:00,,
1687,3,concluido,Operador Municipal,2026-06-04 09:29:00,2026-06-04 12:26:00,
1687,4,pendente,Operador Municipal,,,Ação ainda não iniciada.
1688,5,concluido,Operador Municipal,2026-06-04 09:24:00,2026-06-04 11:50:00,
1688,6,em_execucao,Operador Municipal,2026-06-04 09:26:00,,
1688,7,pendente,Operador Municipal,,,Ação ainda não iniciada.
1688,8,em_execucao,Operador Municipal,2026-06-04 09:30:00,,
1689,1,pendente,Operador Municipal,,,Ação ainda não iniciada.
1689,3,em_execucao,Operador Municipal,2026-06-04 09:19:00,,
1689,4,pendente,Operador Municipal,,,Ação ainda não iniciada.
1690,3,concluido,Operador Municipal,2026-06-04 09:21:00,2026-06-04 12:07:00,
1690,5,pendente,Operador Municipal,,,Ação ainda não iniciada.
1690,6,em_execucao,Operador Municipal,2026-06-04 09:14:00,,
1691,5,concluido,Operador Municipal,2026-06-04 10:25:00,2026-06-04 10:55:00,
1691,6,concluido,Operador Municipal,2026-06-04 10:17:00,2026-06-04 13:11:00,
1691,7,em_execucao,Operador Municipal,2026-06-04 10:13:00,,
1691,8,em_execucao,Operador Municipal,2026-06-04 10:27:00,,
1692,5,pendente,Operador Municipal,,,Ação ainda não iniciada.
1692,6,concluido,Operador Municipal,2026-06-04 10:11:00,2026-06-04 10:51:00,
1692,7,concluido,Operador Municipal,2026-06-04 10:07:00,2026-06-04 10:42:00,
1692,8,pendente,Operador Municipal,,,Ação ainda não iniciada.
1693,1,pendente,Operador Municipal,,,Ação ainda não iniciada.
1693,3,concluido,Operador Municipal,2026-06-04 10:29:00,2026-06-04 12:58:00,
1693,4,pendente,Operador Municipal,,,Ação ainda não iniciada.
1694,1,concluido,Operador Municipal,2026-06-04 10:16:00,2026-06-04 12:12:00,
1694,3,em_execucao,Operador Municipal,2026-06-04 10:29:00,,
1694,4,pendente,Operador Municipal,,,Ação ainda não iniciada.
1695,5,concluido,Operador Municipal,2026-06-04 11:18:00,2026-06-04 11:58:00,
1695,6,em_execucao,Operador Municipal,2026-06-04 11:18:00,,
1695,7,concluido,Operador Municipal,2026-06-04 11:20:00,2026-06-04 13:33:00,
1695,8,concluido,Operador Municipal,2026-06-04 11:20:00,2026-06-04 13:09:00,
1696,1,em_execucao,Operador Municipal,2026-06-04 11:08:00,,
1696,3,pendente,Operador Municipal,,,Ação ainda não iniciada.
1696,4,concluido,Operador Municipal,2026-06-04 11:20:00,2026-06-04 13:09:00,
1697,5,concluido,Operador Municipal,2026-06-04 12:12:00,2026-06-04 14:56:00,
1697,6,em_execucao,Operador Municipal,2026-06-04 12:14:00,,
1697,7,pendente,Operador Municipal,,,Ação ainda não iniciada.
1697,8,em_execucao,Operador Municipal,2026-06-04 12:11:00,,
1698,1,concluido,Operador Municipal,2026-06-04 12:14:00,2026-06-04 14:24:00,
1698,3,pendente,Operador Municipal,,,Ação ainda não iniciada.
1698,4,em_execucao,Operador Municipal,2026-06-04 12:15:00,,
1699,1,pendente,Operador Municipal,,,Ação ainda não iniciada.
1699,3,concluido,Operador Municipal,2026-06-04 12:05:00,2026-06-04 13:16:00,
1699,4,em_execucao,Operador Municipal,2026-06-04 12:23:00,,
1700,1,pendente,Operador Municipal,,,Ação ainda não iniciada.
1700,2,em_execucao,Operador Municipal,2026-06-04 12:19:00,,
1701,5,em_execucao,Operador Municipal,2026-06-04 13:05:00,,
1701,6,concluido,Operador Municipal,2026-06-04 13:16:00,2026-06-04 15:23:00,
1701,7,concluido,Operador Municipal,2026-06-04 13:18:00,2026-06-04 14:39:00,
1701,8,em_execucao,Operador Municipal,2026-06-04 13:26:00,,
1702,1,pendente,Operador Municipal,,,Ação ainda não iniciada.
1702,3,concluido,Operador Municipal,2026-06-04 13:18:00,2026-06-04 14:56:00,
1702,4,pendente,Operador Municipal,,,Ação ainda não iniciada.
1703,5,em_execucao,Operador Municipal,2026-06-04 14:12:00,,
1703,6,em_execucao,Operador Municipal,2026-06-04 14:08:00,,
1703,7,em_execucao,Operador Municipal,2026-06-04 14:30:00,,
1703,8,concluido,Operador Municipal,2026-06-04 14:12:00,2026-06-04 15:47:00,
1704,1,pendente,Operador Municipal,,,Ação ainda não iniciada.
1704,3,pendente,Operador Municipal,,,Ação ainda não iniciada.
1704,4,pendente,Operador Municipal,,,Ação ainda não iniciada.
1705,1,concluido,Operador Municipal,2026-06-04 14:26:00,2026-06-04 15:02:00,
1705,3,pendente,Operador Municipal,,,Ação ainda não iniciada.
1705,4,em_execucao,Operador Municipal,2026-06-04 14:30:00,,
1706,5,em_execucao,Operador Municipal,2026-06-04 15:05:00,,
1706,6,concluido,Operador Municipal,2026-06-04 15:25:00,2026-06-04 18:03:00,
1706,7,concluido,Operador Municipal,2026-06-04 15:28:00,2026-06-04 16:31:00,
1706,8,em_execucao,Operador Municipal,2026-06-04 15:17:00,,
1707,1,pendente,Operador Municipal,,,Ação ainda não iniciada.
1707,3,pendente,Operador Municipal,,,Ação ainda não iniciada.
1707,4,pendente,Operador Municipal,,,Ação ainda não iniciada.
1708,5,em_execucao,Operador Municipal,2026-06-04 16:27:00,,
1708,6,em_execucao,Operador Municipal,2026-06-04 16:16:00,,
1708,7,concluido,Operador Municipal,2026-06-04 16:20:00,2026-06-04 19:04:00,
1708,8,em_execucao,Operador Municipal,2026-06-04 16:07:00,,
1709,1,pendente,Operador Municipal,,,Ação ainda não iniciada.
1709,3,em_execucao,Operador Municipal,2026-06-04 16:05:00,,
1709,4,em_execucao,Operador Municipal,2026-06-04 16:30:00,,
1710,1,concluido,Operador Municipal,2026-06-04 16:30:00,2026-06-04 17:21:00,
1710,3,em_execucao,Operador Municipal,2026-06-04 16:23:00,,
1710,4,concluido,Operador Municipal,2026-06-04 16:11:00,2026-06-04 18:20:00,
1711,5,pendente,Operador Municipal,,,Ação ainda não iniciada.
1711,6,em_execucao,Operador Municipal,2026-06-04 17:26:00,,
1711,7,concluido,Operador Municipal,2026-06-04 17:11:00,2026-06-04 19:51:00,
1711,8,em_execucao,Operador Municipal,2026-06-04 17:10:00,,
1712,1,pendente,Operador Municipal,,,Ação ainda não iniciada.
1712,3,pendente,Operador Municipal,,,Ação ainda não iniciada.
1712,4,concluido,Operador Municipal,2026-06-04 17:13:00,2026-06-04 19:00:00,
1713,5,concluido,Operador Municipal,2026-06-04 18:28:00,2026-06-04 19:41:00,
1713,6,concluido,Operador Municipal,2026-06-04 18:29:00,2026-06-04 20:03:00,
1713,7,em_execucao,Operador Municipal,2026-06-04 18:21:00,,
1713,8,em_execucao,Operador Municipal,2026-06-04 18:18:00,,
1714,1,concluido,Operador Municipal,2026-06-04 18:29:00,2026-06-04 19:02:00,
1714,3,pendente,Operador Municipal,,,Ação ainda não iniciada.
1714,4,em_execucao,Operador Municipal,2026-06-04 18:28:00,,
1715,1,concluido,Operador Municipal,2026-06-04 19:27:00,2026-06-04 22:18:00,
1715,3,concluido,Operador Municipal,2026-06-04 19:06:00,2026-06-04 20:42:00,
1715,4,em_execucao,Operador Municipal,2026-06-04 19:06:00,,
1716,1,pendente,Operador Municipal,,,Ação ainda não iniciada.
1716,3,concluido,Operador Municipal,2026-06-04 20:20:00,2026-06-04 22:13:00,
1716,4,concluido,Operador Municipal,2026-06-04 20:18:00,2026-06-04 21:21:00,
1717,1,pendente,Operador Municipal,,,Ação ainda não iniciada.
1717,3,pendente,Operador Municipal,,,Ação ainda não iniciada.
1717,4,pendente,Operador Municipal,,,Ação ainda não iniciada.
1718,1,pendente,Operador Municipal,,,Ação ainda não iniciada.
1718,3,em_execucao,Operador Municipal,2026-06-04 20:15:00,,
1718,4,em_execucao,Operador Municipal,2026-06-04 20:07:00,,
1719,5,concluido,Operador Municipal,2026-06-04 21:29:00,2026-06-04 22:41:00,
1719,6,pendente,Operador Municipal,,,Ação ainda não iniciada.
1719,7,em_execucao,Operador Municipal,2026-06-04 21:16:00,,
1719,8,em_execucao,Operador Municipal,2026-06-04 21:24:00,,
1720,3,concluido,Operador Municipal,2026-06-04 21:29:00,2026-06-04 22:11:00,
1720,5,em_execucao,Operador Municipal,2026-06-04 21:22:00,,
1720,6,concluido,Operador Municipal,2026-06-04 21:30:00,2026-06-04 22:53:00,
1721,3,em_execucao,Operador Municipal,2026-06-04 22:13:00,,
1721,5,concluido,Operador Municipal,2026-06-04 22:29:00,2026-06-04 23:45:00,
1721,6,em_execucao,Operador Municipal,2026-06-04 22:14:00,,
1722,3,em_execucao,Operador Municipal,2026-06-04 22:19:00,,
1722,5,concluido,Operador Municipal,2026-06-04 22:22:00,2026-06-05 00:03:00,
1722,6,em_execucao,Operador Municipal,2026-06-04 22:11:00,,
1723,3,concluido,Operador Municipal,2026-06-04 23:18:00,2026-06-04 23:51:00,
1723,5,concluido,Operador Municipal,2026-06-04 23:24:00,2026-06-05 02:14:00,
1723,6,em_execucao,Operador Municipal,2026-06-04 23:27:00,,
1724,1,concluido,Operador Municipal,2026-06-04 23:12:00,2026-06-05 01:47:00,
1724,3,em_execucao,Operador Municipal,2026-06-04 23:23:00,,
1724,4,pendente,Operador Municipal,,,Ação ainda não iniciada.
1725,3,concluido,Operador Municipal,2026-06-05 00:26:00,2026-06-05 01:22:00,
1725,5,concluido,Operador Municipal,2026-06-05 00:27:00,2026-06-05 02:41:00,
1725,6,em_execucao,Operador Municipal,2026-06-05 00:07:00,,
1726,1,concluido,Operador Municipal,2026-06-05 00:17:00,2026-06-05 02:42:00,
1726,3,concluido,Operador Municipal,2026-06-05 00:17:00,2026-06-05 01:26:00,
1726,4,em_execucao,Operador Municipal,2026-06-05 00:14:00,,
1727,5,em_execucao,Operador Municipal,2026-06-05 01:14:00,,
1727,6,pendente,Operador Municipal,,,Ação ainda não iniciada.
1727,7,em_execucao,Operador Municipal,2026-06-05 01:27:00,,
1727,8,em_execucao,Operador Municipal,2026-06-05 01:30:00,,
1728,1,pendente,Operador Municipal,,,Ação ainda não iniciada.
1728,3,pendente,Operador Municipal,,,Ação ainda não iniciada.
1728,4,pendente,Operador Municipal,,,Ação ainda não iniciada.
1729,3,em_execucao,Operador Municipal,2026-06-05 01:17:00,,
1729,5,concluido,Operador Municipal,2026-06-05 01:10:00,2026-06-05 03:19:00,
1729,6,em_execucao,Operador Municipal,2026-06-05 01:08:00,,
1730,5,em_execucao,Operador Municipal,2026-06-05 02:11:00,,
1730,6,concluido,Operador Municipal,2026-06-05 02:07:00,2026-06-05 05:01:00,
1730,7,concluido,Operador Municipal,2026-06-05 02:27:00,2026-06-05 05:11:00,
1730,8,pendente,Operador Municipal,,,Ação ainda não iniciada.
1731,1,em_execucao,Operador Municipal,2026-06-05 02:25:00,,
1731,3,em_execucao,Operador Municipal,2026-06-05 02:21:00,,
1731,4,pendente,Operador Municipal,,,Ação ainda não iniciada.
1732,1,concluido,Operador Municipal,2026-06-05 02:15:00,2026-06-05 03:42:00,
1732,3,concluido,Operador Municipal,2026-06-05 02:30:00,2026-06-05 05:18:00,
1732,4,pendente,Operador Municipal,,,Ação ainda não iniciada.
1733,3,em_execucao,Operador Municipal,2026-06-05 03:13:00,,
1733,5,em_execucao,Operador Municipal,2026-06-05 03:19:00,,
1733,6,em_execucao,Operador Municipal,2026-06-05 03:27:00,,
1734,5,concluido,Operador Municipal,2026-06-05 04:13:00,2026-06-05 06:38:00,
1734,6,em_execucao,Operador Municipal,2026-06-05 04:15:00,,
1734,7,pendente,Operador Municipal,,,Ação ainda não iniciada.
1734,8,em_execucao,Operador Municipal,2026-06-05 04:12:00,,
1735,1,pendente,Operador Municipal,,,Ação ainda não iniciada.
1735,2,em_execucao,Operador Municipal,2026-06-05 04:22:00,,
1736,1,concluido,Operador Municipal,2026-06-05 04:17:00,2026-06-05 06:31:00,
1736,3,pendente,Operador Municipal,,,Ação ainda não iniciada.
1736,4,concluido,Operador Municipal,2026-06-05 04:28:00,2026-06-05 07:04:00,
1737,5,concluido,Operador Municipal,2026-06-05 05:23:00,2026-06-05 07:41:00,
1737,6,pendente,Operador Municipal,,,Ação ainda não iniciada.
1737,7,em_execucao,Operador Municipal,2026-06-05 05:20:00,,
1737,8,pendente,Operador Municipal,,,Ação ainda não iniciada.
1738,1,em_execucao,Operador Municipal,2026-06-05 05:26:00,,
1738,3,concluido,Operador Municipal,2026-06-05 05:16:00,2026-06-05 05:48:00,
1738,4,pendente,Operador Municipal,,,Ação ainda não iniciada.
1739,5,concluido,Operador Municipal,2026-06-05 06:15:00,2026-06-05 07:01:00,
1739,6,pendente,Operador Municipal,,,Ação ainda não iniciada.
1739,7,pendente,Operador Municipal,,,Ação ainda não iniciada.
1739,8,pendente,Operador Municipal,,,Ação ainda não iniciada.
1740,3,concluido,Operador Municipal,2026-06-05 06:07:00,2026-06-05 07:08:00,
1740,5,concluido,Operador Municipal,2026-06-05 06:21:00,2026-06-05 08:04:00,
1740,6,em_execucao,Operador Municipal,2026-06-05 06:17:00,,
1741,3,concluido,Operador Municipal,2026-06-05 07:30:00,2026-06-05 10:24:00,
1741,5,concluido,Operador Municipal,2026-06-05 07:17:00,2026-06-05 10:04:00,
1741,6,em_execucao,Operador Municipal,2026-06-05 07:13:00,,
1742,5,concluido,Operador Municipal,2026-06-05 07:18:00,2026-06-05 08:21:00,
1742,6,pendente,Operador Municipal,,,Ação ainda não iniciada.
1742,7,concluido,Operador Municipal,2026-06-05 07:26:00,2026-06-05 07:56:00,
1742,8,concluido,Operador Municipal,2026-06-05 07:26:00,2026-06-05 09:38:00,
1743,3,em_execucao,Operador Municipal,2026-06-05 07:09:00,,
1743,5,em_execucao,Operador Municipal,2026-06-05 07:23:00,,
1743,6,em_execucao,Operador Municipal,2026-06-05 07:14:00,,
1744,3,em_execucao,Operador Municipal,2026-06-05 08:05:00,,
1744,5,pendente,Operador Municipal,,,Ação ainda não iniciada.
1744,6,concluido,Operador Municipal,2026-06-05 08:15:00,2026-06-05 09:43:00,
1745,5,concluido,Operador Municipal,2026-06-05 08:10:00,2026-06-05 09:59:00,
1745,6,em_execucao,Operador Municipal,2026-06-05 08:22:00,,
1745,7,em_execucao,Operador Municipal,2026-06-05 08:25:00,,
1745,8,concluido,Operador Municipal,2026-06-05 08:21:00,2026-06-05 10:25:00,
1746,3,em_execucao,Operador Municipal,2026-06-05 09:13:00,,
1746,5,concluido,Operador Municipal,2026-06-05 09:11:00,2026-06-05 10:51:00,
1746,6,concluido,Operador Municipal,2026-06-05 09:27:00,2026-06-05 11:14:00,
1747,5,pendente,Operador Municipal,,,Ação ainda não iniciada.
1747,6,concluido,Operador Municipal,2026-06-05 09:18:00,2026-06-05 10:57:00,
1747,7,concluido,Operador Municipal,2026-06-05 09:28:00,2026-06-05 10:12:00,
1747,8,concluido,Operador Municipal,2026-06-05 09:06:00,2026-06-05 11:59:00,
1748,5,concluido,Operador Municipal,2026-06-05 10:22:00,2026-06-05 13:21:00,
1748,6,concluido,Operador Municipal,2026-06-05 10:05:00,2026-06-05 12:32:00,
1748,7,concluido,Operador Municipal,2026-06-05 10:18:00,2026-06-05 11:56:00,
1748,8,concluido,Operador Municipal,2026-06-05 10:21:00,2026-06-05 12:29:00,
1749,1,pendente,Operador Municipal,,,Ação ainda não iniciada.
1749,3,pendente,Operador Municipal,,,Ação ainda não iniciada.
1749,4,em_execucao,Operador Municipal,2026-06-05 10:14:00,,
1750,3,concluido,Operador Municipal,2026-06-05 11:20:00,2026-06-05 14:18:00,
1750,5,em_execucao,Operador Municipal,2026-06-05 11:06:00,,
1750,6,concluido,Operador Municipal,2026-06-05 11:11:00,2026-06-05 14:10:00,
1751,5,em_execucao,Operador Municipal,2026-06-05 11:11:00,,
1751,6,concluido,Operador Municipal,2026-06-05 11:27:00,2026-06-05 12:56:00,
1751,7,em_execucao,Operador Municipal,2026-06-05 11:14:00,,
1751,8,em_execucao,Operador Municipal,2026-06-05 11:18:00,,
1752,5,em_execucao,Operador Municipal,2026-06-05 12:25:00,,
1752,6,em_execucao,Operador Municipal,2026-06-05 12:27:00,,
1752,7,pendente,Operador Municipal,,,Ação ainda não iniciada.
1752,8,concluido,Operador Municipal,2026-06-05 12:09:00,2026-06-05 14:44:00,
1753,5,concluido,Operador Municipal,2026-06-05 12:21:00,2026-06-05 13:31:00,
1753,6,pendente,Operador Municipal,,,Ação ainda não iniciada.
1753,7,em_execucao,Operador Municipal,2026-06-05 12:29:00,,
1753,8,em_execucao,Operador Municipal,2026-06-05 12:26:00,,
1754,3,concluido,Operador Municipal,2026-06-05 13:26:00,2026-06-05 15:38:00,
1754,5,concluido,Operador Municipal,2026-06-05 13:07:00,2026-06-05 14:36:00,
1754,6,pendente,Operador Municipal,,,Ação ainda não iniciada.
1755,3,em_execucao,Operador Municipal,2026-06-05 13:17:00,,
1755,5,concluido,Operador Municipal,2026-06-05 13:15:00,2026-06-05 15:43:00,
1755,6,em_execucao,Operador Municipal,2026-06-05 13:17:00,,
1756,3,pendente,Operador Municipal,,,Ação ainda não iniciada.
1756,5,concluido,Operador Municipal,2026-06-05 13:16:00,2026-06-05 14:03:00,
1756,6,concluido,Operador Municipal,2026-06-05 13:19:00,2026-06-05 14:28:00,
1757,1,concluido,Operador Municipal,2026-06-05 13:17:00,2026-06-05 15:52:00,
1757,3,pendente,Operador Municipal,,,Ação ainda não iniciada.
1757,4,pendente,Operador Municipal,,,Ação ainda não iniciada.
1758,3,concluido,Operador Municipal,2026-06-05 14:15:00,2026-06-05 17:00:00,
1758,5,pendente,Operador Municipal,,,Ação ainda não iniciada.
1758,6,em_execucao,Operador Municipal,2026-06-05 14:10:00,,
1759,3,pendente,Operador Municipal,,,Ação ainda não iniciada.
1759,5,pendente,Operador Municipal,,,Ação ainda não iniciada.
1759,6,pendente,Operador Municipal,,,Ação ainda não iniciada.
1760,3,em_execucao,Operador Municipal,2026-06-05 15:10:00,,
1760,5,em_execucao,Operador Municipal,2026-06-05 15:26:00,,
1760,6,em_execucao,Operador Municipal,2026-06-05 15:25:00,,
1761,1,pendente,Operador Municipal,,,Ação ainda não iniciada.
1761,3,em_execucao,Operador Municipal,2026-06-05 15:27:00,,
1761,4,pendente,Operador Municipal,,,Ação ainda não iniciada.
1762,1,pendente,Operador Municipal,,,Ação ainda não iniciada.
1762,3,concluido,Operador Municipal,2026-06-05 15:28:00,2026-06-05 17:45:00,
1762,4,pendente,Operador Municipal,,,Ação ainda não iniciada.
1763,3,em_execucao,Operador Municipal,2026-06-05 16:13:00,,
1763,5,concluido,Operador Municipal,2026-06-05 16:29:00,2026-06-05 17:55:00,
1763,6,pendente,Operador Municipal,,,Ação ainda não iniciada.
1764,1,pendente,Operador Municipal,,,Ação ainda não iniciada.
1764,3,pendente,Operador Municipal,,,Ação ainda não iniciada.
1764,4,pendente,Operador Municipal,,,Ação ainda não iniciada.
1765,3,em_execucao,Operador Municipal,2026-06-05 16:09:00,,
1765,5,pendente,Operador Municipal,,,Ação ainda não iniciada.
1765,6,em_execucao,Operador Municipal,2026-06-05 16:16:00,,
1766,3,concluido,Operador Municipal,2026-06-05 17:19:00,2026-06-05 18:21:00,
1766,5,em_execucao,Operador Municipal,2026-06-05 17:29:00,,
1766,6,em_execucao,Operador Municipal,2026-06-05 17:18:00,,
1767,1,pendente,Operador Municipal,,,Ação ainda não iniciada.
1767,3,concluido,Operador Municipal,2026-06-05 17:29:00,2026-06-05 18:16:00,
1767,4,concluido,Operador Municipal,2026-06-05 17:09:00,2026-06-05 20:09:00,
1768,1,pendente,Operador Municipal,,,Ação ainda não iniciada.
1768,3,em_execucao,Operador Municipal,2026-06-05 17:07:00,,
1768,4,pendente,Operador Municipal,,,Ação ainda não iniciada.
1769,3,pendente,Operador Municipal,,,Ação ainda não iniciada.
1769,5,concluido,Operador Municipal,2026-06-05 18:06:00,2026-06-05 18:50:00,
1769,6,concluido,Operador Municipal,2026-06-05 18:19:00,2026-06-05 20:00:00,
1770,1,em_execucao,Operador Municipal,2026-06-05 18:12:00,,
1770,3,concluido,Operador Municipal,2026-06-05 18:28:00,2026-06-05 19:59:00,
1770,4,pendente,Operador Municipal,,,Ação ainda não iniciada.
1771,1,pendente,Operador Municipal,,,Ação ainda não iniciada.
1771,3,pendente,Operador Municipal,,,Ação ainda não iniciada.
1771,4,pendente,Operador Municipal,,,Ação ainda não iniciada.
1772,1,pendente,Operador Municipal,,,Ação ainda não iniciada.
1772,3,pendente,Operador Municipal,,,Ação ainda não iniciada.
1772,4,pendente,Operador Municipal,,,Ação ainda não iniciada.
1773,3,pendente,Operador Municipal,,,Ação ainda não iniciada.
1773,5,concluido,Operador Municipal,2026-06-05 19:28:00,2026-06-05 20:11:00,
1773,6,concluido,Operador Municipal,2026-06-05 19:12:00,2026-06-05 21:52:00,
1774,1,pendente,Operador Municipal,,,Ação ainda não iniciada.
1774,3,concluido,Operador Municipal,2026-06-05 20:27:00,2026-06-05 22:44:00,
1774,4,pendente,Operador Municipal,,,Ação ainda não iniciada.
1775,3,pendente,Operador Municipal,,,Ação ainda não iniciada.
1775,5,concluido,Operador Municipal,2026-06-05 20:09:00,2026-06-05 23:02:00,
1775,6,concluido,Operador Municipal,2026-06-05 20:19:00,2026-06-05 22:16:00,
1776,1,pendente,Operador Municipal,,,Ação ainda não iniciada.
1776,3,em_execucao,Operador Municipal,2026-06-05 20:12:00,,
1776,4,pendente,Operador Municipal,,,Ação ainda não iniciada.
1777,1,concluido,Operador Municipal,2026-06-05 21:14:00,2026-06-05 22:38:00,
1777,3,em_execucao,Operador Municipal,2026-06-05 21:22:00,,
1777,4,pendente,Operador Municipal,,,Ação ainda não iniciada.
1778,1,em_execucao,Operador Municipal,2026-06-05 22:14:00,,
1778,3,pendente,Operador Municipal,,,Ação ainda não iniciada.
1778,4,em_execucao,Operador Municipal,2026-06-05 22:30:00,,
1779,3,concluido,Operador Municipal,2026-06-05 22:08:00,2026-06-05 23:11:00,
1779,5,em_execucao,Operador Municipal,2026-06-05 22:20:00,,
1779,6,concluido,Operador Municipal,2026-06-05 22:15:00,2026-06-06 00:03:00,
1780,3,concluido,Operador Municipal,2026-06-05 23:08:00,2026-06-05 23:49:00,
1780,5,concluido,Operador Municipal,2026-06-05 23:08:00,2026-06-06 01:54:00,
1780,6,em_execucao,Operador Municipal,2026-06-05 23:16:00,,
1781,1,em_execucao,Operador Municipal,2026-06-05 23:22:00,,
1781,3,pendente,Operador Municipal,,,Ação ainda não iniciada.
1781,4,concluido,Operador Municipal,2026-06-05 23:29:00,2026-06-06 02:04:00,
1782,1,pendente,Operador Municipal,,,Ação ainda não iniciada.
1782,3,pendente,Operador Municipal,,,Ação ainda não iniciada.
1782,4,pendente,Operador Municipal,,,Ação ainda não iniciada.
1783,1,pendente,Operador Municipal,,,Ação ainda não iniciada.
1783,3,concluido,Operador Municipal,2026-06-06 01:22:00,2026-06-06 03:43:00,
1783,4,pendente,Operador Municipal,,,Ação ainda não iniciada.
1784,1,pendente,Operador Municipal,,,Ação ainda não iniciada.
1784,3,em_execucao,Operador Municipal,2026-06-06 01:25:00,,
1784,4,pendente,Operador Municipal,,,Ação ainda não iniciada.
1785,5,concluido,Operador Municipal,2026-06-06 01:05:00,2026-06-06 03:31:00,
1785,6,em_execucao,Operador Municipal,2026-06-06 01:29:00,,
1785,7,concluido,Operador Municipal,2026-06-06 01:21:00,2026-06-06 02:13:00,
1785,8,em_execucao,Operador Municipal,2026-06-06 01:21:00,,
1786,3,concluido,Operador Municipal,2026-06-06 02:20:00,2026-06-06 03:41:00,
1786,5,concluido,Operador Municipal,2026-06-06 02:29:00,2026-06-06 04:34:00,
1786,6,concluido,Operador Municipal,2026-06-06 02:18:00,2026-06-06 04:07:00,
1787,3,em_execucao,Operador Municipal,2026-06-06 02:17:00,,
1787,5,concluido,Operador Municipal,2026-06-06 02:08:00,2026-06-06 03:31:00,
1787,6,concluido,Operador Municipal,2026-06-06 02:10:00,2026-06-06 05:09:00,
1788,3,concluido,Operador Municipal,2026-06-06 03:20:00,2026-06-06 04:31:00,
1788,5,pendente,Operador Municipal,,,Ação ainda não iniciada.
1788,6,em_execucao,Operador Municipal,2026-06-06 03:13:00,,
1789,3,concluido,Operador Municipal,2026-06-06 03:26:00,2026-06-06 05:16:00,
1789,5,concluido,Operador Municipal,2026-06-06 03:09:00,2026-06-06 04:49:00,
1789,6,em_execucao,Operador Municipal,2026-06-06 03:11:00,,
1790,1,concluido,Operador Municipal,2026-06-06 04:16:00,2026-06-06 06:28:00,
1790,3,pendente,Operador Municipal,,,Ação ainda não iniciada.
1790,4,em_execucao,Operador Municipal,2026-06-06 04:30:00,,
1791,1,pendente,Operador Municipal,,,Ação ainda não iniciada.
1791,3,pendente,Operador Municipal,,,Ação ainda não iniciada.
1791,4,em_execucao,Operador Municipal,2026-06-06 04:23:00,,
1792,3,concluido,Operador Municipal,2026-06-06 04:16:00,2026-06-06 05:03:00,
1792,5,concluido,Operador Municipal,2026-06-06 04:14:00,2026-06-06 06:31:00,
1792,6,em_execucao,Operador Municipal,2026-06-06 04:17:00,,
1793,1,em_execucao,Operador Municipal,2026-06-06 05:28:00,,
1793,3,em_execucao,Operador Municipal,2026-06-06 05:16:00,,
1793,4,em_execucao,Operador Municipal,2026-06-06 05:11:00,,
1794,5,em_execucao,Operador Municipal,2026-06-06 05:25:00,,
1794,6,concluido,Operador Municipal,2026-06-06 05:19:00,2026-06-06 07:30:00,
1794,7,em_execucao,Operador Municipal,2026-06-06 05:20:00,,
1794,8,pendente,Operador Municipal,,,Ação ainda não iniciada.
1795,3,em_execucao,Operador Municipal,2026-06-06 05:25:00,,
1795,5,concluido,Operador Municipal,2026-06-06 05:23:00,2026-06-06 07:38:00,
1795,6,em_execucao,Operador Municipal,2026-06-06 05:20:00,,
1796,3,concluido,Operador Municipal,2026-06-06 06:30:00,2026-06-06 09:19:00,
1796,5,em_execucao,Operador Municipal,2026-06-06 06:24:00,,
1796,6,concluido,Operador Municipal,2026-06-06 06:22:00,2026-06-06 06:53:00,
1797,3,em_execucao,Operador Municipal,2026-06-06 06:09:00,,
1797,5,em_execucao,Operador Municipal,2026-06-06 06:19:00,,
1797,6,em_execucao,Operador Municipal,2026-06-06 06:09:00,,
1798,3,pendente,Operador Municipal,,,Ação ainda não iniciada.
1798,5,pendente,Operador Municipal,,,Ação ainda não iniciada.
1798,6,em_execucao,Operador Municipal,2026-06-06 07:20:00,,
1799,3,em_execucao,Operador Municipal,2026-06-06 07:14:00,,
1799,5,concluido,Operador Municipal,2026-06-06 07:23:00,2026-06-06 09:05:00,
1799,6,em_execucao,Operador Municipal,2026-06-06 07:14:00,,
1800,1,em_execucao,Operador Municipal,2026-06-06 08:13:00,,
1800,3,pendente,Operador Municipal,,,Ação ainda não iniciada.
1800,4,concluido,Operador Municipal,2026-06-06 08:27:00,2026-06-06 11:07:00,
1801,3,concluido,Operador Municipal,2026-06-06 08:13:00,2026-06-06 09:53:00,
1801,5,em_execucao,Operador Municipal,2026-06-06 08:14:00,,
1801,6,em_execucao,Operador Municipal,2026-06-06 08:15:00,,
1802,3,em_execucao,Operador Municipal,2026-06-06 08:21:00,,
1802,5,em_execucao,Operador Municipal,2026-06-06 08:06:00,,
1802,6,em_execucao,Operador Municipal,2026-06-06 08:18:00,,
1803,3,em_execucao,Operador Municipal,2026-06-06 09:21:00,,
1803,5,concluido,Operador Municipal,2026-06-06 09:05:00,2026-06-06 10:39:00,
1803,6,em_execucao,Operador Municipal,2026-06-06 09:08:00,,
1804,1,pendente,Operador Municipal,,,Ação ainda não iniciada.
1804,3,pendente,Operador Municipal,,,Ação ainda não iniciada.
1804,4,em_execucao,Operador Municipal,2026-06-06 09:30:00,,
1805,3,concluido,Operador Municipal,2026-06-06 09:25:00,2026-06-06 11:26:00,
1805,5,concluido,Operador Municipal,2026-06-06 09:10:00,2026-06-06 11:50:00,
1805,6,em_execucao,Operador Municipal,2026-06-06 09:11:00,,
1806,3,concluido,Operador Municipal,2026-06-06 10:23:00,2026-06-06 11:34:00,
1806,5,concluido,Operador Municipal,2026-06-06 10:07:00,2026-06-06 11:30:00,
1806,6,em_execucao,Operador Municipal,2026-06-06 10:11:00,,
1807,1,em_execucao,Operador Municipal,2026-06-06 10:18:00,,
1807,3,pendente,Operador Municipal,,,Ação ainda não iniciada.
1807,4,em_execucao,Operador Municipal,2026-06-06 10:06:00,,
1808,1,pendente,Operador Municipal,,,Ação ainda não iniciada.
1808,3,em_execucao,Operador Municipal,2026-06-06 11:10:00,,
1808,4,concluido,Operador Municipal,2026-06-06 11:19:00,2026-06-06 14:13:00,
1809,1,em_execucao,Operador Municipal,2026-06-06 11:06:00,,
1809,3,concluido,Operador Municipal,2026-06-06 11:27:00,2026-06-06 14:15:00,
1809,4,concluido,Operador Municipal,2026-06-06 11:22:00,2026-06-06 14:22:00,
1810,1,pendente,Operador Municipal,,,Ação ainda não iniciada.
1810,3,concluido,Operador Municipal,2026-06-06 11:23:00,2026-06-06 13:44:00,
1810,4,pendente,Operador Municipal,,,Ação ainda não iniciada.
1811,3,concluido,Operador Municipal,2026-06-06 11:26:00,2026-06-06 12:14:00,
1811,5,concluido,Operador Municipal,2026-06-06 11:29:00,2026-06-06 12:28:00,
1811,6,concluido,Operador Municipal,2026-06-06 11:09:00,2026-06-06 12:04:00,
1812,1,pendente,Operador Municipal,,,Ação ainda não iniciada.
1812,3,concluido,Operador Municipal,2026-06-06 12:25:00,2026-06-06 15:15:00,
1812,4,pendente,Operador Municipal,,,Ação ainda não iniciada.
1813,3,concluido,Operador Municipal,2026-06-06 13:24:00,2026-06-06 15:36:00,
1813,5,concluido,Operador Municipal,2026-06-06 13:10:00,2026-06-06 13:47:00,
1813,6,concluido,Operador Municipal,2026-06-06 13:05:00,2026-06-06 15:11:00,
1814,3,concluido,Operador Municipal,2026-06-06 14:23:00,2026-06-06 17:09:00,
1814,5,pendente,Operador Municipal,,,Ação ainda não iniciada.
1814,6,em_execucao,Operador Municipal,2026-06-06 14:23:00,,
1815,1,pendente,Operador Municipal,,,Ação ainda não iniciada.
1815,3,concluido,Operador Municipal,2026-06-06 15:14:00,2026-06-06 15:56:00,
1815,4,pendente,Operador Municipal,,,Ação ainda não iniciada.
1816,1,concluido,Operador Municipal,2026-06-06 15:08:00,2026-06-06 16:23:00,
1816,3,em_execucao,Operador Municipal,2026-06-06 15:20:00,,
1816,4,em_execucao,Operador Municipal,2026-06-06 15:09:00,,
1817,3,em_execucao,Operador Municipal,2026-06-06 15:19:00,,
1817,5,concluido,Operador Municipal,2026-06-06 15:07:00,2026-06-06 17:29:00,
1817,6,concluido,Operador Municipal,2026-06-06 15:16:00,2026-06-06 17:46:00,
1818,1,concluido,Operador Municipal,2026-06-06 16:07:00,2026-06-06 18:36:00,
1818,3,pendente,Operador Municipal,,,Ação ainda não iniciada.
1818,4,em_execucao,Operador Municipal,2026-06-06 16:08:00,,
1819,1,concluido,Operador Municipal,2026-06-06 16:11:00,2026-06-06 18:27:00,
1819,3,pendente,Operador Municipal,,,Ação ainda não iniciada.
1819,4,em_execucao,Operador Municipal,2026-06-06 16:19:00,,
1820,1,concluido,Operador Municipal,2026-06-06 17:10:00,2026-06-06 20:02:00,
1820,3,em_execucao,Operador Municipal,2026-06-06 17:21:00,,
1820,4,concluido,Operador Municipal,2026-06-06 17:17:00,2026-06-06 18:59:00,
1821,1,pendente,Operador Municipal,,,Ação ainda não iniciada.
1821,3,pendente,Operador Municipal,,,Ação ainda não iniciada.
1821,4,pendente,Operador Municipal,,,Ação ainda não iniciada.
1822,1,pendente,Operador Municipal,,,Ação ainda não iniciada.
1822,3,pendente,Operador Municipal,,,Ação ainda não iniciada.
1822,4,pendente,Operador Municipal,,,Ação ainda não iniciada.
1823,1,pendente,Operador Municipal,,,Ação ainda não iniciada.
1823,3,em_execucao,Operador Municipal,2026-06-06 18:29:00,,
1823,4,pendente,Operador Municipal,,,Ação ainda não iniciada.
1824,3,em_execucao,Operador Municipal,2026-06-06 18:21:00,,
1824,5,em_execucao,Operador Municipal,2026-06-06 18:11:00,,
1824,6,em_execucao,Operador Municipal,2026-06-06 18:18:00,,
1825,1,em_execucao,Operador Municipal,2026-06-06 19:15:00,,
1825,2,pendente,Operador Municipal,,,Ação ainda não iniciada.
1826,1,pendente,Operador Municipal,,,Ação ainda não iniciada.
1826,3,pendente,Operador Municipal,,,Ação ainda não iniciada.
1826,4,pendente,Operador Municipal,,,Ação ainda não iniciada.
1827,1,pendente,Operador Municipal,,,Ação ainda não iniciada.
1827,3,concluido,Operador Municipal,2026-06-06 19:07:00,2026-06-06 19:44:00,
1827,4,em_execucao,Operador Municipal,2026-06-06 19:20:00,,
1828,1,pendente,Operador Municipal,,,Ação ainda não iniciada.
1828,3,concluido,Operador Municipal,2026-06-06 19:24:00,2026-06-06 20:38:00,
1828,4,pendente,Operador Municipal,,,Ação ainda não iniciada.
1829,1,pendente,Operador Municipal,,,Ação ainda não iniciada.
1829,3,em_execucao,Operador Municipal,2026-06-06 20:13:00,,
1829,4,pendente,Operador Municipal,,,Ação ainda não iniciada.
1830,1,pendente,Operador Municipal,,,Ação ainda não iniciada.
1830,3,em_execucao,Operador Municipal,2026-06-06 20:11:00,,
1830,4,em_execucao,Operador Municipal,2026-06-06 20:09:00,,
1831,1,pendente,Operador Municipal,,,Ação ainda não iniciada.
1831,3,concluido,Operador Municipal,2026-06-06 21:30:00,2026-06-06 22:10:00,
1831,4,em_execucao,Operador Municipal,2026-06-06 21:12:00,,
1832,3,em_execucao,Operador Municipal,2026-06-06 21:10:00,,
1832,5,em_execucao,Operador Municipal,2026-06-06 21:26:00,,
1832,6,concluido,Operador Municipal,2026-06-06 21:12:00,2026-06-06 23:13:00,
1833,1,pendente,Operador Municipal,,,Ação ainda não iniciada.
1833,3,em_execucao,Operador Municipal,2026-06-06 21:11:00,,
1833,4,em_execucao,Operador Municipal,2026-06-06 21:09:00,,
1834,3,concluido,Operador Municipal,2026-06-06 21:13:00,2026-06-06 23:14:00,
1834,5,concluido,Operador Municipal,2026-06-06 21:24:00,2026-06-06 22:49:00,
1834,6,pendente,Operador Municipal,,,Ação ainda não iniciada.
1835,1,em_execucao,Operador Municipal,2026-06-06 22:29:00,,
1835,3,em_execucao,Operador Municipal,2026-06-06 22:17:00,,
1835,4,pendente,Operador Municipal,,,Ação ainda não iniciada.
1836,3,concluido,Operador Municipal,2026-06-06 22:07:00,2026-06-07 00:24:00,
1836,5,pendente,Operador Municipal,,,Ação ainda não iniciada.
1836,6,concluido,Operador Municipal,2026-06-06 22:26:00,2026-06-07 00:28:00,
1837,1,pendente,Operador Municipal,,,Ação ainda não iniciada.
1837,3,pendente,Operador Municipal,,,Ação ainda não iniciada.
1837,4,concluido,Operador Municipal,2026-06-06 22:08:00,2026-06-06 23:21:00,
1838,1,pendente,Operador Municipal,,,Ação ainda não iniciada.
1838,3,concluido,Operador Municipal,2026-06-06 22:07:00,2026-06-06 23:57:00,
1838,4,em_execucao,Operador Municipal,2026-06-06 22:19:00,,
1839,3,pendente,Operador Municipal,,,Ação ainda não iniciada.
1839,5,concluido,Operador Municipal,2026-06-06 23:24:00,2026-06-07 00:40:00,
1839,6,em_execucao,Operador Municipal,2026-06-06 23:15:00,,
1840,3,concluido,Operador Municipal,2026-06-06 23:16:00,2026-06-07 01:03:00,
1840,5,concluido,Operador Municipal,2026-06-06 23:28:00,2026-06-07 00:06:00,
1840,6,concluido,Operador Municipal,2026-06-06 23:08:00,2026-06-07 01:48:00,
