idalerta_evidencia,idalerta,idleitura_sensor,idprevisao,tipo_variavel,valor_usado,unidade,limiar_aplicado,contribuicao_para_alerta
1,1,22,,nivel_agua_percentagem,67.49,%,70/85/90%,Leitura máxima de nível de água na área.
2,1,,,precipitacao_acumulada_6h,49.43,mm,30/41/60 mm,Precipitação acumulada calculada sobre as últimas 6 horas.
3,1,,3,precipitacao_prevista_1h,70,mm,10/21/40 mm,Previsão meteorológica simulada para a próxima hora.
4,2,34,,nivel_agua_percentagem,62.72,%,70/85/90%,Leitura máxima de nível de água na área.
5,2,,,precipitacao_acumulada_6h,49.29,mm,30/41/60 mm,Precipitação acumulada calculada sobre as últimas 6 horas.
6,2,,4,precipitacao_prevista_1h,40.6,mm,10/21/40 mm,Previsão meteorológica simulada para a próxima hora.
7,3,46,,nivel_agua_percentagem,31.47,%,70/85/90%,Leitura máxima de nível de água na área.
8,3,,,precipitacao_acumulada_6h,2.51,mm,30/41/60 mm,Precipitação acumulada calculada sobre as últimas 6 horas.
9,3,,6,precipitacao_prevista_1h,10.82,mm,10/21/40 mm,Previsão meteorológica simulada para a próxima hora.
10,4,58,,nivel_agua_percentagem,72.46,%,70/85/90%,Leitura máxima de nível de água na área.
11,4,,,precipitacao_acumulada_6h,50.98,mm,30/41/60 mm,Precipitação acumulada calculada sobre as últimas 6 horas.
12,4,,7,precipitacao_prevista_1h,0,mm,10/21/40 mm,Previsão meteorológica simulada para a próxima hora.
13,5,67,,nivel_agua_percentagem,69.95,%,70/85/90%,Leitura máxima de nível de água na área.
14,5,,,precipitacao_acumulada_6h,51.12,mm,30/41/60 mm,Precipitação acumulada calculada sobre as últimas 6 horas.
15,5,,8,precipitacao_prevista_1h,0,mm,10/21/40 mm,Previsão meteorológica simulada para a próxima hora.
16,6,79,,nivel_agua_percentagem,45.65,%,70/85/90%,Leitura máxima de nível de água na área.
17,6,,,precipitacao_acumulada_6h,6.47,mm,30/41/60 mm,Precipitação acumulada calculada sobre as últimas 6 horas.
18,6,,9,precipitacao_prevista_1h,11.75,mm,10/21/40 mm,Previsão meteorológica simulada para a próxima hora.
19,7,97,,nivel_agua_percentagem,73.67,%,70/85/90%,Leitura máxima de nível de água na área.
20,7,,,precipitacao_acumulada_6h,52.09,mm,30/41/60 mm,Precipitação acumulada calculada sobre as últimas 6 horas.
21,7,,11,precipitacao_prevista_1h,0,mm,10/21/40 mm,Previsão meteorológica simulada para a próxima hora.
22,8,106,,nivel_agua_percentagem,73.19,%,70/85/90%,Leitura máxima de nível de água na área.
23,8,,,precipitacao_acumulada_6h,51.17,mm,30/41/60 mm,Precipitação acumulada calculada sobre as últimas 6 horas.
24,8,,12,precipitacao_prevista_1h,1.6,mm,10/21/40 mm,Previsão meteorológica simulada para a próxima hora.
25,9,115,,nivel_agua_percentagem,41.07,%,70/85/90%,Leitura máxima de nível de água na área.
26,9,,,precipitacao_acumulada_6h,9.18,mm,30/41/60 mm,Precipitação acumulada calculada sobre as últimas 6 horas.
27,9,,13,precipitacao_prevista_1h,22.02,mm,10/21/40 mm,Previsão meteorológica simulada para a próxima hora.
28,10,127,,nivel_agua_percentagem,76.97,%,70/85/90%,Leitura máxima de nível de água na área.
29,10,,,precipitacao_acumulada_6h,52.66,mm,30/41/60 mm,Precipitação acumulada calculada sobre as últimas 6 horas.
30,10,,15,precipitacao_prevista_1h,11.22,mm,10/21/40 mm,Previsão meteorológica simulada para a próxima hora.
31,11,142,,nivel_agua_percentagem,89.3,%,70/85/90%,Leitura máxima de nível de água na área.
32,11,,,precipitacao_acumulada_6h,74.92,mm,30/41/60 mm,Precipitação acumulada calculada sobre as últimas 6 horas.
33,11,,16,precipitacao_prevista_1h,52.14,mm,10/21/40 mm,Previsão meteorológica simulada para a próxima hora.
34,12,151,,nivel_agua_percentagem,60.74,%,70/85/90%,Leitura máxima de nível de água na área.
35,12,,,precipitacao_acumulada_6h,30.9,mm,30/41/60 mm,Precipitação acumulada calculada sobre as últimas 6 horas.
36,12,,17,precipitacao_prevista_1h,22.4,mm,10/21/40 mm,Previsão meteorológica simulada para a próxima hora.
37,13,166,,nivel_agua_percentagem,86.85,%,70/85/90%,Leitura máxima de nível de água na área.
38,13,,,precipitacao_acumulada_6h,54.81,mm,30/41/60 mm,Precipitação acumulada calculada sobre as últimas 6 horas.
39,13,,19,precipitacao_prevista_1h,7.4,mm,10/21/40 mm,Previsão meteorológica simulada para a próxima hora.
40,14,175,,nivel_agua_percentagem,89.78,%,70/85/90%,Leitura máxima de nível de água na área.
41,14,,,precipitacao_acumulada_6h,74.92,mm,30/41/60 mm,Precipitação acumulada calculada sobre as últimas 6 horas.
42,14,,20,precipitacao_prevista_1h,17.23,mm,10/21/40 mm,Previsão meteorológica simulada para a próxima hora.
43,15,184,,nivel_agua_percentagem,93.96,%,70/85/90%,Leitura máxima de nível de água na área.
44,15,,,precipitacao_acumulada_6h,63.38,mm,30/41/60 mm,Precipitação acumulada calculada sobre as últimas 6 horas.
45,15,,21,precipitacao_prevista_1h,43.2,mm,10/21/40 mm,Previsão meteorológica simulada para a próxima hora.
46,16,205,,nivel_agua_percentagem,79.96,%,70/85/90%,Leitura máxima de nível de água na área.
47,16,,,precipitacao_acumulada_6h,57.28,mm,30/41/60 mm,Precipitação acumulada calculada sobre as últimas 6 horas.
48,16,,23,precipitacao_prevista_1h,3.26,mm,10/21/40 mm,Previsão meteorológica simulada para a próxima hora.
49,17,214,,nivel_agua_percentagem,88.73,%,70/85/90%,Leitura máxima de nível de água na área.
50,17,,,precipitacao_acumulada_6h,76.6,mm,30/41/60 mm,Precipitação acumulada calculada sobre as últimas 6 horas.
51,17,,24,precipitacao_prevista_1h,0,mm,10/21/40 mm,Previsão meteorológica simulada para a próxima hora.
52,18,220,,nivel_agua_percentagem,90.44,%,70/85/90%,Leitura máxima de nível de água na área.
53,18,,,precipitacao_acumulada_6h,64.26,mm,30/41/60 mm,Precipitação acumulada calculada sobre as últimas 6 horas.
54,18,,25,precipitacao_prevista_1h,3.16,mm,10/21/40 mm,Previsão meteorológica simulada para a próxima hora.
55,19,229,,nivel_agua_percentagem,40.34,%,70/85/90%,Leitura máxima de nível de água na área.
56,19,,,precipitacao_acumulada_6h,10.09,mm,30/41/60 mm,Precipitação acumulada calculada sobre as últimas 6 horas.
57,19,,26,precipitacao_prevista_1h,23.45,mm,10/21/40 mm,Previsão meteorológica simulada para a próxima hora.
58,20,238,,nivel_agua_percentagem,44.82,%,70/85/90%,Leitura máxima de nível de água na área.
59,20,,,precipitacao_acumulada_6h,7.85,mm,30/41/60 mm,Precipitação acumulada calculada sobre as últimas 6 horas.
60,20,,27,precipitacao_prevista_1h,20.43,mm,10/21/40 mm,Previsão meteorológica simulada para a próxima hora.
61,21,244,,nivel_agua_percentagem,58.15,%,70/85/90%,Leitura máxima de nível de água na área.
62,21,,,precipitacao_acumulada_6h,30.38,mm,30/41/60 mm,Precipitação acumulada calculada sobre as últimas 6 horas.
63,21,,28,precipitacao_prevista_1h,0,mm,10/21/40 mm,Previsão meteorológica simulada para a próxima hora.
64,22,256,,nivel_agua_percentagem,93.41,%,70/85/90%,Leitura máxima de nível de água na área.
65,22,,,precipitacao_acumulada_6h,64.57,mm,30/41/60 mm,Precipitação acumulada calculada sobre as últimas 6 horas.
66,22,,29,precipitacao_prevista_1h,0,mm,10/21/40 mm,Previsão meteorológica simulada para a próxima hora.
67,23,268,,nivel_agua_percentagem,45.98,%,70/85/90%,Leitura máxima de nível de água na área.
68,23,,,precipitacao_acumulada_6h,14.59,mm,30/41/60 mm,Precipitação acumulada calculada sobre as últimas 6 horas.
69,23,,30,precipitacao_prevista_1h,12.28,mm,10/21/40 mm,Previsão meteorológica simulada para a próxima hora.
70,24,277,,nivel_agua_percentagem,38.68,%,70/85/90%,Leitura máxima de nível de água na área.
71,24,,,precipitacao_acumulada_6h,11.07,mm,30/41/60 mm,Precipitação acumulada calculada sobre as últimas 6 horas.
72,24,,31,precipitacao_prevista_1h,17.22,mm,10/21/40 mm,Previsão meteorológica simulada para a próxima hora.
73,25,286,,nivel_agua_percentagem,58.37,%,70/85/90%,Leitura máxima de nível de água na área.
74,25,,,precipitacao_acumulada_6h,33.67,mm,30/41/60 mm,Precipitação acumulada calculada sobre as últimas 6 horas.
75,25,,32,precipitacao_prevista_1h,19.66,mm,10/21/40 mm,Previsão meteorológica simulada para a próxima hora.
76,26,295,,nivel_agua_percentagem,92.52,%,70/85/90%,Leitura máxima de nível de água na área.
77,26,,,precipitacao_acumulada_6h,64.65,mm,30/41/60 mm,Precipitação acumulada calculada sobre as últimas 6 horas.
78,26,,33,precipitacao_prevista_1h,9.9,mm,10/21/40 mm,Previsão meteorológica simulada para a próxima hora.
79,27,307,,nivel_agua_percentagem,45.86,%,70/85/90%,Leitura máxima de nível de água na área.
80,27,,,precipitacao_acumulada_6h,14.52,mm,30/41/60 mm,Precipitação acumulada calculada sobre as últimas 6 horas.
81,27,,35,precipitacao_prevista_1h,15.03,mm,10/21/40 mm,Previsão meteorológica simulada para a próxima hora.
82,28,316,,nivel_agua_percentagem,59.44,%,70/85/90%,Leitura máxima de nível de água na área.
83,28,,,precipitacao_acumulada_6h,36.09,mm,30/41/60 mm,Precipitação acumulada calculada sobre as últimas 6 horas.
84,28,,36,precipitacao_prevista_1h,15.18,mm,10/21/40 mm,Previsão meteorológica simulada para a próxima hora.
85,29,328,,nivel_agua_percentagem,90.28,%,70/85/90%,Leitura máxima de nível de água na área.
86,29,,,precipitacao_acumulada_6h,65.74,mm,30/41/60 mm,Precipitação acumulada calculada sobre as últimas 6 horas.
87,29,,37,precipitacao_prevista_1h,10.25,mm,10/21/40 mm,Previsão meteorológica simulada para a próxima hora.
88,30,340,,nivel_agua_percentagem,53.2,%,70/85/90%,Leitura máxima de nível de água na área.
89,30,,,precipitacao_acumulada_6h,16.29,mm,30/41/60 mm,Precipitação acumulada calculada sobre as últimas 6 horas.
90,30,,38,precipitacao_prevista_1h,13.31,mm,10/21/40 mm,Previsão meteorológica simulada para a próxima hora.
91,31,349,,nivel_agua_percentagem,92.79,%,70/85/90%,Leitura máxima de nível de água na área.
92,31,,,precipitacao_acumulada_6h,76.89,mm,30/41/60 mm,Precipitação acumulada calculada sobre as últimas 6 horas.
93,31,,39,precipitacao_prevista_1h,58.94,mm,10/21/40 mm,Previsão meteorológica simulada para a próxima hora.
94,32,361,,nivel_agua_percentagem,75.43,%,70/85/90%,Leitura máxima de nível de água na área.
95,32,,,precipitacao_acumulada_6h,45.34,mm,30/41/60 mm,Precipitação acumulada calculada sobre as últimas 6 horas.
96,32,,41,precipitacao_prevista_1h,8.64,mm,10/21/40 mm,Previsão meteorológica simulada para a próxima hora.
97,33,379,,nivel_agua_percentagem,100,%,70/85/90%,Leitura máxima de nível de água na área.
98,33,,,precipitacao_acumulada_6h,78.31,mm,30/41/60 mm,Precipitação acumulada calculada sobre as últimas 6 horas.
99,33,,43,precipitacao_prevista_1h,19.03,mm,10/21/40 mm,Previsão meteorológica simulada para a próxima hora.
100,34,391,,nivel_agua_percentagem,41.82,%,70/85/90%,Leitura máxima de nível de água na área.
101,34,,,precipitacao_acumulada_6h,16.36,mm,30/41/60 mm,Precipitação acumulada calculada sobre as últimas 6 horas.
102,34,,44,precipitacao_prevista_1h,6.52,mm,10/21/40 mm,Previsão meteorológica simulada para a próxima hora.
103,35,400,,nivel_agua_percentagem,50.6,%,70/85/90%,Leitura máxima de nível de água na área.
104,35,,,precipitacao_acumulada_6h,14.83,mm,30/41/60 mm,Precipitação acumulada calculada sobre as últimas 6 horas.
105,35,,45,precipitacao_prevista_1h,13.41,mm,10/21/40 mm,Previsão meteorológica simulada para a próxima hora.
106,36,406,,nivel_agua_percentagem,79.75,%,70/85/90%,Leitura máxima de nível de água na área.
107,36,,,precipitacao_acumulada_6h,53.28,mm,30/41/60 mm,Precipitação acumulada calculada sobre as últimas 6 horas.
108,36,,46,precipitacao_prevista_1h,32.72,mm,10/21/40 mm,Previsão meteorológica simulada para a próxima hora.
109,37,415,,nivel_agua_percentagem,98.43,%,70/85/90%,Leitura máxima de nível de água na área.
110,37,,,precipitacao_acumulada_6h,78.63,mm,30/41/60 mm,Precipitação acumulada calculada sobre as últimas 6 horas.
111,37,,47,precipitacao_prevista_1h,0,mm,10/21/40 mm,Previsão meteorológica simulada para a próxima hora.
112,38,436,,nivel_agua_percentagem,62.42,%,70/85/90%,Leitura máxima de nível de água na área.
113,38,,,precipitacao_acumulada_6h,26.54,mm,30/41/60 mm,Precipitação acumulada calculada sobre as últimas 6 horas.
114,38,,49,precipitacao_prevista_1h,20.47,mm,10/21/40 mm,Previsão meteorológica simulada para a próxima hora.
115,39,448,,nivel_agua_percentagem,77.72,%,70/85/90%,Leitura máxima de nível de água na área.
116,39,,,precipitacao_acumulada_6h,52.86,mm,30/41/60 mm,Precipitação acumulada calculada sobre as últimas 6 horas.
117,39,,50,precipitacao_prevista_1h,0,mm,10/21/40 mm,Previsão meteorológica simulada para a próxima hora.
118,40,451,,nivel_agua_percentagem,98.72,%,70/85/90%,Leitura máxima de nível de água na área.
119,40,,,precipitacao_acumulada_6h,80.59,mm,30/41/60 mm,Precipitação acumulada calculada sobre as últimas 6 horas.
120,40,,51,precipitacao_prevista_1h,13.27,mm,10/21/40 mm,Previsão meteorológica simulada para a próxima hora.
121,41,481,,nivel_agua_percentagem,79.56,%,70/85/90%,Leitura máxima de nível de água na área.
122,41,,,precipitacao_acumulada_6h,50.96,mm,30/41/60 mm,Precipitação acumulada calculada sobre as últimas 6 horas.
123,41,,54,precipitacao_prevista_1h,14.28,mm,10/21/40 mm,Previsão meteorológica simulada para a próxima hora.
124,42,487,,nivel_agua_percentagem,100,%,70/85/90%,Leitura máxima de nível de água na área.
125,42,,,precipitacao_acumulada_6h,80.67,mm,30/41/60 mm,Precipitação acumulada calculada sobre as últimas 6 horas.
126,42,,55,precipitacao_prevista_1h,0,mm,10/21/40 mm,Previsão meteorológica simulada para a próxima hora.
127,43,520,,nivel_agua_percentagem,79.59,%,70/85/90%,Leitura máxima de nível de água na área.
128,43,,,precipitacao_acumulada_6h,49.37,mm,30/41/60 mm,Precipitação acumulada calculada sobre as últimas 6 horas.
129,43,,58,precipitacao_prevista_1h,15.02,mm,10/21/40 mm,Previsão meteorológica simulada para a próxima hora.
130,44,526,,nivel_agua_percentagem,98.04,%,70/85/90%,Leitura máxima de nível de água na área.
131,44,,,precipitacao_acumulada_6h,77.78,mm,30/41/60 mm,Precipitação acumulada calculada sobre as últimas 6 horas.
132,44,,59,precipitacao_prevista_1h,8.85,mm,10/21/40 mm,Previsão meteorológica simulada para a próxima hora.
133,45,556,,nivel_agua_percentagem,76.71,%,70/85/90%,Leitura máxima de nível de água na área.
134,45,,,precipitacao_acumulada_6h,51.37,mm,30/41/60 mm,Precipitação acumulada calculada sobre as últimas 6 horas.
135,45,,62,precipitacao_prevista_1h,0.2,mm,10/21/40 mm,Previsão meteorológica simulada para a próxima hora.
136,46,559,,nivel_agua_percentagem,69.13,%,70/85/90%,Leitura máxima de nível de água na área.
137,46,,,precipitacao_acumulada_6h,40.9,mm,30/41/60 mm,Precipitação acumulada calculada sobre as últimas 6 horas.
138,46,,63,precipitacao_prevista_1h,22.29,mm,10/21/40 mm,Previsão meteorológica simulada para a próxima hora.
139,47,568,,nivel_agua_percentagem,30.76,%,70/85/90%,Leitura máxima de nível de água na área.
140,47,,,precipitacao_acumulada_6h,7.11,mm,30/41/60 mm,Precipitação acumulada calculada sobre as últimas 6 horas.
141,47,,64,precipitacao_prevista_1h,24.11,mm,10/21/40 mm,Previsão meteorológica simulada para a próxima hora.
142,48,583,,nivel_agua_percentagem,60.28,%,70/85/90%,Leitura máxima de nível de água na área.
143,48,,,precipitacao_acumulada_6h,28.68,mm,30/41/60 mm,Precipitação acumulada calculada sobre as últimas 6 horas.
144,48,,65,precipitacao_prevista_1h,19.01,mm,10/21/40 mm,Previsão meteorológica simulada para a próxima hora.
145,49,586,,nivel_agua_percentagem,79.99,%,70/85/90%,Leitura máxima de nível de água na área.
146,49,,,precipitacao_acumulada_6h,54.36,mm,30/41/60 mm,Precipitação acumulada calculada sobre as últimas 6 horas.
147,49,,66,precipitacao_prevista_1h,2.35,mm,10/21/40 mm,Previsão meteorológica simulada para a próxima hora.
148,50,595,,nivel_agua_percentagem,64.3,%,70/85/90%,Leitura máxima de nível de água na área.
149,50,,,precipitacao_acumulada_6h,39.46,mm,30/41/60 mm,Precipitação acumulada calculada sobre as últimas 6 horas.
150,50,,67,precipitacao_prevista_1h,9.11,mm,10/21/40 mm,Previsão meteorológica simulada para a próxima hora.
151,51,610,,nivel_agua_percentagem,34.72,%,70/85/90%,Leitura máxima de nível de água na área.
152,51,,,precipitacao_acumulada_6h,7.85,mm,30/41/60 mm,Precipitação acumulada calculada sobre as últimas 6 horas.
153,51,,68,precipitacao_prevista_1h,19.88,mm,10/21/40 mm,Previsão meteorológica simulada para a próxima hora.
154,52,634,,nivel_agua_percentagem,64.17,%,70/85/90%,Leitura máxima de nível de água na área.
155,52,,,precipitacao_acumulada_6h,40.12,mm,30/41/60 mm,Precipitação acumulada calculada sobre as últimas 6 horas.
156,52,,71,precipitacao_prevista_1h,23.64,mm,10/21/40 mm,Previsão meteorológica simulada para a próxima hora.
157,53,658,,nivel_agua_percentagem,45.38,%,70/85/90%,Leitura máxima de nível de água na área.
158,53,,,precipitacao_acumulada_6h,14.35,mm,30/41/60 mm,Precipitação acumulada calculada sobre as últimas 6 horas.
159,53,,74,precipitacao_prevista_1h,19.03,mm,10/21/40 mm,Previsão meteorológica simulada para a próxima hora.
160,54,673,,nivel_agua_percentagem,62.24,%,70/85/90%,Leitura máxima de nível de água na área.
161,54,,,precipitacao_acumulada_6h,38.5,mm,30/41/60 mm,Precipitação acumulada calculada sobre as últimas 6 horas.
162,54,,75,precipitacao_prevista_1h,8.43,mm,10/21/40 mm,Previsão meteorológica simulada para a próxima hora.
163,55,688,,nivel_agua_percentagem,52.35,%,70/85/90%,Leitura máxima de nível de água na área.
164,55,,,precipitacao_acumulada_6h,15.3,mm,30/41/60 mm,Precipitação acumulada calculada sobre as últimas 6 horas.
165,55,,77,precipitacao_prevista_1h,14.11,mm,10/21/40 mm,Previsão meteorológica simulada para a próxima hora.
166,56,709,,nivel_agua_percentagem,63.18,%,70/85/90%,Leitura máxima de nível de água na área.
167,56,,,precipitacao_acumulada_6h,37.81,mm,30/41/60 mm,Precipitação acumulada calculada sobre as últimas 6 horas.
168,56,,79,precipitacao_prevista_1h,4.88,mm,10/21/40 mm,Previsão meteorológica simulada para a próxima hora.
169,57,712,,nivel_agua_percentagem,47.68,%,70/85/90%,Leitura máxima de nível de água na área.
170,57,,,precipitacao_acumulada_6h,31.76,mm,30/41/60 mm,Precipitação acumulada calculada sobre as últimas 6 horas.
171,57,,80,precipitacao_prevista_1h,32.94,mm,10/21/40 mm,Previsão meteorológica simulada para a próxima hora.
172,58,745,,nivel_agua_percentagem,60.56,%,70/85/90%,Leitura máxima de nível de água na área.
173,58,,,precipitacao_acumulada_6h,39.63,mm,30/41/60 mm,Precipitação acumulada calculada sobre as últimas 6 horas.
174,58,,83,precipitacao_prevista_1h,8.57,mm,10/21/40 mm,Previsão meteorológica simulada para a próxima hora.
175,59,754,,nivel_agua_percentagem,50.08,%,70/85/90%,Leitura máxima de nível de água na área.
176,59,,,precipitacao_acumulada_6h,31.89,mm,30/41/60 mm,Precipitação acumulada calculada sobre as últimas 6 horas.
177,59,,84,precipitacao_prevista_1h,12.7,mm,10/21/40 mm,Previsão meteorológica simulada para a próxima hora.
178,60,757,,nivel_agua_percentagem,53.53,%,70/85/90%,Leitura máxima de nível de água na área.
179,60,,,precipitacao_acumulada_6h,14.84,mm,30/41/60 mm,Precipitação acumulada calculada sobre as últimas 6 horas.
180,60,,85,precipitacao_prevista_1h,18.02,mm,10/21/40 mm,Previsão meteorológica simulada para a próxima hora.
181,61,781,,nivel_agua_percentagem,46.78,%,70/85/90%,Leitura máxima de nível de água na área.
182,61,,,precipitacao_acumulada_6h,17.24,mm,30/41/60 mm,Precipitação acumulada calculada sobre as últimas 6 horas.
183,61,,87,precipitacao_prevista_1h,19.89,mm,10/21/40 mm,Previsão meteorológica simulada para a próxima hora.
184,62,790,,nivel_agua_percentagem,59.7,%,70/85/90%,Leitura máxima de nível de água na área.
185,62,,,precipitacao_acumulada_6h,35.58,mm,30/41/60 mm,Precipitação acumulada calculada sobre as últimas 6 horas.
186,62,,88,precipitacao_prevista_1h,27.27,mm,10/21/40 mm,Previsão meteorológica simulada para a próxima hora.
187,63,796,,nivel_agua_percentagem,48.67,%,70/85/90%,Leitura máxima de nível de água na área.
188,63,,,precipitacao_acumulada_6h,9.78,mm,30/41/60 mm,Precipitação acumulada calculada sobre as últimas 6 horas.
189,63,,89,precipitacao_prevista_1h,0,mm,10/21/40 mm,Previsão meteorológica simulada para a próxima hora.
190,64,802,,nivel_agua_percentagem,47.85,%,70/85/90%,Leitura máxima de nível de água na área.
191,64,,,precipitacao_acumulada_6h,13.19,mm,30/41/60 mm,Precipitação acumulada calculada sobre as últimas 6 horas.
192,64,,90,precipitacao_prevista_1h,14.66,mm,10/21/40 mm,Previsão meteorológica simulada para a próxima hora.
193,65,826,,nivel_agua_percentagem,53.62,%,70/85/90%,Leitura máxima de nível de água na área.
194,65,,,precipitacao_acumulada_6h,34.7,mm,30/41/60 mm,Precipitação acumulada calculada sobre as últimas 6 horas.
195,65,,92,precipitacao_prevista_1h,10.33,mm,10/21/40 mm,Previsão meteorológica simulada para a próxima hora.
196,66,829,,nivel_agua_percentagem,69.73,%,70/85/90%,Leitura máxima de nível de água na área.
197,66,,,precipitacao_acumulada_6h,43.3,mm,30/41/60 mm,Precipitação acumulada calculada sobre as últimas 6 horas.
198,66,,93,precipitacao_prevista_1h,40.43,mm,10/21/40 mm,Previsão meteorológica simulada para a próxima hora.
199,67,862,,nivel_agua_percentagem,56.01,%,70/85/90%,Leitura máxima de nível de água na área.
200,67,,,precipitacao_acumulada_6h,34.18,mm,30/41/60 mm,Precipitação acumulada calculada sobre as últimas 6 horas.
201,67,,96,precipitacao_prevista_1h,9.26,mm,10/21/40 mm,Previsão meteorológica simulada para a próxima hora.
202,68,871,,nivel_agua_percentagem,72.32,%,70/85/90%,Leitura máxima de nível de água na área.
203,68,,,precipitacao_acumulada_6h,44.58,mm,30/41/60 mm,Precipitação acumulada calculada sobre as últimas 6 horas.
204,68,,97,precipitacao_prevista_1h,22.42,mm,10/21/40 mm,Previsão meteorológica simulada para a próxima hora.
205,69,886,,nivel_agua_percentagem,44.64,%,70/85/90%,Leitura máxima de nível de água na área.
206,69,,,precipitacao_acumulada_6h,18.52,mm,30/41/60 mm,Precipitação acumulada calculada sobre as últimas 6 horas.
207,69,,99,precipitacao_prevista_1h,17.24,mm,10/21/40 mm,Previsão meteorológica simulada para a próxima hora.
208,70,898,,nivel_agua_percentagem,51.45,%,70/85/90%,Leitura máxima de nível de água na área.
209,70,,,precipitacao_acumulada_6h,34.26,mm,30/41/60 mm,Precipitação acumulada calculada sobre as últimas 6 horas.
210,70,,100,precipitacao_prevista_1h,0,mm,10/21/40 mm,Previsão meteorológica simulada para a próxima hora.
211,71,907,,nivel_agua_percentagem,70.11,%,70/85/90%,Leitura máxima de nível de água na área.
212,71,,,precipitacao_acumulada_6h,41.27,mm,30/41/60 mm,Precipitação acumulada calculada sobre as últimas 6 horas.
213,71,,101,precipitacao_prevista_1h,9.21,mm,10/21/40 mm,Previsão meteorológica simulada para a próxima hora.
214,72,943,,nivel_agua_percentagem,76.14,%,70/85/90%,Leitura máxima de nível de água na área.
215,72,,,precipitacao_acumulada_6h,39.44,mm,30/41/60 mm,Precipitação acumulada calculada sobre as últimas 6 horas.
216,72,,105,precipitacao_prevista_1h,0,mm,10/21/40 mm,Previsão meteorológica simulada para a próxima hora.
217,73,946,,nivel_agua_percentagem,45.37,%,70/85/90%,Leitura máxima de nível de água na área.
218,73,,,precipitacao_acumulada_6h,10.65,mm,30/41/60 mm,Precipitação acumulada calculada sobre as últimas 6 horas.
219,73,,106,precipitacao_prevista_1h,2.83,mm,10/21/40 mm,Previsão meteorológica simulada para a próxima hora.
220,74,976,,nivel_agua_percentagem,65.27,%,70/85/90%,Leitura máxima de nível de água na área.
221,74,,,precipitacao_acumulada_6h,39.45,mm,30/41/60 mm,Precipitação acumulada calculada sobre as últimas 6 horas.
222,74,,109,precipitacao_prevista_1h,1.39,mm,10/21/40 mm,Previsão meteorológica simulada para a próxima hora.
223,75,985,,nivel_agua_percentagem,45.48,%,70/85/90%,Leitura máxima de nível de água na área.
224,75,,,precipitacao_acumulada_6h,12.46,mm,30/41/60 mm,Precipitação acumulada calculada sobre as últimas 6 horas.
225,75,,110,precipitacao_prevista_1h,10.31,mm,10/21/40 mm,Previsão meteorológica simulada para a próxima hora.
226,76,997,,nivel_agua_percentagem,49.78,%,70/85/90%,Leitura máxima de nível de água na área.
227,76,,,precipitacao_acumulada_6h,17.31,mm,30/41/60 mm,Precipitação acumulada calculada sobre as últimas 6 horas.
228,76,,111,precipitacao_prevista_1h,21.13,mm,10/21/40 mm,Previsão meteorológica simulada para a próxima hora.
229,77,1015,,nivel_agua_percentagem,98.54,%,70/85/90%,Leitura máxima de nível de água na área.
230,77,,,precipitacao_acumulada_6h,82.31,mm,30/41/60 mm,Precipitação acumulada calculada sobre as últimas 6 horas.
231,77,,113,precipitacao_prevista_1h,52.33,mm,10/21/40 mm,Previsão meteorológica simulada para a próxima hora.
232,78,1018,,nivel_agua_percentagem,40.08,%,70/85/90%,Leitura máxima de nível de água na área.
233,78,,,precipitacao_acumulada_6h,11.38,mm,30/41/60 mm,Precipitação acumulada calculada sobre as últimas 6 horas.
234,78,,114,precipitacao_prevista_1h,0,mm,10/21/40 mm,Previsão meteorológica simulada para a próxima hora.
235,79,1033,,nivel_agua_percentagem,46.65,%,70/85/90%,Leitura máxima de nível de água na área.
236,79,,,precipitacao_acumulada_6h,18.49,mm,30/41/60 mm,Precipitação acumulada calculada sobre as últimas 6 horas.
237,79,,115,precipitacao_prevista_1h,16.53,mm,10/21/40 mm,Previsão meteorológica simulada para a próxima hora.
238,80,1042,,nivel_agua_percentagem,51.63,%,70/85/90%,Leitura máxima de nível de água na área.
239,80,,,precipitacao_acumulada_6h,35.14,mm,30/41/60 mm,Precipitação acumulada calculada sobre as últimas 6 horas.
240,80,,116,precipitacao_prevista_1h,24.8,mm,10/21/40 mm,Previsão meteorológica simulada para a próxima hora.
241,81,1051,,nivel_agua_percentagem,84.92,%,70/85/90%,Leitura máxima de nível de água na área.
242,81,,,precipitacao_acumulada_6h,50.17,mm,30/41/60 mm,Precipitação acumulada calculada sobre as últimas 6 horas.
243,81,,117,precipitacao_prevista_1h,15.61,mm,10/21/40 mm,Previsão meteorológica simulada para a próxima hora.
244,82,1072,,nivel_agua_percentagem,55.25,%,70/85/90%,Leitura máxima de nível de água na área.
245,82,,,precipitacao_acumulada_6h,35.77,mm,30/41/60 mm,Precipitação acumulada calculada sobre as últimas 6 horas.
246,82,,120,precipitacao_prevista_1h,0,mm,10/21/40 mm,Previsão meteorológica simulada para a próxima hora.
247,83,1087,,nivel_agua_percentagem,83.54,%,70/85/90%,Leitura máxima de nível de água na área.
248,83,,,precipitacao_acumulada_6h,51.36,mm,30/41/60 mm,Precipitação acumulada calculada sobre as últimas 6 horas.
249,83,,121,precipitacao_prevista_1h,2.54,mm,10/21/40 mm,Previsão meteorológica simulada para a próxima hora.
250,84,1093,,nivel_agua_percentagem,45.41,%,70/85/90%,Leitura máxima de nível de água na área.
251,84,,,precipitacao_acumulada_6h,9.53,mm,30/41/60 mm,Precipitação acumulada calculada sobre as últimas 6 horas.
252,84,,122,precipitacao_prevista_1h,7.91,mm,10/21/40 mm,Previsão meteorológica simulada para a próxima hora.
253,85,1105,,nivel_agua_percentagem,47.84,%,70/85/90%,Leitura máxima de nível de água na área.
254,85,,,precipitacao_acumulada_6h,20.67,mm,30/41/60 mm,Precipitação acumulada calculada sobre as últimas 6 horas.
255,85,,123,precipitacao_prevista_1h,32.56,mm,10/21/40 mm,Previsão meteorológica simulada para a próxima hora.
256,86,1111,,nivel_agua_percentagem,61.76,%,70/85/90%,Leitura máxima de nível de água na área.
257,86,,,precipitacao_acumulada_6h,35.62,mm,30/41/60 mm,Precipitação acumulada calculada sobre as últimas 6 horas.
258,86,,124,precipitacao_prevista_1h,0.39,mm,10/21/40 mm,Previsão meteorológica simulada para a próxima hora.
259,87,1117,,nivel_agua_percentagem,81.08,%,70/85/90%,Leitura máxima de nível de água na área.
260,87,,,precipitacao_acumulada_6h,51.66,mm,30/41/60 mm,Precipitação acumulada calculada sobre as últimas 6 horas.
261,87,,125,precipitacao_prevista_1h,1.06,mm,10/21/40 mm,Previsão meteorológica simulada para a próxima hora.
262,88,1132,,nivel_agua_percentagem,43.15,%,70/85/90%,Leitura máxima de nível de água na área.
263,88,,,precipitacao_acumulada_6h,12.05,mm,30/41/60 mm,Precipitação acumulada calculada sobre as últimas 6 horas.
264,88,,126,precipitacao_prevista_1h,18.14,mm,10/21/40 mm,Previsão meteorológica simulada para a próxima hora.
265,89,1141,,nivel_agua_percentagem,51.56,%,70/85/90%,Leitura máxima de nível de água na área.
266,89,,,precipitacao_acumulada_6h,23.01,mm,30/41/60 mm,Precipitação acumulada calculada sobre as últimas 6 horas.
267,89,,127,precipitacao_prevista_1h,10.99,mm,10/21/40 mm,Previsão meteorológica simulada para a próxima hora.
268,90,1144,,nivel_agua_percentagem,53.44,%,70/85/90%,Leitura máxima de nível de água na área.
269,90,,,precipitacao_acumulada_6h,35.71,mm,30/41/60 mm,Precipitação acumulada calculada sobre as últimas 6 horas.
270,90,,128,precipitacao_prevista_1h,0,mm,10/21/40 mm,Previsão meteorológica simulada para a próxima hora.
271,91,1153,,nivel_agua_percentagem,96.43,%,70/85/90%,Leitura máxima de nível de água na área.
272,91,,,precipitacao_acumulada_6h,73.96,mm,30/41/60 mm,Precipitação acumulada calculada sobre as últimas 6 horas.
273,91,,129,precipitacao_prevista_1h,21.14,mm,10/21/40 mm,Previsão meteorológica simulada para a próxima hora.
274,92,1180,,nivel_agua_percentagem,52.46,%,70/85/90%,Leitura máxima de nível de água na área.
275,92,,,precipitacao_acumulada_6h,33.21,mm,30/41/60 mm,Precipitação acumulada calculada sobre as últimas 6 horas.
276,92,,132,precipitacao_prevista_1h,0,mm,10/21/40 mm,Previsão meteorológica simulada para a próxima hora.
277,93,1189,,nivel_agua_percentagem,100,%,70/85/90%,Leitura máxima de nível de água na área.
278,93,,,precipitacao_acumulada_6h,75.58,mm,30/41/60 mm,Precipitação acumulada calculada sobre as últimas 6 horas.
279,93,,133,precipitacao_prevista_1h,0,mm,10/21/40 mm,Previsão meteorológica simulada para a próxima hora.
280,94,1204,,nivel_agua_percentagem,44.08,%,70/85/90%,Leitura máxima de nível de água na área.
281,94,,,precipitacao_acumulada_6h,12.87,mm,30/41/60 mm,Precipitação acumulada calculada sobre as últimas 6 horas.
282,94,,134,precipitacao_prevista_1h,12.24,mm,10/21/40 mm,Previsão meteorológica simulada para a próxima hora.
283,95,1216,,nivel_agua_percentagem,51.77,%,70/85/90%,Leitura máxima de nível de água na área.
284,95,,,precipitacao_acumulada_6h,31.54,mm,30/41/60 mm,Precipitação acumulada calculada sobre as últimas 6 horas.
285,95,,136,precipitacao_prevista_1h,9.77,mm,10/21/40 mm,Previsão meteorológica simulada para a próxima hora.
286,96,1231,,nivel_agua_percentagem,67.61,%,70/85/90%,Leitura máxima de nível de água na área.
287,96,,,precipitacao_acumulada_6h,31.79,mm,30/41/60 mm,Precipitação acumulada calculada sobre as últimas 6 horas.
288,96,,137,precipitacao_prevista_1h,15.6,mm,10/21/40 mm,Previsão meteorológica simulada para a próxima hora.
289,97,1258,,nivel_agua_percentagem,44.39,%,70/85/90%,Leitura máxima de nível de água na área.
290,97,,,precipitacao_acumulada_6h,16.16,mm,30/41/60 mm,Precipitação acumulada calculada sobre as últimas 6 horas.
291,97,,140,precipitacao_prevista_1h,10.25,mm,10/21/40 mm,Previsão meteorológica simulada para a próxima hora.
292,98,1261,,nivel_agua_percentagem,68.8,%,70/85/90%,Leitura máxima de nível de água na área.
293,98,,,precipitacao_acumulada_6h,35.86,mm,30/41/60 mm,Precipitação acumulada calculada sobre as últimas 6 horas.
294,98,,141,precipitacao_prevista_1h,0.76,mm,10/21/40 mm,Previsão meteorológica simulada para a próxima hora.
295,99,1291,,nivel_agua_percentagem,42.25,%,70/85/90%,Leitura máxima de nível de água na área.
296,99,,,precipitacao_acumulada_6h,15.59,mm,30/41/60 mm,Precipitação acumulada calculada sobre as últimas 6 horas.
297,99,,144,precipitacao_prevista_1h,16.54,mm,10/21/40 mm,Previsão meteorológica simulada para a próxima hora.
298,100,1303,,nivel_agua_percentagem,65.2,%,70/85/90%,Leitura máxima de nível de água na área.
299,100,,,precipitacao_acumulada_6h,32.53,mm,30/41/60 mm,Precipitação acumulada calculada sobre as últimas 6 horas.
300,100,,145,precipitacao_prevista_1h,16.76,mm,10/21/40 mm,Previsão meteorológica simulada para a próxima hora.
301,101,1321,,nivel_agua_percentagem,44.8,%,70/85/90%,Leitura máxima de nível de água na área.
302,101,,,precipitacao_acumulada_6h,15.95,mm,30/41/60 mm,Precipitação acumulada calculada sobre as últimas 6 horas.
303,101,,147,precipitacao_prevista_1h,21.82,mm,10/21/40 mm,Previsão meteorológica simulada para a próxima hora.
304,102,1333,,nivel_agua_percentagem,71.83,%,70/85/90%,Leitura máxima de nível de água na área.
305,102,,,precipitacao_acumulada_6h,34.85,mm,30/41/60 mm,Precipitação acumulada calculada sobre as últimas 6 horas.
306,102,,149,precipitacao_prevista_1h,8.47,mm,10/21/40 mm,Previsão meteorológica simulada para a próxima hora.
307,103,1342,,nivel_agua_percentagem,50.59,%,70/85/90%,Leitura máxima de nível de água na área.
308,103,,,precipitacao_acumulada_6h,13.84,mm,30/41/60 mm,Precipitação acumulada calculada sobre as últimas 6 horas.
309,103,,150,precipitacao_prevista_1h,13.36,mm,10/21/40 mm,Previsão meteorológica simulada para a próxima hora.
310,104,1369,,nivel_agua_percentagem,56.03,%,70/85/90%,Leitura máxima de nível de água na área.
311,104,,,precipitacao_acumulada_6h,15.1,mm,30/41/60 mm,Precipitação acumulada calculada sobre as últimas 6 horas.
312,104,,153,precipitacao_prevista_1h,9.51,mm,10/21/40 mm,Previsão meteorológica simulada para a próxima hora.
313,105,1411,,nivel_agua_percentagem,50.28,%,70/85/90%,Leitura máxima de nível de água na área.
314,105,,,precipitacao_acumulada_6h,15.31,mm,30/41/60 mm,Precipitação acumulada calculada sobre as últimas 6 horas.
315,105,,157,precipitacao_prevista_1h,13.11,mm,10/21/40 mm,Previsão meteorológica simulada para a próxima hora.
316,106,1429,,nivel_agua_percentagem,42.92,%,70/85/90%,Leitura máxima de nível de água na área.
317,106,,,precipitacao_acumulada_6h,16.68,mm,30/41/60 mm,Precipitação acumulada calculada sobre as últimas 6 horas.
318,106,,159,precipitacao_prevista_1h,17.52,mm,10/21/40 mm,Previsão meteorológica simulada para a próxima hora.
319,107,1453,,nivel_agua_percentagem,53.53,%,70/85/90%,Leitura máxima de nível de água na área.
320,107,,,precipitacao_acumulada_6h,15.27,mm,30/41/60 mm,Precipitação acumulada calculada sobre as últimas 6 horas.
321,107,,162,precipitacao_prevista_1h,18.46,mm,10/21/40 mm,Previsão meteorológica simulada para a próxima hora.
322,108,1498,,nivel_agua_percentagem,55.63,%,70/85/90%,Leitura máxima de nível de água na área.
323,108,,,precipitacao_acumulada_6h,27.36,mm,30/41/60 mm,Precipitação acumulada calculada sobre as últimas 6 horas.
324,108,,167,precipitacao_prevista_1h,28.74,mm,10/21/40 mm,Previsão meteorológica simulada para a próxima hora.
325,109,1504,,nivel_agua_percentagem,30.32,%,70/85/90%,Leitura máxima de nível de água na área.
326,109,,,precipitacao_acumulada_6h,6.62,mm,30/41/60 mm,Precipitação acumulada calculada sobre as últimas 6 horas.
327,109,,168,precipitacao_prevista_1h,25.01,mm,10/21/40 mm,Previsão meteorológica simulada para a próxima hora.
328,110,1528,,nivel_agua_percentagem,52.37,%,70/85/90%,Leitura máxima de nível de água na área.
329,110,,,precipitacao_acumulada_6h,18.33,mm,30/41/60 mm,Precipitação acumulada calculada sobre as últimas 6 horas.
330,110,,170,precipitacao_prevista_1h,12.43,mm,10/21/40 mm,Previsão meteorológica simulada para a próxima hora.
331,111,1537,,nivel_agua_percentagem,54.27,%,70/85/90%,Leitura máxima de nível de água na área.
332,111,,,precipitacao_acumulada_6h,25.99,mm,30/41/60 mm,Precipitação acumulada calculada sobre as últimas 6 horas.
333,111,,171,precipitacao_prevista_1h,12.56,mm,10/21/40 mm,Previsão meteorológica simulada para a próxima hora.
334,112,1543,,nivel_agua_percentagem,52.65,%,70/85/90%,Leitura máxima de nível de água na área.
335,112,,,precipitacao_acumulada_6h,32.07,mm,30/41/60 mm,Precipitação acumulada calculada sobre as últimas 6 horas.
336,112,,172,precipitacao_prevista_1h,11.19,mm,10/21/40 mm,Previsão meteorológica simulada para a próxima hora.
337,113,1549,,nivel_agua_percentagem,71.73,%,70/85/90%,Leitura máxima de nível de água na área.
338,113,,,precipitacao_acumulada_6h,47.18,mm,30/41/60 mm,Precipitação acumulada calculada sobre as últimas 6 horas.
339,113,,173,precipitacao_prevista_1h,52.87,mm,10/21/40 mm,Previsão meteorológica simulada para a próxima hora.
340,114,1570,,nivel_agua_percentagem,54.59,%,70/85/90%,Leitura máxima de nível de água na área.
341,114,,,precipitacao_acumulada_6h,26.85,mm,30/41/60 mm,Precipitação acumulada calculada sobre as últimas 6 horas.
342,114,,175,precipitacao_prevista_1h,15.32,mm,10/21/40 mm,Previsão meteorológica simulada para a próxima hora.
343,115,1576,,nivel_agua_percentagem,61.41,%,70/85/90%,Leitura máxima de nível de água na área.
344,115,,,precipitacao_acumulada_6h,32.89,mm,30/41/60 mm,Precipitação acumulada calculada sobre as últimas 6 horas.
345,115,,176,precipitacao_prevista_1h,4.39,mm,10/21/40 mm,Previsão meteorológica simulada para a próxima hora.
346,116,1585,,nivel_agua_percentagem,82.6,%,70/85/90%,Leitura máxima de nível de água na área.
347,116,,,precipitacao_acumulada_6h,48.62,mm,30/41/60 mm,Precipitação acumulada calculada sobre as últimas 6 horas.
348,116,,177,precipitacao_prevista_1h,9.03,mm,10/21/40 mm,Previsão meteorológica simulada para a próxima hora.
349,117,1597,,nivel_agua_percentagem,54.61,%,70/85/90%,Leitura máxima de nível de água na área.
350,117,,,precipitacao_acumulada_6h,22.52,mm,30/41/60 mm,Precipitação acumulada calculada sobre as últimas 6 horas.
351,117,,178,precipitacao_prevista_1h,14.18,mm,10/21/40 mm,Previsão meteorológica simulada para a próxima hora.
352,118,1615,,nivel_agua_percentagem,52.07,%,70/85/90%,Leitura máxima de nível de água na área.
353,118,,,precipitacao_acumulada_6h,34.44,mm,30/41/60 mm,Precipitação acumulada calculada sobre as últimas 6 horas.
354,118,,180,precipitacao_prevista_1h,5.08,mm,10/21/40 mm,Previsão meteorológica simulada para a próxima hora.
355,119,1624,,nivel_agua_percentagem,82.46,%,70/85/90%,Leitura máxima de nível de água na área.
356,119,,,precipitacao_acumulada_6h,48.82,mm,30/41/60 mm,Precipitação acumulada calculada sobre as últimas 6 horas.
357,119,,181,precipitacao_prevista_1h,4.52,mm,10/21/40 mm,Previsão meteorológica simulada para a próxima hora.
358,120,1651,,nivel_agua_percentagem,59.06,%,70/85/90%,Leitura máxima de nível de água na área.
359,120,,,precipitacao_acumulada_6h,37.2,mm,30/41/60 mm,Precipitação acumulada calculada sobre as últimas 6 horas.
360,120,,184,precipitacao_prevista_1h,25.51,mm,10/21/40 mm,Previsão meteorológica simulada para a próxima hora.
361,121,1663,,nivel_agua_percentagem,80.15,%,70/85/90%,Leitura máxima de nível de água na área.
362,121,,,precipitacao_acumulada_6h,53.38,mm,30/41/60 mm,Precipitação acumulada calculada sobre as últimas 6 horas.
363,121,,185,precipitacao_prevista_1h,0,mm,10/21/40 mm,Previsão meteorológica simulada para a próxima hora.
364,122,1666,,nivel_agua_percentagem,60.85,%,70/85/90%,Leitura máxima de nível de água na área.
365,122,,,precipitacao_acumulada_6h,26.96,mm,30/41/60 mm,Precipitação acumulada calculada sobre as últimas 6 horas.
366,122,,186,precipitacao_prevista_1h,17.69,mm,10/21/40 mm,Previsão meteorológica simulada para a próxima hora.
367,123,1675,,nivel_agua_percentagem,58.17,%,70/85/90%,Leitura máxima de nível de água na área.
368,123,,,precipitacao_acumulada_6h,24.63,mm,30/41/60 mm,Precipitação acumulada calculada sobre as últimas 6 horas.
369,123,,187,precipitacao_prevista_1h,10.72,mm,10/21/40 mm,Previsão meteorológica simulada para a próxima hora.
370,124,1684,,nivel_agua_percentagem,58.41,%,70/85/90%,Leitura máxima de nível de água na área.
371,124,,,precipitacao_acumulada_6h,37.07,mm,30/41/60 mm,Precipitação acumulada calculada sobre as últimas 6 horas.
372,124,,188,precipitacao_prevista_1h,0,mm,10/21/40 mm,Previsão meteorológica simulada para a próxima hora.
373,125,1699,,nivel_agua_percentagem,82.9,%,70/85/90%,Leitura máxima de nível de água na área.
374,125,,,precipitacao_acumulada_6h,55.6,mm,30/41/60 mm,Precipitação acumulada calculada sobre as últimas 6 horas.
375,125,,189,precipitacao_prevista_1h,11.78,mm,10/21/40 mm,Previsão meteorológica simulada para a próxima hora.
376,126,1723,,nivel_agua_percentagem,64.6,%,70/85/90%,Leitura máxima de nível de água na área.
377,126,,,precipitacao_acumulada_6h,37.68,mm,30/41/60 mm,Precipitação acumulada calculada sobre as últimas 6 horas.
378,126,,192,precipitacao_prevista_1h,18.38,mm,10/21/40 mm,Previsão meteorológica simulada para a próxima hora.
379,127,1735,,nivel_agua_percentagem,84.51,%,70/85/90%,Leitura máxima de nível de água na área.
380,127,,,precipitacao_acumulada_6h,56.62,mm,30/41/60 mm,Precipitação acumulada calculada sobre as últimas 6 horas.
381,127,,193,precipitacao_prevista_1h,0,mm,10/21/40 mm,Previsão meteorológica simulada para a próxima hora.
382,128,1738,,nivel_agua_percentagem,51.82,%,70/85/90%,Leitura máxima de nível de água na área.
383,128,,,precipitacao_acumulada_6h,22.83,mm,30/41/60 mm,Precipitação acumulada calculada sobre as últimas 6 horas.
384,128,,194,precipitacao_prevista_1h,15.35,mm,10/21/40 mm,Previsão meteorológica simulada para a próxima hora.
385,129,1762,,nivel_agua_percentagem,42.91,%,70/85/90%,Leitura máxima de nível de água na área.
386,129,,,precipitacao_acumulada_6h,12.33,mm,30/41/60 mm,Precipitação acumulada calculada sobre as últimas 6 horas.
387,129,,196,precipitacao_prevista_1h,17.85,mm,10/21/40 mm,Previsão meteorológica simulada para a próxima hora.
388,130,1771,,nivel_agua_percentagem,64.24,%,70/85/90%,Leitura máxima de nível de água na área.
389,130,,,precipitacao_acumulada_6h,26.36,mm,30/41/60 mm,Precipitação acumulada calculada sobre as últimas 6 horas.
390,130,,197,precipitacao_prevista_1h,14.03,mm,10/21/40 mm,Previsão meteorológica simulada para a próxima hora.
391,131,1789,,nivel_agua_percentagem,50.31,%,70/85/90%,Leitura máxima de nível de água na área.
392,131,,,precipitacao_acumulada_6h,15.93,mm,30/41/60 mm,Precipitação acumulada calculada sobre as últimas 6 horas.
393,131,,199,precipitacao_prevista_1h,15.15,mm,10/21/40 mm,Previsão meteorológica simulada para a próxima hora.
394,132,1792,,nivel_agua_percentagem,36.54,%,70/85/90%,Leitura máxima de nível de água na área.
395,132,,,precipitacao_acumulada_6h,13.55,mm,30/41/60 mm,Precipitação acumulada calculada sobre as últimas 6 horas.
396,132,,200,precipitacao_prevista_1h,20.08,mm,10/21/40 mm,Previsão meteorológica simulada para a próxima hora.
397,133,1807,,nivel_agua_percentagem,57.76,%,70/85/90%,Leitura máxima de nível de água na área.
398,133,,,precipitacao_acumulada_6h,21.09,mm,30/41/60 mm,Precipitação acumulada calculada sobre as últimas 6 horas.
399,133,,201,precipitacao_prevista_1h,13.1,mm,10/21/40 mm,Previsão meteorológica simulada para a próxima hora.
400,134,1822,,nivel_agua_percentagem,45.58,%,70/85/90%,Leitura máxima de nível de água na área.
401,134,,,precipitacao_acumulada_6h,19.16,mm,30/41/60 mm,Precipitação acumulada calculada sobre as últimas 6 horas.
402,134,,203,precipitacao_prevista_1h,26.37,mm,10/21/40 mm,Previsão meteorológica simulada para a próxima hora.
403,135,1831,,nivel_agua_percentagem,30.07,%,70/85/90%,Leitura máxima de nível de água na área.
404,135,,,precipitacao_acumulada_6h,11.2,mm,30/41/60 mm,Precipitação acumulada calculada sobre as últimas 6 horas.
405,135,,204,precipitacao_prevista_1h,10.86,mm,10/21/40 mm,Previsão meteorológica simulada para a próxima hora.
406,136,1843,,nivel_agua_percentagem,58.11,%,70/85/90%,Leitura máxima de nível de água na área.
407,136,,,precipitacao_acumulada_6h,21.53,mm,30/41/60 mm,Precipitação acumulada calculada sobre as últimas 6 horas.
408,136,,205,precipitacao_prevista_1h,14.68,mm,10/21/40 mm,Previsão meteorológica simulada para a próxima hora.
409,137,1870,,nivel_agua_percentagem,36.76,%,70/85/90%,Leitura máxima de nível de água na área.
410,137,,,precipitacao_acumulada_6h,10.01,mm,30/41/60 mm,Precipitação acumulada calculada sobre as últimas 6 horas.
411,137,,208,precipitacao_prevista_1h,23.06,mm,10/21/40 mm,Previsão meteorológica simulada para a próxima hora.
412,138,1879,,nivel_agua_percentagem,60.79,%,70/85/90%,Leitura máxima de nível de água na área.
413,138,,,precipitacao_acumulada_6h,18.08,mm,30/41/60 mm,Precipitação acumulada calculada sobre as últimas 6 horas.
414,138,,209,precipitacao_prevista_1h,15.51,mm,10/21/40 mm,Previsão meteorológica simulada para a próxima hora.
415,139,1885,,nivel_agua_percentagem,71.22,%,70/85/90%,Leitura máxima de nível de água na área.
416,139,,,precipitacao_acumulada_6h,43.78,mm,30/41/60 mm,Precipitação acumulada calculada sobre as últimas 6 horas.
417,139,,210,precipitacao_prevista_1h,30.64,mm,10/21/40 mm,Previsão meteorológica simulada para a próxima hora.
418,140,1921,,nivel_agua_percentagem,72.3,%,70/85/90%,Leitura máxima de nível de água na área.
419,140,,,precipitacao_acumulada_6h,43.91,mm,30/41/60 mm,Precipitação acumulada calculada sobre as últimas 6 horas.
420,140,,214,precipitacao_prevista_1h,11.16,mm,10/21/40 mm,Previsão meteorológica simulada para a próxima hora.
421,141,1933,,nivel_agua_percentagem,47.68,%,70/85/90%,Leitura máxima de nível de água na área.
422,141,,,precipitacao_acumulada_6h,21.65,mm,30/41/60 mm,Precipitação acumulada calculada sobre as últimas 6 horas.
423,141,,215,precipitacao_prevista_1h,12.37,mm,10/21/40 mm,Previsão meteorológica simulada para a próxima hora.
424,142,1960,,nivel_agua_percentagem,71.12,%,70/85/90%,Leitura máxima de nível de água na área.
425,142,,,precipitacao_acumulada_6h,44.62,mm,30/41/60 mm,Precipitação acumulada calculada sobre as últimas 6 horas.
426,142,,218,precipitacao_prevista_1h,8.39,mm,10/21/40 mm,Previsão meteorológica simulada para a próxima hora.
427,143,1972,,nivel_agua_percentagem,34.31,%,70/85/90%,Leitura máxima de nível de água na área.
428,143,,,precipitacao_acumulada_6h,11.12,mm,30/41/60 mm,Precipitação acumulada calculada sobre as últimas 6 horas.
429,143,,220,precipitacao_prevista_1h,21.88,mm,10/21/40 mm,Previsão meteorológica simulada para a próxima hora.
430,144,1984,,nivel_agua_percentagem,73.47,%,70/85/90%,Leitura máxima de nível de água na área.
431,144,,,precipitacao_acumulada_6h,52.59,mm,30/41/60 mm,Precipitação acumulada calculada sobre as últimas 6 horas.
432,144,,221,precipitacao_prevista_1h,47.28,mm,10/21/40 mm,Previsão meteorológica simulada para a próxima hora.
433,145,1996,,nivel_agua_percentagem,72.11,%,70/85/90%,Leitura máxima de nível de água na área.
434,145,,,precipitacao_acumulada_6h,43.73,mm,30/41/60 mm,Precipitação acumulada calculada sobre as últimas 6 horas.
435,145,,222,precipitacao_prevista_1h,7.18,mm,10/21/40 mm,Previsão meteorológica simulada para a próxima hora.
436,146,2005,,nivel_agua_percentagem,51.12,%,70/85/90%,Leitura máxima de nível de água na área.
437,146,,,precipitacao_acumulada_6h,22.38,mm,30/41/60 mm,Precipitação acumulada calculada sobre as últimas 6 horas.
438,146,,223,precipitacao_prevista_1h,29.34,mm,10/21/40 mm,Previsão meteorológica simulada para a próxima hora.
439,147,2014,,nivel_agua_percentagem,40.99,%,70/85/90%,Leitura máxima de nível de água na área.
440,147,,,precipitacao_acumulada_6h,11.35,mm,30/41/60 mm,Precipitação acumulada calculada sobre as últimas 6 horas.
441,147,,224,precipitacao_prevista_1h,0,mm,10/21/40 mm,Previsão meteorológica simulada para a próxima hora.
442,148,2020,,nivel_agua_percentagem,84.59,%,70/85/90%,Leitura máxima de nível de água na área.
443,148,,,precipitacao_acumulada_6h,57.33,mm,30/41/60 mm,Precipitação acumulada calculada sobre as últimas 6 horas.
444,148,,225,precipitacao_prevista_1h,5.45,mm,10/21/40 mm,Previsão meteorológica simulada para a próxima hora.
445,149,2029,,nivel_agua_percentagem,68.66,%,70/85/90%,Leitura máxima de nível de água na área.
446,149,,,precipitacao_acumulada_6h,42.67,mm,30/41/60 mm,Precipitação acumulada calculada sobre as últimas 6 horas.
447,149,,226,precipitacao_prevista_1h,0,mm,10/21/40 mm,Previsão meteorológica simulada para a próxima hora.
448,150,2050,,nivel_agua_percentagem,43.56,%,70/85/90%,Leitura máxima de nível de água na área.
449,150,,,precipitacao_acumulada_6h,24.96,mm,30/41/60 mm,Precipitação acumulada calculada sobre as últimas 6 horas.
450,150,,228,precipitacao_prevista_1h,15.07,mm,10/21/40 mm,Previsão meteorológica simulada para a próxima hora.
451,151,2056,,nivel_agua_percentagem,87.43,%,70/85/90%,Leitura máxima de nível de água na área.
452,151,,,precipitacao_acumulada_6h,59.98,mm,30/41/60 mm,Precipitação acumulada calculada sobre as últimas 6 horas.
453,151,,229,precipitacao_prevista_1h,20.19,mm,10/21/40 mm,Previsão meteorológica simulada para a próxima hora.
454,152,2062,,nivel_agua_percentagem,73.46,%,70/85/90%,Leitura máxima de nível de água na área.
455,152,,,precipitacao_acumulada_6h,42.07,mm,30/41/60 mm,Precipitação acumulada calculada sobre as últimas 6 horas.
456,152,,230,precipitacao_prevista_1h,12.35,mm,10/21/40 mm,Previsão meteorológica simulada para a próxima hora.
457,153,2074,,nivel_agua_percentagem,50.35,%,70/85/90%,Leitura máxima de nível de água na área.
458,153,,,precipitacao_acumulada_6h,21.9,mm,30/41/60 mm,Precipitação acumulada calculada sobre as últimas 6 horas.
459,153,,231,precipitacao_prevista_1h,4.84,mm,10/21/40 mm,Previsão meteorológica simulada para a próxima hora.
460,154,2086,,nivel_agua_percentagem,50.67,%,70/85/90%,Leitura máxima de nível de água na área.
461,154,,,precipitacao_acumulada_6h,25.28,mm,30/41/60 mm,Precipitação acumulada calculada sobre as últimas 6 horas.
462,154,,232,precipitacao_prevista_1h,16.87,mm,10/21/40 mm,Previsão meteorológica simulada para a próxima hora.
463,155,2089,,nivel_agua_percentagem,83.93,%,70/85/90%,Leitura máxima de nível de água na área.
464,155,,,precipitacao_acumulada_6h,61.07,mm,30/41/60 mm,Precipitação acumulada calculada sobre as últimas 6 horas.
465,155,,233,precipitacao_prevista_1h,0,mm,10/21/40 mm,Previsão meteorológica simulada para a próxima hora.
466,156,2098,,nivel_agua_percentagem,50.76,%,70/85/90%,Leitura máxima de nível de água na área.
467,156,,,precipitacao_acumulada_6h,15.94,mm,30/41/60 mm,Precipitação acumulada calculada sobre as últimas 6 horas.
468,156,,234,precipitacao_prevista_1h,17.46,mm,10/21/40 mm,Previsão meteorológica simulada para a próxima hora.
469,157,2110,,nivel_agua_percentagem,52.46,%,70/85/90%,Leitura máxima de nível de água na área.
470,157,,,precipitacao_acumulada_6h,20.41,mm,30/41/60 mm,Precipitação acumulada calculada sobre as últimas 6 horas.
471,157,,235,precipitacao_prevista_1h,11.15,mm,10/21/40 mm,Previsão meteorológica simulada para a próxima hora.
472,158,2119,,nivel_agua_percentagem,47.4,%,70/85/90%,Leitura máxima de nível de água na área.
473,158,,,precipitacao_acumulada_6h,26.01,mm,30/41/60 mm,Precipitação acumulada calculada sobre as últimas 6 horas.
474,158,,236,precipitacao_prevista_1h,10.59,mm,10/21/40 mm,Previsão meteorológica simulada para a próxima hora.
475,159,2125,,nivel_agua_percentagem,86.9,%,70/85/90%,Leitura máxima de nível de água na área.
476,159,,,precipitacao_acumulada_6h,61.35,mm,30/41/60 mm,Precipitação acumulada calculada sobre as últimas 6 horas.
477,159,,237,precipitacao_prevista_1h,22.72,mm,10/21/40 mm,Previsão meteorológica simulada para a próxima hora.
478,160,2134,,nivel_agua_percentagem,51.97,%,70/85/90%,Leitura máxima de nível de água na área.
479,160,,,precipitacao_acumulada_6h,17.83,mm,30/41/60 mm,Precipitação acumulada calculada sobre as últimas 6 horas.
480,160,,238,precipitacao_prevista_1h,10.55,mm,10/21/40 mm,Previsão meteorológica simulada para a próxima hora.
481,161,2143,,nivel_agua_percentagem,42.51,%,70/85/90%,Leitura máxima de nível de água na área.
482,161,,,precipitacao_acumulada_6h,16.35,mm,30/41/60 mm,Precipitação acumulada calculada sobre as últimas 6 horas.
483,161,,239,precipitacao_prevista_1h,3.05,mm,10/21/40 mm,Previsão meteorológica simulada para a próxima hora.
484,162,2158,,nivel_agua_percentagem,49.68,%,70/85/90%,Leitura máxima de nível de água na área.
485,162,,,precipitacao_acumulada_6h,25.93,mm,30/41/60 mm,Precipitação acumulada calculada sobre as últimas 6 horas.
486,162,,240,precipitacao_prevista_1h,17.4,mm,10/21/40 mm,Previsão meteorológica simulada para a próxima hora.
487,163,2164,,nivel_agua_percentagem,93.32,%,70/85/90%,Leitura máxima de nível de água na área.
488,163,,,precipitacao_acumulada_6h,61.15,mm,30/41/60 mm,Precipitação acumulada calculada sobre as últimas 6 horas.
489,163,,241,precipitacao_prevista_1h,7.11,mm,10/21/40 mm,Previsão meteorológica simulada para a próxima hora.
490,164,2179,,nivel_agua_percentagem,46.85,%,70/85/90%,Leitura máxima de nível de água na área.
491,164,,,precipitacao_acumulada_6h,18.94,mm,30/41/60 mm,Precipitação acumulada calculada sobre as últimas 6 horas.
492,164,,243,precipitacao_prevista_1h,19.24,mm,10/21/40 mm,Previsão meteorológica simulada para a próxima hora.
493,165,2191,,nivel_agua_percentagem,52.36,%,70/85/90%,Leitura máxima de nível de água na área.
494,165,,,precipitacao_acumulada_6h,28.14,mm,30/41/60 mm,Precipitação acumulada calculada sobre as últimas 6 horas.
495,165,,244,precipitacao_prevista_1h,14.57,mm,10/21/40 mm,Previsão meteorológica simulada para a próxima hora.
496,166,2206,,nivel_agua_percentagem,54.32,%,70/85/90%,Leitura máxima de nível de água na área.
497,166,,,precipitacao_acumulada_6h,17.57,mm,30/41/60 mm,Precipitação acumulada calculada sobre as últimas 6 horas.
498,166,,246,precipitacao_prevista_1h,12.08,mm,10/21/40 mm,Previsão meteorológica simulada para a próxima hora.
499,167,2239,,nivel_agua_percentagem,52.23,%,70/85/90%,Leitura máxima de nível de água na área.
500,167,,,precipitacao_acumulada_6h,21.87,mm,30/41/60 mm,Precipitação acumulada calculada sobre as últimas 6 horas.
501,167,,249,precipitacao_prevista_1h,18.02,mm,10/21/40 mm,Previsão meteorológica simulada para a próxima hora.
502,168,2269,,nivel_agua_percentagem,73.33,%,70/85/90%,Leitura máxima de nível de água na área.
503,168,,,precipitacao_acumulada_6h,43.87,mm,30/41/60 mm,Precipitação acumulada calculada sobre as últimas 6 horas.
504,168,,253,precipitacao_prevista_1h,24.71,mm,10/21/40 mm,Previsão meteorológica simulada para a próxima hora.
505,169,2284,,nivel_agua_percentagem,52.71,%,70/85/90%,Leitura máxima de nível de água na área.
506,169,,,precipitacao_acumulada_6h,22.84,mm,30/41/60 mm,Precipitação acumulada calculada sobre as últimas 6 horas.
507,169,,254,precipitacao_prevista_1h,25.9,mm,10/21/40 mm,Previsão meteorológica simulada para a próxima hora.
508,170,2293,,nivel_agua_percentagem,47.76,%,70/85/90%,Leitura máxima de nível de água na área.
509,170,,,precipitacao_acumulada_6h,17.1,mm,30/41/60 mm,Precipitação acumulada calculada sobre as últimas 6 horas.
510,170,,255,precipitacao_prevista_1h,27.62,mm,10/21/40 mm,Previsão meteorológica simulada para a próxima hora.
511,171,2296,,nivel_agua_percentagem,61.34,%,70/85/90%,Leitura máxima de nível de água na área.
512,171,,,precipitacao_acumulada_6h,43.75,mm,30/41/60 mm,Precipitação acumulada calculada sobre as últimas 6 horas.
513,171,,256,precipitacao_prevista_1h,36.85,mm,10/21/40 mm,Previsão meteorológica simulada para a próxima hora.
514,172,2311,,nivel_agua_percentagem,76.87,%,70/85/90%,Leitura máxima de nível de água na área.
515,172,,,precipitacao_acumulada_6h,45.06,mm,30/41/60 mm,Precipitação acumulada calculada sobre as últimas 6 horas.
516,172,,257,precipitacao_prevista_1h,13.95,mm,10/21/40 mm,Previsão meteorológica simulada para a próxima hora.
517,173,2335,,nivel_agua_percentagem,63.05,%,70/85/90%,Leitura máxima de nível de água na área.
518,173,,,precipitacao_acumulada_6h,42.1,mm,30/41/60 mm,Precipitação acumulada calculada sobre as últimas 6 horas.
519,173,,260,precipitacao_prevista_1h,16.31,mm,10/21/40 mm,Previsão meteorológica simulada para a próxima hora.
520,174,2344,,nivel_agua_percentagem,79.49,%,70/85/90%,Leitura máxima de nível de água na área.
521,174,,,precipitacao_acumulada_6h,46.25,mm,30/41/60 mm,Precipitação acumulada calculada sobre as últimas 6 horas.
522,174,,261,precipitacao_prevista_1h,11.29,mm,10/21/40 mm,Previsão meteorológica simulada para a próxima hora.
523,175,2350,,nivel_agua_percentagem,50.72,%,70/85/90%,Leitura máxima de nível de água na área.
524,175,,,precipitacao_acumulada_6h,21.09,mm,30/41/60 mm,Precipitação acumulada calculada sobre as últimas 6 horas.
525,175,,262,precipitacao_prevista_1h,17.81,mm,10/21/40 mm,Previsão meteorológica simulada para a próxima hora.
526,176,2368,,nivel_agua_percentagem,66.96,%,70/85/90%,Leitura máxima de nível de água na área.
527,176,,,precipitacao_acumulada_6h,40.83,mm,30/41/60 mm,Precipitação acumulada calculada sobre as últimas 6 horas.
528,176,,264,precipitacao_prevista_1h,0,mm,10/21/40 mm,Previsão meteorológica simulada para a próxima hora.
529,177,2380,,nivel_agua_percentagem,79.88,%,70/85/90%,Leitura máxima de nível de água na área.
530,177,,,precipitacao_acumulada_6h,44.25,mm,30/41/60 mm,Precipitação acumulada calculada sobre as últimas 6 horas.
531,177,,265,precipitacao_prevista_1h,14.03,mm,10/21/40 mm,Previsão meteorológica simulada para a próxima hora.
532,178,2401,,nivel_agua_percentagem,50.05,%,70/85/90%,Leitura máxima de nível de água na área.
533,178,,,precipitacao_acumulada_6h,16.11,mm,30/41/60 mm,Precipitação acumulada calculada sobre as últimas 6 horas.
534,178,,267,precipitacao_prevista_1h,14.03,mm,10/21/40 mm,Previsão meteorológica simulada para a próxima hora.
535,179,2404,,nivel_agua_percentagem,63.48,%,70/85/90%,Leitura máxima de nível de água na área.
536,179,,,precipitacao_acumulada_6h,41.33,mm,30/41/60 mm,Precipitação acumulada calculada sobre as últimas 6 horas.
537,179,,268,precipitacao_prevista_1h,0,mm,10/21/40 mm,Previsão meteorológica simulada para a próxima hora.
538,180,2413,,nivel_agua_percentagem,80.53,%,70/85/90%,Leitura máxima de nível de água na área.
539,180,,,precipitacao_acumulada_6h,46.51,mm,30/41/60 mm,Precipitação acumulada calculada sobre as últimas 6 horas.
540,180,,269,precipitacao_prevista_1h,29.59,mm,10/21/40 mm,Previsão meteorológica simulada para a próxima hora.
541,181,2443,,nivel_agua_percentagem,61.45,%,70/85/90%,Leitura máxima de nível de água na área.
542,181,,,precipitacao_acumulada_6h,41.88,mm,30/41/60 mm,Precipitação acumulada calculada sobre as últimas 6 horas.
543,181,,272,precipitacao_prevista_1h,0,mm,10/21/40 mm,Previsão meteorológica simulada para a próxima hora.
544,182,2449,,nivel_agua_percentagem,77.07,%,70/85/90%,Leitura máxima de nível de água na área.
545,182,,,precipitacao_acumulada_6h,45.53,mm,30/41/60 mm,Precipitação acumulada calculada sobre as últimas 6 horas.
546,182,,273,precipitacao_prevista_1h,11.48,mm,10/21/40 mm,Previsão meteorológica simulada para a próxima hora.
547,183,2464,,nivel_agua_percentagem,95.49,%,70/85/90%,Leitura máxima de nível de água na área.
548,183,,,precipitacao_acumulada_6h,81.58,mm,30/41/60 mm,Precipitação acumulada calculada sobre as últimas 6 horas.
549,183,,274,precipitacao_prevista_1h,59.26,mm,10/21/40 mm,Previsão meteorológica simulada para a próxima hora.
550,184,2479,,nivel_agua_percentagem,65.37,%,70/85/90%,Leitura máxima de nível de água na área.
551,184,,,precipitacao_acumulada_6h,45.73,mm,30/41/60 mm,Precipitação acumulada calculada sobre as últimas 6 horas.
552,184,,276,precipitacao_prevista_1h,5.28,mm,10/21/40 mm,Previsão meteorológica simulada para a próxima hora.
553,185,2494,,nivel_agua_percentagem,100,%,70/85/90%,Leitura máxima de nível de água na área.
554,185,,,precipitacao_acumulada_6h,81.12,mm,30/41/60 mm,Precipitação acumulada calculada sobre as últimas 6 horas.
555,185,,278,precipitacao_prevista_1h,10.81,mm,10/21/40 mm,Previsão meteorológica simulada para a próxima hora.
556,186,2503,,nivel_agua_percentagem,45.04,%,70/85/90%,Leitura máxima de nível de água na área.
557,186,,,precipitacao_acumulada_6h,19.33,mm,30/41/60 mm,Precipitação acumulada calculada sobre as últimas 6 horas.
558,186,,279,precipitacao_prevista_1h,10.21,mm,10/21/40 mm,Previsão meteorológica simulada para a próxima hora.
559,187,2515,,nivel_agua_percentagem,40.83,%,70/85/90%,Leitura máxima de nível de água na área.
560,187,,,precipitacao_acumulada_6h,13.24,mm,30/41/60 mm,Precipitação acumulada calculada sobre as últimas 6 horas.
561,187,,280,precipitacao_prevista_1h,28.15,mm,10/21/40 mm,Previsão meteorológica simulada para a próxima hora.
562,188,2527,,nivel_agua_percentagem,69.82,%,70/85/90%,Leitura máxima de nível de água na área.
563,188,,,precipitacao_acumulada_6h,41.96,mm,30/41/60 mm,Precipitação acumulada calculada sobre as últimas 6 horas.
564,188,,281,precipitacao_prevista_1h,29.05,mm,10/21/40 mm,Previsão meteorológica simulada para a próxima hora.
565,189,2530,,nivel_agua_percentagem,100,%,70/85/90%,Leitura máxima de nível de água na área.
566,189,,,precipitacao_acumulada_6h,83.74,mm,30/41/60 mm,Precipitação acumulada calculada sobre as últimas 6 horas.
567,189,,282,precipitacao_prevista_1h,10.34,mm,10/21/40 mm,Previsão meteorológica simulada para a próxima hora.
568,190,2539,,nivel_agua_percentagem,47.75,%,70/85/90%,Leitura máxima de nível de água na área.
569,190,,,precipitacao_acumulada_6h,16.85,mm,30/41/60 mm,Precipitação acumulada calculada sobre as últimas 6 horas.
570,190,,283,precipitacao_prevista_1h,10.52,mm,10/21/40 mm,Previsão meteorológica simulada para a próxima hora.
571,191,2554,,nivel_agua_percentagem,38.68,%,70/85/90%,Leitura máxima de nível de água na área.
572,191,,,precipitacao_acumulada_6h,13.74,mm,30/41/60 mm,Precipitação acumulada calculada sobre as últimas 6 horas.
573,191,,284,precipitacao_prevista_1h,16.73,mm,10/21/40 mm,Previsão meteorológica simulada para a próxima hora.
574,192,2563,,nivel_agua_percentagem,66.93,%,70/85/90%,Leitura máxima de nível de água na área.
575,192,,,precipitacao_acumulada_6h,38.78,mm,30/41/60 mm,Precipitação acumulada calculada sobre as últimas 6 horas.
576,192,,285,precipitacao_prevista_1h,1.84,mm,10/21/40 mm,Previsão meteorológica simulada para a próxima hora.
577,193,2569,,nivel_agua_percentagem,98.94,%,70/85/90%,Leitura máxima de nível de água na área.
578,193,,,precipitacao_acumulada_6h,80.45,mm,30/41/60 mm,Precipitação acumulada calculada sobre as últimas 6 horas.
579,193,,286,precipitacao_prevista_1h,14.05,mm,10/21/40 mm,Previsão meteorológica simulada para a próxima hora.
580,194,2581,,nivel_agua_percentagem,72.39,%,70/85/90%,Leitura máxima de nível de água na área.
581,194,,,precipitacao_acumulada_6h,51.7,mm,30/41/60 mm,Precipitação acumulada calculada sobre as últimas 6 horas.
582,194,,287,precipitacao_prevista_1h,26.53,mm,10/21/40 mm,Previsão meteorológica simulada para a próxima hora.
583,195,2593,,nivel_agua_percentagem,66.16,%,70/85/90%,Leitura máxima de nível de água na área.
584,195,,,precipitacao_acumulada_6h,38.4,mm,30/41/60 mm,Precipitação acumulada calculada sobre as últimas 6 horas.
585,195,,289,precipitacao_prevista_1h,9.97,mm,10/21/40 mm,Previsão meteorológica simulada para a próxima hora.
586,196,2605,,nivel_agua_percentagem,100,%,70/85/90%,Leitura máxima de nível de água na área.
587,196,,,precipitacao_acumulada_6h,79.35,mm,30/41/60 mm,Precipitação acumulada calculada sobre as últimas 6 horas.
588,196,,290,precipitacao_prevista_1h,0.56,mm,10/21/40 mm,Previsão meteorológica simulada para a próxima hora.
589,197,2617,,nivel_agua_percentagem,75.19,%,70/85/90%,Leitura máxima de nível de água na área.
590,197,,,precipitacao_acumulada_6h,52.37,mm,30/41/60 mm,Precipitação acumulada calculada sobre as últimas 6 horas.
591,197,,291,precipitacao_prevista_1h,17.44,mm,10/21/40 mm,Previsão meteorológica simulada para a próxima hora.
592,198,2626,,nivel_agua_percentagem,39.09,%,70/85/90%,Leitura máxima de nível de água na área.
593,198,,,precipitacao_acumulada_6h,13.75,mm,30/41/60 mm,Precipitação acumulada calculada sobre as últimas 6 horas.
594,198,,292,precipitacao_prevista_1h,15.72,mm,10/21/40 mm,Previsão meteorológica simulada para a próxima hora.
595,199,2629,,nivel_agua_percentagem,75.18,%,70/85/90%,Leitura máxima de nível de água na área.
596,199,,,precipitacao_acumulada_6h,40.03,mm,30/41/60 mm,Precipitação acumulada calculada sobre as últimas 6 horas.
597,199,,293,precipitacao_prevista_1h,0,mm,10/21/40 mm,Previsão meteorológica simulada para a próxima hora.
598,200,2638,,nivel_agua_percentagem,100,%,70/85/90%,Leitura máxima de nível de água na área.
599,200,,,precipitacao_acumulada_6h,81.78,mm,30/41/60 mm,Precipitação acumulada calculada sobre as últimas 6 horas.
600,200,,294,precipitacao_prevista_1h,0,mm,10/21/40 mm,Previsão meteorológica simulada para a próxima hora.
601,201,2650,,nivel_agua_percentagem,73.62,%,70/85/90%,Leitura máxima de nível de água na área.
602,201,,,precipitacao_acumulada_6h,54.42,mm,30/41/60 mm,Precipitação acumulada calculada sobre as últimas 6 horas.
603,201,,295,precipitacao_prevista_1h,12.35,mm,10/21/40 mm,Previsão meteorológica simulada para a próxima hora.
604,202,2668,,nivel_agua_percentagem,67.08,%,70/85/90%,Leitura máxima de nível de água na área.
605,202,,,precipitacao_acumulada_6h,39.91,mm,30/41/60 mm,Precipitação acumulada calculada sobre as últimas 6 horas.
606,202,,297,precipitacao_prevista_1h,0,mm,10/21/40 mm,Previsão meteorológica simulada para a próxima hora.
607,203,2686,,nivel_agua_percentagem,78.04,%,70/85/90%,Leitura máxima de nível de água na área.
608,203,,,precipitacao_acumulada_6h,55.55,mm,30/41/60 mm,Precipitação acumulada calculada sobre as últimas 6 horas.
609,203,,299,precipitacao_prevista_1h,5.64,mm,10/21/40 mm,Previsão meteorológica simulada para a próxima hora.
610,204,2704,,nivel_agua_percentagem,70.78,%,70/85/90%,Leitura máxima de nível de água na área.
611,204,,,precipitacao_acumulada_6h,41.46,mm,30/41/60 mm,Precipitação acumulada calculada sobre as últimas 6 horas.
612,204,,301,precipitacao_prevista_1h,6.72,mm,10/21/40 mm,Previsão meteorológica simulada para a próxima hora.
613,205,2722,,nivel_agua_percentagem,81.09,%,70/85/90%,Leitura máxima de nível de água na área.
614,205,,,precipitacao_acumulada_6h,49.93,mm,30/41/60 mm,Precipitação acumulada calculada sobre as últimas 6 horas.
615,205,,303,precipitacao_prevista_1h,15.06,mm,10/21/40 mm,Previsão meteorológica simulada para a próxima hora.
616,206,2737,,nivel_agua_percentagem,75.43,%,70/85/90%,Leitura máxima de nível de água na área.
617,206,,,precipitacao_acumulada_6h,42.2,mm,30/41/60 mm,Precipitação acumulada calculada sobre as últimas 6 horas.
618,206,,305,precipitacao_prevista_1h,19.38,mm,10/21/40 mm,Previsão meteorológica simulada para a próxima hora.
619,207,2752,,nivel_agua_percentagem,48.59,%,70/85/90%,Leitura máxima de nível de água na área.
620,207,,,precipitacao_acumulada_6h,21.05,mm,30/41/60 mm,Precipitação acumulada calculada sobre as últimas 6 horas.
621,207,,306,precipitacao_prevista_1h,10.31,mm,10/21/40 mm,Previsão meteorológica simulada para a próxima hora.
622,208,2755,,nivel_agua_percentagem,75.68,%,70/85/90%,Leitura máxima de nível de água na área.
623,208,,,precipitacao_acumulada_6h,51,mm,30/41/60 mm,Precipitação acumulada calculada sobre as últimas 6 horas.
624,208,,307,precipitacao_prevista_1h,21.16,mm,10/21/40 mm,Previsão meteorológica simulada para a próxima hora.
625,209,2773,,nivel_agua_percentagem,77.13,%,70/85/90%,Leitura máxima de nível de água na área.
626,209,,,precipitacao_acumulada_6h,43.56,mm,30/41/60 mm,Precipitação acumulada calculada sobre as últimas 6 horas.
627,209,,309,precipitacao_prevista_1h,12.03,mm,10/21/40 mm,Previsão meteorológica simulada para a próxima hora.
628,210,2788,,nivel_agua_percentagem,55.99,%,70/85/90%,Leitura máxima de nível de água na área.
629,210,,,precipitacao_acumulada_6h,24.16,mm,30/41/60 mm,Precipitação acumulada calculada sobre as últimas 6 horas.
630,210,,310,precipitacao_prevista_1h,0,mm,10/21/40 mm,Previsão meteorológica simulada para a próxima hora.
631,211,2815,,nivel_agua_percentagem,80,%,70/85/90%,Leitura máxima de nível de água na área.
632,211,,,precipitacao_acumulada_6h,44.08,mm,30/41/60 mm,Precipitação acumulada calculada sobre as últimas 6 horas.
633,211,,313,precipitacao_prevista_1h,21.05,mm,10/21/40 mm,Previsão meteorológica simulada para a próxima hora.
634,212,2830,,nivel_agua_percentagem,55.56,%,70/85/90%,Leitura máxima de nível de água na área.
635,212,,,precipitacao_acumulada_6h,22.82,mm,30/41/60 mm,Precipitação acumulada calculada sobre as últimas 6 horas.
636,212,,315,precipitacao_prevista_1h,13.19,mm,10/21/40 mm,Previsão meteorológica simulada para a próxima hora.
637,213,2848,,nivel_agua_percentagem,74,%,70/85/90%,Leitura máxima de nível de água na área.
638,213,,,precipitacao_acumulada_6h,42.83,mm,30/41/60 mm,Precipitação acumulada calculada sobre as últimas 6 horas.
639,213,,317,precipitacao_prevista_1h,7.06,mm,10/21/40 mm,Previsão meteorológica simulada para a próxima hora.
640,214,2869,,nivel_agua_percentagem,57.75,%,70/85/90%,Leitura máxima de nível de água na área.
641,214,,,precipitacao_acumulada_6h,23.82,mm,30/41/60 mm,Precipitação acumulada calculada sobre as últimas 6 horas.
642,214,,319,precipitacao_prevista_1h,22.86,mm,10/21/40 mm,Previsão meteorológica simulada para a próxima hora.
643,215,2887,,nivel_agua_percentagem,73.74,%,70/85/90%,Leitura máxima de nível de água na área.
644,215,,,precipitacao_acumulada_6h,44.5,mm,30/41/60 mm,Precipitação acumulada calculada sobre as últimas 6 horas.
645,215,,321,precipitacao_prevista_1h,4.53,mm,10/21/40 mm,Previsão meteorológica simulada para a próxima hora.
646,216,2893,,nivel_agua_percentagem,54.81,%,70/85/90%,Leitura máxima de nível de água na área.
647,216,,,precipitacao_acumulada_6h,25.37,mm,30/41/60 mm,Precipitação acumulada calculada sobre as últimas 6 horas.
648,216,,322,precipitacao_prevista_1h,11.08,mm,10/21/40 mm,Previsão meteorológica simulada para a próxima hora.
649,217,2914,,nivel_agua_percentagem,39.49,%,70/85/90%,Leitura máxima de nível de água na área.
650,217,,,precipitacao_acumulada_6h,21.19,mm,30/41/60 mm,Precipitação acumulada calculada sobre as últimas 6 horas.
651,217,,324,precipitacao_prevista_1h,37.18,mm,10/21/40 mm,Previsão meteorológica simulada para a próxima hora.
652,218,2917,,nivel_agua_percentagem,72.48,%,70/85/90%,Leitura máxima de nível de água na área.
653,218,,,precipitacao_acumulada_6h,42.05,mm,30/41/60 mm,Precipitação acumulada calculada sobre as últimas 6 horas.
654,218,,325,precipitacao_prevista_1h,0,mm,10/21/40 mm,Previsão meteorológica simulada para a próxima hora.
655,219,2926,,nivel_agua_percentagem,62.71,%,70/85/90%,Leitura máxima de nível de água na área.
656,219,,,precipitacao_acumulada_6h,36.24,mm,30/41/60 mm,Precipitação acumulada calculada sobre as últimas 6 horas.
657,219,,326,precipitacao_prevista_1h,22.61,mm,10/21/40 mm,Previsão meteorológica simulada para a próxima hora.
658,220,2935,,nivel_agua_percentagem,51.71,%,70/85/90%,Leitura máxima de nível de água na área.
659,220,,,precipitacao_acumulada_6h,25.74,mm,30/41/60 mm,Precipitação acumulada calculada sobre as últimas 6 horas.
660,220,,327,precipitacao_prevista_1h,6.75,mm,10/21/40 mm,Previsão meteorológica simulada para a próxima hora.
661,221,2944,,nivel_agua_percentagem,47.37,%,70/85/90%,Leitura máxima de nível de água na área.
662,221,,,precipitacao_acumulada_6h,22.7,mm,30/41/60 mm,Precipitação acumulada calculada sobre as últimas 6 horas.
663,221,,328,precipitacao_prevista_1h,14.56,mm,10/21/40 mm,Previsão meteorológica simulada para a próxima hora.
664,222,2956,,nivel_agua_percentagem,51.77,%,70/85/90%,Leitura máxima de nível de água na área.
665,222,,,precipitacao_acumulada_6h,16.29,mm,30/41/60 mm,Precipitação acumulada calculada sobre as últimas 6 horas.
666,222,,329,precipitacao_prevista_1h,16.86,mm,10/21/40 mm,Previsão meteorológica simulada para a próxima hora.
667,223,2965,,nivel_agua_percentagem,64.03,%,70/85/90%,Leitura máxima de nível de água na área.
668,223,,,precipitacao_acumulada_6h,36.7,mm,30/41/60 mm,Precipitação acumulada calculada sobre as últimas 6 horas.
669,223,,330,precipitacao_prevista_1h,11.45,mm,10/21/40 mm,Previsão meteorológica simulada para a próxima hora.
670,224,2974,,nivel_agua_percentagem,52.03,%,70/85/90%,Leitura máxima de nível de água na área.
671,224,,,precipitacao_acumulada_6h,27.06,mm,30/41/60 mm,Precipitação acumulada calculada sobre as últimas 6 horas.
672,224,,331,precipitacao_prevista_1h,10.23,mm,10/21/40 mm,Previsão meteorológica simulada para a próxima hora.
673,225,2998,,nivel_agua_percentagem,66.45,%,70/85/90%,Leitura máxima de nível de água na área.
674,225,,,precipitacao_acumulada_6h,36.12,mm,30/41/60 mm,Precipitação acumulada calculada sobre as últimas 6 horas.
675,225,,334,precipitacao_prevista_1h,7.6,mm,10/21/40 mm,Previsão meteorológica simulada para a próxima hora.
676,226,3007,,nivel_agua_percentagem,52.79,%,70/85/90%,Leitura máxima de nível de água na área.
677,226,,,precipitacao_acumulada_6h,26.8,mm,30/41/60 mm,Precipitação acumulada calculada sobre as últimas 6 horas.
678,226,,335,precipitacao_prevista_1h,16.75,mm,10/21/40 mm,Previsão meteorológica simulada para a próxima hora.
679,227,3031,,nivel_agua_percentagem,50.05,%,70/85/90%,Leitura máxima de nível de água na área.
680,227,,,precipitacao_acumulada_6h,20.34,mm,30/41/60 mm,Precipitação acumulada calculada sobre as últimas 6 horas.
681,227,,337,precipitacao_prevista_1h,10.62,mm,10/21/40 mm,Previsão meteorológica simulada para a próxima hora.
682,228,3034,,nivel_agua_percentagem,64.13,%,70/85/90%,Leitura máxima de nível de água na área.
683,228,,,precipitacao_acumulada_6h,37.91,mm,30/41/60 mm,Precipitação acumulada calculada sobre as últimas 6 horas.
684,228,,338,precipitacao_prevista_1h,17.62,mm,10/21/40 mm,Previsão meteorológica simulada para a próxima hora.
685,229,3052,,nivel_agua_percentagem,39.5,%,70/85/90%,Leitura máxima de nível de água na área.
686,229,,,precipitacao_acumulada_6h,20.72,mm,30/41/60 mm,Precipitação acumulada calculada sobre as últimas 6 horas.
687,229,,340,precipitacao_prevista_1h,12.53,mm,10/21/40 mm,Previsão meteorológica simulada para a próxima hora.
688,230,3076,,nivel_agua_percentagem,65.87,%,70/85/90%,Leitura máxima de nível de água na área.
689,230,,,precipitacao_acumulada_6h,38.06,mm,30/41/60 mm,Precipitação acumulada calculada sobre as últimas 6 horas.
690,230,,342,precipitacao_prevista_1h,0,mm,10/21/40 mm,Previsão meteorológica simulada para a próxima hora.
691,231,3082,,nivel_agua_percentagem,50.42,%,70/85/90%,Leitura máxima de nível de água na área.
692,231,,,precipitacao_acumulada_6h,27.69,mm,30/41/60 mm,Precipitação acumulada calculada sobre as últimas 6 horas.
693,231,,343,precipitacao_prevista_1h,12.91,mm,10/21/40 mm,Previsão meteorológica simulada para a próxima hora.
694,232,3091,,nivel_agua_percentagem,43.33,%,70/85/90%,Leitura máxima de nível de água na área.
695,232,,,precipitacao_acumulada_6h,21.21,mm,30/41/60 mm,Precipitação acumulada calculada sobre as últimas 6 horas.
696,232,,344,precipitacao_prevista_1h,13.77,mm,10/21/40 mm,Previsão meteorológica simulada para a próxima hora.
697,233,3112,,nivel_agua_percentagem,66.33,%,70/85/90%,Leitura máxima de nível de água na área.
698,233,,,precipitacao_acumulada_6h,34.12,mm,30/41/60 mm,Precipitação acumulada calculada sobre as últimas 6 horas.
699,233,,346,precipitacao_prevista_1h,25.97,mm,10/21/40 mm,Previsão meteorológica simulada para a próxima hora.
700,234,3127,,nivel_agua_percentagem,49.92,%,70/85/90%,Leitura máxima de nível de água na área.
701,234,,,precipitacao_acumulada_6h,23.11,mm,30/41/60 mm,Precipitação acumulada calculada sobre as últimas 6 horas.
702,234,,348,precipitacao_prevista_1h,14.91,mm,10/21/40 mm,Previsão meteorológica simulada para a próxima hora.
703,235,3142,,nivel_agua_percentagem,56.26,%,70/85/90%,Leitura máxima de nível de água na área.
704,235,,,precipitacao_acumulada_6h,19.86,mm,30/41/60 mm,Precipitação acumulada calculada sobre as últimas 6 horas.
705,235,,350,precipitacao_prevista_1h,21.59,mm,10/21/40 mm,Previsão meteorológica simulada para a próxima hora.
706,236,3157,,nivel_agua_percentagem,48.06,%,70/85/90%,Leitura máxima de nível de água na área.
707,236,,,precipitacao_acumulada_6h,23.03,mm,30/41/60 mm,Precipitação acumulada calculada sobre as últimas 6 horas.
708,236,,351,precipitacao_prevista_1h,25.27,mm,10/21/40 mm,Previsão meteorológica simulada para a próxima hora.
709,237,3169,,nivel_agua_percentagem,63.74,%,70/85/90%,Leitura máxima de nível de água na área.
710,237,,,precipitacao_acumulada_6h,27.02,mm,30/41/60 mm,Precipitação acumulada calculada sobre as últimas 6 horas.
711,237,,353,precipitacao_prevista_1h,17.27,mm,10/21/40 mm,Previsão meteorológica simulada para a próxima hora.
712,238,3199,,nivel_agua_percentagem,58.7,%,70/85/90%,Leitura máxima de nível de água na área.
713,238,,,precipitacao_acumulada_6h,39.15,mm,30/41/60 mm,Precipitação acumulada calculada sobre as últimas 6 horas.
714,238,,356,precipitacao_prevista_1h,23.6,mm,10/21/40 mm,Previsão meteorológica simulada para a próxima hora.
715,239,3220,,nivel_agua_percentagem,67.93,%,70/85/90%,Leitura máxima de nível de água na área.
716,239,,,precipitacao_acumulada_6h,41.49,mm,30/41/60 mm,Precipitação acumulada calculada sobre as últimas 6 horas.
717,239,,358,precipitacao_prevista_1h,41.82,mm,10/21/40 mm,Previsão meteorológica simulada para a próxima hora.
718,240,3223,,nivel_agua_percentagem,53.4,%,70/85/90%,Leitura máxima de nível de água na área.
719,240,,,precipitacao_acumulada_6h,24.9,mm,30/41/60 mm,Precipitação acumulada calculada sobre as últimas 6 horas.
720,240,,359,precipitacao_prevista_1h,15.5,mm,10/21/40 mm,Previsão meteorológica simulada para a próxima hora.
721,241,3232,,nivel_agua_percentagem,62.77,%,70/85/90%,Leitura máxima de nível de água na área.
722,241,,,precipitacao_acumulada_6h,36.72,mm,30/41/60 mm,Precipitação acumulada calculada sobre as últimas 6 horas.
723,241,,360,precipitacao_prevista_1h,1.81,mm,10/21/40 mm,Previsão meteorológica simulada para a próxima hora.
724,242,3241,,nivel_agua_percentagem,59.74,%,70/85/90%,Leitura máxima de nível de água na área.
725,242,,,precipitacao_acumulada_6h,23.44,mm,30/41/60 mm,Precipitação acumulada calculada sobre as últimas 6 horas.
726,242,,361,precipitacao_prevista_1h,10.7,mm,10/21/40 mm,Previsão meteorológica simulada para a próxima hora.
727,243,3253,,nivel_agua_percentagem,71.51,%,70/85/90%,Leitura máxima de nível de água na área.
728,243,,,precipitacao_acumulada_6h,40.69,mm,30/41/60 mm,Precipitação acumulada calculada sobre as últimas 6 horas.
729,243,,362,precipitacao_prevista_1h,5.48,mm,10/21/40 mm,Previsão meteorológica simulada para a próxima hora.
730,244,3259,,nivel_agua_percentagem,54.49,%,70/85/90%,Leitura máxima de nível de água na área.
731,244,,,precipitacao_acumulada_6h,24.72,mm,30/41/60 mm,Precipitação acumulada calculada sobre as últimas 6 horas.
732,244,,363,precipitacao_prevista_1h,18.16,mm,10/21/40 mm,Previsão meteorológica simulada para a próxima hora.
733,245,3274,,nivel_agua_percentagem,54.99,%,70/85/90%,Leitura máxima de nível de água na área.
734,245,,,precipitacao_acumulada_6h,35.82,mm,30/41/60 mm,Precipitação acumulada calculada sobre as últimas 6 horas.
735,245,,364,precipitacao_prevista_1h,0,mm,10/21/40 mm,Previsão meteorológica simulada para a próxima hora.
736,246,3292,,nivel_agua_percentagem,72.73,%,70/85/90%,Leitura máxima de nível de água na área.
737,246,,,precipitacao_acumulada_6h,40.09,mm,30/41/60 mm,Precipitação acumulada calculada sobre as últimas 6 horas.
738,246,,366,precipitacao_prevista_1h,9.91,mm,10/21/40 mm,Previsão meteorológica simulada para a próxima hora.
739,247,3298,,nivel_agua_percentagem,55.02,%,70/85/90%,Leitura máxima de nível de água na área.
740,247,,,precipitacao_acumulada_6h,23.22,mm,30/41/60 mm,Precipitação acumulada calculada sobre as últimas 6 horas.
741,247,,367,precipitacao_prevista_1h,11.57,mm,10/21/40 mm,Previsão meteorológica simulada para a próxima hora.
742,248,3304,,nivel_agua_percentagem,55.05,%,70/85/90%,Leitura máxima de nível de água na área.
743,248,,,precipitacao_acumulada_6h,37.04,mm,30/41/60 mm,Precipitação acumulada calculada sobre as últimas 6 horas.
744,248,,368,precipitacao_prevista_1h,0.16,mm,10/21/40 mm,Previsão meteorológica simulada para a próxima hora.
745,249,3325,,nivel_agua_percentagem,73.93,%,70/85/90%,Leitura máxima de nível de água na área.
746,249,,,precipitacao_acumulada_6h,45.65,mm,30/41/60 mm,Precipitação acumulada calculada sobre as últimas 6 horas.
747,249,,370,precipitacao_prevista_1h,11.82,mm,10/21/40 mm,Previsão meteorológica simulada para a próxima hora.
748,250,3343,,nivel_agua_percentagem,70.8,%,70/85/90%,Leitura máxima de nível de água na área.
749,250,,,precipitacao_acumulada_6h,52.36,mm,30/41/60 mm,Precipitação acumulada calculada sobre as últimas 6 horas.
750,250,,372,precipitacao_prevista_1h,22.15,mm,10/21/40 mm,Previsão meteorológica simulada para a próxima hora.
751,251,3358,,nivel_agua_percentagem,78.09,%,70/85/90%,Leitura máxima de nível de água na área.
752,251,,,precipitacao_acumulada_6h,47.07,mm,30/41/60 mm,Precipitação acumulada calculada sobre as últimas 6 horas.
753,251,,374,precipitacao_prevista_1h,1.69,mm,10/21/40 mm,Previsão meteorológica simulada para a próxima hora.
754,252,3376,,nivel_agua_percentagem,81.27,%,70/85/90%,Leitura máxima de nível de água na área.
755,252,,,precipitacao_acumulada_6h,65.53,mm,30/41/60 mm,Precipitação acumulada calculada sobre as últimas 6 horas.
756,252,,376,precipitacao_prevista_1h,20.66,mm,10/21/40 mm,Previsão meteorológica simulada para a próxima hora.
757,253,3391,,nivel_agua_percentagem,62.02,%,70/85/90%,Leitura máxima de nível de água na área.
758,253,,,precipitacao_acumulada_6h,24.31,mm,30/41/60 mm,Precipitação acumulada calculada sobre as últimas 6 horas.
759,253,,377,precipitacao_prevista_1h,13.24,mm,10/21/40 mm,Previsão meteorológica simulada para a próxima hora.
760,254,3397,,nivel_agua_percentagem,73.77,%,70/85/90%,Leitura máxima de nível de água na área.
761,254,,,precipitacao_acumulada_6h,47.59,mm,30/41/60 mm,Precipitação acumulada calculada sobre as últimas 6 horas.
762,254,,378,precipitacao_prevista_1h,7.87,mm,10/21/40 mm,Previsão meteorológica simulada para a próxima hora.
763,255,3415,,nivel_agua_percentagem,75.52,%,70/85/90%,Leitura máxima de nível de água na área.
764,255,,,precipitacao_acumulada_6h,50.61,mm,30/41/60 mm,Precipitação acumulada calculada sobre as últimas 6 horas.
765,255,,380,precipitacao_prevista_1h,10.39,mm,10/21/40 mm,Previsão meteorológica simulada para a próxima hora.
766,256,3436,,nivel_agua_percentagem,58.53,%,70/85/90%,Leitura máxima de nível de água na área.
767,256,,,precipitacao_acumulada_6h,24.56,mm,30/41/60 mm,Precipitação acumulada calculada sobre as últimas 6 horas.
768,256,,382,precipitacao_prevista_1h,16,mm,10/21/40 mm,Previsão meteorológica simulada para a próxima hora.
769,257,3448,,nivel_agua_percentagem,72.72,%,70/85/90%,Leitura máxima de nível de água na área.
770,257,,,precipitacao_acumulada_6h,51.99,mm,30/41/60 mm,Precipitação acumulada calculada sobre as últimas 6 horas.
771,257,,384,precipitacao_prevista_1h,0.6,mm,10/21/40 mm,Previsão meteorológica simulada para a próxima hora.
772,258,3460,,nivel_agua_percentagem,66.42,%,70/85/90%,Leitura máxima de nível de água na área.
773,258,,,precipitacao_acumulada_6h,28.43,mm,30/41/60 mm,Precipitação acumulada calculada sobre as últimas 6 horas.
774,258,,385,precipitacao_prevista_1h,20.25,mm,10/21/40 mm,Previsão meteorológica simulada para a próxima hora.
775,259,3481,,nivel_agua_percentagem,68.22,%,70/85/90%,Leitura máxima de nível de água na área.
776,259,,,precipitacao_acumulada_6h,54.32,mm,30/41/60 mm,Precipitação acumulada calculada sobre as últimas 6 horas.
777,259,,387,precipitacao_prevista_1h,42.88,mm,10/21/40 mm,Previsão meteorológica simulada para a próxima hora.
778,260,3484,,nivel_agua_percentagem,72.85,%,70/85/90%,Leitura máxima de nível de água na área.
779,260,,,precipitacao_acumulada_6h,52.24,mm,30/41/60 mm,Precipitação acumulada calculada sobre as últimas 6 horas.
780,260,,388,precipitacao_prevista_1h,0,mm,10/21/40 mm,Previsão meteorológica simulada para a próxima hora.
781,261,3493,,nivel_agua_percentagem,59.76,%,70/85/90%,Leitura máxima de nível de água na área.
782,261,,,precipitacao_acumulada_6h,28,mm,30/41/60 mm,Precipitação acumulada calculada sobre as últimas 6 horas.
783,261,,389,precipitacao_prevista_1h,19.11,mm,10/21/40 mm,Previsão meteorológica simulada para a próxima hora.
784,262,3505,,nivel_agua_percentagem,100,%,70/85/90%,Leitura máxima de nível de água na área.
785,262,,,precipitacao_acumulada_6h,82.4,mm,30/41/60 mm,Precipitação acumulada calculada sobre as últimas 6 horas.
786,262,,390,precipitacao_prevista_1h,70,mm,10/21/40 mm,Previsão meteorológica simulada para a próxima hora.
787,263,3517,,nivel_agua_percentagem,76.24,%,70/85/90%,Leitura máxima de nível de água na área.
788,263,,,precipitacao_acumulada_6h,53.93,mm,30/41/60 mm,Precipitação acumulada calculada sobre as últimas 6 horas.
789,263,,391,precipitacao_prevista_1h,2.08,mm,10/21/40 mm,Previsão meteorológica simulada para a próxima hora.
790,264,3523,,nivel_agua_percentagem,71.43,%,70/85/90%,Leitura máxima de nível de água na área.
791,264,,,precipitacao_acumulada_6h,52.08,mm,30/41/60 mm,Precipitação acumulada calculada sobre as últimas 6 horas.
792,264,,392,precipitacao_prevista_1h,9.92,mm,10/21/40 mm,Previsão meteorológica simulada para a próxima hora.
793,265,3538,,nivel_agua_percentagem,100,%,70/85/90%,Leitura máxima de nível de água na área.
794,265,,,precipitacao_acumulada_6h,111.5,mm,30/41/60 mm,Precipitação acumulada calculada sobre as últimas 6 horas.
795,265,,394,precipitacao_prevista_1h,34.7,mm,10/21/40 mm,Previsão meteorológica simulada para a próxima hora.
796,266,3547,,nivel_agua_percentagem,81.95,%,70/85/90%,Leitura máxima de nível de água na área.
797,266,,,precipitacao_acumulada_6h,57.17,mm,30/41/60 mm,Precipitação acumulada calculada sobre as últimas 6 horas.
798,266,,395,precipitacao_prevista_1h,2.91,mm,10/21/40 mm,Previsão meteorológica simulada para a próxima hora.
799,267,3556,,nivel_agua_percentagem,56.25,%,70/85/90%,Leitura máxima de nível de água na área.
800,267,,,precipitacao_acumulada_6h,34.99,mm,30/41/60 mm,Precipitação acumulada calculada sobre as últimas 6 horas.
801,267,,396,precipitacao_prevista_1h,7.38,mm,10/21/40 mm,Previsão meteorológica simulada para a próxima hora.
802,268,3574,,nivel_agua_percentagem,100,%,70/85/90%,Leitura máxima de nível de água na área.
803,268,,,precipitacao_acumulada_6h,111.84,mm,30/41/60 mm,Precipitação acumulada calculada sobre as últimas 6 horas.
804,268,,398,precipitacao_prevista_1h,9.55,mm,10/21/40 mm,Previsão meteorológica simulada para a próxima hora.
805,269,3586,,nivel_agua_percentagem,83.85,%,70/85/90%,Leitura máxima de nível de água na área.
806,269,,,precipitacao_acumulada_6h,59.07,mm,30/41/60 mm,Precipitação acumulada calculada sobre as últimas 6 horas.
807,269,,399,precipitacao_prevista_1h,9.14,mm,10/21/40 mm,Previsão meteorológica simulada para a próxima hora.
808,270,3592,,nivel_agua_percentagem,43.27,%,70/85/90%,Leitura máxima de nível de água na área.
809,270,,,precipitacao_acumulada_6h,17.68,mm,30/41/60 mm,Precipitação acumulada calculada sobre as últimas 6 horas.
810,270,,400,precipitacao_prevista_1h,12.94,mm,10/21/40 mm,Previsão meteorológica simulada para a próxima hora.
811,271,3610,,nivel_agua_percentagem,100,%,70/85/90%,Leitura máxima de nível de água na área.
812,271,,,precipitacao_acumulada_6h,114.22,mm,30/41/60 mm,Precipitação acumulada calculada sobre as últimas 6 horas.
813,271,,402,precipitacao_prevista_1h,0.54,mm,10/21/40 mm,Previsão meteorológica simulada para a próxima hora.
814,272,3619,,nivel_agua_percentagem,81.09,%,70/85/90%,Leitura máxima de nível de água na área.
815,272,,,precipitacao_acumulada_6h,60.32,mm,30/41/60 mm,Precipitação acumulada calculada sobre as últimas 6 horas.
816,272,,403,precipitacao_prevista_1h,0,mm,10/21/40 mm,Previsão meteorológica simulada para a próxima hora.
817,273,3628,,nivel_agua_percentagem,63.96,%,70/85/90%,Leitura máxima de nível de água na área.
818,273,,,precipitacao_acumulada_6h,46.42,mm,30/41/60 mm,Precipitação acumulada calculada sobre as últimas 6 horas.
819,273,,404,precipitacao_prevista_1h,33.2,mm,10/21/40 mm,Previsão meteorológica simulada para a próxima hora.
820,274,3640,,nivel_agua_percentagem,69.1,%,70/85/90%,Leitura máxima de nível de água na área.
821,274,,,precipitacao_acumulada_6h,37.07,mm,30/41/60 mm,Precipitação acumulada calculada sobre as últimas 6 horas.
822,274,,405,precipitacao_prevista_1h,6.36,mm,10/21/40 mm,Previsão meteorológica simulada para a próxima hora.
823,275,3646,,nivel_agua_percentagem,100,%,70/85/90%,Leitura máxima de nível de água na área.
824,275,,,precipitacao_acumulada_6h,113.76,mm,30/41/60 mm,Precipitação acumulada calculada sobre as últimas 6 horas.
825,275,,406,precipitacao_prevista_1h,20.89,mm,10/21/40 mm,Previsão meteorológica simulada para a próxima hora.
826,276,3658,,nivel_agua_percentagem,87.97,%,70/85/90%,Leitura máxima de nível de água na área.
827,276,,,precipitacao_acumulada_6h,64.68,mm,30/41/60 mm,Precipitação acumulada calculada sobre as últimas 6 horas.
828,276,,407,precipitacao_prevista_1h,1.98,mm,10/21/40 mm,Previsão meteorológica simulada para a próxima hora.
829,277,3667,,nivel_agua_percentagem,67.62,%,70/85/90%,Leitura máxima de nível de água na área.
830,277,,,precipitacao_acumulada_6h,46.02,mm,30/41/60 mm,Precipitação acumulada calculada sobre as últimas 6 horas.
831,277,,408,precipitacao_prevista_1h,10.29,mm,10/21/40 mm,Previsão meteorológica simulada para a próxima hora.
832,278,3679,,nivel_agua_percentagem,68.13,%,70/85/90%,Leitura máxima de nível de água na área.
833,278,,,precipitacao_acumulada_6h,36.26,mm,30/41/60 mm,Precipitação acumulada calculada sobre as últimas 6 horas.
834,278,,409,precipitacao_prevista_1h,12.4,mm,10/21/40 mm,Previsão meteorológica simulada para a próxima hora.
835,279,3682,,nivel_agua_percentagem,100,%,70/85/90%,Leitura máxima de nível de água na área.
836,279,,,precipitacao_acumulada_6h,112.23,mm,30/41/60 mm,Precipitação acumulada calculada sobre as últimas 6 horas.
837,279,,410,precipitacao_prevista_1h,10.49,mm,10/21/40 mm,Previsão meteorológica simulada para a próxima hora.
838,280,3694,,nivel_agua_percentagem,56.41,%,70/85/90%,Leitura máxima de nível de água na área.
839,280,,,precipitacao_acumulada_6h,23.9,mm,30/41/60 mm,Precipitação acumulada calculada sobre as últimas 6 horas.
840,280,,411,precipitacao_prevista_1h,18.73,mm,10/21/40 mm,Previsão meteorológica simulada para a próxima hora.
841,281,3706,,nivel_agua_percentagem,66.79,%,70/85/90%,Leitura máxima de nível de água na área.
842,281,,,precipitacao_acumulada_6h,45.69,mm,30/41/60 mm,Precipitação acumulada calculada sobre as últimas 6 horas.
843,281,,412,precipitacao_prevista_1h,0,mm,10/21/40 mm,Previsão meteorológica simulada para a próxima hora.
844,282,3709,,nivel_agua_percentagem,71.43,%,70/85/90%,Leitura máxima de nível de água na área.
845,282,,,precipitacao_acumulada_6h,37.53,mm,30/41/60 mm,Precipitação acumulada calculada sobre as últimas 6 horas.
846,282,,413,precipitacao_prevista_1h,28.69,mm,10/21/40 mm,Previsão meteorológica simulada para a próxima hora.
847,283,3721,,nivel_agua_percentagem,88.96,%,70/85/90%,Leitura máxima de nível de água na área.
848,283,,,precipitacao_acumulada_6h,54.34,mm,30/41/60 mm,Precipitação acumulada calculada sobre as últimas 6 horas.
849,283,,414,precipitacao_prevista_1h,0.55,mm,10/21/40 mm,Previsão meteorológica simulada para a próxima hora.
850,284,3736,,nivel_agua_percentagem,70.6,%,70/85/90%,Leitura máxima de nível de água na área.
851,284,,,precipitacao_acumulada_6h,46.6,mm,30/41/60 mm,Precipitação acumulada calculada sobre as últimas 6 horas.
852,284,,416,precipitacao_prevista_1h,0,mm,10/21/40 mm,Previsão meteorológica simulada para a próxima hora.
853,285,3751,,nivel_agua_percentagem,76.18,%,70/85/90%,Leitura máxima de nível de água na área.
854,285,,,precipitacao_acumulada_6h,42.69,mm,30/41/60 mm,Precipitação acumulada calculada sobre as últimas 6 horas.
855,285,,417,precipitacao_prevista_1h,18.23,mm,10/21/40 mm,Previsão meteorológica simulada para a próxima hora.
856,286,3769,,nivel_agua_percentagem,51.74,%,70/85/90%,Leitura máxima de nível de água na área.
857,286,,,precipitacao_acumulada_6h,24.04,mm,30/41/60 mm,Precipitação acumulada calculada sobre as últimas 6 horas.
858,286,,419,precipitacao_prevista_1h,23.81,mm,10/21/40 mm,Previsão meteorológica simulada para a próxima hora.
859,287,3775,,nivel_agua_percentagem,67.19,%,70/85/90%,Leitura máxima de nível de água na área.
860,287,,,precipitacao_acumulada_6h,48.08,mm,30/41/60 mm,Precipitação acumulada calculada sobre as últimas 6 horas.
861,287,,420,precipitacao_prevista_1h,8.59,mm,10/21/40 mm,Previsão meteorológica simulada para a próxima hora.
862,288,3781,,nivel_agua_percentagem,69.41,%,70/85/90%,Leitura máxima de nível de água na área.
863,288,,,precipitacao_acumulada_6h,38.8,mm,30/41/60 mm,Precipitação acumulada calculada sobre as últimas 6 horas.
864,288,,421,precipitacao_prevista_1h,0,mm,10/21/40 mm,Previsão meteorológica simulada para a próxima hora.
865,289,3793,,nivel_agua_percentagem,54.64,%,70/85/90%,Leitura máxima de nível de água na área.
866,289,,,precipitacao_acumulada_6h,19.75,mm,30/41/60 mm,Precipitação acumulada calculada sobre as últimas 6 horas.
867,289,,422,precipitacao_prevista_1h,11.5,mm,10/21/40 mm,Previsão meteorológica simulada para a próxima hora.
868,290,3805,,nivel_agua_percentagem,47.61,%,70/85/90%,Leitura máxima de nível de água na área.
869,290,,,precipitacao_acumulada_6h,20.26,mm,30/41/60 mm,Precipitação acumulada calculada sobre as últimas 6 horas.
870,290,,423,precipitacao_prevista_1h,10.39,mm,10/21/40 mm,Previsão meteorológica simulada para a próxima hora.
871,291,3814,,nivel_agua_percentagem,68.92,%,70/85/90%,Leitura máxima de nível de água na área.
872,291,,,precipitacao_acumulada_6h,50.56,mm,30/41/60 mm,Precipitação acumulada calculada sobre as últimas 6 horas.
873,291,,424,precipitacao_prevista_1h,7.71,mm,10/21/40 mm,Previsão meteorológica simulada para a próxima hora.
874,292,3820,,nivel_agua_percentagem,73.63,%,70/85/90%,Leitura máxima de nível de água na área.
875,292,,,precipitacao_acumulada_6h,39.78,mm,30/41/60 mm,Precipitação acumulada calculada sobre as últimas 6 horas.
876,292,,425,precipitacao_prevista_1h,22.65,mm,10/21/40 mm,Previsão meteorológica simulada para a próxima hora.
877,293,3838,,nivel_agua_percentagem,50.76,%,70/85/90%,Leitura máxima de nível de água na área.
878,293,,,precipitacao_acumulada_6h,22.51,mm,30/41/60 mm,Precipitação acumulada calculada sobre as últimas 6 horas.
879,293,,427,precipitacao_prevista_1h,15.38,mm,10/21/40 mm,Previsão meteorológica simulada para a próxima hora.
880,294,3856,,nivel_agua_percentagem,99.18,%,70/85/90%,Leitura máxima de nível de água na área.
881,294,,,precipitacao_acumulada_6h,71.35,mm,30/41/60 mm,Precipitação acumulada calculada sobre as últimas 6 horas.
882,294,,429,precipitacao_prevista_1h,54.57,mm,10/21/40 mm,Previsão meteorológica simulada para a próxima hora.
883,295,3871,,nivel_agua_percentagem,45.74,%,70/85/90%,Leitura máxima de nível de água na área.
884,295,,,precipitacao_acumulada_6h,19.72,mm,30/41/60 mm,Precipitação acumulada calculada sobre as últimas 6 horas.
885,295,,431,precipitacao_prevista_1h,4.32,mm,10/21/40 mm,Previsão meteorológica simulada para a próxima hora.
886,296,3880,,nivel_agua_percentagem,48.82,%,70/85/90%,Leitura máxima de nível de água na área.
887,296,,,precipitacao_acumulada_6h,18.7,mm,30/41/60 mm,Precipitação acumulada calculada sobre as últimas 6 horas.
888,296,,432,precipitacao_prevista_1h,11.09,mm,10/21/40 mm,Previsão meteorológica simulada para a próxima hora.
889,297,3889,,nivel_agua_percentagem,100,%,70/85/90%,Leitura máxima de nível de água na área.
890,297,,,precipitacao_acumulada_6h,75.94,mm,30/41/60 mm,Precipitação acumulada calculada sobre as últimas 6 horas.
891,297,,433,precipitacao_prevista_1h,15.98,mm,10/21/40 mm,Previsão meteorológica simulada para a próxima hora.
892,298,3913,,nivel_agua_percentagem,48.6,%,70/85/90%,Leitura máxima de nível de água na área.
893,298,,,precipitacao_acumulada_6h,21.04,mm,30/41/60 mm,Precipitação acumulada calculada sobre as últimas 6 horas.
894,298,,435,precipitacao_prevista_1h,26.82,mm,10/21/40 mm,Previsão meteorológica simulada para a próxima hora.
895,299,3916,,nivel_agua_percentagem,45.85,%,70/85/90%,Leitura máxima de nível de água na área.
896,299,,,precipitacao_acumulada_6h,19.38,mm,30/41/60 mm,Precipitação acumulada calculada sobre as últimas 6 horas.
897,299,,436,precipitacao_prevista_1h,11.97,mm,10/21/40 mm,Previsão meteorológica simulada para a próxima hora.
898,300,3925,,nivel_agua_percentagem,100,%,70/85/90%,Leitura máxima de nível de água na área.
899,300,,,precipitacao_acumulada_6h,79.2,mm,30/41/60 mm,Precipitação acumulada calculada sobre as últimas 6 horas.
900,300,,437,precipitacao_prevista_1h,20.28,mm,10/21/40 mm,Previsão meteorológica simulada para a próxima hora.
901,301,3949,,nivel_agua_percentagem,73.21,%,70/85/90%,Leitura máxima de nível de água na área.
902,301,,,precipitacao_acumulada_6h,46.49,mm,30/41/60 mm,Precipitação acumulada calculada sobre as últimas 6 horas.
903,301,,439,precipitacao_prevista_1h,27.36,mm,10/21/40 mm,Previsão meteorológica simulada para a próxima hora.
904,302,3961,,nivel_agua_percentagem,100,%,70/85/90%,Leitura máxima de nível de água na área.
905,302,,,precipitacao_acumulada_6h,78.22,mm,30/41/60 mm,Precipitação acumulada calculada sobre as últimas 6 horas.
906,302,,441,precipitacao_prevista_1h,20.79,mm,10/21/40 mm,Previsão meteorológica simulada para a próxima hora.
907,303,3979,,nivel_agua_percentagem,63.82,%,70/85/90%,Leitura máxima de nível de água na área.
908,303,,,precipitacao_acumulada_6h,45.36,mm,30/41/60 mm,Precipitação acumulada calculada sobre as últimas 6 horas.
909,303,,443,precipitacao_prevista_1h,0,mm,10/21/40 mm,Previsão meteorológica simulada para a próxima hora.
910,304,3991,,nivel_agua_percentagem,36.21,%,70/85/90%,Leitura máxima de nível de água na área.
911,304,,,precipitacao_acumulada_6h,15.68,mm,30/41/60 mm,Precipitação acumulada calculada sobre as últimas 6 horas.
912,304,,444,precipitacao_prevista_1h,11.27,mm,10/21/40 mm,Previsão meteorológica simulada para a próxima hora.
913,305,4003,,nivel_agua_percentagem,100,%,70/85/90%,Leitura máxima de nível de água na área.
914,305,,,precipitacao_acumulada_6h,82.08,mm,30/41/60 mm,Precipitação acumulada calculada sobre as últimas 6 horas.
915,305,,445,precipitacao_prevista_1h,8.3,mm,10/21/40 mm,Previsão meteorológica simulada para a próxima hora.
916,306,4009,,nivel_agua_percentagem,53.17,%,70/85/90%,Leitura máxima de nível de água na área.
917,306,,,precipitacao_acumulada_6h,24.1,mm,30/41/60 mm,Precipitação acumulada calculada sobre as últimas 6 horas.
918,306,,446,precipitacao_prevista_1h,11.73,mm,10/21/40 mm,Previsão meteorológica simulada para a próxima hora.
919,307,4015,,nivel_agua_percentagem,64.29,%,70/85/90%,Leitura máxima de nível de água na área.
920,307,,,precipitacao_acumulada_6h,43.5,mm,30/41/60 mm,Precipitação acumulada calculada sobre as últimas 6 horas.
921,307,,447,precipitacao_prevista_1h,0,mm,10/21/40 mm,Previsão meteorológica simulada para a próxima hora.
922,308,4039,,nivel_agua_percentagem,100,%,70/85/90%,Leitura máxima de nível de água na área.
923,308,,,precipitacao_acumulada_6h,79.22,mm,30/41/60 mm,Precipitação acumulada calculada sobre as últimas 6 horas.
924,308,,449,precipitacao_prevista_1h,15.85,mm,10/21/40 mm,Previsão meteorológica simulada para a próxima hora.
925,309,4048,,nivel_agua_percentagem,55.12,%,70/85/90%,Leitura máxima de nível de água na área.
926,309,,,precipitacao_acumulada_6h,26.47,mm,30/41/60 mm,Precipitação acumulada calculada sobre as últimas 6 horas.
927,309,,450,precipitacao_prevista_1h,15.6,mm,10/21/40 mm,Previsão meteorológica simulada para a próxima hora.
928,310,4057,,nivel_agua_percentagem,68.02,%,70/85/90%,Leitura máxima de nível de água na área.
929,310,,,precipitacao_acumulada_6h,42.69,mm,30/41/60 mm,Precipitação acumulada calculada sobre as últimas 6 horas.
930,310,,451,precipitacao_prevista_1h,8.64,mm,10/21/40 mm,Previsão meteorológica simulada para a próxima hora.
931,311,4069,,nivel_agua_percentagem,80.5,%,70/85/90%,Leitura máxima de nível de água na área.
932,311,,,precipitacao_acumulada_6h,32.76,mm,30/41/60 mm,Precipitação acumulada calculada sobre as últimas 6 horas.
933,311,,453,precipitacao_prevista_1h,0.93,mm,10/21/40 mm,Previsão meteorológica simulada para a próxima hora.
934,312,4078,,nivel_agua_percentagem,57.05,%,70/85/90%,Leitura máxima de nível de água na área.
935,312,,,precipitacao_acumulada_6h,24.84,mm,30/41/60 mm,Precipitação acumulada calculada sobre as últimas 6 horas.
936,312,,454,precipitacao_prevista_1h,14.08,mm,10/21/40 mm,Previsão meteorológica simulada para a próxima hora.
937,313,4090,,nivel_agua_percentagem,69.44,%,70/85/90%,Leitura máxima de nível de água na área.
938,313,,,precipitacao_acumulada_6h,45.19,mm,30/41/60 mm,Precipitação acumulada calculada sobre as últimas 6 horas.
939,313,,455,precipitacao_prevista_1h,0,mm,10/21/40 mm,Previsão meteorológica simulada para a próxima hora.
940,314,4099,,nivel_agua_percentagem,43.45,%,70/85/90%,Leitura máxima de nível de água na área.
941,314,,,precipitacao_acumulada_6h,21.01,mm,30/41/60 mm,Precipitação acumulada calculada sobre as últimas 6 horas.
942,314,,456,precipitacao_prevista_1h,13.31,mm,10/21/40 mm,Previsão meteorológica simulada para a próxima hora.
943,315,4105,,nivel_agua_percentagem,68.56,%,70/85/90%,Leitura máxima de nível de água na área.
944,315,,,precipitacao_acumulada_6h,29.98,mm,30/41/60 mm,Precipitação acumulada calculada sobre as últimas 6 horas.
945,315,,457,precipitacao_prevista_1h,14.43,mm,10/21/40 mm,Previsão meteorológica simulada para a próxima hora.
946,316,4117,,nivel_agua_percentagem,55.76,%,70/85/90%,Leitura máxima de nível de água na área.
947,316,,,precipitacao_acumulada_6h,26.41,mm,30/41/60 mm,Precipitação acumulada calculada sobre as últimas 6 horas.
948,316,,458,precipitacao_prevista_1h,11.77,mm,10/21/40 mm,Previsão meteorológica simulada para a próxima hora.
949,317,4129,,nivel_agua_percentagem,68.98,%,70/85/90%,Leitura máxima de nível de água na área.
950,317,,,precipitacao_acumulada_6h,44.54,mm,30/41/60 mm,Precipitação acumulada calculada sobre as últimas 6 horas.
951,317,,459,precipitacao_prevista_1h,9,mm,10/21/40 mm,Previsão meteorológica simulada para a próxima hora.
952,318,4144,,nivel_agua_percentagem,59.22,%,70/85/90%,Leitura máxima de nível de água na área.
953,318,,,precipitacao_acumulada_6h,25.17,mm,30/41/60 mm,Precipitação acumulada calculada sobre as últimas 6 horas.
954,318,,461,precipitacao_prevista_1h,19.74,mm,10/21/40 mm,Previsão meteorológica simulada para a próxima hora.
955,319,4156,,nivel_agua_percentagem,66.04,%,70/85/90%,Leitura máxima de nível de água na área.
956,319,,,precipitacao_acumulada_6h,37.02,mm,30/41/60 mm,Precipitação acumulada calculada sobre as últimas 6 horas.
957,319,,462,precipitacao_prevista_1h,16.48,mm,10/21/40 mm,Previsão meteorológica simulada para a próxima hora.
958,320,4165,,nivel_agua_percentagem,55.91,%,70/85/90%,Leitura máxima de nível de água na área.
959,320,,,precipitacao_acumulada_6h,29.16,mm,30/41/60 mm,Precipitação acumulada calculada sobre as últimas 6 horas.
960,320,,463,precipitacao_prevista_1h,22.52,mm,10/21/40 mm,Previsão meteorológica simulada para a próxima hora.
961,321,4180,,nivel_agua_percentagem,57.02,%,70/85/90%,Leitura máxima de nível de água na área.
962,321,,,precipitacao_acumulada_6h,22.36,mm,30/41/60 mm,Precipitação acumulada calculada sobre as últimas 6 horas.
963,321,,465,precipitacao_prevista_1h,10.03,mm,10/21/40 mm,Previsão meteorológica simulada para a próxima hora.
964,322,4192,,nivel_agua_percentagem,67.16,%,70/85/90%,Leitura máxima de nível de água na área.
965,322,,,precipitacao_acumulada_6h,36.07,mm,30/41/60 mm,Precipitação acumulada calculada sobre as últimas 6 horas.
966,322,,466,precipitacao_prevista_1h,4.8,mm,10/21/40 mm,Previsão meteorológica simulada para a próxima hora.
967,323,4201,,nivel_agua_percentagem,55.71,%,70/85/90%,Leitura máxima de nível de água na área.
968,323,,,precipitacao_acumulada_6h,30.87,mm,30/41/60 mm,Precipitação acumulada calculada sobre as últimas 6 horas.
969,323,,467,precipitacao_prevista_1h,9.01,mm,10/21/40 mm,Previsão meteorológica simulada para a próxima hora.
970,324,4204,,nivel_agua_percentagem,40.66,%,70/85/90%,Leitura máxima de nível de água na área.
971,324,,,precipitacao_acumulada_6h,19.76,mm,30/41/60 mm,Precipitação acumulada calculada sobre as últimas 6 horas.
972,324,,468,precipitacao_prevista_1h,12.7,mm,10/21/40 mm,Previsão meteorológica simulada para a próxima hora.
973,325,4216,,nivel_agua_percentagem,57.54,%,70/85/90%,Leitura máxima de nível de água na área.
974,325,,,precipitacao_acumulada_6h,25.27,mm,30/41/60 mm,Precipitação acumulada calculada sobre as últimas 6 horas.
975,325,,469,precipitacao_prevista_1h,12.77,mm,10/21/40 mm,Previsão meteorológica simulada para a próxima hora.
976,326,4222,,nivel_agua_percentagem,65.76,%,70/85/90%,Leitura máxima de nível de água na área.
977,326,,,precipitacao_acumulada_6h,34.15,mm,30/41/60 mm,Precipitação acumulada calculada sobre as últimas 6 horas.
978,326,,470,precipitacao_prevista_1h,13.96,mm,10/21/40 mm,Previsão meteorológica simulada para a próxima hora.
979,327,4231,,nivel_agua_percentagem,57,%,70/85/90%,Leitura máxima de nível de água na área.
980,327,,,precipitacao_acumulada_6h,33.74,mm,30/41/60 mm,Precipitação acumulada calculada sobre as últimas 6 horas.
981,327,,471,precipitacao_prevista_1h,16.97,mm,10/21/40 mm,Previsão meteorológica simulada para a próxima hora.
982,328,4246,,nivel_agua_percentagem,40.84,%,70/85/90%,Leitura máxima de nível de água na área.
983,328,,,precipitacao_acumulada_6h,19.71,mm,30/41/60 mm,Precipitação acumulada calculada sobre as últimas 6 horas.
984,328,,472,precipitacao_prevista_1h,15.22,mm,10/21/40 mm,Previsão meteorológica simulada para a próxima hora.
985,329,4264,,nivel_agua_percentagem,62.32,%,70/85/90%,Leitura máxima de nível de água na área.
986,329,,,precipitacao_acumulada_6h,32.88,mm,30/41/60 mm,Precipitação acumulada calculada sobre as últimas 6 horas.
987,329,,474,precipitacao_prevista_1h,0,mm,10/21/40 mm,Previsão meteorológica simulada para a próxima hora.
988,330,4270,,nivel_agua_percentagem,61.42,%,70/85/90%,Leitura máxima de nível de água na área.
989,330,,,precipitacao_acumulada_6h,32.26,mm,30/41/60 mm,Precipitação acumulada calculada sobre as últimas 6 horas.
990,330,,475,precipitacao_prevista_1h,2.67,mm,10/21/40 mm,Previsão meteorológica simulada para a próxima hora.
991,331,4279,,nivel_agua_percentagem,45.2,%,70/85/90%,Leitura máxima de nível de água na área.
992,331,,,precipitacao_acumulada_6h,20.75,mm,30/41/60 mm,Precipitação acumulada calculada sobre as últimas 6 horas.
993,331,,476,precipitacao_prevista_1h,22.3,mm,10/21/40 mm,Previsão meteorológica simulada para a próxima hora.
994,332,4288,,nivel_agua_percentagem,56.09,%,70/85/90%,Leitura máxima de nível de água na área.
995,332,,,precipitacao_acumulada_6h,23.75,mm,30/41/60 mm,Precipitação acumulada calculada sobre as últimas 6 horas.
996,332,,477,precipitacao_prevista_1h,11.21,mm,10/21/40 mm,Previsão meteorológica simulada para a próxima hora.
997,333,4297,,nivel_agua_percentagem,60.93,%,70/85/90%,Leitura máxima de nível de água na área.
998,333,,,precipitacao_acumulada_6h,33.26,mm,30/41/60 mm,Precipitação acumulada calculada sobre as últimas 6 horas.
999,333,,478,precipitacao_prevista_1h,14.72,mm,10/21/40 mm,Previsão meteorológica simulada para a próxima hora.
1000,334,4309,,nivel_agua_percentagem,60.89,%,70/85/90%,Leitura máxima de nível de água na área.
1001,334,,,precipitacao_acumulada_6h,30.83,mm,30/41/60 mm,Precipitação acumulada calculada sobre as últimas 6 horas.
1002,334,,479,precipitacao_prevista_1h,5.24,mm,10/21/40 mm,Previsão meteorológica simulada para a próxima hora.
1003,335,4312,,nivel_agua_percentagem,74.97,%,70/85/90%,Leitura máxima de nível de água na área.
1004,335,,,precipitacao_acumulada_6h,60.38,mm,30/41/60 mm,Precipitação acumulada calculada sobre as últimas 6 horas.
1005,335,,480,precipitacao_prevista_1h,50.65,mm,10/21/40 mm,Previsão meteorológica simulada para a próxima hora.
1006,336,4321,,nivel_agua_percentagem,53.18,%,70/85/90%,Leitura máxima de nível de água na área.
1007,336,,,precipitacao_acumulada_6h,21.51,mm,30/41/60 mm,Precipitação acumulada calculada sobre as últimas 6 horas.
1008,336,,481,precipitacao_prevista_1h,17.99,mm,10/21/40 mm,Previsão meteorológica simulada para a próxima hora.
1009,337,4333,,nivel_agua_percentagem,59.68,%,70/85/90%,Leitura máxima de nível de água na área.
1010,337,,,precipitacao_acumulada_6h,33.01,mm,30/41/60 mm,Precipitação acumulada calculada sobre as últimas 6 horas.
1011,337,,482,precipitacao_prevista_1h,25.32,mm,10/21/40 mm,Previsão meteorológica simulada para a próxima hora.
1012,338,4354,,nivel_agua_percentagem,75.02,%,70/85/90%,Leitura máxima de nível de água na área.
1013,338,,,precipitacao_acumulada_6h,59.73,mm,30/41/60 mm,Precipitação acumulada calculada sobre as últimas 6 horas.
1014,338,,484,precipitacao_prevista_1h,12.81,mm,10/21/40 mm,Previsão meteorológica simulada para a próxima hora.
1015,339,4357,,nivel_agua_percentagem,64.25,%,70/85/90%,Leitura máxima de nível de água na área.
1016,339,,,precipitacao_acumulada_6h,23.94,mm,30/41/60 mm,Precipitação acumulada calculada sobre as últimas 6 horas.
1017,339,,485,precipitacao_prevista_1h,22.77,mm,10/21/40 mm,Previsão meteorológica simulada para a próxima hora.
1018,340,4375,,nivel_agua_percentagem,64.53,%,70/85/90%,Leitura máxima de nível de água na área.
1019,340,,,precipitacao_acumulada_6h,41.34,mm,30/41/60 mm,Precipitação acumulada calculada sobre as últimas 6 horas.
1020,340,,487,precipitacao_prevista_1h,38.65,mm,10/21/40 mm,Previsão meteorológica simulada para a próxima hora.
1021,341,4387,,nivel_agua_percentagem,80.86,%,70/85/90%,Leitura máxima de nível de água na área.
1022,341,,,precipitacao_acumulada_6h,60.84,mm,30/41/60 mm,Precipitação acumulada calculada sobre as últimas 6 horas.
1023,341,,488,precipitacao_prevista_1h,0,mm,10/21/40 mm,Previsão meteorológica simulada para a próxima hora.
1024,342,4408,,nivel_agua_percentagem,48.61,%,70/85/90%,Leitura máxima de nível de água na área.
1025,342,,,precipitacao_acumulada_6h,22.05,mm,30/41/60 mm,Precipitação acumulada calculada sobre as últimas 6 horas.
1026,342,,490,precipitacao_prevista_1h,8.95,mm,10/21/40 mm,Previsão meteorológica simulada para a próxima hora.
1027,343,4411,,nivel_agua_percentagem,63.22,%,70/85/90%,Leitura máxima de nível de água na área.
1028,343,,,precipitacao_acumulada_6h,40.04,mm,30/41/60 mm,Precipitação acumulada calculada sobre as últimas 6 horas.
1029,343,,491,precipitacao_prevista_1h,7.65,mm,10/21/40 mm,Previsão meteorológica simulada para a próxima hora.
1030,344,4426,,nivel_agua_percentagem,72.31,%,70/85/90%,Leitura máxima de nível de água na área.
1031,344,,,precipitacao_acumulada_6h,62.19,mm,30/41/60 mm,Precipitação acumulada calculada sobre as últimas 6 horas.
1032,344,,492,precipitacao_prevista_1h,12.34,mm,10/21/40 mm,Previsão meteorológica simulada para a próxima hora.
1033,345,4450,,nivel_agua_percentagem,77.06,%,70/85/90%,Leitura máxima de nível de água na área.
1034,345,,,precipitacao_acumulada_6h,57.01,mm,30/41/60 mm,Precipitação acumulada calculada sobre as últimas 6 horas.
1035,345,,495,precipitacao_prevista_1h,24.24,mm,10/21/40 mm,Previsão meteorológica simulada para a próxima hora.
1036,346,4462,,nivel_agua_percentagem,80.09,%,70/85/90%,Leitura máxima de nível de água na área.
1037,346,,,precipitacao_acumulada_6h,60.91,mm,30/41/60 mm,Precipitação acumulada calculada sobre as últimas 6 horas.
1038,346,,496,precipitacao_prevista_1h,17.31,mm,10/21/40 mm,Previsão meteorológica simulada para a próxima hora.
1039,347,4471,,nivel_agua_percentagem,58.27,%,70/85/90%,Leitura máxima de nível de água na área.
1040,347,,,precipitacao_acumulada_6h,22.43,mm,30/41/60 mm,Precipitação acumulada calculada sobre as últimas 6 horas.
1041,347,,497,precipitacao_prevista_1h,11.76,mm,10/21/40 mm,Previsão meteorológica simulada para a próxima hora.
1042,348,4483,,nivel_agua_percentagem,80.58,%,70/85/90%,Leitura máxima de nível de água na área.
1043,348,,,precipitacao_acumulada_6h,58.49,mm,30/41/60 mm,Precipitação acumulada calculada sobre as últimas 6 horas.
1044,348,,499,precipitacao_prevista_1h,6.74,mm,10/21/40 mm,Previsão meteorológica simulada para a próxima hora.
1045,349,4492,,nivel_agua_percentagem,100,%,70/85/90%,Leitura máxima de nível de água na área.
1046,349,,,precipitacao_acumulada_6h,106.39,mm,30/41/60 mm,Precipitação acumulada calculada sobre as últimas 6 horas.
1047,349,,500,precipitacao_prevista_1h,69.07,mm,10/21/40 mm,Previsão meteorológica simulada para a próxima hora.
1048,350,4525,,nivel_agua_percentagem,85.88,%,70/85/90%,Leitura máxima de nível de água na área.
1049,350,,,precipitacao_acumulada_6h,61.47,mm,30/41/60 mm,Precipitação acumulada calculada sobre as últimas 6 horas.
1050,350,,503,precipitacao_prevista_1h,9.98,mm,10/21/40 mm,Previsão meteorológica simulada para a próxima hora.
1051,351,4534,,nivel_agua_percentagem,84.4,%,70/85/90%,Leitura máxima de nível de água na área.
1052,351,,,precipitacao_acumulada_6h,68.57,mm,30/41/60 mm,Precipitação acumulada calculada sobre as últimas 6 horas.
1053,351,,504,precipitacao_prevista_1h,4.16,mm,10/21/40 mm,Previsão meteorológica simulada para a próxima hora.
1054,352,4540,,nivel_agua_percentagem,72.76,%,70/85/90%,Leitura máxima de nível de água na área.
1055,352,,,precipitacao_acumulada_6h,44.81,mm,30/41/60 mm,Precipitação acumulada calculada sobre as últimas 6 horas.
1056,352,,505,precipitacao_prevista_1h,27.2,mm,10/21/40 mm,Previsão meteorológica simulada para a próxima hora.
1057,353,4552,,nivel_agua_percentagem,55.51,%,70/85/90%,Leitura máxima de nível de água na área.
1058,353,,,precipitacao_acumulada_6h,23.14,mm,30/41/60 mm,Precipitação acumulada calculada sobre as últimas 6 horas.
1059,353,,506,precipitacao_prevista_1h,13.15,mm,10/21/40 mm,Previsão meteorológica simulada para a próxima hora.
1060,354,4555,,nivel_agua_percentagem,81.34,%,70/85/90%,Leitura máxima de nível de água na área.
1061,354,,,precipitacao_acumulada_6h,59.36,mm,30/41/60 mm,Precipitação acumulada calculada sobre as últimas 6 horas.
1062,354,,507,precipitacao_prevista_1h,13.59,mm,10/21/40 mm,Previsão meteorológica simulada para a próxima hora.
1063,355,4570,,nivel_agua_percentagem,88.1,%,70/85/90%,Leitura máxima de nível de água na área.
1064,355,,,precipitacao_acumulada_6h,66.32,mm,30/41/60 mm,Precipitação acumulada calculada sobre as últimas 6 horas.
1065,355,,508,precipitacao_prevista_1h,5.72,mm,10/21/40 mm,Previsão meteorológica simulada para a próxima hora.
1066,356,4576,,nivel_agua_percentagem,76.77,%,70/85/90%,Leitura máxima de nível de água na área.
1067,356,,,precipitacao_acumulada_6h,45.51,mm,30/41/60 mm,Precipitação acumulada calculada sobre as últimas 6 horas.
1068,356,,509,precipitacao_prevista_1h,2.18,mm,10/21/40 mm,Previsão meteorológica simulada para a próxima hora.
1069,357,4582,,nivel_agua_percentagem,54.97,%,70/85/90%,Leitura máxima de nível de água na área.
1070,357,,,precipitacao_acumulada_6h,22.36,mm,30/41/60 mm,Precipitação acumulada calculada sobre as últimas 6 horas.
1071,357,,510,precipitacao_prevista_1h,20.26,mm,10/21/40 mm,Previsão meteorológica simulada para a próxima hora.
1072,358,4591,,nivel_agua_percentagem,67.17,%,70/85/90%,Leitura máxima de nível de água na área.
1073,358,,,precipitacao_acumulada_6h,38.09,mm,30/41/60 mm,Precipitação acumulada calculada sobre as últimas 6 horas.
1074,358,,511,precipitacao_prevista_1h,4.49,mm,10/21/40 mm,Previsão meteorológica simulada para a próxima hora.
1075,359,4603,,nivel_agua_percentagem,84.17,%,70/85/90%,Leitura máxima de nível de água na área.
1076,359,,,precipitacao_acumulada_6h,67.59,mm,30/41/60 mm,Precipitação acumulada calculada sobre as últimas 6 horas.
1077,359,,512,precipitacao_prevista_1h,1.64,mm,10/21/40 mm,Previsão meteorológica simulada para a próxima hora.
1078,360,4615,,nivel_agua_percentagem,72.42,%,70/85/90%,Leitura máxima de nível de água na área.
1079,360,,,precipitacao_acumulada_6h,45.63,mm,30/41/60 mm,Precipitação acumulada calculada sobre as últimas 6 horas.
1080,360,,513,precipitacao_prevista_1h,0,mm,10/21/40 mm,Previsão meteorológica simulada para a próxima hora.
1081,361,4627,,nivel_agua_percentagem,64.06,%,70/85/90%,Leitura máxima de nível de água na área.
1082,361,,,precipitacao_acumulada_6h,40.71,mm,30/41/60 mm,Precipitação acumulada calculada sobre as últimas 6 horas.
1083,361,,515,precipitacao_prevista_1h,10.99,mm,10/21/40 mm,Previsão meteorológica simulada para a próxima hora.
1084,362,4639,,nivel_agua_percentagem,87.56,%,70/85/90%,Leitura máxima de nível de água na área.
1085,362,,,precipitacao_acumulada_6h,67.92,mm,30/41/60 mm,Precipitação acumulada calculada sobre as últimas 6 horas.
1086,362,,516,precipitacao_prevista_1h,15.61,mm,10/21/40 mm,Previsão meteorológica simulada para a próxima hora.
1087,363,4645,,nivel_agua_percentagem,73.64,%,70/85/90%,Leitura máxima de nível de água na área.
1088,363,,,precipitacao_acumulada_6h,42.76,mm,30/41/60 mm,Precipitação acumulada calculada sobre as últimas 6 horas.
1089,363,,517,precipitacao_prevista_1h,11.36,mm,10/21/40 mm,Previsão meteorológica simulada para a próxima hora.
1090,364,4654,,nivel_agua_percentagem,61.92,%,70/85/90%,Leitura máxima de nível de água na área.
1091,364,,,precipitacao_acumulada_6h,27.09,mm,30/41/60 mm,Precipitação acumulada calculada sobre as últimas 6 horas.
1092,364,,518,precipitacao_prevista_1h,15.33,mm,10/21/40 mm,Previsão meteorológica simulada para a próxima hora.
1093,365,4675,,nivel_agua_percentagem,82.06,%,70/85/90%,Leitura máxima de nível de água na área.
1094,365,,,precipitacao_acumulada_6h,69.3,mm,30/41/60 mm,Precipitação acumulada calculada sobre as últimas 6 horas.
1095,365,,520,precipitacao_prevista_1h,5.33,mm,10/21/40 mm,Previsão meteorológica simulada para a próxima hora.
1096,366,4684,,nivel_agua_percentagem,75.6,%,70/85/90%,Leitura máxima de nível de água na área.
1097,366,,,precipitacao_acumulada_6h,48.12,mm,30/41/60 mm,Precipitação acumulada calculada sobre as últimas 6 horas.
1098,366,,521,precipitacao_prevista_1h,27.33,mm,10/21/40 mm,Previsão meteorológica simulada para a próxima hora.
1099,367,4705,,nivel_agua_percentagem,63.52,%,70/85/90%,Leitura máxima de nível de água na área.
1100,367,,,precipitacao_acumulada_6h,38.7,mm,30/41/60 mm,Precipitação acumulada calculada sobre as últimas 6 horas.
1101,367,,523,precipitacao_prevista_1h,14.58,mm,10/21/40 mm,Previsão meteorológica simulada para a próxima hora.
1102,368,4708,,nivel_agua_percentagem,52,%,70/85/90%,Leitura máxima de nível de água na área.
1103,368,,,precipitacao_acumulada_6h,23.39,mm,30/41/60 mm,Precipitação acumulada calculada sobre as últimas 6 horas.
1104,368,,524,precipitacao_prevista_1h,14.69,mm,10/21/40 mm,Previsão meteorológica simulada para a próxima hora.
1105,369,4717,,nivel_agua_percentagem,79.66,%,70/85/90%,Leitura máxima de nível de água na área.
1106,369,,,precipitacao_acumulada_6h,47.92,mm,30/41/60 mm,Precipitação acumulada calculada sobre as últimas 6 horas.
1107,369,,525,precipitacao_prevista_1h,1.76,mm,10/21/40 mm,Previsão meteorológica simulada para a próxima hora.
1108,370,4732,,nivel_agua_percentagem,65.75,%,70/85/90%,Leitura máxima de nível de água na área.
1109,370,,,precipitacao_acumulada_6h,30.88,mm,30/41/60 mm,Precipitação acumulada calculada sobre as últimas 6 horas.
1110,370,,526,precipitacao_prevista_1h,16.52,mm,10/21/40 mm,Previsão meteorológica simulada para a próxima hora.
1111,371,4735,,nivel_agua_percentagem,59.38,%,70/85/90%,Leitura máxima de nível de água na área.
1112,371,,,precipitacao_acumulada_6h,35.83,mm,30/41/60 mm,Precipitação acumulada calculada sobre as últimas 6 horas.
1113,371,,527,precipitacao_prevista_1h,16.23,mm,10/21/40 mm,Previsão meteorológica simulada para a próxima hora.
1114,372,4774,,nivel_agua_percentagem,77.68,%,70/85/90%,Leitura máxima de nível de água na área.
1115,372,,,precipitacao_acumulada_6h,59.96,mm,30/41/60 mm,Precipitação acumulada calculada sobre as últimas 6 horas.
1116,372,,531,precipitacao_prevista_1h,34.23,mm,10/21/40 mm,Previsão meteorológica simulada para a próxima hora.
1117,373,4780,,nivel_agua_percentagem,45.2,%,70/85/90%,Leitura máxima de nível de água na área.
1118,373,,,precipitacao_acumulada_6h,26,mm,30/41/60 mm,Precipitação acumulada calculada sobre as últimas 6 horas.
1119,373,,532,precipitacao_prevista_1h,15.35,mm,10/21/40 mm,Previsão meteorológica simulada para a próxima hora.
1120,374,4789,,nivel_agua_percentagem,60.69,%,70/85/90%,Leitura máxima de nível de água na área.
1121,374,,,precipitacao_acumulada_6h,28.08,mm,30/41/60 mm,Precipitação acumulada calculada sobre as últimas 6 horas.
1122,374,,533,precipitacao_prevista_1h,20.03,mm,10/21/40 mm,Previsão meteorológica simulada para a próxima hora.
1123,375,4801,,nivel_agua_percentagem,79.72,%,70/85/90%,Leitura máxima de nível de água na área.
1124,375,,,precipitacao_acumulada_6h,51.91,mm,30/41/60 mm,Precipitação acumulada calculada sobre as últimas 6 horas.
1125,375,,534,precipitacao_prevista_1h,37.9,mm,10/21/40 mm,Previsão meteorológica simulada para a próxima hora.
1126,376,4807,,nivel_agua_percentagem,79.7,%,70/85/90%,Leitura máxima de nível de água na área.
1127,376,,,precipitacao_acumulada_6h,58.82,mm,30/41/60 mm,Precipitação acumulada calculada sobre as últimas 6 horas.
1128,376,,535,precipitacao_prevista_1h,13.69,mm,10/21/40 mm,Previsão meteorológica simulada para a próxima hora.
1129,377,4819,,nivel_agua_percentagem,49.67,%,70/85/90%,Leitura máxima de nível de água na área.
1130,377,,,precipitacao_acumulada_6h,24.67,mm,30/41/60 mm,Precipitação acumulada calculada sobre as últimas 6 horas.
1131,377,,536,precipitacao_prevista_1h,0,mm,10/21/40 mm,Previsão meteorológica simulada para a próxima hora.
1132,378,4825,,nivel_agua_percentagem,60.16,%,70/85/90%,Leitura máxima de nível de água na área.
1133,378,,,precipitacao_acumulada_6h,27.61,mm,30/41/60 mm,Precipitação acumulada calculada sobre as últimas 6 horas.
1134,378,,537,precipitacao_prevista_1h,31.91,mm,10/21/40 mm,Previsão meteorológica simulada para a próxima hora.
1135,379,4837,,nivel_agua_percentagem,80.77,%,70/85/90%,Leitura máxima de nível de água na área.
1136,379,,,precipitacao_acumulada_6h,49.73,mm,30/41/60 mm,Precipitação acumulada calculada sobre as últimas 6 horas.
1137,379,,538,precipitacao_prevista_1h,0,mm,10/21/40 mm,Previsão meteorológica simulada para a próxima hora.
1138,380,4849,,nivel_agua_percentagem,75.81,%,70/85/90%,Leitura máxima de nível de água na área.
1139,380,,,precipitacao_acumulada_6h,56.28,mm,30/41/60 mm,Precipitação acumulada calculada sobre as últimas 6 horas.
1140,380,,539,precipitacao_prevista_1h,0,mm,10/21/40 mm,Previsão meteorológica simulada para a próxima hora.
1141,381,4861,,nivel_agua_percentagem,66.28,%,70/85/90%,Leitura máxima de nível de água na área.
1142,381,,,precipitacao_acumulada_6h,29.58,mm,30/41/60 mm,Precipitação acumulada calculada sobre as últimas 6 horas.
1143,381,,541,precipitacao_prevista_1h,19.7,mm,10/21/40 mm,Previsão meteorológica simulada para a próxima hora.
1144,382,4873,,nivel_agua_percentagem,71.99,%,70/85/90%,Leitura máxima de nível de água na área.
1145,382,,,precipitacao_acumulada_6h,44.65,mm,30/41/60 mm,Precipitação acumulada calculada sobre as últimas 6 horas.
1146,382,,542,precipitacao_prevista_1h,16.11,mm,10/21/40 mm,Previsão meteorológica simulada para a próxima hora.
1147,383,4882,,nivel_agua_percentagem,76.87,%,70/85/90%,Leitura máxima de nível de água na área.
1148,383,,,precipitacao_acumulada_6h,55.77,mm,30/41/60 mm,Precipitação acumulada calculada sobre as últimas 6 horas.
1149,383,,543,precipitacao_prevista_1h,6.81,mm,10/21/40 mm,Previsão meteorológica simulada para a próxima hora.
1150,384,4900,,nivel_agua_percentagem,57.42,%,70/85/90%,Leitura máxima de nível de água na área.
1151,384,,,precipitacao_acumulada_6h,24.39,mm,30/41/60 mm,Precipitação acumulada calculada sobre as últimas 6 horas.
1152,384,,545,precipitacao_prevista_1h,16.12,mm,10/21/40 mm,Previsão meteorológica simulada para a próxima hora.
1153,385,4912,,nivel_agua_percentagem,72.1,%,70/85/90%,Leitura máxima de nível de água na área.
1154,385,,,precipitacao_acumulada_6h,42.08,mm,30/41/60 mm,Precipitação acumulada calculada sobre as últimas 6 horas.
1155,385,,546,precipitacao_prevista_1h,15.07,mm,10/21/40 mm,Previsão meteorológica simulada para a próxima hora.
1156,386,4915,,nivel_agua_percentagem,67.65,%,70/85/90%,Leitura máxima de nível de água na área.
1157,386,,,precipitacao_acumulada_6h,42.19,mm,30/41/60 mm,Precipitação acumulada calculada sobre as últimas 6 horas.
1158,386,,547,precipitacao_prevista_1h,6.33,mm,10/21/40 mm,Previsão meteorológica simulada para a próxima hora.
1159,387,4927,,nivel_agua_percentagem,63.99,%,70/85/90%,Leitura máxima de nível de água na área.
1160,387,,,precipitacao_acumulada_6h,45.56,mm,30/41/60 mm,Precipitação acumulada calculada sobre as últimas 6 horas.
1161,387,,548,precipitacao_prevista_1h,32.82,mm,10/21/40 mm,Previsão meteorológica simulada para a próxima hora.
1162,388,4948,,nivel_agua_percentagem,72.79,%,70/85/90%,Leitura máxima de nível de água na área.
1163,388,,,precipitacao_acumulada_6h,40.05,mm,30/41/60 mm,Precipitação acumulada calculada sobre as últimas 6 horas.
1164,388,,550,precipitacao_prevista_1h,19.35,mm,10/21/40 mm,Previsão meteorológica simulada para a próxima hora.
1165,389,4951,,nivel_agua_percentagem,66.85,%,70/85/90%,Leitura máxima de nível de água na área.
1166,389,,,precipitacao_acumulada_6h,43.21,mm,30/41/60 mm,Precipitação acumulada calculada sobre as últimas 6 horas.
1167,389,,551,precipitacao_prevista_1h,6.48,mm,10/21/40 mm,Previsão meteorológica simulada para a próxima hora.
1168,390,4966,,nivel_agua_percentagem,63.14,%,70/85/90%,Leitura máxima de nível de água na área.
1169,390,,,precipitacao_acumulada_6h,47.28,mm,30/41/60 mm,Precipitação acumulada calculada sobre as últimas 6 horas.
1170,390,,552,precipitacao_prevista_1h,0,mm,10/21/40 mm,Previsão meteorológica simulada para a próxima hora.
1171,391,4975,,nivel_agua_percentagem,66.83,%,70/85/90%,Leitura máxima de nível de água na área.
1172,391,,,precipitacao_acumulada_6h,29.77,mm,30/41/60 mm,Precipitação acumulada calculada sobre as últimas 6 horas.
1173,391,,553,precipitacao_prevista_1h,15.25,mm,10/21/40 mm,Previsão meteorológica simulada para a próxima hora.
1174,392,4984,,nivel_agua_percentagem,72.44,%,70/85/90%,Leitura máxima de nível de água na área.
1175,392,,,precipitacao_acumulada_6h,41.75,mm,30/41/60 mm,Precipitação acumulada calculada sobre as últimas 6 horas.
1176,392,,554,precipitacao_prevista_1h,0,mm,10/21/40 mm,Previsão meteorológica simulada para a próxima hora.
1177,393,4996,,nivel_agua_percentagem,86.8,%,70/85/90%,Leitura máxima de nível de água na área.
1178,393,,,precipitacao_acumulada_6h,75.81,mm,30/41/60 mm,Precipitação acumulada calculada sobre as últimas 6 horas.
1179,393,,556,precipitacao_prevista_1h,44.64,mm,10/21/40 mm,Previsão meteorológica simulada para a próxima hora.
1180,394,5011,,nivel_agua_percentagem,67.33,%,70/85/90%,Leitura máxima de nível de água na área.
1181,394,,,precipitacao_acumulada_6h,28.9,mm,30/41/60 mm,Precipitação acumulada calculada sobre as últimas 6 horas.
1182,394,,557,precipitacao_prevista_1h,3.67,mm,10/21/40 mm,Previsão meteorológica simulada para a próxima hora.
1183,395,5035,,nivel_agua_percentagem,95.31,%,70/85/90%,Leitura máxima de nível de água na área.
1184,395,,,precipitacao_acumulada_6h,76.6,mm,30/41/60 mm,Precipitação acumulada calculada sobre as últimas 6 horas.
1185,395,,560,precipitacao_prevista_1h,14.89,mm,10/21/40 mm,Previsão meteorológica simulada para a próxima hora.
1186,396,5050,,nivel_agua_percentagem,49.53,%,70/85/90%,Leitura máxima de nível de água na área.
1187,396,,,precipitacao_acumulada_6h,16.98,mm,30/41/60 mm,Precipitação acumulada calculada sobre as últimas 6 horas.
1188,396,,562,precipitacao_prevista_1h,15.9,mm,10/21/40 mm,Previsão meteorológica simulada para a próxima hora.
1189,397,5059,,nivel_agua_percentagem,56.72,%,70/85/90%,Leitura máxima de nível de água na área.
1190,397,,,precipitacao_acumulada_6h,23.88,mm,30/41/60 mm,Precipitação acumulada calculada sobre as últimas 6 horas.
1191,397,,563,precipitacao_prevista_1h,14.84,mm,10/21/40 mm,Previsão meteorológica simulada para a próxima hora.
1192,398,5068,,nivel_agua_percentagem,100,%,70/85/90%,Leitura máxima de nível de água na área.
1193,398,,,precipitacao_acumulada_6h,99.66,mm,30/41/60 mm,Precipitação acumulada calculada sobre as últimas 6 horas.
1194,398,,564,precipitacao_prevista_1h,44.55,mm,10/21/40 mm,Previsão meteorológica simulada para a próxima hora.
1195,399,5104,,nivel_agua_percentagem,100,%,70/85/90%,Leitura máxima de nível de água na área.
1196,399,,,precipitacao_acumulada_6h,99.72,mm,30/41/60 mm,Precipitação acumulada calculada sobre as últimas 6 horas.
1197,399,,568,precipitacao_prevista_1h,10.15,mm,10/21/40 mm,Previsão meteorológica simulada para a próxima hora.
1198,400,5113,,nivel_agua_percentagem,59.12,%,70/85/90%,Leitura máxima de nível de água na área.
1199,400,,,precipitacao_acumulada_6h,29.39,mm,30/41/60 mm,Precipitação acumulada calculada sobre as últimas 6 horas.
1200,400,,569,precipitacao_prevista_1h,29.76,mm,10/21/40 mm,Previsão meteorológica simulada para a próxima hora.
1201,401,5143,,nivel_agua_percentagem,95.23,%,70/85/90%,Leitura máxima de nível de água na área.
1202,401,,,precipitacao_acumulada_6h,78.26,mm,30/41/60 mm,Precipitação acumulada calculada sobre as últimas 6 horas.
1203,401,,572,precipitacao_prevista_1h,15.25,mm,10/21/40 mm,Previsão meteorológica simulada para a próxima hora.
1204,402,5167,,nivel_agua_percentagem,44.39,%,70/85/90%,Leitura máxima de nível de água na área.
1205,402,,,precipitacao_acumulada_6h,19.86,mm,30/41/60 mm,Precipitação acumulada calculada sobre as últimas 6 horas.
1206,402,,575,precipitacao_prevista_1h,15.98,mm,10/21/40 mm,Previsão meteorológica simulada para a próxima hora.
1207,403,5182,,nivel_agua_percentagem,96.55,%,70/85/90%,Leitura máxima de nível de água na área.
1208,403,,,precipitacao_acumulada_6h,73.88,mm,30/41/60 mm,Precipitação acumulada calculada sobre as últimas 6 horas.
1209,403,,576,precipitacao_prevista_1h,0,mm,10/21/40 mm,Previsão meteorológica simulada para a próxima hora.
1210,404,5188,,nivel_agua_percentagem,56.67,%,70/85/90%,Leitura máxima de nível de água na área.
1211,404,,,precipitacao_acumulada_6h,23.41,mm,30/41/60 mm,Precipitação acumulada calculada sobre as últimas 6 horas.
1212,404,,577,precipitacao_prevista_1h,13.99,mm,10/21/40 mm,Previsão meteorológica simulada para a próxima hora.
1213,405,5209,,nivel_agua_percentagem,41.9,%,70/85/90%,Leitura máxima de nível de água na área.
1214,405,,,precipitacao_acumulada_6h,18.01,mm,30/41/60 mm,Precipitação acumulada calculada sobre as últimas 6 horas.
1215,405,,579,precipitacao_prevista_1h,12.68,mm,10/21/40 mm,Previsão meteorológica simulada para a próxima hora.
1216,406,5218,,nivel_agua_percentagem,72.12,%,70/85/90%,Leitura máxima de nível de água na área.
1217,406,,,precipitacao_acumulada_6h,44.05,mm,30/41/60 mm,Precipitação acumulada calculada sobre as últimas 6 horas.
1218,406,,580,precipitacao_prevista_1h,6.52,mm,10/21/40 mm,Previsão meteorológica simulada para a próxima hora.
1219,407,5224,,nivel_agua_percentagem,63.28,%,70/85/90%,Leitura máxima de nível de água na área.
1220,407,,,precipitacao_acumulada_6h,23.95,mm,30/41/60 mm,Precipitação acumulada calculada sobre as últimas 6 horas.
1221,407,,581,precipitacao_prevista_1h,24.88,mm,10/21/40 mm,Previsão meteorológica simulada para a próxima hora.
1222,408,5230,,nivel_agua_percentagem,56.46,%,70/85/90%,Leitura máxima de nível de água na área.
1223,408,,,precipitacao_acumulada_6h,30.37,mm,30/41/60 mm,Precipitação acumulada calculada sobre as últimas 6 horas.
1224,408,,582,precipitacao_prevista_1h,13.2,mm,10/21/40 mm,Previsão meteorológica simulada para a próxima hora.
1225,409,5248,,nivel_agua_percentagem,86.44,%,70/85/90%,Leitura máxima de nível de água na área.
1226,409,,,precipitacao_acumulada_6h,68.73,mm,30/41/60 mm,Precipitação acumulada calculada sobre as últimas 6 horas.
1227,409,,584,precipitacao_prevista_1h,42,mm,10/21/40 mm,Previsão meteorológica simulada para a próxima hora.
1228,410,5269,,nivel_agua_percentagem,58.53,%,70/85/90%,Leitura máxima de nível de água na área.
1229,410,,,precipitacao_acumulada_6h,32.14,mm,30/41/60 mm,Precipitação acumulada calculada sobre as últimas 6 horas.
1230,410,,586,precipitacao_prevista_1h,20.15,mm,10/21/40 mm,Previsão meteorológica simulada para a próxima hora.
1231,411,5281,,nivel_agua_percentagem,57.94,%,70/85/90%,Leitura máxima de nível de água na área.
1232,411,,,precipitacao_acumulada_6h,29.57,mm,30/41/60 mm,Precipitação acumulada calculada sobre as últimas 6 horas.
1233,411,,587,precipitacao_prevista_1h,12.45,mm,10/21/40 mm,Previsão meteorológica simulada para a próxima hora.
1234,412,5284,,nivel_agua_percentagem,69.84,%,70/85/90%,Leitura máxima de nível de água na área.
1235,412,,,precipitacao_acumulada_6h,44.59,mm,30/41/60 mm,Precipitação acumulada calculada sobre as últimas 6 horas.
1236,412,,588,precipitacao_prevista_1h,12.18,mm,10/21/40 mm,Previsão meteorológica simulada para a próxima hora.
1237,413,5302,,nivel_agua_percentagem,65.5,%,70/85/90%,Leitura máxima de nível de água na área.
1238,413,,,precipitacao_acumulada_6h,33.95,mm,30/41/60 mm,Precipitação acumulada calculada sobre as últimas 6 horas.
1239,413,,590,precipitacao_prevista_1h,2.22,mm,10/21/40 mm,Previsão meteorológica simulada para a próxima hora.
1240,414,5311,,nivel_agua_percentagem,58.5,%,70/85/90%,Leitura máxima de nível de água na área.
1241,414,,,precipitacao_acumulada_6h,28.87,mm,30/41/60 mm,Precipitação acumulada calculada sobre as últimas 6 horas.
1242,414,,591,precipitacao_prevista_1h,15.64,mm,10/21/40 mm,Previsão meteorológica simulada para a próxima hora.
1243,415,5326,,nivel_agua_percentagem,64.58,%,70/85/90%,Leitura máxima de nível de água na área.
1244,415,,,precipitacao_acumulada_6h,45.27,mm,30/41/60 mm,Precipitação acumulada calculada sobre as últimas 6 horas.
1245,415,,592,precipitacao_prevista_1h,7.64,mm,10/21/40 mm,Previsão meteorológica simulada para a próxima hora.
1246,416,5341,,nivel_agua_percentagem,61.49,%,70/85/90%,Leitura máxima de nível de água na área.
1247,416,,,precipitacao_acumulada_6h,34.66,mm,30/41/60 mm,Precipitação acumulada calculada sobre as últimas 6 horas.
1248,416,,594,precipitacao_prevista_1h,0,mm,10/21/40 mm,Previsão meteorológica simulada para a próxima hora.
1249,417,5347,,nivel_agua_percentagem,55.81,%,70/85/90%,Leitura máxima de nível de água na área.
1250,417,,,precipitacao_acumulada_6h,30.15,mm,30/41/60 mm,Precipitação acumulada calculada sobre as últimas 6 horas.
1251,417,,595,precipitacao_prevista_1h,20.21,mm,10/21/40 mm,Previsão meteorológica simulada para a próxima hora.
1252,418,5362,,nivel_agua_percentagem,67.96,%,70/85/90%,Leitura máxima de nível de água na área.
1253,418,,,precipitacao_acumulada_6h,47.81,mm,30/41/60 mm,Precipitação acumulada calculada sobre as últimas 6 horas.
1254,418,,596,precipitacao_prevista_1h,5.09,mm,10/21/40 mm,Previsão meteorológica simulada para a próxima hora.
1255,419,5374,,nivel_agua_percentagem,63.98,%,70/85/90%,Leitura máxima de nível de água na área.
1256,419,,,precipitacao_acumulada_6h,32.33,mm,30/41/60 mm,Precipitação acumulada calculada sobre as últimas 6 horas.
1257,419,,598,precipitacao_prevista_1h,4.81,mm,10/21/40 mm,Previsão meteorológica simulada para a próxima hora.
1258,420,5395,,nivel_agua_percentagem,65.37,%,70/85/90%,Leitura máxima de nível de água na área.
1259,420,,,precipitacao_acumulada_6h,47.68,mm,30/41/60 mm,Precipitação acumulada calculada sobre as últimas 6 horas.
1260,420,,600,precipitacao_prevista_1h,18.12,mm,10/21/40 mm,Previsão meteorológica simulada para a próxima hora.
1261,421,5407,,nivel_agua_percentagem,59.37,%,70/85/90%,Leitura máxima de nível de água na área.
1262,421,,,precipitacao_acumulada_6h,27.91,mm,30/41/60 mm,Precipitação acumulada calculada sobre as últimas 6 horas.
1263,421,,601,precipitacao_prevista_1h,12.87,mm,10/21/40 mm,Previsão meteorológica simulada para a próxima hora.
1264,422,5410,,nivel_agua_percentagem,61.41,%,70/85/90%,Leitura máxima de nível de água na área.
1265,422,,,precipitacao_acumulada_6h,31.38,mm,30/41/60 mm,Precipitação acumulada calculada sobre as últimas 6 horas.
1266,422,,602,precipitacao_prevista_1h,22.89,mm,10/21/40 mm,Previsão meteorológica simulada para a próxima hora.
1267,423,5419,,nivel_agua_percentagem,54.62,%,70/85/90%,Leitura máxima de nível de água na área.
1268,423,,,precipitacao_acumulada_6h,29.38,mm,30/41/60 mm,Precipitação acumulada calculada sobre as últimas 6 horas.
1269,423,,603,precipitacao_prevista_1h,12.57,mm,10/21/40 mm,Previsão meteorológica simulada para a próxima hora.
1270,424,5434,,nivel_agua_percentagem,66.82,%,70/85/90%,Leitura máxima de nível de água na área.
1271,424,,,precipitacao_acumulada_6h,46.27,mm,30/41/60 mm,Precipitação acumulada calculada sobre as últimas 6 horas.
1272,424,,604,precipitacao_prevista_1h,0,mm,10/21/40 mm,Previsão meteorológica simulada para a próxima hora.
1273,425,5449,,nivel_agua_percentagem,59.88,%,70/85/90%,Leitura máxima de nível de água na área.
1274,425,,,precipitacao_acumulada_6h,29.02,mm,30/41/60 mm,Precipitação acumulada calculada sobre as últimas 6 horas.
1275,425,,606,precipitacao_prevista_1h,13.5,mm,10/21/40 mm,Previsão meteorológica simulada para a próxima hora.
1276,426,5458,,nivel_agua_percentagem,61.31,%,70/85/90%,Leitura máxima de nível de água na área.
1277,426,,,precipitacao_acumulada_6h,31.81,mm,30/41/60 mm,Precipitação acumulada calculada sobre as últimas 6 horas.
1278,426,,607,precipitacao_prevista_1h,17.34,mm,10/21/40 mm,Previsão meteorológica simulada para a próxima hora.
1279,427,5506,,nivel_agua_percentagem,46.51,%,70/85/90%,Leitura máxima de nível de água na área.
1280,427,,,precipitacao_acumulada_6h,20.77,mm,30/41/60 mm,Precipitação acumulada calculada sobre as últimas 6 horas.
1281,427,,612,precipitacao_prevista_1h,10.25,mm,10/21/40 mm,Previsão meteorológica simulada para a próxima hora.
1282,428,5512,,nivel_agua_percentagem,58.31,%,70/85/90%,Leitura máxima de nível de água na área.
1283,428,,,precipitacao_acumulada_6h,27.27,mm,30/41/60 mm,Precipitação acumulada calculada sobre as últimas 6 horas.
1284,428,,613,precipitacao_prevista_1h,12.03,mm,10/21/40 mm,Previsão meteorológica simulada para a próxima hora.
1285,429,5524,,nivel_agua_percentagem,58.24,%,70/85/90%,Leitura máxima de nível de água na área.
1286,429,,,precipitacao_acumulada_6h,30.03,mm,30/41/60 mm,Precipitação acumulada calculada sobre as últimas 6 horas.
1287,429,,614,precipitacao_prevista_1h,23.94,mm,10/21/40 mm,Previsão meteorológica simulada para a próxima hora.
1288,430,5527,,nivel_agua_percentagem,73.69,%,70/85/90%,Leitura máxima de nível de água na área.
1289,430,,,precipitacao_acumulada_6h,56.61,mm,30/41/60 mm,Precipitação acumulada calculada sobre as últimas 6 horas.
1290,430,,615,precipitacao_prevista_1h,35.17,mm,10/21/40 mm,Previsão meteorológica simulada para a próxima hora.
1291,431,5536,,nivel_agua_percentagem,45.76,%,70/85/90%,Leitura máxima de nível de água na área.
1292,431,,,precipitacao_acumulada_6h,21.85,mm,30/41/60 mm,Precipitação acumulada calculada sobre as últimas 6 horas.
1293,431,,616,precipitacao_prevista_1h,0.44,mm,10/21/40 mm,Previsão meteorológica simulada para a próxima hora.
1294,432,5569,,nivel_agua_percentagem,77.75,%,70/85/90%,Leitura máxima de nível de água na área.
1295,432,,,precipitacao_acumulada_6h,57.25,mm,30/41/60 mm,Precipitação acumulada calculada sobre as últimas 6 horas.
1296,432,,619,precipitacao_prevista_1h,0,mm,10/21/40 mm,Previsão meteorológica simulada para a próxima hora.
1297,433,5575,,nivel_agua_percentagem,40.71,%,70/85/90%,Leitura máxima de nível de água na área.
1298,433,,,precipitacao_acumulada_6h,18.9,mm,30/41/60 mm,Precipitação acumulada calculada sobre as últimas 6 horas.
1299,433,,620,precipitacao_prevista_1h,16.19,mm,10/21/40 mm,Previsão meteorológica simulada para a próxima hora.
1300,434,5581,,nivel_agua_percentagem,59.26,%,70/85/90%,Leitura máxima de nível de água na área.
1301,434,,,precipitacao_acumulada_6h,27.74,mm,30/41/60 mm,Precipitação acumulada calculada sobre as últimas 6 horas.
1302,434,,621,precipitacao_prevista_1h,10.16,mm,10/21/40 mm,Previsão meteorológica simulada para a próxima hora.
1303,435,5605,,nivel_agua_percentagem,78.69,%,70/85/90%,Leitura máxima de nível de água na área.
1304,435,,,precipitacao_acumulada_6h,60.71,mm,30/41/60 mm,Precipitação acumulada calculada sobre as últimas 6 horas.
1305,435,,623,precipitacao_prevista_1h,24.79,mm,10/21/40 mm,Previsão meteorológica simulada para a próxima hora.
1306,436,5608,,nivel_agua_percentagem,48.87,%,70/85/90%,Leitura máxima de nível de água na área.
1307,436,,,precipitacao_acumulada_6h,22.4,mm,30/41/60 mm,Precipitação acumulada calculada sobre as últimas 6 horas.
1308,436,,624,precipitacao_prevista_1h,11.86,mm,10/21/40 mm,Previsão meteorológica simulada para a próxima hora.
1309,437,5623,,nivel_agua_percentagem,65.13,%,70/85/90%,Leitura máxima de nível de água na área.
1310,437,,,precipitacao_acumulada_6h,26.48,mm,30/41/60 mm,Precipitação acumulada calculada sobre as últimas 6 horas.
1311,437,,625,precipitacao_prevista_1h,13.86,mm,10/21/40 mm,Previsão meteorológica simulada para a próxima hora.
1312,438,5626,,nivel_agua_percentagem,90.24,%,70/85/90%,Leitura máxima de nível de água na área.
1313,438,,,precipitacao_acumulada_6h,71.8,mm,30/41/60 mm,Precipitação acumulada calculada sobre as últimas 6 horas.
1314,438,,626,precipitacao_prevista_1h,59.98,mm,10/21/40 mm,Previsão meteorológica simulada para a próxima hora.
1315,439,5641,,nivel_agua_percentagem,85.97,%,70/85/90%,Leitura máxima de nível de água na área.
1316,439,,,precipitacao_acumulada_6h,60.84,mm,30/41/60 mm,Precipitação acumulada calculada sobre as últimas 6 horas.
1317,439,,627,precipitacao_prevista_1h,14.44,mm,10/21/40 mm,Previsão meteorológica simulada para a próxima hora.
1318,440,5650,,nivel_agua_percentagem,48.66,%,70/85/90%,Leitura máxima de nível de água na área.
1319,440,,,precipitacao_acumulada_6h,25.9,mm,30/41/60 mm,Precipitação acumulada calculada sobre as últimas 6 horas.
1320,440,,628,precipitacao_prevista_1h,22.44,mm,10/21/40 mm,Previsão meteorológica simulada para a próxima hora.
1321,441,5668,,nivel_agua_percentagem,92.31,%,70/85/90%,Leitura máxima de nível de água na área.
1322,441,,,precipitacao_acumulada_6h,73.49,mm,30/41/60 mm,Precipitação acumulada calculada sobre as últimas 6 horas.
1323,441,,630,precipitacao_prevista_1h,10.8,mm,10/21/40 mm,Previsão meteorológica simulada para a próxima hora.
1324,442,5671,,nivel_agua_percentagem,100,%,70/85/90%,Leitura máxima de nível de água na área.
1325,442,,,precipitacao_acumulada_6h,96.49,mm,30/41/60 mm,Precipitação acumulada calculada sobre as últimas 6 horas.
1326,442,,631,precipitacao_prevista_1h,56.36,mm,10/21/40 mm,Previsão meteorológica simulada para a próxima hora.
1327,443,5692,,nivel_agua_percentagem,64.54,%,70/85/90%,Leitura máxima de nível de água na área.
1328,443,,,precipitacao_acumulada_6h,26.85,mm,30/41/60 mm,Precipitação acumulada calculada sobre as últimas 6 horas.
1329,443,,633,precipitacao_prevista_1h,19.85,mm,10/21/40 mm,Previsão meteorológica simulada para a próxima hora.
1330,444,5701,,nivel_agua_percentagem,94.67,%,70/85/90%,Leitura máxima de nível de água na área.
1331,444,,,precipitacao_acumulada_6h,71.53,mm,30/41/60 mm,Precipitação acumulada calculada sobre as últimas 6 horas.
1332,444,,634,precipitacao_prevista_1h,11.43,mm,10/21/40 mm,Previsão meteorológica simulada para a próxima hora.
1333,445,5707,,nivel_agua_percentagem,100,%,70/85/90%,Leitura máxima de nível de água na área.
1334,445,,,precipitacao_acumulada_6h,95.37,mm,30/41/60 mm,Precipitação acumulada calculada sobre as últimas 6 horas.
1335,445,,635,precipitacao_prevista_1h,21.63,mm,10/21/40 mm,Previsão meteorológica simulada para a próxima hora.
1336,446,5719,,nivel_agua_percentagem,52.4,%,70/85/90%,Leitura máxima de nível de água na área.
1337,446,,,precipitacao_acumulada_6h,29.97,mm,30/41/60 mm,Precipitação acumulada calculada sobre as últimas 6 horas.
1338,446,,636,precipitacao_prevista_1h,28.64,mm,10/21/40 mm,Previsão meteorológica simulada para a próxima hora.
1339,447,5737,,nivel_agua_percentagem,88.39,%,70/85/90%,Leitura máxima de nível de água na área.
1340,447,,,precipitacao_acumulada_6h,68.84,mm,30/41/60 mm,Precipitação acumulada calculada sobre as últimas 6 horas.
1341,447,,638,precipitacao_prevista_1h,1.17,mm,10/21/40 mm,Previsão meteorológica simulada para a próxima hora.
1342,448,5743,,nivel_agua_percentagem,88.04,%,70/85/90%,Leitura máxima de nível de água na área.
1343,448,,,precipitacao_acumulada_6h,61.53,mm,30/41/60 mm,Precipitação acumulada calculada sobre as últimas 6 horas.
1344,448,,639,precipitacao_prevista_1h,7.95,mm,10/21/40 mm,Previsão meteorológica simulada para a próxima hora.
1345,449,5770,,nivel_agua_percentagem,100,%,70/85/90%,Leitura máxima de nível de água na área.
1346,449,,,precipitacao_acumulada_6h,69.69,mm,30/41/60 mm,Precipitação acumulada calculada sobre as últimas 6 horas.
1347,449,,642,precipitacao_prevista_1h,0,mm,10/21/40 mm,Previsão meteorológica simulada para a próxima hora.
1348,450,5779,,nivel_agua_percentagem,83.12,%,70/85/90%,Leitura máxima de nível de água na área.
1349,450,,,precipitacao_acumulada_6h,61.44,mm,30/41/60 mm,Precipitação acumulada calculada sobre as últimas 6 horas.
1350,450,,643,precipitacao_prevista_1h,18.31,mm,10/21/40 mm,Previsão meteorológica simulada para a próxima hora.
1351,451,5794,,nivel_agua_percentagem,61.93,%,70/85/90%,Leitura máxima de nível de água na área.
1352,451,,,precipitacao_acumulada_6h,39.33,mm,30/41/60 mm,Precipitação acumulada calculada sobre as últimas 6 horas.
1353,451,,644,precipitacao_prevista_1h,17.74,mm,10/21/40 mm,Previsão meteorológica simulada para a próxima hora.
1354,452,5797,,nivel_agua_percentagem,94.87,%,70/85/90%,Leitura máxima de nível de água na área.
1355,452,,,precipitacao_acumulada_6h,72.03,mm,30/41/60 mm,Precipitação acumulada calculada sobre as últimas 6 horas.
1356,452,,645,precipitacao_prevista_1h,52.57,mm,10/21/40 mm,Previsão meteorológica simulada para a próxima hora.
1357,453,5812,,nivel_agua_percentagem,93.67,%,70/85/90%,Leitura máxima de nível de água na área.
1358,453,,,precipitacao_acumulada_6h,65.85,mm,30/41/60 mm,Precipitação acumulada calculada sobre as últimas 6 horas.
1359,453,,646,precipitacao_prevista_1h,8.8,mm,10/21/40 mm,Previsão meteorológica simulada para a próxima hora.
1360,454,5821,,nivel_agua_percentagem,80.23,%,70/85/90%,Leitura máxima de nível de água na área.
1361,454,,,precipitacao_acumulada_6h,57.72,mm,30/41/60 mm,Precipitação acumulada calculada sobre as últimas 6 horas.
1362,454,,647,precipitacao_prevista_1h,0,mm,10/21/40 mm,Previsão meteorológica simulada para a próxima hora.
1363,455,5824,,nivel_agua_percentagem,57.37,%,70/85/90%,Leitura máxima de nível de água na área.
1364,455,,,precipitacao_acumulada_6h,36.3,mm,30/41/60 mm,Precipitação acumulada calculada sobre as últimas 6 horas.
1365,455,,648,precipitacao_prevista_1h,1.65,mm,10/21/40 mm,Previsão meteorológica simulada para a próxima hora.
1366,456,5839,,nivel_agua_percentagem,96.83,%,70/85/90%,Leitura máxima de nível de água na área.
1367,456,,,precipitacao_acumulada_6h,68.23,mm,30/41/60 mm,Precipitação acumulada calculada sobre as últimas 6 horas.
1368,456,,649,precipitacao_prevista_1h,16.35,mm,10/21/40 mm,Previsão meteorológica simulada para a próxima hora.
1369,457,5851,,nivel_agua_percentagem,74.67,%,70/85/90%,Leitura máxima de nível de água na área.
1370,457,,,precipitacao_acumulada_6h,57.49,mm,30/41/60 mm,Precipitação acumulada calculada sobre as últimas 6 horas.
1371,457,,651,precipitacao_prevista_1h,16.09,mm,10/21/40 mm,Previsão meteorológica simulada para a próxima hora.
1372,458,5860,,nivel_agua_percentagem,51.51,%,70/85/90%,Leitura máxima de nível de água na área.
1373,458,,,precipitacao_acumulada_6h,32.6,mm,30/41/60 mm,Precipitação acumulada calculada sobre as últimas 6 horas.
1374,458,,652,precipitacao_prevista_1h,16.62,mm,10/21/40 mm,Previsão meteorológica simulada para a próxima hora.
1375,459,5869,,nivel_agua_percentagem,100,%,70/85/90%,Leitura máxima de nível de água na área.
1376,459,,,precipitacao_acumulada_6h,70.45,mm,30/41/60 mm,Precipitação acumulada calculada sobre as últimas 6 horas.
1377,459,,653,precipitacao_prevista_1h,8.23,mm,10/21/40 mm,Previsão meteorológica simulada para a próxima hora.
1378,460,5878,,nivel_agua_percentagem,48.85,%,70/85/90%,Leitura máxima de nível de água na área.
1379,460,,,precipitacao_acumulada_6h,18.27,mm,30/41/60 mm,Precipitação acumulada calculada sobre as últimas 6 horas.
1380,460,,654,precipitacao_prevista_1h,11.73,mm,10/21/40 mm,Previsão meteorológica simulada para a próxima hora.
1381,461,5893,,nivel_agua_percentagem,57.38,%,70/85/90%,Leitura máxima de nível de água na área.
1382,461,,,precipitacao_acumulada_6h,25.02,mm,30/41/60 mm,Precipitação acumulada calculada sobre as últimas 6 horas.
1383,461,,655,precipitacao_prevista_1h,17.09,mm,10/21/40 mm,Previsão meteorológica simulada para a próxima hora.
1384,462,5905,,nivel_agua_percentagem,96.3,%,70/85/90%,Leitura máxima de nível de água na área.
1385,462,,,precipitacao_acumulada_6h,70.48,mm,30/41/60 mm,Precipitação acumulada calculada sobre as últimas 6 horas.
1386,462,,657,precipitacao_prevista_1h,0,mm,10/21/40 mm,Previsão meteorológica simulada para a próxima hora.
1387,463,5926,,nivel_agua_percentagem,55.46,%,70/85/90%,Leitura máxima de nível de água na área.
1388,463,,,precipitacao_acumulada_6h,26.45,mm,30/41/60 mm,Precipitação acumulada calculada sobre as últimas 6 horas.
1389,463,,659,precipitacao_prevista_1h,11.45,mm,10/21/40 mm,Previsão meteorológica simulada para a próxima hora.
1390,464,5935,,nivel_agua_percentagem,51.55,%,70/85/90%,Leitura máxima de nível de água na área.
1391,464,,,precipitacao_acumulada_6h,27.37,mm,30/41/60 mm,Precipitação acumulada calculada sobre as últimas 6 horas.
1392,464,,660,precipitacao_prevista_1h,14.47,mm,10/21/40 mm,Previsão meteorológica simulada para a próxima hora.
1393,465,5941,,nivel_agua_percentagem,100,%,70/85/90%,Leitura máxima de nível de água na área.
1394,465,,,precipitacao_acumulada_6h,72.66,mm,30/41/60 mm,Precipitação acumulada calculada sobre as últimas 6 horas.
1395,465,,661,precipitacao_prevista_1h,30.98,mm,10/21/40 mm,Previsão meteorológica simulada para a próxima hora.
1396,466,5956,,nivel_agua_percentagem,54.96,%,70/85/90%,Leitura máxima de nível de água na área.
1397,466,,,precipitacao_acumulada_6h,21.93,mm,30/41/60 mm,Precipitação acumulada calculada sobre as últimas 6 horas.
1398,466,,662,precipitacao_prevista_1h,16.37,mm,10/21/40 mm,Previsão meteorológica simulada para a próxima hora.
1399,467,5962,,nivel_agua_percentagem,55.03,%,70/85/90%,Leitura máxima de nível de água na área.
1400,467,,,precipitacao_acumulada_6h,24.83,mm,30/41/60 mm,Precipitação acumulada calculada sobre as últimas 6 horas.
1401,467,,663,precipitacao_prevista_1h,18.78,mm,10/21/40 mm,Previsão meteorológica simulada para a próxima hora.
1402,468,5977,,nivel_agua_percentagem,100,%,70/85/90%,Leitura máxima de nível de água na área.
1403,468,,,precipitacao_acumulada_6h,69.24,mm,30/41/60 mm,Precipitação acumulada calculada sobre as últimas 6 horas.
1404,468,,665,precipitacao_prevista_1h,0,mm,10/21/40 mm,Previsão meteorológica simulada para a próxima hora.
1405,469,5992,,nivel_agua_percentagem,50.96,%,70/85/90%,Leitura máxima de nível de água na área.
1406,469,,,precipitacao_acumulada_6h,23.87,mm,30/41/60 mm,Precipitação acumulada calculada sobre as últimas 6 horas.
1407,469,,666,precipitacao_prevista_1h,24.13,mm,10/21/40 mm,Previsão meteorológica simulada para a próxima hora.
1408,470,5995,,nivel_agua_percentagem,49.62,%,70/85/90%,Leitura máxima de nível de água na área.
1409,470,,,precipitacao_acumulada_6h,22.48,mm,30/41/60 mm,Precipitação acumulada calculada sobre as últimas 6 horas.
1410,470,,667,precipitacao_prevista_1h,15.37,mm,10/21/40 mm,Previsão meteorológica simulada para a próxima hora.
1411,471,6019,,nivel_agua_percentagem,64.17,%,70/85/90%,Leitura máxima de nível de água na área.
1412,471,,,precipitacao_acumulada_6h,27.2,mm,30/41/60 mm,Precipitação acumulada calculada sobre as últimas 6 horas.
1413,471,,669,precipitacao_prevista_1h,11.23,mm,10/21/40 mm,Previsão meteorológica simulada para a próxima hora.
1414,472,6025,,nivel_agua_percentagem,84.16,%,70/85/90%,Leitura máxima de nível de água na área.
1415,472,,,precipitacao_acumulada_6h,60.57,mm,30/41/60 mm,Precipitação acumulada calculada sobre as últimas 6 horas.
1416,472,,670,precipitacao_prevista_1h,48.85,mm,10/21/40 mm,Previsão meteorológica simulada para a próxima hora.
1417,473,6046,,nivel_agua_percentagem,39.02,%,70/85/90%,Leitura máxima de nível de água na área.
1418,473,,,precipitacao_acumulada_6h,14.44,mm,30/41/60 mm,Precipitação acumulada calculada sobre as últimas 6 horas.
1419,473,,672,precipitacao_prevista_1h,13.48,mm,10/21/40 mm,Previsão meteorológica simulada para a próxima hora.
1420,474,6049,,nivel_agua_percentagem,100,%,70/85/90%,Leitura máxima de nível de água na área.
1421,474,,,precipitacao_acumulada_6h,84.23,mm,30/41/60 mm,Precipitação acumulada calculada sobre as últimas 6 horas.
1422,474,,673,precipitacao_prevista_1h,68.96,mm,10/21/40 mm,Previsão meteorológica simulada para a próxima hora.
1423,475,6058,,nivel_agua_percentagem,100,%,70/85/90%,Leitura máxima de nível de água na área.
1424,475,,,precipitacao_acumulada_6h,91.89,mm,30/41/60 mm,Precipitação acumulada calculada sobre as últimas 6 horas.
1425,475,,674,precipitacao_prevista_1h,41.35,mm,10/21/40 mm,Previsão meteorológica simulada para a próxima hora.
1426,476,6079,,nivel_agua_percentagem,45.46,%,70/85/90%,Leitura máxima de nível de água na área.
1427,476,,,precipitacao_acumulada_6h,17.99,mm,30/41/60 mm,Precipitação acumulada calculada sobre as últimas 6 horas.
1428,476,,676,precipitacao_prevista_1h,16.23,mm,10/21/40 mm,Previsão meteorológica simulada para a próxima hora.
1429,477,6085,,nivel_agua_percentagem,100,%,70/85/90%,Leitura máxima de nível de água na área.
1430,477,,,precipitacao_acumulada_6h,80.34,mm,30/41/60 mm,Precipitação acumulada calculada sobre as últimas 6 horas.
1431,477,,677,precipitacao_prevista_1h,0,mm,10/21/40 mm,Previsão meteorológica simulada para a próxima hora.
1432,478,6094,,nivel_agua_percentagem,100,%,70/85/90%,Leitura máxima de nível de água na área.
1433,478,,,precipitacao_acumulada_6h,116.22,mm,30/41/60 mm,Precipitação acumulada calculada sobre as últimas 6 horas.
1434,478,,678,precipitacao_prevista_1h,36.52,mm,10/21/40 mm,Previsão meteorológica simulada para a próxima hora.
1435,479,6121,,nivel_agua_percentagem,100,%,70/85/90%,Leitura máxima de nível de água na área.
1436,479,,,precipitacao_acumulada_6h,81.55,mm,30/41/60 mm,Precipitação acumulada calculada sobre as últimas 6 horas.
1437,479,,681,precipitacao_prevista_1h,6.55,mm,10/21/40 mm,Previsão meteorológica simulada para a próxima hora.
1438,480,6130,,nivel_agua_percentagem,100,%,70/85/90%,Leitura máxima de nível de água na área.
1439,480,,,precipitacao_acumulada_6h,116.98,mm,30/41/60 mm,Precipitação acumulada calculada sobre as últimas 6 horas.
1440,480,,682,precipitacao_prevista_1h,6.05,mm,10/21/40 mm,Previsão meteorológica simulada para a próxima hora.
1441,481,6154,,nivel_agua_percentagem,43.37,%,70/85/90%,Leitura máxima de nível de água na área.
1442,481,,,precipitacao_acumulada_6h,18.89,mm,30/41/60 mm,Precipitação acumulada calculada sobre as últimas 6 horas.
1443,481,,684,precipitacao_prevista_1h,13.69,mm,10/21/40 mm,Previsão meteorológica simulada para a próxima hora.
1444,482,6157,,nivel_agua_percentagem,100,%,70/85/90%,Leitura máxima de nível de água na área.
1445,482,,,precipitacao_acumulada_6h,76.81,mm,30/41/60 mm,Precipitação acumulada calculada sobre as últimas 6 horas.
1446,482,,685,precipitacao_prevista_1h,15.8,mm,10/21/40 mm,Previsão meteorológica simulada para a próxima hora.
1447,483,6166,,nivel_agua_percentagem,100,%,70/85/90%,Leitura máxima de nível de água na área.
1448,483,,,precipitacao_acumulada_6h,115.59,mm,30/41/60 mm,Precipitação acumulada calculada sobre as últimas 6 horas.
1449,483,,686,precipitacao_prevista_1h,8.5,mm,10/21/40 mm,Previsão meteorológica simulada para a próxima hora.
1450,484,6187,,nivel_agua_percentagem,46.38,%,70/85/90%,Leitura máxima de nível de água na área.
1451,484,,,precipitacao_acumulada_6h,19.94,mm,30/41/60 mm,Precipitação acumulada calculada sobre as últimas 6 horas.
1452,484,,688,precipitacao_prevista_1h,11.87,mm,10/21/40 mm,Previsão meteorológica simulada para a próxima hora.
1453,485,6193,,nivel_agua_percentagem,100,%,70/85/90%,Leitura máxima de nível de água na área.
1454,485,,,precipitacao_acumulada_6h,76.33,mm,30/41/60 mm,Precipitação acumulada calculada sobre as últimas 6 horas.
1455,485,,689,precipitacao_prevista_1h,3.2,mm,10/21/40 mm,Previsão meteorológica simulada para a próxima hora.
1456,486,6202,,nivel_agua_percentagem,100,%,70/85/90%,Leitura máxima de nível de água na área.
1457,486,,,precipitacao_acumulada_6h,113.12,mm,30/41/60 mm,Precipitação acumulada calculada sobre as últimas 6 horas.
1458,486,,690,precipitacao_prevista_1h,26.86,mm,10/21/40 mm,Previsão meteorológica simulada para a próxima hora.
1459,487,6223,,nivel_agua_percentagem,48.31,%,70/85/90%,Leitura máxima de nível de água na área.
1460,487,,,precipitacao_acumulada_6h,19.93,mm,30/41/60 mm,Precipitação acumulada calculada sobre as últimas 6 horas.
1461,487,,692,precipitacao_prevista_1h,17.92,mm,10/21/40 mm,Previsão meteorológica simulada para a próxima hora.
1462,488,6232,,nivel_agua_percentagem,100,%,70/85/90%,Leitura máxima de nível de água na área.
1463,488,,,precipitacao_acumulada_6h,76.74,mm,30/41/60 mm,Precipitação acumulada calculada sobre as últimas 6 horas.
1464,488,,693,precipitacao_prevista_1h,0,mm,10/21/40 mm,Previsão meteorológica simulada para a próxima hora.
1465,489,6238,,nivel_agua_percentagem,100,%,70/85/90%,Leitura máxima de nível de água na área.
1466,489,,,precipitacao_acumulada_6h,77.22,mm,30/41/60 mm,Precipitação acumulada calculada sobre as últimas 6 horas.
1467,489,,694,precipitacao_prevista_1h,8.63,mm,10/21/40 mm,Previsão meteorológica simulada para a próxima hora.
1468,490,6250,,nivel_agua_percentagem,47.42,%,70/85/90%,Leitura máxima de nível de água na área.
1469,490,,,precipitacao_acumulada_6h,21.21,mm,30/41/60 mm,Precipitação acumulada calculada sobre as últimas 6 horas.
1470,490,,695,precipitacao_prevista_1h,17.68,mm,10/21/40 mm,Previsão meteorológica simulada para a próxima hora.
1471,491,6280,,nivel_agua_percentagem,80.21,%,70/85/90%,Leitura máxima de nível de água na área.
1472,491,,,precipitacao_acumulada_6h,44.62,mm,30/41/60 mm,Precipitação acumulada calculada sobre as últimas 6 horas.
1473,491,,698,precipitacao_prevista_1h,0,mm,10/21/40 mm,Previsão meteorológica simulada para a próxima hora.
1474,492,6343,,nivel_agua_percentagem,75.24,%,70/85/90%,Leitura máxima de nível de água na área.
1475,492,,,precipitacao_acumulada_6h,42.03,mm,30/41/60 mm,Precipitação acumulada calculada sobre as últimas 6 horas.
1476,492,,705,precipitacao_prevista_1h,26.39,mm,10/21/40 mm,Previsão meteorológica simulada para a próxima hora.
1477,493,6373,,nivel_agua_percentagem,100,%,70/85/90%,Leitura máxima de nível de água na área.
1478,493,,,precipitacao_acumulada_6h,75.66,mm,30/41/60 mm,Precipitação acumulada calculada sobre as últimas 6 horas.
1479,493,,709,precipitacao_prevista_1h,43.04,mm,10/21/40 mm,Previsão meteorológica simulada para a próxima hora.
1480,494,6388,,nivel_agua_percentagem,52.13,%,70/85/90%,Leitura máxima de nível de água na área.
1481,494,,,precipitacao_acumulada_6h,18.27,mm,30/41/60 mm,Precipitação acumulada calculada sobre as últimas 6 horas.
1482,494,,710,precipitacao_prevista_1h,11.18,mm,10/21/40 mm,Previsão meteorológica simulada para a próxima hora.
1483,495,6394,,nivel_agua_percentagem,71.13,%,70/85/90%,Leitura máxima de nível de água na área.
1484,495,,,precipitacao_acumulada_6h,51.26,mm,30/41/60 mm,Precipitação acumulada calculada sobre as últimas 6 horas.
1485,495,,711,precipitacao_prevista_1h,24.82,mm,10/21/40 mm,Previsão meteorológica simulada para a próxima hora.
1486,496,6400,,nivel_agua_percentagem,39.4,%,70/85/90%,Leitura máxima de nível de água na área.
1487,496,,,precipitacao_acumulada_6h,17.21,mm,30/41/60 mm,Precipitação acumulada calculada sobre as últimas 6 horas.
1488,496,,712,precipitacao_prevista_1h,16.29,mm,10/21/40 mm,Previsão meteorológica simulada para a próxima hora.
1489,497,6409,,nivel_agua_percentagem,100,%,70/85/90%,Leitura máxima de nível de água na área.
1490,497,,,precipitacao_acumulada_6h,78.76,mm,30/41/60 mm,Precipitação acumulada calculada sobre as últimas 6 horas.
1491,497,,713,precipitacao_prevista_1h,8.14,mm,10/21/40 mm,Previsão meteorológica simulada para a próxima hora.
1492,498,6421,,nivel_agua_percentagem,51.85,%,70/85/90%,Leitura máxima de nível de água na área.
1493,498,,,precipitacao_acumulada_6h,19.39,mm,30/41/60 mm,Precipitação acumulada calculada sobre as últimas 6 horas.
1494,498,,714,precipitacao_prevista_1h,29.05,mm,10/21/40 mm,Previsão meteorológica simulada para a próxima hora.
1495,499,6433,,nivel_agua_percentagem,71.66,%,70/85/90%,Leitura máxima de nível de água na área.
1496,499,,,precipitacao_acumulada_6h,47.55,mm,30/41/60 mm,Precipitação acumulada calculada sobre as últimas 6 horas.
1497,499,,715,precipitacao_prevista_1h,17.93,mm,10/21/40 mm,Previsão meteorológica simulada para a próxima hora.
1498,500,6445,,nivel_agua_percentagem,99.65,%,70/85/90%,Leitura máxima de nível de água na área.
1499,500,,,precipitacao_acumulada_6h,76.64,mm,30/41/60 mm,Precipitação acumulada calculada sobre as últimas 6 horas.
1500,500,,717,precipitacao_prevista_1h,0,mm,10/21/40 mm,Previsão meteorológica simulada para a próxima hora.
1501,501,6463,,nivel_agua_percentagem,70.38,%,70/85/90%,Leitura máxima de nível de água na área.
1502,501,,,precipitacao_acumulada_6h,48.41,mm,30/41/60 mm,Precipitação acumulada calculada sobre as últimas 6 horas.
1503,501,,719,precipitacao_prevista_1h,12.73,mm,10/21/40 mm,Previsão meteorológica simulada para a próxima hora.
1504,502,6481,,nivel_agua_percentagem,100,%,70/85/90%,Leitura máxima de nível de água na área.
1505,502,,,precipitacao_acumulada_6h,78.21,mm,30/41/60 mm,Precipitação acumulada calculada sobre as últimas 6 horas.
1506,502,,721,precipitacao_prevista_1h,10.07,mm,10/21/40 mm,Previsão meteorológica simulada para a próxima hora.
1507,503,6505,,nivel_agua_percentagem,77.75,%,70/85/90%,Leitura máxima de nível de água na área.
1508,503,,,precipitacao_acumulada_6h,46.71,mm,30/41/60 mm,Precipitação acumulada calculada sobre as últimas 6 horas.
1509,503,,723,precipitacao_prevista_1h,0,mm,10/21/40 mm,Previsão meteorológica simulada para a próxima hora.
1510,504,6517,,nivel_agua_percentagem,100,%,70/85/90%,Leitura máxima de nível de água na área.
1511,504,,,precipitacao_acumulada_6h,78.96,mm,30/41/60 mm,Precipitação acumulada calculada sobre as últimas 6 horas.
1512,504,,725,precipitacao_prevista_1h,5.16,mm,10/21/40 mm,Previsão meteorológica simulada para a próxima hora.
1513,505,6529,,nivel_agua_percentagem,51.89,%,70/85/90%,Leitura máxima de nível de água na área.
1514,505,,,precipitacao_acumulada_6h,22.8,mm,30/41/60 mm,Precipitação acumulada calculada sobre as últimas 6 horas.
1515,505,,726,precipitacao_prevista_1h,12.65,mm,10/21/40 mm,Previsão meteorológica simulada para a próxima hora.
1516,506,6541,,nivel_agua_percentagem,72.21,%,70/85/90%,Leitura máxima de nível de água na área.
1517,506,,,precipitacao_acumulada_6h,49.52,mm,30/41/60 mm,Precipitação acumulada calculada sobre as últimas 6 horas.
1518,506,,727,precipitacao_prevista_1h,1.59,mm,10/21/40 mm,Previsão meteorológica simulada para a próxima hora.
1519,507,6559,,nivel_agua_percentagem,92.21,%,70/85/90%,Leitura máxima de nível de água na área.
1520,507,,,precipitacao_acumulada_6h,60.81,mm,30/41/60 mm,Precipitação acumulada calculada sobre as últimas 6 horas.
1521,507,,729,precipitacao_prevista_1h,35.43,mm,10/21/40 mm,Previsão meteorológica simulada para a próxima hora.
1522,508,6562,,nivel_agua_percentagem,48.6,%,70/85/90%,Leitura máxima de nível de água na área.
1523,508,,,precipitacao_acumulada_6h,22,mm,30/41/60 mm,Precipitação acumulada calculada sobre as últimas 6 horas.
1524,508,,730,precipitacao_prevista_1h,12.57,mm,10/21/40 mm,Previsão meteorológica simulada para a próxima hora.
1525,509,6571,,nivel_agua_percentagem,72.94,%,70/85/90%,Leitura máxima de nível de água na área.
1526,509,,,precipitacao_acumulada_6h,49.66,mm,30/41/60 mm,Precipitação acumulada calculada sobre as últimas 6 horas.
1527,509,,731,precipitacao_prevista_1h,8.39,mm,10/21/40 mm,Previsão meteorológica simulada para a próxima hora.
1528,510,6607,,nivel_agua_percentagem,48.27,%,70/85/90%,Leitura máxima de nível de água na área.
1529,510,,,precipitacao_acumulada_6h,21.14,mm,30/41/60 mm,Precipitação acumulada calculada sobre as últimas 6 horas.
1530,510,,735,precipitacao_prevista_1h,17.88,mm,10/21/40 mm,Previsão meteorológica simulada para a próxima hora.
1531,511,6622,,nivel_agua_percentagem,44.24,%,70/85/90%,Leitura máxima de nível de água na área.
1532,511,,,precipitacao_acumulada_6h,23.25,mm,30/41/60 mm,Precipitação acumulada calculada sobre as últimas 6 horas.
1533,511,,736,precipitacao_prevista_1h,11.16,mm,10/21/40 mm,Previsão meteorológica simulada para a próxima hora.
1534,512,6634,,nivel_agua_percentagem,52.96,%,70/85/90%,Leitura máxima de nível de água na área.
1535,512,,,precipitacao_acumulada_6h,18.99,mm,30/41/60 mm,Precipitação acumulada calculada sobre as últimas 6 horas.
1536,512,,738,precipitacao_prevista_1h,19.84,mm,10/21/40 mm,Previsão meteorológica simulada para a próxima hora.
1537,513,6643,,nivel_agua_percentagem,60.71,%,70/85/90%,Leitura máxima de nível de água na área.
1538,513,,,precipitacao_acumulada_6h,34.23,mm,30/41/60 mm,Precipitação acumulada calculada sobre as últimas 6 horas.
1539,513,,739,precipitacao_prevista_1h,4.83,mm,10/21/40 mm,Previsão meteorológica simulada para a próxima hora.
1540,514,6658,,nivel_agua_percentagem,50.56,%,70/85/90%,Leitura máxima de nível de água na área.
1541,514,,,precipitacao_acumulada_6h,23.4,mm,30/41/60 mm,Precipitação acumulada calculada sobre as últimas 6 horas.
1542,514,,740,precipitacao_prevista_1h,12.07,mm,10/21/40 mm,Previsão meteorológica simulada para a próxima hora.
1543,515,6661,,nivel_agua_percentagem,65.8,%,70/85/90%,Leitura máxima de nível de água na área.
1544,515,,,precipitacao_acumulada_6h,33.44,mm,30/41/60 mm,Precipitação acumulada calculada sobre as últimas 6 horas.
1545,515,,741,precipitacao_prevista_1h,16.96,mm,10/21/40 mm,Previsão meteorológica simulada para a próxima hora.
1546,516,6673,,nivel_agua_percentagem,53.25,%,70/85/90%,Leitura máxima de nível de água na área.
1547,516,,,precipitacao_acumulada_6h,19.44,mm,30/41/60 mm,Precipitação acumulada calculada sobre as últimas 6 horas.
1548,516,,742,precipitacao_prevista_1h,21.39,mm,10/21/40 mm,Previsão meteorológica simulada para a próxima hora.
1549,517,6679,,nivel_agua_percentagem,60.99,%,70/85/90%,Leitura máxima de nível de água na área.
1550,517,,,precipitacao_acumulada_6h,33.91,mm,30/41/60 mm,Precipitação acumulada calculada sobre as últimas 6 horas.
1551,517,,743,precipitacao_prevista_1h,11.8,mm,10/21/40 mm,Previsão meteorológica simulada para a próxima hora.
1552,518,6700,,nivel_agua_percentagem,65.27,%,70/85/90%,Leitura máxima de nível de água na área.
1553,518,,,precipitacao_acumulada_6h,33.25,mm,30/41/60 mm,Precipitação acumulada calculada sobre as últimas 6 horas.
1554,518,,745,precipitacao_prevista_1h,25.84,mm,10/21/40 mm,Previsão meteorológica simulada para a próxima hora.
1555,519,6712,,nivel_agua_percentagem,96.3,%,70/85/90%,Leitura máxima de nível de água na área.
1556,519,,,precipitacao_acumulada_6h,82.08,mm,30/41/60 mm,Precipitação acumulada calculada sobre as últimas 6 horas.
1557,519,,746,precipitacao_prevista_1h,70,mm,10/21/40 mm,Previsão meteorológica simulada para a próxima hora.
1558,520,6721,,nivel_agua_percentagem,61.86,%,70/85/90%,Leitura máxima de nível de água na área.
1559,520,,,precipitacao_acumulada_6h,36.77,mm,30/41/60 mm,Precipitação acumulada calculada sobre as últimas 6 horas.
1560,520,,747,precipitacao_prevista_1h,14.33,mm,10/21/40 mm,Previsão meteorológica simulada para a próxima hora.
1561,521,6730,,nivel_agua_percentagem,43.54,%,70/85/90%,Leitura máxima de nível de água na área.
1562,521,,,precipitacao_acumulada_6h,23.24,mm,30/41/60 mm,Precipitação acumulada calculada sobre as últimas 6 horas.
1563,521,,748,precipitacao_prevista_1h,22.38,mm,10/21/40 mm,Previsão meteorológica simulada para a próxima hora.
1564,522,6739,,nivel_agua_percentagem,66.65,%,70/85/90%,Leitura máxima de nível de água na área.
1565,522,,,precipitacao_acumulada_6h,30.46,mm,30/41/60 mm,Precipitação acumulada calculada sobre as últimas 6 horas.
1566,522,,749,precipitacao_prevista_1h,0,mm,10/21/40 mm,Previsão meteorológica simulada para a próxima hora.
1567,523,6742,,nivel_agua_percentagem,100,%,70/85/90%,Leitura máxima de nível de água na área.
1568,523,,,precipitacao_acumulada_6h,84.71,mm,30/41/60 mm,Precipitação acumulada calculada sobre as últimas 6 horas.
1569,523,,750,precipitacao_prevista_1h,0,mm,10/21/40 mm,Previsão meteorológica simulada para a próxima hora.
1570,524,6754,,nivel_agua_percentagem,61.54,%,70/85/90%,Leitura máxima de nível de água na área.
1571,524,,,precipitacao_acumulada_6h,35.49,mm,30/41/60 mm,Precipitação acumulada calculada sobre as últimas 6 horas.
1572,524,,751,precipitacao_prevista_1h,2.4,mm,10/21/40 mm,Previsão meteorológica simulada para a próxima hora.
1573,525,6766,,nivel_agua_percentagem,46.99,%,70/85/90%,Leitura máxima de nível de água na área.
1574,525,,,precipitacao_acumulada_6h,24.03,mm,30/41/60 mm,Precipitação acumulada calculada sobre as últimas 6 horas.
1575,525,,752,precipitacao_prevista_1h,16.52,mm,10/21/40 mm,Previsão meteorológica simulada para a próxima hora.
1576,526,6778,,nivel_agua_percentagem,100,%,70/85/90%,Leitura máxima de nível de água na área.
1577,526,,,precipitacao_acumulada_6h,88.24,mm,30/41/60 mm,Precipitação acumulada calculada sobre as últimas 6 horas.
1578,526,,754,precipitacao_prevista_1h,18.97,mm,10/21/40 mm,Previsão meteorológica simulada para a próxima hora.
1579,527,6793,,nivel_agua_percentagem,59.89,%,70/85/90%,Leitura máxima de nível de água na área.
1580,527,,,precipitacao_acumulada_6h,36.54,mm,30/41/60 mm,Precipitação acumulada calculada sobre as últimas 6 horas.
1581,527,,755,precipitacao_prevista_1h,0,mm,10/21/40 mm,Previsão meteorológica simulada para a próxima hora.
1582,528,6808,,nivel_agua_percentagem,65.75,%,70/85/90%,Leitura máxima de nível de água na área.
1583,528,,,precipitacao_acumulada_6h,30.22,mm,30/41/60 mm,Precipitação acumulada calculada sobre as últimas 6 horas.
1584,528,,757,precipitacao_prevista_1h,1.55,mm,10/21/40 mm,Previsão meteorológica simulada para a próxima hora.
1585,529,6814,,nivel_agua_percentagem,100,%,70/85/90%,Leitura máxima de nível de água na área.
1586,529,,,precipitacao_acumulada_6h,90.85,mm,30/41/60 mm,Precipitação acumulada calculada sobre as últimas 6 horas.
1587,529,,758,precipitacao_prevista_1h,4.77,mm,10/21/40 mm,Previsão meteorológica simulada para a próxima hora.
1588,530,6823,,nivel_agua_percentagem,64.33,%,70/85/90%,Leitura máxima de nível de água na área.
1589,530,,,precipitacao_acumulada_6h,40.79,mm,30/41/60 mm,Precipitação acumulada calculada sobre as últimas 6 horas.
1590,530,,759,precipitacao_prevista_1h,12.75,mm,10/21/40 mm,Previsão meteorológica simulada para a próxima hora.
1591,531,6838,,nivel_agua_percentagem,49.72,%,70/85/90%,Leitura máxima de nível de água na área.
1592,531,,,precipitacao_acumulada_6h,23.02,mm,30/41/60 mm,Precipitação acumulada calculada sobre as últimas 6 horas.
1593,531,,760,precipitacao_prevista_1h,10.64,mm,10/21/40 mm,Previsão meteorológica simulada para a próxima hora.
1594,532,6850,,nivel_agua_percentagem,100,%,70/85/90%,Leitura máxima de nível de água na área.
1595,532,,,precipitacao_acumulada_6h,92.56,mm,30/41/60 mm,Precipitação acumulada calculada sobre as últimas 6 horas.
1596,532,,762,precipitacao_prevista_1h,2.59,mm,10/21/40 mm,Previsão meteorológica simulada para a próxima hora.
1597,533,6886,,nivel_agua_percentagem,100,%,70/85/90%,Leitura máxima de nível de água na área.
1598,533,,,precipitacao_acumulada_6h,91.89,mm,30/41/60 mm,Precipitação acumulada calculada sobre as últimas 6 horas.
1599,533,,766,precipitacao_prevista_1h,17.22,mm,10/21/40 mm,Previsão meteorológica simulada para a próxima hora.
1600,534,6898,,nivel_agua_percentagem,94.02,%,70/85/90%,Leitura máxima de nível de água na área.
1601,534,,,precipitacao_acumulada_6h,76.76,mm,30/41/60 mm,Precipitação acumulada calculada sobre as últimas 6 horas.
1602,534,,767,precipitacao_prevista_1h,68.29,mm,10/21/40 mm,Previsão meteorológica simulada para a próxima hora.
1603,535,6907,,nivel_agua_percentagem,42.84,%,70/85/90%,Leitura máxima de nível de água na área.
1604,535,,,precipitacao_acumulada_6h,19.97,mm,30/41/60 mm,Precipitação acumulada calculada sobre as últimas 6 horas.
1605,535,,768,precipitacao_prevista_1h,13.6,mm,10/21/40 mm,Previsão meteorológica simulada para a próxima hora.
1606,536,6916,,nivel_agua_percentagem,85.7,%,70/85/90%,Leitura máxima de nível de água na área.
1607,536,,,precipitacao_acumulada_6h,58.97,mm,30/41/60 mm,Precipitação acumulada calculada sobre as últimas 6 horas.
1608,536,,769,precipitacao_prevista_1h,46.45,mm,10/21/40 mm,Previsão meteorológica simulada para a próxima hora.
1609,537,6922,,nivel_agua_percentagem,74.61,%,70/85/90%,Leitura máxima de nível de água na área.
1610,537,,,precipitacao_acumulada_6h,44.71,mm,30/41/60 mm,Precipitação acumulada calculada sobre as últimas 6 horas.
1611,537,,770,precipitacao_prevista_1h,33.74,mm,10/21/40 mm,Previsão meteorológica simulada para a próxima hora.
1612,538,6934,,nivel_agua_percentagem,100,%,70/85/90%,Leitura máxima de nível de água na área.
1613,538,,,precipitacao_acumulada_6h,74.98,mm,30/41/60 mm,Precipitação acumulada calculada sobre as últimas 6 horas.
1614,538,,771,precipitacao_prevista_1h,12.35,mm,10/21/40 mm,Previsão meteorológica simulada para a próxima hora.
1615,539,6955,,nivel_agua_percentagem,89.15,%,70/85/90%,Leitura máxima de nível de água na área.
1616,539,,,precipitacao_acumulada_6h,58.34,mm,30/41/60 mm,Precipitação acumulada calculada sobre as últimas 6 horas.
1617,539,,773,precipitacao_prevista_1h,18.15,mm,10/21/40 mm,Previsão meteorológica simulada para a próxima hora.
1618,540,6964,,nivel_agua_percentagem,71.94,%,70/85/90%,Leitura máxima de nível de água na área.
1619,540,,,precipitacao_acumulada_6h,42.56,mm,30/41/60 mm,Precipitação acumulada calculada sobre as últimas 6 horas.
1620,540,,774,precipitacao_prevista_1h,0,mm,10/21/40 mm,Previsão meteorológica simulada para a próxima hora.
1621,541,6973,,nivel_agua_percentagem,95.66,%,70/85/90%,Leitura máxima de nível de água na área.
1622,541,,,precipitacao_acumulada_6h,74.68,mm,30/41/60 mm,Precipitação acumulada calculada sobre as últimas 6 horas.
1623,541,,775,precipitacao_prevista_1h,0,mm,10/21/40 mm,Previsão meteorológica simulada para a próxima hora.
1624,542,6988,,nivel_agua_percentagem,87.82,%,70/85/90%,Leitura máxima de nível de água na área.
1625,542,,,precipitacao_acumulada_6h,58.99,mm,30/41/60 mm,Precipitação acumulada calculada sobre as últimas 6 horas.
1626,542,,777,precipitacao_prevista_1h,1.88,mm,10/21/40 mm,Previsão meteorológica simulada para a próxima hora.
1627,543,6997,,nivel_agua_percentagem,69.78,%,70/85/90%,Leitura máxima de nível de água na área.
1628,543,,,precipitacao_acumulada_6h,40.16,mm,30/41/60 mm,Precipitação acumulada calculada sobre as últimas 6 horas.
1629,543,,778,precipitacao_prevista_1h,0,mm,10/21/40 mm,Previsão meteorológica simulada para a próxima hora.
1630,544,7006,,nivel_agua_percentagem,91.59,%,70/85/90%,Leitura máxima de nível de água na área.
1631,544,,,precipitacao_acumulada_6h,70.98,mm,30/41/60 mm,Precipitação acumulada calculada sobre as últimas 6 horas.
1632,544,,779,precipitacao_prevista_1h,6.5,mm,10/21/40 mm,Previsão meteorológica simulada para a próxima hora.
1633,545,7024,,nivel_agua_percentagem,87.75,%,70/85/90%,Leitura máxima de nível de água na área.
1634,545,,,precipitacao_acumulada_6h,58.4,mm,30/41/60 mm,Precipitação acumulada calculada sobre as últimas 6 horas.
1635,545,,781,precipitacao_prevista_1h,21.07,mm,10/21/40 mm,Previsão meteorológica simulada para a próxima hora.
1636,546,7033,,nivel_agua_percentagem,69.76,%,70/85/90%,Leitura máxima de nível de água na área.
1637,546,,,precipitacao_acumulada_6h,37.49,mm,30/41/60 mm,Precipitação acumulada calculada sobre as últimas 6 horas.
1638,546,,782,precipitacao_prevista_1h,25.52,mm,10/21/40 mm,Previsão meteorológica simulada para a próxima hora.
1639,547,7039,,nivel_agua_percentagem,89.98,%,70/85/90%,Leitura máxima de nível de água na área.
1640,547,,,precipitacao_acumulada_6h,69.78,mm,30/41/60 mm,Precipitação acumulada calculada sobre as últimas 6 horas.
1641,547,,783,precipitacao_prevista_1h,16.82,mm,10/21/40 mm,Previsão meteorológica simulada para a próxima hora.
1642,548,7060,,nivel_agua_percentagem,86.79,%,70/85/90%,Leitura máxima de nível de água na área.
1643,548,,,precipitacao_acumulada_6h,57.93,mm,30/41/60 mm,Precipitação acumulada calculada sobre as últimas 6 horas.
1644,548,,785,precipitacao_prevista_1h,2.28,mm,10/21/40 mm,Previsão meteorológica simulada para a próxima hora.
1645,549,7072,,nivel_agua_percentagem,70.76,%,70/85/90%,Leitura máxima de nível de água na área.
1646,549,,,precipitacao_acumulada_6h,40.37,mm,30/41/60 mm,Precipitação acumulada calculada sobre as últimas 6 horas.
1647,549,,786,precipitacao_prevista_1h,4.56,mm,10/21/40 mm,Previsão meteorológica simulada para a próxima hora.
1648,550,7075,,nivel_agua_percentagem,87.05,%,70/85/90%,Leitura máxima de nível de água na área.
1649,550,,,precipitacao_acumulada_6h,70.75,mm,30/41/60 mm,Precipitação acumulada calculada sobre as últimas 6 horas.
1650,550,,787,precipitacao_prevista_1h,7.55,mm,10/21/40 mm,Previsão meteorológica simulada para a próxima hora.
1651,551,7096,,nivel_agua_percentagem,91.09,%,70/85/90%,Leitura máxima de nível de água na área.
1652,551,,,precipitacao_acumulada_6h,55.82,mm,30/41/60 mm,Precipitação acumulada calculada sobre as últimas 6 horas.
1653,551,,789,precipitacao_prevista_1h,28.08,mm,10/21/40 mm,Previsão meteorológica simulada para a próxima hora.
1654,552,7105,,nivel_agua_percentagem,79.05,%,70/85/90%,Leitura máxima de nível de água na área.
1655,552,,,precipitacao_acumulada_6h,44.47,mm,30/41/60 mm,Precipitação acumulada calculada sobre as últimas 6 horas.
1656,552,,790,precipitacao_prevista_1h,16.09,mm,10/21/40 mm,Previsão meteorológica simulada para a próxima hora.
1657,553,7114,,nivel_agua_percentagem,55.29,%,70/85/90%,Leitura máxima de nível de água na área.
1658,553,,,precipitacao_acumulada_6h,19.8,mm,30/41/60 mm,Precipitação acumulada calculada sobre as últimas 6 horas.
1659,553,,791,precipitacao_prevista_1h,19.63,mm,10/21/40 mm,Previsão meteorológica simulada para a próxima hora.
1660,554,7123,,nivel_agua_percentagem,47.22,%,70/85/90%,Leitura máxima de nível de água na área.
1661,554,,,precipitacao_acumulada_6h,22.53,mm,30/41/60 mm,Precipitação acumulada calculada sobre as últimas 6 horas.
1662,554,,792,precipitacao_prevista_1h,15.36,mm,10/21/40 mm,Previsão meteorológica simulada para a próxima hora.
1663,555,7141,,nivel_agua_percentagem,93.8,%,70/85/90%,Leitura máxima de nível de água na área.
1664,555,,,precipitacao_acumulada_6h,63.27,mm,30/41/60 mm,Precipitação acumulada calculada sobre as últimas 6 horas.
1665,555,,794,precipitacao_prevista_1h,48.2,mm,10/21/40 mm,Previsão meteorológica simulada para a próxima hora.
1666,556,7147,,nivel_agua_percentagem,54.31,%,70/85/90%,Leitura máxima de nível de água na área.
1667,556,,,precipitacao_acumulada_6h,18.49,mm,30/41/60 mm,Precipitação acumulada calculada sobre as últimas 6 horas.
1668,556,,795,precipitacao_prevista_1h,12.43,mm,10/21/40 mm,Previsão meteorológica simulada para a próxima hora.
1669,557,7165,,nivel_agua_percentagem,58.87,%,70/85/90%,Leitura máxima de nível de água na área.
1670,557,,,precipitacao_acumulada_6h,26.84,mm,30/41/60 mm,Precipitação acumulada calculada sobre as últimas 6 horas.
1671,557,,797,precipitacao_prevista_1h,13.06,mm,10/21/40 mm,Previsão meteorológica simulada para a próxima hora.
1672,558,7177,,nivel_agua_percentagem,87.88,%,70/85/90%,Leitura máxima de nível de água na área.
1673,558,,,precipitacao_acumulada_6h,66.2,mm,30/41/60 mm,Precipitação acumulada calculada sobre as últimas 6 horas.
1674,558,,798,precipitacao_prevista_1h,14.5,mm,10/21/40 mm,Previsão meteorológica simulada para a próxima hora.
1675,559,7189,,nivel_agua_percentagem,41.85,%,70/85/90%,Leitura máxima de nível de água na área.
1676,559,,,precipitacao_acumulada_6h,16.61,mm,30/41/60 mm,Precipitação acumulada calculada sobre as últimas 6 horas.
1677,559,,799,precipitacao_prevista_1h,17.38,mm,10/21/40 mm,Previsão meteorológica simulada para a próxima hora.
1678,560,7198,,nivel_agua_percentagem,48.36,%,70/85/90%,Leitura máxima de nível de água na área.
1679,560,,,precipitacao_acumulada_6h,23.49,mm,30/41/60 mm,Precipitação acumulada calculada sobre as últimas 6 horas.
1680,560,,800,precipitacao_prevista_1h,14.53,mm,10/21/40 mm,Previsão meteorológica simulada para a próxima hora.
1681,561,7210,,nivel_agua_percentagem,100,%,70/85/90%,Leitura máxima de nível de água na área.
1682,561,,,precipitacao_acumulada_6h,126.91,mm,30/41/60 mm,Precipitação acumulada calculada sobre as últimas 6 horas.
1683,561,,802,precipitacao_prevista_1h,56.76,mm,10/21/40 mm,Previsão meteorológica simulada para a próxima hora.
1684,562,7222,,nivel_agua_percentagem,88.61,%,70/85/90%,Leitura máxima de nível de água na área.
1685,562,,,precipitacao_acumulada_6h,78.26,mm,30/41/60 mm,Precipitação acumulada calculada sobre as últimas 6 horas.
1686,562,,803,precipitacao_prevista_1h,70,mm,10/21/40 mm,Previsão meteorológica simulada para a próxima hora.
1687,563,7246,,nivel_agua_percentagem,100,%,70/85/90%,Leitura máxima de nível de água na área.
1688,563,,,precipitacao_acumulada_6h,128.72,mm,30/41/60 mm,Precipitação acumulada calculada sobre as últimas 6 horas.
1689,563,,806,precipitacao_prevista_1h,0,mm,10/21/40 mm,Previsão meteorológica simulada para a próxima hora.
1690,564,7261,,nivel_agua_percentagem,95.35,%,70/85/90%,Leitura máxima de nível de água na área.
1691,564,,,precipitacao_acumulada_6h,78.95,mm,30/41/60 mm,Precipitação acumulada calculada sobre as últimas 6 horas.
1692,564,,807,precipitacao_prevista_1h,10.61,mm,10/21/40 mm,Previsão meteorológica simulada para a próxima hora.
1693,565,7270,,nivel_agua_percentagem,42.71,%,70/85/90%,Leitura máxima de nível de água na área.
1694,565,,,precipitacao_acumulada_6h,22.76,mm,30/41/60 mm,Precipitação acumulada calculada sobre as últimas 6 horas.
1695,565,,808,precipitacao_prevista_1h,10.26,mm,10/21/40 mm,Previsão meteorológica simulada para a próxima hora.
1696,566,7282,,nivel_agua_percentagem,100,%,70/85/90%,Leitura máxima de nível de água na área.
1697,566,,,precipitacao_acumulada_6h,129.8,mm,30/41/60 mm,Precipitação acumulada calculada sobre as últimas 6 horas.
1698,566,,810,precipitacao_prevista_1h,9.3,mm,10/21/40 mm,Previsão meteorológica simulada para a próxima hora.
1699,567,7291,,nivel_agua_percentagem,99.87,%,70/85/90%,Leitura máxima de nível de água na área.
1700,567,,,precipitacao_acumulada_6h,77.66,mm,30/41/60 mm,Precipitação acumulada calculada sobre as últimas 6 horas.
1701,567,,811,precipitacao_prevista_1h,7.41,mm,10/21/40 mm,Previsão meteorológica simulada para a próxima hora.
1702,568,7300,,nivel_agua_percentagem,52.37,%,70/85/90%,Leitura máxima de nível de água na área.
1703,568,,,precipitacao_acumulada_6h,26.33,mm,30/41/60 mm,Precipitação acumulada calculada sobre as últimas 6 horas.
1704,568,,812,precipitacao_prevista_1h,17.68,mm,10/21/40 mm,Previsão meteorológica simulada para a próxima hora.
1705,569,7315,,nivel_agua_percentagem,55.77,%,70/85/90%,Leitura máxima de nível de água na área.
1706,569,,,precipitacao_acumulada_6h,25.12,mm,30/41/60 mm,Precipitação acumulada calculada sobre as últimas 6 horas.
1707,569,,813,precipitacao_prevista_1h,12.79,mm,10/21/40 mm,Previsão meteorológica simulada para a próxima hora.
1708,570,7318,,nivel_agua_percentagem,100,%,70/85/90%,Leitura máxima de nível de água na área.
1709,570,,,precipitacao_acumulada_6h,128.2,mm,30/41/60 mm,Precipitação acumulada calculada sobre as últimas 6 horas.
1710,570,,814,precipitacao_prevista_1h,9.51,mm,10/21/40 mm,Previsão meteorológica simulada para a próxima hora.
1711,571,7330,,nivel_agua_percentagem,100,%,70/85/90%,Leitura máxima de nível de água na área.
1712,571,,,precipitacao_acumulada_6h,83.08,mm,30/41/60 mm,Precipitação acumulada calculada sobre as últimas 6 horas.
1713,571,,815,precipitacao_prevista_1h,0,mm,10/21/40 mm,Previsão meteorológica simulada para a próxima hora.
1714,572,7348,,nivel_agua_percentagem,62.74,%,70/85/90%,Leitura máxima de nível de água na área.
1715,572,,,precipitacao_acumulada_6h,23.97,mm,30/41/60 mm,Precipitação acumulada calculada sobre as últimas 6 horas.
1716,572,,817,precipitacao_prevista_1h,25.18,mm,10/21/40 mm,Previsão meteorológica simulada para a próxima hora.
1717,573,7354,,nivel_agua_percentagem,100,%,70/85/90%,Leitura máxima de nível de água na área.
1718,573,,,precipitacao_acumulada_6h,97.17,mm,30/41/60 mm,Precipitação acumulada calculada sobre as últimas 6 horas.
1719,573,,818,precipitacao_prevista_1h,5.54,mm,10/21/40 mm,Previsão meteorológica simulada para a próxima hora.
1720,574,7363,,nivel_agua_percentagem,100,%,70/85/90%,Leitura máxima de nível de água na área.
1721,574,,,precipitacao_acumulada_6h,85.86,mm,30/41/60 mm,Precipitação acumulada calculada sobre as últimas 6 horas.
1722,574,,819,precipitacao_prevista_1h,4.7,mm,10/21/40 mm,Previsão meteorológica simulada para a próxima hora.
1723,575,7390,,nivel_agua_percentagem,100,%,70/85/90%,Leitura máxima de nível de água na área.
1724,575,,,precipitacao_acumulada_6h,92.66,mm,30/41/60 mm,Precipitação acumulada calculada sobre as últimas 6 horas.
1725,575,,822,precipitacao_prevista_1h,12.72,mm,10/21/40 mm,Previsão meteorológica simulada para a próxima hora.
1726,576,7399,,nivel_agua_percentagem,100,%,70/85/90%,Leitura máxima de nível de água na área.
1727,576,,,precipitacao_acumulada_6h,89.71,mm,30/41/60 mm,Precipitação acumulada calculada sobre as últimas 6 horas.
1728,576,,823,precipitacao_prevista_1h,20.55,mm,10/21/40 mm,Previsão meteorológica simulada para a próxima hora.
1729,577,7408,,nivel_agua_percentagem,63.67,%,70/85/90%,Leitura máxima de nível de água na área.
1730,577,,,precipitacao_acumulada_6h,46.8,mm,30/41/60 mm,Precipitação acumulada calculada sobre as últimas 6 horas.
1731,577,,824,precipitacao_prevista_1h,28.8,mm,10/21/40 mm,Previsão meteorológica simulada para a próxima hora.
1732,578,7426,,nivel_agua_percentagem,100,%,70/85/90%,Leitura máxima de nível de água na área.
1733,578,,,precipitacao_acumulada_6h,78.25,mm,30/41/60 mm,Precipitação acumulada calculada sobre as últimas 6 horas.
1734,578,,826,precipitacao_prevista_1h,52.76,mm,10/21/40 mm,Previsão meteorológica simulada para a próxima hora.
1735,579,7435,,nivel_agua_percentagem,57.14,%,70/85/90%,Leitura máxima de nível de água na área.
1736,579,,,precipitacao_acumulada_6h,31.87,mm,30/41/60 mm,Precipitação acumulada calculada sobre as últimas 6 horas.
1737,579,,827,precipitacao_prevista_1h,3.85,mm,10/21/40 mm,Previsão meteorológica simulada para a próxima hora.
1738,580,7450,,nivel_agua_percentagem,64.08,%,70/85/90%,Leitura máxima de nível de água na área.
1739,580,,,precipitacao_acumulada_6h,45.92,mm,30/41/60 mm,Precipitação acumulada calculada sobre as últimas 6 horas.
1740,580,,828,precipitacao_prevista_1h,0,mm,10/21/40 mm,Previsão meteorológica simulada para a próxima hora.
1741,581,7465,,nivel_agua_percentagem,100,%,70/85/90%,Leitura máxima de nível de água na área.
1742,581,,,precipitacao_acumulada_6h,77.78,mm,30/41/60 mm,Precipitação acumulada calculada sobre as últimas 6 horas.
1743,581,,830,precipitacao_prevista_1h,24.66,mm,10/21/40 mm,Previsão meteorológica simulada para a próxima hora.
1744,582,7474,,nivel_agua_percentagem,58.74,%,70/85/90%,Leitura máxima de nível de água na área.
1745,582,,,precipitacao_acumulada_6h,33.47,mm,30/41/60 mm,Precipitação acumulada calculada sobre as últimas 6 horas.
1746,582,,831,precipitacao_prevista_1h,20.57,mm,10/21/40 mm,Previsão meteorológica simulada para a próxima hora.
1747,583,7486,,nivel_agua_percentagem,65.23,%,70/85/90%,Leitura máxima de nível de água na área.
1748,583,,,precipitacao_acumulada_6h,46.86,mm,30/41/60 mm,Precipitação acumulada calculada sobre as últimas 6 horas.
1749,583,,832,precipitacao_prevista_1h,0,mm,10/21/40 mm,Previsão meteorológica simulada para a próxima hora.
1750,584,7489,,nivel_agua_percentagem,61.11,%,70/85/90%,Leitura máxima de nível de água na área.
1751,584,,,precipitacao_acumulada_6h,26.78,mm,30/41/60 mm,Precipitação acumulada calculada sobre as últimas 6 horas.
1752,584,,833,precipitacao_prevista_1h,6.23,mm,10/21/40 mm,Previsão meteorológica simulada para a próxima hora.
1753,585,7498,,nivel_agua_percentagem,100,%,70/85/90%,Leitura máxima de nível de água na área.
1754,585,,,precipitacao_acumulada_6h,73,mm,30/41/60 mm,Precipitação acumulada calculada sobre as últimas 6 horas.
1755,585,,834,precipitacao_prevista_1h,16.67,mm,10/21/40 mm,Previsão meteorológica simulada para a próxima hora.
1756,586,7513,,nivel_agua_percentagem,62.55,%,70/85/90%,Leitura máxima de nível de água na área.
1757,586,,,precipitacao_acumulada_6h,35.76,mm,30/41/60 mm,Precipitação acumulada calculada sobre as últimas 6 horas.
1758,586,,835,precipitacao_prevista_1h,5.82,mm,10/21/40 mm,Previsão meteorológica simulada para a próxima hora.
1759,587,7516,,nivel_agua_percentagem,62.78,%,70/85/90%,Leitura máxima de nível de água na área.
1760,587,,,precipitacao_acumulada_6h,44.64,mm,30/41/60 mm,Precipitação acumulada calculada sobre as últimas 6 horas.
1761,587,,836,precipitacao_prevista_1h,7.39,mm,10/21/40 mm,Previsão meteorológica simulada para a próxima hora.
1762,588,7528,,nivel_agua_percentagem,55.65,%,70/85/90%,Leitura máxima de nível de água na área.
1763,588,,,precipitacao_acumulada_6h,24.5,mm,30/41/60 mm,Precipitação acumulada calculada sobre as últimas 6 horas.
1764,588,,837,precipitacao_prevista_1h,12.46,mm,10/21/40 mm,Previsão meteorológica simulada para a próxima hora.
1765,589,7540,,nivel_agua_percentagem,100,%,70/85/90%,Leitura máxima de nível de água na área.
1766,589,,,precipitacao_acumulada_6h,72.49,mm,30/41/60 mm,Precipitação acumulada calculada sobre as últimas 6 horas.
1767,589,,838,precipitacao_prevista_1h,7.62,mm,10/21/40 mm,Previsão meteorológica simulada para a próxima hora.
1768,590,7546,,nivel_agua_percentagem,60.35,%,70/85/90%,Leitura máxima de nível de água na área.
1769,590,,,precipitacao_acumulada_6h,33.78,mm,30/41/60 mm,Precipitação acumulada calculada sobre as últimas 6 horas.
1770,590,,839,precipitacao_prevista_1h,0.5,mm,10/21/40 mm,Previsão meteorológica simulada para a próxima hora.
1771,591,7558,,nivel_agua_percentagem,71,%,70/85/90%,Leitura máxima de nível de água na área.
1772,591,,,precipitacao_acumulada_6h,47.15,mm,30/41/60 mm,Precipitação acumulada calculada sobre as últimas 6 horas.
1773,591,,840,precipitacao_prevista_1h,18.5,mm,10/21/40 mm,Previsão meteorológica simulada para a próxima hora.
1774,592,7567,,nivel_agua_percentagem,56.45,%,70/85/90%,Leitura máxima de nível de água na área.
1775,592,,,precipitacao_acumulada_6h,25.13,mm,30/41/60 mm,Precipitação acumulada calculada sobre as últimas 6 horas.
1776,592,,841,precipitacao_prevista_1h,11.79,mm,10/21/40 mm,Previsão meteorológica simulada para a próxima hora.
1777,593,7576,,nivel_agua_percentagem,99.94,%,70/85/90%,Leitura máxima de nível de água na área.
1778,593,,,precipitacao_acumulada_6h,70.64,mm,30/41/60 mm,Precipitação acumulada calculada sobre as últimas 6 horas.
1779,593,,842,precipitacao_prevista_1h,21.93,mm,10/21/40 mm,Previsão meteorológica simulada para a próxima hora.
1780,594,7579,,nivel_agua_percentagem,62.67,%,70/85/90%,Leitura máxima de nível de água na área.
1781,594,,,precipitacao_acumulada_6h,33.48,mm,30/41/60 mm,Precipitação acumulada calculada sobre as últimas 6 horas.
1782,594,,843,precipitacao_prevista_1h,16.53,mm,10/21/40 mm,Previsão meteorológica simulada para a próxima hora.
1783,595,7588,,nivel_agua_percentagem,67.7,%,70/85/90%,Leitura máxima de nível de água na área.
1784,595,,,precipitacao_acumulada_6h,47.96,mm,30/41/60 mm,Precipitação acumulada calculada sobre as últimas 6 horas.
1785,595,,844,precipitacao_prevista_1h,19.51,mm,10/21/40 mm,Previsão meteorológica simulada para a próxima hora.
1786,596,7603,,nivel_agua_percentagem,98.61,%,70/85/90%,Leitura máxima de nível de água na área.
1787,596,,,precipitacao_acumulada_6h,81,mm,30/41/60 mm,Precipitação acumulada calculada sobre as últimas 6 horas.
1788,596,,845,precipitacao_prevista_1h,68.81,mm,10/21/40 mm,Previsão meteorológica simulada para a próxima hora.
1789,597,7606,,nivel_agua_percentagem,96.33,%,70/85/90%,Leitura máxima de nível de água na área.
1790,597,,,precipitacao_acumulada_6h,71.61,mm,30/41/60 mm,Precipitação acumulada calculada sobre as últimas 6 horas.
1791,597,,846,precipitacao_prevista_1h,28.22,mm,10/21/40 mm,Previsão meteorológica simulada para a próxima hora.
1792,598,7624,,nivel_agua_percentagem,50,%,70/85/90%,Leitura máxima de nível de água na área.
1793,598,,,precipitacao_acumulada_6h,24.54,mm,30/41/60 mm,Precipitação acumulada calculada sobre as últimas 6 horas.
1794,598,,848,precipitacao_prevista_1h,15.78,mm,10/21/40 mm,Previsão meteorológica simulada para a próxima hora.
1795,599,7633,,nivel_agua_percentagem,100,%,70/85/90%,Leitura máxima de nível de água na área.
1796,599,,,precipitacao_acumulada_6h,80.93,mm,30/41/60 mm,Precipitação acumulada calculada sobre as últimas 6 horas.
1797,599,,849,precipitacao_prevista_1h,18.08,mm,10/21/40 mm,Previsão meteorológica simulada para a próxima hora.
1798,600,7669,,nivel_agua_percentagem,100,%,70/85/90%,Leitura máxima de nível de água na área.
1799,600,,,precipitacao_acumulada_6h,80.81,mm,30/41/60 mm,Precipitação acumulada calculada sobre as últimas 6 horas.
1800,600,,853,precipitacao_prevista_1h,23.89,mm,10/21/40 mm,Previsão meteorológica simulada para a próxima hora.
1801,601,7690,,nivel_agua_percentagem,50.29,%,70/85/90%,Leitura máxima de nível de água na área.
1802,601,,,precipitacao_acumulada_6h,22.73,mm,30/41/60 mm,Precipitação acumulada calculada sobre as últimas 6 horas.
1803,601,,855,precipitacao_prevista_1h,21.84,mm,10/21/40 mm,Previsão meteorológica simulada para a próxima hora.
1804,602,7705,,nivel_agua_percentagem,100,%,70/85/90%,Leitura máxima de nível de água na área.
1805,602,,,precipitacao_acumulada_6h,120.05,mm,30/41/60 mm,Precipitação acumulada calculada sobre as últimas 6 horas.
1806,602,,857,precipitacao_prevista_1h,64.54,mm,10/21/40 mm,Previsão meteorológica simulada para a próxima hora.
1807,603,7714,,nivel_agua_percentagem,54.27,%,70/85/90%,Leitura máxima de nível de água na área.
1808,603,,,precipitacao_acumulada_6h,28.13,mm,30/41/60 mm,Precipitação acumulada calculada sobre as últimas 6 horas.
1809,603,,858,precipitacao_prevista_1h,21.03,mm,10/21/40 mm,Previsão meteorológica simulada para a próxima hora.
1810,604,7726,,nivel_agua_percentagem,54.7,%,70/85/90%,Leitura máxima de nível de água na área.
1811,604,,,precipitacao_acumulada_6h,22.71,mm,30/41/60 mm,Precipitação acumulada calculada sobre as últimas 6 horas.
1812,604,,859,precipitacao_prevista_1h,13.74,mm,10/21/40 mm,Previsão meteorológica simulada para a próxima hora.
1813,605,7735,,nivel_agua_percentagem,59.75,%,70/85/90%,Leitura máxima de nível de água na área.
1814,605,,,precipitacao_acumulada_6h,40.36,mm,30/41/60 mm,Precipitação acumulada calculada sobre as últimas 6 horas.
1815,605,,860,precipitacao_prevista_1h,20.22,mm,10/21/40 mm,Previsão meteorológica simulada para a próxima hora.
1816,606,7741,,nivel_agua_percentagem,100,%,70/85/90%,Leitura máxima de nível de água na área.
1817,606,,,precipitacao_acumulada_6h,122.11,mm,30/41/60 mm,Precipitação acumulada calculada sobre as últimas 6 horas.
1818,606,,861,precipitacao_prevista_1h,11.25,mm,10/21/40 mm,Previsão meteorológica simulada para a próxima hora.
1819,607,7750,,nivel_agua_percentagem,56.54,%,70/85/90%,Leitura máxima de nível de água na área.
1820,607,,,precipitacao_acumulada_6h,28.05,mm,30/41/60 mm,Precipitação acumulada calculada sobre as últimas 6 horas.
1821,607,,862,precipitacao_prevista_1h,17.48,mm,10/21/40 mm,Previsão meteorológica simulada para a próxima hora.
1822,608,7759,,nivel_agua_percentagem,48.69,%,70/85/90%,Leitura máxima de nível de água na área.
1823,608,,,precipitacao_acumulada_6h,25.08,mm,30/41/60 mm,Precipitação acumulada calculada sobre as últimas 6 horas.
1824,608,,863,precipitacao_prevista_1h,14.37,mm,10/21/40 mm,Previsão meteorológica simulada para a próxima hora.
1825,609,7771,,nivel_agua_percentagem,60.67,%,70/85/90%,Leitura máxima de nível de água na área.
1826,609,,,precipitacao_acumulada_6h,37.37,mm,30/41/60 mm,Precipitação acumulada calculada sobre as últimas 6 horas.
1827,609,,864,precipitacao_prevista_1h,9.1,mm,10/21/40 mm,Previsão meteorológica simulada para a próxima hora.
1828,610,7777,,nivel_agua_percentagem,100,%,70/85/90%,Leitura máxima de nível de água na área.
1829,610,,,precipitacao_acumulada_6h,122.03,mm,30/41/60 mm,Precipitação acumulada calculada sobre as últimas 6 horas.
1830,610,,865,precipitacao_prevista_1h,20.32,mm,10/21/40 mm,Previsão meteorológica simulada para a próxima hora.
1831,611,7786,,nivel_agua_percentagem,58.14,%,70/85/90%,Leitura máxima de nível de água na área.
1832,611,,,precipitacao_acumulada_6h,27.68,mm,30/41/60 mm,Precipitação acumulada calculada sobre as últimas 6 horas.
1833,611,,866,precipitacao_prevista_1h,3.36,mm,10/21/40 mm,Previsão meteorológica simulada para a próxima hora.
1834,612,7807,,nivel_agua_percentagem,56.61,%,70/85/90%,Leitura máxima de nível de água na área.
1835,612,,,precipitacao_acumulada_6h,35.88,mm,30/41/60 mm,Precipitação acumulada calculada sobre as últimas 6 horas.
1836,612,,868,precipitacao_prevista_1h,0.19,mm,10/21/40 mm,Previsão meteorológica simulada para a próxima hora.
1837,613,7819,,nivel_agua_percentagem,96.52,%,70/85/90%,Leitura máxima de nível de água na área.
1838,613,,,precipitacao_acumulada_6h,68.38,mm,30/41/60 mm,Precipitação acumulada calculada sobre as últimas 6 horas.
1839,613,,869,precipitacao_prevista_1h,5.1,mm,10/21/40 mm,Previsão meteorológica simulada para a próxima hora.
1840,614,7825,,nivel_agua_percentagem,62.71,%,70/85/90%,Leitura máxima de nível de água na área.
1841,614,,,precipitacao_acumulada_6h,29.67,mm,30/41/60 mm,Precipitação acumulada calculada sobre as últimas 6 horas.
1842,614,,870,precipitacao_prevista_1h,13.98,mm,10/21/40 mm,Previsão meteorológica simulada para a próxima hora.
1843,615,7831,,nivel_agua_percentagem,65.79,%,70/85/90%,Leitura máxima de nível de água na área.
1844,615,,,precipitacao_acumulada_6h,49.64,mm,30/41/60 mm,Precipitação acumulada calculada sobre as últimas 6 horas.
1845,615,,871,precipitacao_prevista_1h,24.18,mm,10/21/40 mm,Previsão meteorológica simulada para a próxima hora.
1846,616,7846,,nivel_agua_percentagem,76.64,%,70/85/90%,Leitura máxima de nível de água na área.
1847,616,,,precipitacao_acumulada_6h,60.4,mm,30/41/60 mm,Precipitação acumulada calculada sobre as últimas 6 horas.
1848,616,,872,precipitacao_prevista_1h,16.41,mm,10/21/40 mm,Previsão meteorológica simulada para a próxima hora.
1849,617,7852,,nivel_agua_percentagem,89.56,%,70/85/90%,Leitura máxima de nível de água na área.
1850,617,,,precipitacao_acumulada_6h,71.62,mm,30/41/60 mm,Precipitação acumulada calculada sobre as últimas 6 horas.
1851,617,,873,precipitacao_prevista_1h,9.68,mm,10/21/40 mm,Previsão meteorológica simulada para a próxima hora.
1852,618,7873,,nivel_agua_percentagem,73.58,%,70/85/90%,Leitura máxima de nível de água na área.
1853,618,,,precipitacao_acumulada_6h,47.48,mm,30/41/60 mm,Precipitação acumulada calculada sobre as últimas 6 horas.
1854,618,,875,precipitacao_prevista_1h,0,mm,10/21/40 mm,Previsão meteorológica simulada para a próxima hora.
1855,619,7882,,nivel_agua_percentagem,77.19,%,70/85/90%,Leitura máxima de nível de água na área.
1856,619,,,precipitacao_acumulada_6h,60.08,mm,30/41/60 mm,Precipitação acumulada calculada sobre as últimas 6 horas.
1857,619,,876,precipitacao_prevista_1h,15.95,mm,10/21/40 mm,Previsão meteorológica simulada para a próxima hora.
1858,620,7888,,nivel_agua_percentagem,95.65,%,70/85/90%,Leitura máxima de nível de água na área.
1859,620,,,precipitacao_acumulada_6h,71.91,mm,30/41/60 mm,Precipitação acumulada calculada sobre as últimas 6 horas.
1860,620,,877,precipitacao_prevista_1h,12.27,mm,10/21/40 mm,Previsão meteorológica simulada para a próxima hora.
1861,621,7909,,nivel_agua_percentagem,79.18,%,70/85/90%,Leitura máxima de nível de água na área.
1862,621,,,precipitacao_acumulada_6h,64.68,mm,30/41/60 mm,Precipitação acumulada calculada sobre as últimas 6 horas.
1863,621,,879,precipitacao_prevista_1h,30.46,mm,10/21/40 mm,Previsão meteorológica simulada para a próxima hora.
1864,622,7912,,nivel_agua_percentagem,80.5,%,70/85/90%,Leitura máxima de nível de água na área.
1865,622,,,precipitacao_acumulada_6h,62.53,mm,30/41/60 mm,Precipitação acumulada calculada sobre as últimas 6 horas.
1866,622,,880,precipitacao_prevista_1h,18.29,mm,10/21/40 mm,Previsão meteorológica simulada para a próxima hora.
1867,623,7933,,nivel_agua_percentagem,55.32,%,70/85/90%,Leitura máxima de nível de água na área.
1868,623,,,precipitacao_acumulada_6h,27.36,mm,30/41/60 mm,Precipitação acumulada calculada sobre as últimas 6 horas.
1869,623,,882,precipitacao_prevista_1h,27.24,mm,10/21/40 mm,Previsão meteorológica simulada para a próxima hora.
1870,624,7942,,nivel_agua_percentagem,85.16,%,70/85/90%,Leitura máxima de nível de água na área.
1871,624,,,precipitacao_acumulada_6h,62.01,mm,30/41/60 mm,Precipitação acumulada calculada sobre as últimas 6 horas.
1872,624,,883,precipitacao_prevista_1h,0,mm,10/21/40 mm,Previsão meteorológica simulada para a próxima hora.
1873,625,7948,,nivel_agua_percentagem,69.63,%,70/85/90%,Leitura máxima de nível de água na área.
1874,625,,,precipitacao_acumulada_6h,48.22,mm,30/41/60 mm,Precipitação acumulada calculada sobre as últimas 6 horas.
1875,625,,884,precipitacao_prevista_1h,16.62,mm,10/21/40 mm,Previsão meteorológica simulada para a próxima hora.
1876,626,7960,,nivel_agua_percentagem,55,%,70/85/90%,Leitura máxima de nível de água na área.
1877,626,,,precipitacao_acumulada_6h,30.01,mm,30/41/60 mm,Precipitação acumulada calculada sobre as últimas 6 horas.
1878,626,,885,precipitacao_prevista_1h,14.99,mm,10/21/40 mm,Previsão meteorológica simulada para a próxima hora.
1879,627,7981,,nivel_agua_percentagem,82.49,%,70/85/90%,Leitura máxima de nível de água na área.
1880,627,,,precipitacao_acumulada_6h,59.41,mm,30/41/60 mm,Precipitação acumulada calculada sobre as últimas 6 horas.
1881,627,,887,precipitacao_prevista_1h,10.39,mm,10/21/40 mm,Previsão meteorológica simulada para a próxima hora.
1882,628,7990,,nivel_agua_percentagem,72.46,%,70/85/90%,Leitura máxima de nível de água na área.
1883,628,,,precipitacao_acumulada_6h,49.82,mm,30/41/60 mm,Precipitação acumulada calculada sobre as últimas 6 horas.
1884,628,,888,precipitacao_prevista_1h,10.89,mm,10/21/40 mm,Previsão meteorológica simulada para a próxima hora.
1885,629,7993,,nivel_agua_percentagem,63.01,%,70/85/90%,Leitura máxima de nível de água na área.
1886,629,,,precipitacao_acumulada_6h,30.24,mm,30/41/60 mm,Precipitação acumulada calculada sobre as últimas 6 horas.
1887,629,,889,precipitacao_prevista_1h,5.57,mm,10/21/40 mm,Previsão meteorológica simulada para a próxima hora.
1888,630,8005,,nivel_agua_percentagem,88.71,%,70/85/90%,Leitura máxima de nível de água na área.
1889,630,,,precipitacao_acumulada_6h,60.93,mm,30/41/60 mm,Precipitação acumulada calculada sobre as últimas 6 horas.
1890,630,,890,precipitacao_prevista_1h,29.19,mm,10/21/40 mm,Previsão meteorológica simulada para a próxima hora.
1891,631,8014,,nivel_agua_percentagem,85.3,%,70/85/90%,Leitura máxima de nível de água na área.
1892,631,,,precipitacao_acumulada_6h,62.6,mm,30/41/60 mm,Precipitação acumulada calculada sobre as últimas 6 horas.
1893,631,,891,precipitacao_prevista_1h,0,mm,10/21/40 mm,Previsão meteorológica simulada para a próxima hora.
1894,632,8023,,nivel_agua_percentagem,67.25,%,70/85/90%,Leitura máxima de nível de água na área.
1895,632,,,precipitacao_acumulada_6h,49.14,mm,30/41/60 mm,Precipitação acumulada calculada sobre as últimas 6 horas.
1896,632,,892,precipitacao_prevista_1h,3.58,mm,10/21/40 mm,Previsão meteorológica simulada para a próxima hora.
1897,633,8029,,nivel_agua_percentagem,61.74,%,70/85/90%,Leitura máxima de nível de água na área.
1898,633,,,precipitacao_acumulada_6h,28.01,mm,30/41/60 mm,Precipitação acumulada calculada sobre as últimas 6 horas.
1899,633,,893,precipitacao_prevista_1h,21.54,mm,10/21/40 mm,Previsão meteorológica simulada para a próxima hora.
1900,634,8041,,nivel_agua_percentagem,87.15,%,70/85/90%,Leitura máxima de nível de água na área.
1901,634,,,precipitacao_acumulada_6h,61.23,mm,30/41/60 mm,Precipitação acumulada calculada sobre as últimas 6 horas.
1902,634,,894,precipitacao_prevista_1h,12.06,mm,10/21/40 mm,Previsão meteorológica simulada para a próxima hora.
1903,635,8050,,nivel_agua_percentagem,70.89,%,70/85/90%,Leitura máxima de nível de água na área.
1904,635,,,precipitacao_acumulada_6h,40.76,mm,30/41/60 mm,Precipitação acumulada calculada sobre as últimas 6 horas.
1905,635,,895,precipitacao_prevista_1h,3.94,mm,10/21/40 mm,Previsão meteorológica simulada para a próxima hora.
1906,636,8071,,nivel_agua_percentagem,56.67,%,70/85/90%,Leitura máxima de nível de água na área.
1907,636,,,precipitacao_acumulada_6h,25,mm,30/41/60 mm,Precipitação acumulada calculada sobre as últimas 6 horas.
1908,636,,897,precipitacao_prevista_1h,10.88,mm,10/21/40 mm,Previsão meteorológica simulada para a próxima hora.
1909,637,8080,,nivel_agua_percentagem,91.02,%,70/85/90%,Leitura máxima de nível de água na área.
1910,637,,,precipitacao_acumulada_6h,63.78,mm,30/41/60 mm,Precipitação acumulada calculada sobre as últimas 6 horas.
1911,637,,898,precipitacao_prevista_1h,17.63,mm,10/21/40 mm,Previsão meteorológica simulada para a próxima hora.
1912,638,8086,,nivel_agua_percentagem,64.17,%,70/85/90%,Leitura máxima de nível de água na área.
1913,638,,,precipitacao_acumulada_6h,41.11,mm,30/41/60 mm,Precipitação acumulada calculada sobre as últimas 6 horas.
1914,638,,899,precipitacao_prevista_1h,9.92,mm,10/21/40 mm,Previsão meteorológica simulada para a próxima hora.
1915,639,8092,,nivel_agua_percentagem,44.7,%,70/85/90%,Leitura máxima de nível de água na área.
1916,639,,,precipitacao_acumulada_6h,21.36,mm,30/41/60 mm,Precipitação acumulada calculada sobre as últimas 6 horas.
1917,639,,900,precipitacao_prevista_1h,16.45,mm,10/21/40 mm,Previsão meteorológica simulada para a próxima hora.
1918,640,8101,,nivel_agua_percentagem,67.32,%,70/85/90%,Leitura máxima de nível de água na área.
1919,640,,,precipitacao_acumulada_6h,37.12,mm,30/41/60 mm,Precipitação acumulada calculada sobre as últimas 6 horas.
1920,640,,901,precipitacao_prevista_1h,27.4,mm,10/21/40 mm,Previsão meteorológica simulada para a próxima hora.
1921,641,8116,,nivel_agua_percentagem,86.03,%,70/85/90%,Leitura máxima de nível de água na área.
1922,641,,,precipitacao_acumulada_6h,62.04,mm,30/41/60 mm,Precipitação acumulada calculada sobre as últimas 6 horas.
1923,641,,902,precipitacao_prevista_1h,0,mm,10/21/40 mm,Previsão meteorológica simulada para a próxima hora.
1924,642,8125,,nivel_agua_percentagem,73.35,%,70/85/90%,Leitura máxima de nível de água na área.
1925,642,,,precipitacao_acumulada_6h,50.23,mm,30/41/60 mm,Precipitação acumulada calculada sobre as últimas 6 horas.
1926,642,,903,precipitacao_prevista_1h,40.2,mm,10/21/40 mm,Previsão meteorológica simulada para a próxima hora.
1927,643,8128,,nivel_agua_percentagem,42.37,%,70/85/90%,Leitura máxima de nível de água na área.
1928,643,,,precipitacao_acumulada_6h,17.5,mm,30/41/60 mm,Precipitação acumulada calculada sobre as últimas 6 horas.
1929,643,,904,precipitacao_prevista_1h,15.29,mm,10/21/40 mm,Previsão meteorológica simulada para a próxima hora.
1930,644,8137,,nivel_agua_percentagem,72.36,%,70/85/90%,Leitura máxima de nível de água na área.
1931,644,,,precipitacao_acumulada_6h,40.28,mm,30/41/60 mm,Precipitação acumulada calculada sobre as últimas 6 horas.
1932,644,,905,precipitacao_prevista_1h,27.49,mm,10/21/40 mm,Previsão meteorológica simulada para a próxima hora.
1933,645,8149,,nivel_agua_percentagem,87.29,%,70/85/90%,Leitura máxima de nível de água na área.
1934,645,,,precipitacao_acumulada_6h,60.63,mm,30/41/60 mm,Precipitação acumulada calculada sobre as últimas 6 horas.
1935,645,,906,precipitacao_prevista_1h,0.29,mm,10/21/40 mm,Previsão meteorológica simulada para a próxima hora.
1936,646,8155,,nivel_agua_percentagem,76.57,%,70/85/90%,Leitura máxima de nível de água na área.
1937,646,,,precipitacao_acumulada_6h,52.59,mm,30/41/60 mm,Precipitação acumulada calculada sobre as últimas 6 horas.
1938,646,,907,precipitacao_prevista_1h,0,mm,10/21/40 mm,Previsão meteorológica simulada para a próxima hora.
1939,647,8170,,nivel_agua_percentagem,45.42,%,70/85/90%,Leitura máxima de nível de água na área.
1940,647,,,precipitacao_acumulada_6h,18.04,mm,30/41/60 mm,Precipitação acumulada calculada sobre as últimas 6 horas.
1941,647,,908,precipitacao_prevista_1h,8.06,mm,10/21/40 mm,Previsão meteorológica simulada para a próxima hora.
1942,648,8179,,nivel_agua_percentagem,69.16,%,70/85/90%,Leitura máxima de nível de água na área.
1943,648,,,precipitacao_acumulada_6h,38.79,mm,30/41/60 mm,Precipitação acumulada calculada sobre as últimas 6 horas.
1944,648,,909,precipitacao_prevista_1h,0,mm,10/21/40 mm,Previsão meteorológica simulada para a próxima hora.
1945,649,8185,,nivel_agua_percentagem,87.1,%,70/85/90%,Leitura máxima de nível de água na área.
1946,649,,,precipitacao_acumulada_6h,58.69,mm,30/41/60 mm,Precipitação acumulada calculada sobre as últimas 6 horas.
1947,649,,910,precipitacao_prevista_1h,16.26,mm,10/21/40 mm,Previsão meteorológica simulada para a próxima hora.
1948,650,8197,,nivel_agua_percentagem,78.93,%,70/85/90%,Leitura máxima de nível de água na área.
1949,650,,,precipitacao_acumulada_6h,55.24,mm,30/41/60 mm,Precipitação acumulada calculada sobre as últimas 6 horas.
1950,650,,911,precipitacao_prevista_1h,11.58,mm,10/21/40 mm,Previsão meteorológica simulada para a próxima hora.
1951,651,8209,,nivel_agua_percentagem,71.21,%,70/85/90%,Leitura máxima de nível de água na área.
1952,651,,,precipitacao_acumulada_6h,40.77,mm,30/41/60 mm,Precipitação acumulada calculada sobre as últimas 6 horas.
1953,651,,913,precipitacao_prevista_1h,14.13,mm,10/21/40 mm,Previsão meteorológica simulada para a próxima hora.
1954,652,8233,,nivel_agua_percentagem,72.96,%,70/85/90%,Leitura máxima de nível de água na área.
1955,652,,,precipitacao_acumulada_6h,52.56,mm,30/41/60 mm,Precipitação acumulada calculada sobre as últimas 6 horas.
1956,652,,915,precipitacao_prevista_1h,1.73,mm,10/21/40 mm,Previsão meteorológica simulada para a próxima hora.
1957,653,8236,,nivel_agua_percentagem,84.18,%,70/85/90%,Leitura máxima de nível de água na área.
1958,653,,,precipitacao_acumulada_6h,71.73,mm,30/41/60 mm,Precipitação acumulada calculada sobre as últimas 6 horas.
1959,653,,916,precipitacao_prevista_1h,67.72,mm,10/21/40 mm,Previsão meteorológica simulada para a próxima hora.
1960,654,8245,,nivel_agua_percentagem,74.25,%,70/85/90%,Leitura máxima de nível de água na área.
1961,654,,,precipitacao_acumulada_6h,41.66,mm,30/41/60 mm,Precipitação acumulada calculada sobre as últimas 6 horas.
1962,654,,917,precipitacao_prevista_1h,1.92,mm,10/21/40 mm,Previsão meteorológica simulada para a próxima hora.
1963,655,8260,,nivel_agua_percentagem,63.91,%,70/85/90%,Leitura máxima de nível de água na área.
1964,655,,,precipitacao_acumulada_6h,35.9,mm,30/41/60 mm,Precipitação acumulada calculada sobre as últimas 6 horas.
1965,655,,918,precipitacao_prevista_1h,20.01,mm,10/21/40 mm,Previsão meteorológica simulada para a próxima hora.
1966,656,8263,,nivel_agua_percentagem,76,%,70/85/90%,Leitura máxima de nível de água na área.
1967,656,,,precipitacao_acumulada_6h,51.46,mm,30/41/60 mm,Precipitação acumulada calculada sobre as últimas 6 horas.
1968,656,,919,precipitacao_prevista_1h,21.8,mm,10/21/40 mm,Previsão meteorológica simulada para a próxima hora.
1969,657,8272,,nivel_agua_percentagem,88.83,%,70/85/90%,Leitura máxima de nível de água na área.
1970,657,,,precipitacao_acumulada_6h,72.26,mm,30/41/60 mm,Precipitação acumulada calculada sobre as últimas 6 horas.
1971,657,,920,precipitacao_prevista_1h,5.75,mm,10/21/40 mm,Previsão meteorológica simulada para a próxima hora.
1972,658,8284,,nivel_agua_percentagem,70.02,%,70/85/90%,Leitura máxima de nível de água na área.
1973,658,,,precipitacao_acumulada_6h,41.17,mm,30/41/60 mm,Precipitação acumulada calculada sobre as últimas 6 horas.
1974,658,,921,precipitacao_prevista_1h,12.6,mm,10/21/40 mm,Previsão meteorológica simulada para a próxima hora.
1975,659,8290,,nivel_agua_percentagem,67.17,%,70/85/90%,Leitura máxima de nível de água na área.
1976,659,,,precipitacao_acumulada_6h,35.27,mm,30/41/60 mm,Precipitação acumulada calculada sobre as últimas 6 horas.
1977,659,,922,precipitacao_prevista_1h,4.37,mm,10/21/40 mm,Previsão meteorológica simulada para a próxima hora.
1978,660,8305,,nivel_agua_percentagem,73.13,%,70/85/90%,Leitura máxima de nível de água na área.
1979,660,,,precipitacao_acumulada_6h,48.66,mm,30/41/60 mm,Precipitação acumulada calculada sobre as últimas 6 horas.
1980,660,,923,precipitacao_prevista_1h,0,mm,10/21/40 mm,Previsão meteorológica simulada para a próxima hora.
1981,661,8308,,nivel_agua_percentagem,89.88,%,70/85/90%,Leitura máxima de nível de água na área.
1982,661,,,precipitacao_acumulada_6h,76.97,mm,30/41/60 mm,Precipitação acumulada calculada sobre as últimas 6 horas.
1983,661,,924,precipitacao_prevista_1h,16.06,mm,10/21/40 mm,Previsão meteorológica simulada para a próxima hora.
1984,662,8317,,nivel_agua_percentagem,65.22,%,70/85/90%,Leitura máxima de nível de água na área.
1985,662,,,precipitacao_acumulada_6h,30.15,mm,30/41/60 mm,Precipitação acumulada calculada sobre as últimas 6 horas.
1986,662,,925,precipitacao_prevista_1h,27.72,mm,10/21/40 mm,Previsão meteorológica simulada para a próxima hora.
1987,663,8326,,nivel_agua_percentagem,66.69,%,70/85/90%,Leitura máxima de nível de água na área.
1988,663,,,precipitacao_acumulada_6h,36.97,mm,30/41/60 mm,Precipitação acumulada calculada sobre as últimas 6 horas.
1989,663,,926,precipitacao_prevista_1h,5.13,mm,10/21/40 mm,Previsão meteorológica simulada para a próxima hora.
1990,664,8350,,nivel_agua_percentagem,86.11,%,70/85/90%,Leitura máxima de nível de água na área.
1991,664,,,precipitacao_acumulada_6h,77.3,mm,30/41/60 mm,Precipitação acumulada calculada sobre as últimas 6 horas.
1992,664,,928,precipitacao_prevista_1h,8.84,mm,10/21/40 mm,Previsão meteorológica simulada para a próxima hora.
1993,665,8359,,nivel_agua_percentagem,63.01,%,70/85/90%,Leitura máxima de nível de água na área.
1994,665,,,precipitacao_acumulada_6h,28.85,mm,30/41/60 mm,Precipitação acumulada calculada sobre as últimas 6 horas.
1995,665,,929,precipitacao_prevista_1h,20.94,mm,10/21/40 mm,Previsão meteorológica simulada para a próxima hora.
1996,666,8362,,nivel_agua_percentagem,68.19,%,70/85/90%,Leitura máxima de nível de água na área.
1997,666,,,precipitacao_acumulada_6h,41.07,mm,30/41/60 mm,Precipitação acumulada calculada sobre as últimas 6 horas.
1998,666,,930,precipitacao_prevista_1h,10.88,mm,10/21/40 mm,Previsão meteorológica simulada para a próxima hora.
1999,667,8371,,nivel_agua_percentagem,64.02,%,70/85/90%,Leitura máxima de nível de água na área.
2000,667,,,precipitacao_acumulada_6h,35.45,mm,30/41/60 mm,Precipitação acumulada calculada sobre as últimas 6 horas.
2001,667,,931,precipitacao_prevista_1h,10.64,mm,10/21/40 mm,Previsão meteorológica simulada para a próxima hora.
2002,668,8380,,nivel_agua_percentagem,92.57,%,70/85/90%,Leitura máxima de nível de água na área.
2003,668,,,precipitacao_acumulada_6h,75.47,mm,30/41/60 mm,Precipitação acumulada calculada sobre as últimas 6 horas.
2004,668,,932,precipitacao_prevista_1h,5.83,mm,10/21/40 mm,Previsão meteorológica simulada para a próxima hora.
2005,669,8404,,nivel_agua_percentagem,74.47,%,70/85/90%,Leitura máxima de nível de água na área.
2006,669,,,precipitacao_acumulada_6h,42,mm,30/41/60 mm,Precipitação acumulada calculada sobre as últimas 6 horas.
2007,669,,934,precipitacao_prevista_1h,0,mm,10/21/40 mm,Previsão meteorológica simulada para a próxima hora.
2008,670,8410,,nivel_agua_percentagem,58.52,%,70/85/90%,Leitura máxima de nível de água na área.
2009,670,,,precipitacao_acumulada_6h,31.72,mm,30/41/60 mm,Precipitação acumulada calculada sobre as últimas 6 horas.
2010,670,,935,precipitacao_prevista_1h,7.45,mm,10/21/40 mm,Previsão meteorológica simulada para a próxima hora.
2011,671,8416,,nivel_agua_percentagem,89.93,%,70/85/90%,Leitura máxima de nível de água na área.
2012,671,,,precipitacao_acumulada_6h,70.37,mm,30/41/60 mm,Precipitação acumulada calculada sobre as últimas 6 horas.
2013,671,,936,precipitacao_prevista_1h,0,mm,10/21/40 mm,Previsão meteorológica simulada para a próxima hora.
2014,672,8425,,nivel_agua_percentagem,81.39,%,70/85/90%,Leitura máxima de nível de água na área.
2015,672,,,precipitacao_acumulada_6h,47.62,mm,30/41/60 mm,Precipitação acumulada calculada sobre as últimas 6 horas.
2016,672,,937,precipitacao_prevista_1h,23.77,mm,10/21/40 mm,Previsão meteorológica simulada para a próxima hora.
2017,673,8437,,nivel_agua_percentagem,67.06,%,70/85/90%,Leitura máxima de nível de água na área.
2018,673,,,precipitacao_acumulada_6h,39.12,mm,30/41/60 mm,Precipitação acumulada calculada sobre as últimas 6 horas.
2019,673,,938,precipitacao_prevista_1h,11.36,mm,10/21/40 mm,Previsão meteorológica simulada para a próxima hora.
2020,674,8446,,nivel_agua_percentagem,60.28,%,70/85/90%,Leitura máxima de nível de água na área.
2021,674,,,precipitacao_acumulada_6h,33.17,mm,30/41/60 mm,Precipitação acumulada calculada sobre as últimas 6 horas.
2022,674,,939,precipitacao_prevista_1h,17.08,mm,10/21/40 mm,Previsão meteorológica simulada para a próxima hora.
2023,675,8467,,nivel_agua_percentagem,83.61,%,70/85/90%,Leitura máxima de nível de água na área.
2024,675,,,precipitacao_acumulada_6h,52.94,mm,30/41/60 mm,Precipitação acumulada calculada sobre as últimas 6 horas.
2025,675,,941,precipitacao_prevista_1h,15.32,mm,10/21/40 mm,Previsão meteorológica simulada para a próxima hora.
2026,676,8485,,nivel_agua_percentagem,56.49,%,70/85/90%,Leitura máxima de nível de água na área.
2027,676,,,precipitacao_acumulada_6h,32.14,mm,30/41/60 mm,Precipitação acumulada calculada sobre as últimas 6 horas.
2028,676,,943,precipitacao_prevista_1h,0,mm,10/21/40 mm,Previsão meteorológica simulada para a próxima hora.
2029,677,8494,,nivel_agua_percentagem,45.65,%,70/85/90%,Leitura máxima de nível de água na área.
2030,677,,,precipitacao_acumulada_6h,19.82,mm,30/41/60 mm,Precipitação acumulada calculada sobre as últimas 6 horas.
2031,677,,944,precipitacao_prevista_1h,10.6,mm,10/21/40 mm,Previsão meteorológica simulada para a próxima hora.
2032,678,8497,,nivel_agua_percentagem,80.09,%,70/85/90%,Leitura máxima de nível de água na área.
2033,678,,,precipitacao_acumulada_6h,51.96,mm,30/41/60 mm,Precipitação acumulada calculada sobre as últimas 6 horas.
2034,678,,945,precipitacao_prevista_1h,12.25,mm,10/21/40 mm,Previsão meteorológica simulada para a próxima hora.
2035,679,8518,,nivel_agua_percentagem,67.13,%,70/85/90%,Leitura máxima de nível de água na área.
2036,679,,,precipitacao_acumulada_6h,37.49,mm,30/41/60 mm,Precipitação acumulada calculada sobre as últimas 6 horas.
2037,679,,947,precipitacao_prevista_1h,16,mm,10/21/40 mm,Previsão meteorológica simulada para a próxima hora.
2038,680,8530,,nivel_agua_percentagem,70.14,%,70/85/90%,Leitura máxima de nível de água na área.
2039,680,,,precipitacao_acumulada_6h,47.51,mm,30/41/60 mm,Precipitação acumulada calculada sobre as últimas 6 horas.
2040,680,,948,precipitacao_prevista_1h,38.59,mm,10/21/40 mm,Previsão meteorológica simulada para a próxima hora.
2041,681,8533,,nivel_agua_percentagem,83.91,%,70/85/90%,Leitura máxima de nível de água na área.
2042,681,,,precipitacao_acumulada_6h,47.87,mm,30/41/60 mm,Precipitação acumulada calculada sobre as últimas 6 horas.
2043,681,,949,precipitacao_prevista_1h,17.49,mm,10/21/40 mm,Previsão meteorológica simulada para a próxima hora.
2044,682,8548,,nivel_agua_percentagem,55.1,%,70/85/90%,Leitura máxima de nível de água na área.
2045,682,,,precipitacao_acumulada_6h,25.67,mm,30/41/60 mm,Precipitação acumulada calculada sobre as últimas 6 horas.
2046,682,,950,precipitacao_prevista_1h,8.7,mm,10/21/40 mm,Previsão meteorológica simulada para a próxima hora.
2047,683,8557,,nivel_agua_percentagem,60.93,%,70/85/90%,Leitura máxima de nível de água na área.
2048,683,,,precipitacao_acumulada_6h,40.7,mm,30/41/60 mm,Precipitação acumulada calculada sobre as últimas 6 horas.
2049,683,,951,precipitacao_prevista_1h,7.63,mm,10/21/40 mm,Previsão meteorológica simulada para a próxima hora.
2050,684,8566,,nivel_agua_percentagem,76.24,%,70/85/90%,Leitura máxima de nível de água na área.
2051,684,,,precipitacao_acumulada_6h,50.64,mm,30/41/60 mm,Precipitação acumulada calculada sobre as últimas 6 horas.
2052,684,,952,precipitacao_prevista_1h,20.54,mm,10/21/40 mm,Previsão meteorológica simulada para a próxima hora.
2053,685,8569,,nivel_agua_percentagem,100,%,70/85/90%,Leitura máxima de nível de água na área.
2054,685,,,precipitacao_acumulada_6h,79.33,mm,30/41/60 mm,Precipitação acumulada calculada sobre as últimas 6 horas.
2055,685,,953,precipitacao_prevista_1h,33.13,mm,10/21/40 mm,Previsão meteorológica simulada para a próxima hora.
2056,686,8602,,nivel_agua_percentagem,75.78,%,70/85/90%,Leitura máxima de nível de água na área.
2057,686,,,precipitacao_acumulada_6h,51.36,mm,30/41/60 mm,Precipitação acumulada calculada sobre as últimas 6 horas.
2058,686,,956,precipitacao_prevista_1h,16.67,mm,10/21/40 mm,Previsão meteorológica simulada para a próxima hora.
2059,687,8605,,nivel_agua_percentagem,100,%,70/85/90%,Leitura máxima de nível de água na área.
2060,687,,,precipitacao_acumulada_6h,79.13,mm,30/41/60 mm,Precipitação acumulada calculada sobre as últimas 6 horas.
2061,687,,957,precipitacao_prevista_1h,28.94,mm,10/21/40 mm,Previsão meteorológica simulada para a próxima hora.
2062,688,8617,,nivel_agua_percentagem,55.76,%,70/85/90%,Leitura máxima de nível de água na área.
2063,688,,,precipitacao_acumulada_6h,23.27,mm,30/41/60 mm,Precipitação acumulada calculada sobre as últimas 6 horas.
2064,688,,958,precipitacao_prevista_1h,16.08,mm,10/21/40 mm,Previsão meteorológica simulada para a próxima hora.
2065,689,8623,,nivel_agua_percentagem,59.05,%,70/85/90%,Leitura máxima de nível de água na área.
2066,689,,,precipitacao_acumulada_6h,29.63,mm,30/41/60 mm,Precipitação acumulada calculada sobre as últimas 6 horas.
2067,689,,959,precipitacao_prevista_1h,13.81,mm,10/21/40 mm,Previsão meteorológica simulada para a próxima hora.
2068,690,8635,,nivel_agua_percentagem,75.9,%,70/85/90%,Leitura máxima de nível de água na área.
2069,690,,,precipitacao_acumulada_6h,54.34,mm,30/41/60 mm,Precipitação acumulada calculada sobre as últimas 6 horas.
2070,690,,960,precipitacao_prevista_1h,0,mm,10/21/40 mm,Previsão meteorológica simulada para a próxima hora.
2071,691,8641,,nivel_agua_percentagem,88.31,%,70/85/90%,Leitura máxima de nível de água na área.
2072,691,,,precipitacao_acumulada_6h,55.57,mm,30/41/60 mm,Precipitação acumulada calculada sobre as últimas 6 horas.
2073,691,,961,precipitacao_prevista_1h,0,mm,10/21/40 mm,Previsão meteorológica simulada para a próxima hora.
2074,692,8653,,nivel_agua_percentagem,57.43,%,70/85/90%,Leitura máxima de nível de água na área.
2075,692,,,precipitacao_acumulada_6h,23.53,mm,30/41/60 mm,Precipitação acumulada calculada sobre as últimas 6 horas.
2076,692,,962,precipitacao_prevista_1h,13.44,mm,10/21/40 mm,Previsão meteorológica simulada para a próxima hora.
2077,693,8668,,nivel_agua_percentagem,74.19,%,70/85/90%,Leitura máxima de nível de água na área.
2078,693,,,precipitacao_acumulada_6h,54.55,mm,30/41/60 mm,Precipitação acumulada calculada sobre as últimas 6 horas.
2079,693,,964,precipitacao_prevista_1h,13.38,mm,10/21/40 mm,Previsão meteorológica simulada para a próxima hora.
2080,694,8680,,nivel_agua_percentagem,81.63,%,70/85/90%,Leitura máxima de nível de água na área.
2081,694,,,precipitacao_acumulada_6h,49.92,mm,30/41/60 mm,Precipitação acumulada calculada sobre as últimas 6 horas.
2082,694,,965,precipitacao_prevista_1h,4.78,mm,10/21/40 mm,Previsão meteorológica simulada para a próxima hora.
2083,695,8701,,nivel_agua_percentagem,59.34,%,70/85/90%,Leitura máxima de nível de água na área.
2084,695,,,precipitacao_acumulada_6h,28.31,mm,30/41/60 mm,Precipitação acumulada calculada sobre as últimas 6 horas.
2085,695,,967,precipitacao_prevista_1h,1.7,mm,10/21/40 mm,Previsão meteorológica simulada para a próxima hora.
2086,696,8704,,nivel_agua_percentagem,70.64,%,70/85/90%,Leitura máxima de nível de água na área.
2087,696,,,precipitacao_acumulada_6h,53.21,mm,30/41/60 mm,Precipitação acumulada calculada sobre as últimas 6 horas.
2088,696,,968,precipitacao_prevista_1h,15.59,mm,10/21/40 mm,Previsão meteorológica simulada para a próxima hora.
2089,697,8713,,nivel_agua_percentagem,82.6,%,70/85/90%,Leitura máxima de nível de água na área.
2090,697,,,precipitacao_acumulada_6h,50.88,mm,30/41/60 mm,Precipitação acumulada calculada sobre as últimas 6 horas.
2091,697,,969,precipitacao_prevista_1h,7.05,mm,10/21/40 mm,Previsão meteorológica simulada para a próxima hora.
2092,698,8734,,nivel_agua_percentagem,56.59,%,70/85/90%,Leitura máxima de nível de água na área.
2093,698,,,precipitacao_acumulada_6h,28.75,mm,30/41/60 mm,Precipitação acumulada calculada sobre as últimas 6 horas.
2094,698,,971,precipitacao_prevista_1h,22.79,mm,10/21/40 mm,Previsão meteorológica simulada para a próxima hora.
2095,699,8749,,nivel_agua_percentagem,79.4,%,70/85/90%,Leitura máxima de nível de água na área.
2096,699,,,precipitacao_acumulada_6h,49.9,mm,30/41/60 mm,Precipitação acumulada calculada sobre as últimas 6 horas.
2097,699,,973,precipitacao_prevista_1h,2.26,mm,10/21/40 mm,Previsão meteorológica simulada para a próxima hora.
2098,700,8758,,nivel_agua_percentagem,54.31,%,70/85/90%,Leitura máxima de nível de água na área.
2099,700,,,precipitacao_acumulada_6h,23.69,mm,30/41/60 mm,Precipitação acumulada calculada sobre as últimas 6 horas.
2100,700,,974,precipitacao_prevista_1h,12.42,mm,10/21/40 mm,Previsão meteorológica simulada para a próxima hora.
2101,701,8773,,nivel_agua_percentagem,48.17,%,70/85/90%,Leitura máxima de nível de água na área.
2102,701,,,precipitacao_acumulada_6h,21.07,mm,30/41/60 mm,Precipitação acumulada calculada sobre as últimas 6 horas.
2103,701,,975,precipitacao_prevista_1h,16.21,mm,10/21/40 mm,Previsão meteorológica simulada para a próxima hora.
2104,702,8788,,nivel_agua_percentagem,53.54,%,70/85/90%,Leitura máxima de nível de água na área.
2105,702,,,precipitacao_acumulada_6h,17.22,mm,30/41/60 mm,Precipitação acumulada calculada sobre as últimas 6 horas.
2106,702,,977,precipitacao_prevista_1h,14.73,mm,10/21/40 mm,Previsão meteorológica simulada para a próxima hora.
2107,703,8836,,nivel_agua_percentagem,56.52,%,70/85/90%,Leitura máxima de nível de água na área.
2108,703,,,precipitacao_acumulada_6h,23.58,mm,30/41/60 mm,Precipitação acumulada calculada sobre as últimas 6 horas.
2109,703,,982,precipitacao_prevista_1h,22.4,mm,10/21/40 mm,Previsão meteorológica simulada para a próxima hora.
2110,704,8851,,nivel_agua_percentagem,46.76,%,70/85/90%,Leitura máxima de nível de água na área.
2111,704,,,precipitacao_acumulada_6h,15.23,mm,30/41/60 mm,Precipitação acumulada calculada sobre as últimas 6 horas.
2112,704,,984,precipitacao_prevista_1h,18.86,mm,10/21/40 mm,Previsão meteorológica simulada para a próxima hora.
2113,705,8863,,nivel_agua_percentagem,51.86,%,70/85/90%,Leitura máxima de nível de água na área.
2114,705,,,precipitacao_acumulada_6h,18.47,mm,30/41/60 mm,Precipitação acumulada calculada sobre as últimas 6 horas.
2115,705,,985,precipitacao_prevista_1h,18.38,mm,10/21/40 mm,Previsão meteorológica simulada para a próxima hora.
2116,706,8869,,nivel_agua_percentagem,52.71,%,70/85/90%,Leitura máxima de nível de água na área.
2117,706,,,precipitacao_acumulada_6h,25.63,mm,30/41/60 mm,Precipitação acumulada calculada sobre as últimas 6 horas.
2118,706,,986,precipitacao_prevista_1h,12.21,mm,10/21/40 mm,Previsão meteorológica simulada para a próxima hora.
2119,707,8899,,nivel_agua_percentagem,50.2,%,70/85/90%,Leitura máxima de nível de água na área.
2120,707,,,precipitacao_acumulada_6h,20.06,mm,30/41/60 mm,Precipitação acumulada calculada sobre as últimas 6 horas.
2121,707,,989,precipitacao_prevista_1h,22.88,mm,10/21/40 mm,Previsão meteorológica simulada para a próxima hora.
2122,708,8926,,nivel_agua_percentagem,43.54,%,70/85/90%,Leitura máxima de nível de água na área.
2123,708,,,precipitacao_acumulada_6h,20.02,mm,30/41/60 mm,Precipitação acumulada calculada sobre as últimas 6 horas.
2124,708,,992,precipitacao_prevista_1h,25.03,mm,10/21/40 mm,Previsão meteorológica simulada para a próxima hora.
2125,709,8944,,nivel_agua_percentagem,65.77,%,70/85/90%,Leitura máxima de nível de água na área.
2126,709,,,precipitacao_acumulada_6h,39.64,mm,30/41/60 mm,Precipitação acumulada calculada sobre as últimas 6 horas.
2127,709,,994,precipitacao_prevista_1h,15.48,mm,10/21/40 mm,Previsão meteorológica simulada para a próxima hora.
2128,710,8953,,nivel_agua_percentagem,49.91,%,70/85/90%,Leitura máxima de nível de água na área.
2129,710,,,precipitacao_acumulada_6h,23.31,mm,30/41/60 mm,Precipitação acumulada calculada sobre as últimas 6 horas.
2130,710,,995,precipitacao_prevista_1h,17.05,mm,10/21/40 mm,Previsão meteorológica simulada para a próxima hora.
2131,711,8968,,nivel_agua_percentagem,57.9,%,70/85/90%,Leitura máxima de nível de água na área.
2132,711,,,precipitacao_acumulada_6h,21.49,mm,30/41/60 mm,Precipitação acumulada calculada sobre as últimas 6 horas.
2133,711,,997,precipitacao_prevista_1h,19.9,mm,10/21/40 mm,Previsão meteorológica simulada para a próxima hora.
2134,712,8980,,nivel_agua_percentagem,66.68,%,70/85/90%,Leitura máxima de nível de água na área.
2135,712,,,precipitacao_acumulada_6h,42.13,mm,30/41/60 mm,Precipitação acumulada calculada sobre as últimas 6 horas.
2136,712,,998,precipitacao_prevista_1h,19.98,mm,10/21/40 mm,Previsão meteorológica simulada para a próxima hora.
2137,713,8983,,nivel_agua_percentagem,56.13,%,70/85/90%,Leitura máxima de nível de água na área.
2138,713,,,precipitacao_acumulada_6h,25.81,mm,30/41/60 mm,Precipitação acumulada calculada sobre as últimas 6 horas.
2139,713,,999,precipitacao_prevista_1h,32.06,mm,10/21/40 mm,Previsão meteorológica simulada para a próxima hora.
2140,714,9007,,nivel_agua_percentagem,72.94,%,70/85/90%,Leitura máxima de nível de água na área.
2141,714,,,precipitacao_acumulada_6h,41.52,mm,30/41/60 mm,Precipitação acumulada calculada sobre as últimas 6 horas.
2142,714,,1001,precipitacao_prevista_1h,26.21,mm,10/21/40 mm,Previsão meteorológica simulada para a próxima hora.
2143,715,9016,,nivel_agua_percentagem,69.84,%,70/85/90%,Leitura máxima de nível de água na área.
2144,715,,,precipitacao_acumulada_6h,42.31,mm,30/41/60 mm,Precipitação acumulada calculada sobre as últimas 6 horas.
2145,715,,1002,precipitacao_prevista_1h,4.2,mm,10/21/40 mm,Previsão meteorológica simulada para a próxima hora.
2146,716,9022,,nivel_agua_percentagem,49.58,%,70/85/90%,Leitura máxima de nível de água na área.
2147,716,,,precipitacao_acumulada_6h,21.3,mm,30/41/60 mm,Precipitação acumulada calculada sobre as últimas 6 horas.
2148,716,,1003,precipitacao_prevista_1h,7.61,mm,10/21/40 mm,Previsão meteorológica simulada para a próxima hora.
2149,717,9040,,nivel_agua_percentagem,71.91,%,70/85/90%,Leitura máxima de nível de água na área.
2150,717,,,precipitacao_acumulada_6h,41.94,mm,30/41/60 mm,Precipitação acumulada calculada sobre as últimas 6 horas.
2151,717,,1005,precipitacao_prevista_1h,11.27,mm,10/21/40 mm,Previsão meteorológica simulada para a próxima hora.
2152,718,9049,,nivel_agua_percentagem,71.13,%,70/85/90%,Leitura máxima de nível de água na área.
2153,718,,,precipitacao_acumulada_6h,42.24,mm,30/41/60 mm,Precipitação acumulada calculada sobre as últimas 6 horas.
2154,718,,1006,precipitacao_prevista_1h,5.66,mm,10/21/40 mm,Previsão meteorológica simulada para a próxima hora.
2155,719,9076,,nivel_agua_percentagem,74.67,%,70/85/90%,Leitura máxima de nível de água na área.
2156,719,,,precipitacao_acumulada_6h,42.61,mm,30/41/60 mm,Precipitação acumulada calculada sobre as últimas 6 horas.
2157,719,,1009,precipitacao_prevista_1h,0,mm,10/21/40 mm,Previsão meteorológica simulada para a próxima hora.
2158,720,9082,,nivel_agua_percentagem,68.59,%,70/85/90%,Leitura máxima de nível de água na área.
2159,720,,,precipitacao_acumulada_6h,39.45,mm,30/41/60 mm,Precipitação acumulada calculada sobre as últimas 6 horas.
2160,720,,1010,precipitacao_prevista_1h,0,mm,10/21/40 mm,Previsão meteorológica simulada para a próxima hora.
2161,721,9109,,nivel_agua_percentagem,82.67,%,70/85/90%,Leitura máxima de nível de água na área.
2162,721,,,precipitacao_acumulada_6h,46.42,mm,30/41/60 mm,Precipitação acumulada calculada sobre as últimas 6 horas.
2163,721,,1013,precipitacao_prevista_1h,3.19,mm,10/21/40 mm,Previsão meteorológica simulada para a próxima hora.
2164,722,9121,,nivel_agua_percentagem,64.91,%,70/85/90%,Leitura máxima de nível de água na área.
2165,722,,,precipitacao_acumulada_6h,36.68,mm,30/41/60 mm,Precipitação acumulada calculada sobre as últimas 6 horas.
2166,722,,1014,precipitacao_prevista_1h,7.61,mm,10/21/40 mm,Previsão meteorológica simulada para a próxima hora.
2167,723,9142,,nivel_agua_percentagem,49.52,%,70/85/90%,Leitura máxima de nível de água na área.
2168,723,,,precipitacao_acumulada_6h,23.79,mm,30/41/60 mm,Precipitação acumulada calculada sobre as últimas 6 horas.
2169,723,,1016,precipitacao_prevista_1h,13.33,mm,10/21/40 mm,Previsão meteorológica simulada para a próxima hora.
2170,724,9145,,nivel_agua_percentagem,79.46,%,70/85/90%,Leitura máxima de nível de água na área.
2171,724,,,precipitacao_acumulada_6h,49.29,mm,30/41/60 mm,Precipitação acumulada calculada sobre as últimas 6 horas.
2172,724,,1017,precipitacao_prevista_1h,19.22,mm,10/21/40 mm,Previsão meteorológica simulada para a próxima hora.
2173,725,9175,,nivel_agua_percentagem,82.3,%,70/85/90%,Leitura máxima de nível de água na área.
2174,725,,,precipitacao_acumulada_6h,69.32,mm,30/41/60 mm,Precipitação acumulada calculada sobre as últimas 6 horas.
2175,725,,1020,precipitacao_prevista_1h,49.84,mm,10/21/40 mm,Previsão meteorológica simulada para a próxima hora.
2176,726,9187,,nivel_agua_percentagem,83.12,%,70/85/90%,Leitura máxima de nível de água na área.
2177,726,,,precipitacao_acumulada_6h,50.07,mm,30/41/60 mm,Precipitação acumulada calculada sobre as últimas 6 horas.
2178,726,,1021,precipitacao_prevista_1h,12.46,mm,10/21/40 mm,Previsão meteorológica simulada para a próxima hora.
2179,727,9196,,nivel_agua_percentagem,48.54,%,70/85/90%,Leitura máxima de nível de água na área.
2180,727,,,precipitacao_acumulada_6h,17.5,mm,30/41/60 mm,Precipitação acumulada calculada sobre as últimas 6 horas.
2181,727,,1022,precipitacao_prevista_1h,12.27,mm,10/21/40 mm,Previsão meteorológica simulada para a próxima hora.
2182,728,9214,,nivel_agua_percentagem,92.64,%,70/85/90%,Leitura máxima de nível de água na área.
2183,728,,,precipitacao_acumulada_6h,70.4,mm,30/41/60 mm,Precipitação acumulada calculada sobre as últimas 6 horas.
2184,728,,1024,precipitacao_prevista_1h,0.67,mm,10/21/40 mm,Previsão meteorológica simulada para a próxima hora.
2185,729,9223,,nivel_agua_percentagem,62.24,%,70/85/90%,Leitura máxima de nível de água na área.
2186,729,,,precipitacao_acumulada_6h,30.96,mm,30/41/60 mm,Precipitação acumulada calculada sobre as últimas 6 horas.
2187,729,,1025,precipitacao_prevista_1h,16.03,mm,10/21/40 mm,Previsão meteorológica simulada para a próxima hora.
2188,730,9226,,nivel_agua_percentagem,73.6,%,70/85/90%,Leitura máxima de nível de água na área.
2189,730,,,precipitacao_acumulada_6h,49.65,mm,30/41/60 mm,Precipitação acumulada calculada sobre as últimas 6 horas.
2190,730,,1026,precipitacao_prevista_1h,31.81,mm,10/21/40 mm,Previsão meteorológica simulada para a próxima hora.
2191,731,9241,,nivel_agua_percentagem,62.57,%,70/85/90%,Leitura máxima de nível de água na área.
2192,731,,,precipitacao_acumulada_6h,37.3,mm,30/41/60 mm,Precipitação acumulada calculada sobre as últimas 6 horas.
2193,731,,1027,precipitacao_prevista_1h,9.28,mm,10/21/40 mm,Previsão meteorológica simulada para a próxima hora.
2194,732,9247,,nivel_agua_percentagem,92.64,%,70/85/90%,Leitura máxima de nível de água na área.
2195,732,,,precipitacao_acumulada_6h,70.95,mm,30/41/60 mm,Precipitação acumulada calculada sobre as últimas 6 horas.
2196,732,,1028,precipitacao_prevista_1h,18.97,mm,10/21/40 mm,Previsão meteorológica simulada para a próxima hora.
2197,733,9256,,nivel_agua_percentagem,63.61,%,70/85/90%,Leitura máxima de nível de água na área.
2198,733,,,precipitacao_acumulada_6h,30.11,mm,30/41/60 mm,Precipitação acumulada calculada sobre as últimas 6 horas.
2199,733,,1029,precipitacao_prevista_1h,2.07,mm,10/21/40 mm,Previsão meteorológica simulada para a próxima hora.
2200,734,9268,,nivel_agua_percentagem,75.3,%,70/85/90%,Leitura máxima de nível de água na área.
2201,734,,,precipitacao_acumulada_6h,45.71,mm,30/41/60 mm,Precipitação acumulada calculada sobre as últimas 6 horas.
2202,734,,1030,precipitacao_prevista_1h,0,mm,10/21/40 mm,Previsão meteorológica simulada para a próxima hora.
2203,735,9271,,nivel_agua_percentagem,61.44,%,70/85/90%,Leitura máxima de nível de água na área.
2204,735,,,precipitacao_acumulada_6h,38.63,mm,30/41/60 mm,Precipitação acumulada calculada sobre as últimas 6 horas.
2205,735,,1031,precipitacao_prevista_1h,22.76,mm,10/21/40 mm,Previsão meteorológica simulada para a próxima hora.
2206,736,9283,,nivel_agua_percentagem,86.89,%,70/85/90%,Leitura máxima de nível de água na área.
2207,736,,,precipitacao_acumulada_6h,69.45,mm,30/41/60 mm,Precipitação acumulada calculada sobre as últimas 6 horas.
2208,736,,1032,precipitacao_prevista_1h,0,mm,10/21/40 mm,Previsão meteorológica simulada para a próxima hora.
2209,737,9295,,nivel_agua_percentagem,66.72,%,70/85/90%,Leitura máxima de nível de água na área.
2210,737,,,precipitacao_acumulada_6h,32.62,mm,30/41/60 mm,Precipitação acumulada calculada sobre as últimas 6 horas.
2211,737,,1033,precipitacao_prevista_1h,0.78,mm,10/21/40 mm,Previsão meteorológica simulada para a próxima hora.
2212,738,9304,,nivel_agua_percentagem,76.64,%,70/85/90%,Leitura máxima de nível de água na área.
2213,738,,,precipitacao_acumulada_6h,49.16,mm,30/41/60 mm,Precipitação acumulada calculada sobre as últimas 6 horas.
2214,738,,1034,precipitacao_prevista_1h,15.95,mm,10/21/40 mm,Previsão meteorológica simulada para a próxima hora.
2215,739,9307,,nivel_agua_percentagem,83.62,%,70/85/90%,Leitura máxima de nível de água na área.
2216,739,,,precipitacao_acumulada_6h,66.01,mm,30/41/60 mm,Precipitação acumulada calculada sobre as últimas 6 horas.
2217,739,,1035,precipitacao_prevista_1h,39.26,mm,10/21/40 mm,Previsão meteorológica simulada para a próxima hora.
2218,740,9322,,nivel_agua_percentagem,88.37,%,70/85/90%,Leitura máxima de nível de água na área.
2219,740,,,precipitacao_acumulada_6h,68.18,mm,30/41/60 mm,Precipitação acumulada calculada sobre as últimas 6 horas.
2220,740,,1036,precipitacao_prevista_1h,6.14,mm,10/21/40 mm,Previsão meteorológica simulada para a próxima hora.
2221,741,9331,,nivel_agua_percentagem,66.76,%,70/85/90%,Leitura máxima de nível de água na área.
2222,741,,,precipitacao_acumulada_6h,28.87,mm,30/41/60 mm,Precipitação acumulada calculada sobre as últimas 6 horas.
2223,741,,1037,precipitacao_prevista_1h,12.49,mm,10/21/40 mm,Previsão meteorológica simulada para a próxima hora.
2224,742,9340,,nivel_agua_percentagem,78.28,%,70/85/90%,Leitura máxima de nível de água na área.
2225,742,,,precipitacao_acumulada_6h,51.79,mm,30/41/60 mm,Precipitação acumulada calculada sobre as últimas 6 horas.
2226,742,,1038,precipitacao_prevista_1h,15.09,mm,10/21/40 mm,Previsão meteorológica simulada para a próxima hora.
2227,743,9346,,nivel_agua_percentagem,83.74,%,70/85/90%,Leitura máxima de nível de água na área.
2228,743,,,precipitacao_acumulada_6h,64.58,mm,30/41/60 mm,Precipitação acumulada calculada sobre as últimas 6 horas.
2229,743,,1039,precipitacao_prevista_1h,0,mm,10/21/40 mm,Previsão meteorológica simulada para a próxima hora.
2230,744,9352,,nivel_agua_percentagem,95.68,%,70/85/90%,Leitura máxima de nível de água na área.
2231,744,,,precipitacao_acumulada_6h,78.53,mm,30/41/60 mm,Precipitação acumulada calculada sobre as últimas 6 horas.
2232,744,,1040,precipitacao_prevista_1h,17.32,mm,10/21/40 mm,Previsão meteorológica simulada para a próxima hora.
2233,745,9367,,nivel_agua_percentagem,81.89,%,70/85/90%,Leitura máxima de nível de água na área.
2234,745,,,precipitacao_acumulada_6h,53.34,mm,30/41/60 mm,Precipitação acumulada calculada sobre as últimas 6 horas.
2235,745,,1041,precipitacao_prevista_1h,40.32,mm,10/21/40 mm,Previsão meteorológica simulada para a próxima hora.
2236,746,9376,,nivel_agua_percentagem,79.75,%,70/85/90%,Leitura máxima de nível de água na área.
2237,746,,,precipitacao_acumulada_6h,53.68,mm,30/41/60 mm,Precipitação acumulada calculada sobre as últimas 6 horas.
2238,746,,1042,precipitacao_prevista_1h,19.25,mm,10/21/40 mm,Previsão meteorológica simulada para a próxima hora.
2239,747,9382,,nivel_agua_percentagem,82.31,%,70/85/90%,Leitura máxima de nível de água na área.
2240,747,,,precipitacao_acumulada_6h,63.56,mm,30/41/60 mm,Precipitação acumulada calculada sobre as últimas 6 horas.
2241,747,,1043,precipitacao_prevista_1h,8.99,mm,10/21/40 mm,Previsão meteorológica simulada para a próxima hora.
2242,748,9391,,nivel_agua_percentagem,66.61,%,70/85/90%,Leitura máxima de nível de água na área.
2243,748,,,precipitacao_acumulada_6h,36.18,mm,30/41/60 mm,Precipitação acumulada calculada sobre as últimas 6 horas.
2244,748,,1044,precipitacao_prevista_1h,8.67,mm,10/21/40 mm,Previsão meteorológica simulada para a próxima hora.
2245,749,9400,,nivel_agua_percentagem,83.4,%,70/85/90%,Leitura máxima de nível de água na área.
2246,749,,,precipitacao_acumulada_6h,49.58,mm,30/41/60 mm,Precipitação acumulada calculada sobre as últimas 6 horas.
2247,749,,1045,precipitacao_prevista_1h,0,mm,10/21/40 mm,Previsão meteorológica simulada para a próxima hora.
2248,750,9409,,nivel_agua_percentagem,80.24,%,70/85/90%,Leitura máxima de nível de água na área.
2249,750,,,precipitacao_acumulada_6h,54.19,mm,30/41/60 mm,Precipitação acumulada calculada sobre as últimas 6 horas.
2250,750,,1046,precipitacao_prevista_1h,0,mm,10/21/40 mm,Previsão meteorológica simulada para a próxima hora.
2251,751,9418,,nivel_agua_percentagem,87.31,%,70/85/90%,Leitura máxima de nível de água na área.
2252,751,,,precipitacao_acumulada_6h,62.85,mm,30/41/60 mm,Precipitação acumulada calculada sobre as últimas 6 horas.
2253,751,,1047,precipitacao_prevista_1h,3.77,mm,10/21/40 mm,Previsão meteorológica simulada para a próxima hora.
2254,752,9427,,nivel_agua_percentagem,54.99,%,70/85/90%,Leitura máxima de nível de água na área.
2255,752,,,precipitacao_acumulada_6h,32.99,mm,30/41/60 mm,Precipitação acumulada calculada sobre as últimas 6 horas.
2256,752,,1048,precipitacao_prevista_1h,17.2,mm,10/21/40 mm,Previsão meteorológica simulada para a próxima hora.
2257,753,9433,,nivel_agua_percentagem,82.17,%,70/85/90%,Leitura máxima de nível de água na área.
2258,753,,,precipitacao_acumulada_6h,47.19,mm,30/41/60 mm,Precipitação acumulada calculada sobre as últimas 6 horas.
2259,753,,1049,precipitacao_prevista_1h,13.32,mm,10/21/40 mm,Previsão meteorológica simulada para a próxima hora.
2260,754,9451,,nivel_agua_percentagem,100,%,70/85/90%,Leitura máxima de nível de água na área.
2261,754,,,precipitacao_acumulada_6h,102.96,mm,30/41/60 mm,Precipitação acumulada calculada sobre as últimas 6 horas.
2262,754,,1051,precipitacao_prevista_1h,58.81,mm,10/21/40 mm,Previsão meteorológica simulada para a próxima hora.
2263,755,9466,,nivel_agua_percentagem,47.35,%,70/85/90%,Leitura máxima de nível de água na área.
2264,755,,,precipitacao_acumulada_6h,32.64,mm,30/41/60 mm,Precipitação acumulada calculada sobre as últimas 6 horas.
2265,755,,1052,precipitacao_prevista_1h,20.82,mm,10/21/40 mm,Previsão meteorológica simulada para a próxima hora.
2266,756,9475,,nivel_agua_percentagem,80.61,%,70/85/90%,Leitura máxima de nível de água na área.
2267,756,,,precipitacao_acumulada_6h,47.27,mm,30/41/60 mm,Precipitação acumulada calculada sobre as últimas 6 horas.
2268,756,,1053,precipitacao_prevista_1h,0,mm,10/21/40 mm,Previsão meteorológica simulada para a próxima hora.
2269,757,9484,,nivel_agua_percentagem,56.59,%,70/85/90%,Leitura máxima de nível de água na área.
2270,757,,,precipitacao_acumulada_6h,26.14,mm,30/41/60 mm,Precipitação acumulada calculada sobre as últimas 6 horas.
2271,757,,1054,precipitacao_prevista_1h,11.56,mm,10/21/40 mm,Previsão meteorológica simulada para a próxima hora.
2272,758,9487,,nivel_agua_percentagem,100,%,70/85/90%,Leitura máxima de nível de água na área.
2273,758,,,precipitacao_acumulada_6h,99.87,mm,30/41/60 mm,Precipitação acumulada calculada sobre as últimas 6 horas.
2274,758,,1055,precipitacao_prevista_1h,6.6,mm,10/21/40 mm,Previsão meteorológica simulada para a próxima hora.
2275,759,9499,,nivel_agua_percentagem,80.24,%,70/85/90%,Leitura máxima de nível de água na área.
2276,759,,,precipitacao_acumulada_6h,64.44,mm,30/41/60 mm,Precipitação acumulada calculada sobre as últimas 6 horas.
2277,759,,1056,precipitacao_prevista_1h,33.97,mm,10/21/40 mm,Previsão meteorológica simulada para a próxima hora.
2278,760,9505,,nivel_agua_percentagem,77.3,%,70/85/90%,Leitura máxima de nível de água na área.
2279,760,,,precipitacao_acumulada_6h,46.52,mm,30/41/60 mm,Precipitação acumulada calculada sobre as últimas 6 horas.
2280,760,,1057,precipitacao_prevista_1h,4.46,mm,10/21/40 mm,Previsão meteorológica simulada para a próxima hora.
2281,761,9523,,nivel_agua_percentagem,90.56,%,70/85/90%,Leitura máxima de nível de água na área.
2282,761,,,precipitacao_acumulada_6h,73.46,mm,30/41/60 mm,Precipitação acumulada calculada sobre as últimas 6 horas.
2283,761,,1059,precipitacao_prevista_1h,14.51,mm,10/21/40 mm,Previsão meteorológica simulada para a próxima hora.
2284,762,9538,,nivel_agua_percentagem,94.31,%,70/85/90%,Leitura máxima de nível de água na área.
2285,762,,,precipitacao_acumulada_6h,79.34,mm,30/41/60 mm,Precipitação acumulada calculada sobre as últimas 6 horas.
2286,762,,1060,precipitacao_prevista_1h,21.06,mm,10/21/40 mm,Previsão meteorológica simulada para a próxima hora.
2287,763,9547,,nivel_agua_percentagem,75.95,%,70/85/90%,Leitura máxima de nível de água na área.
2288,763,,,precipitacao_acumulada_6h,44.44,mm,30/41/60 mm,Precipitação acumulada calculada sobre as últimas 6 horas.
2289,763,,1061,precipitacao_prevista_1h,7.34,mm,10/21/40 mm,Previsão meteorológica simulada para a próxima hora.
2290,764,9565,,nivel_agua_percentagem,89.87,%,70/85/90%,Leitura máxima de nível de água na área.
2291,764,,,precipitacao_acumulada_6h,73.99,mm,30/41/60 mm,Precipitação acumulada calculada sobre as últimas 6 horas.
2292,764,,1063,precipitacao_prevista_1h,6.63,mm,10/21/40 mm,Previsão meteorológica simulada para a próxima hora.
2293,765,9571,,nivel_agua_percentagem,90.66,%,70/85/90%,Leitura máxima de nível de água na área.
2294,765,,,precipitacao_acumulada_6h,69.79,mm,30/41/60 mm,Precipitação acumulada calculada sobre as últimas 6 horas.
2295,765,,1064,precipitacao_prevista_1h,4.2,mm,10/21/40 mm,Previsão meteorológica simulada para a próxima hora.
2296,766,9586,,nivel_agua_percentagem,47.6,%,70/85/90%,Leitura máxima de nível de água na área.
2297,766,,,precipitacao_acumulada_6h,20.44,mm,30/41/60 mm,Precipitação acumulada calculada sobre as últimas 6 horas.
2298,766,,1066,precipitacao_prevista_1h,10.92,mm,10/21/40 mm,Previsão meteorológica simulada para a próxima hora.
2299,767,9598,,nivel_agua_percentagem,98.33,%,70/85/90%,Leitura máxima de nível de água na área.
2300,767,,,precipitacao_acumulada_6h,77.98,mm,30/41/60 mm,Precipitação acumulada calculada sobre as últimas 6 horas.
2301,767,,1067,precipitacao_prevista_1h,9.75,mm,10/21/40 mm,Previsão meteorológica simulada para a próxima hora.
2302,768,9604,,nivel_agua_percentagem,86.93,%,70/85/90%,Leitura máxima de nível de água na área.
2303,768,,,precipitacao_acumulada_6h,68.56,mm,30/41/60 mm,Precipitação acumulada calculada sobre as últimas 6 horas.
2304,768,,1068,precipitacao_prevista_1h,0.09,mm,10/21/40 mm,Previsão meteorológica simulada para a próxima hora.
2305,769,9634,,nivel_agua_percentagem,97.24,%,70/85/90%,Leitura máxima de nível de água na área.
2306,769,,,precipitacao_acumulada_6h,77.2,mm,30/41/60 mm,Precipitação acumulada calculada sobre as últimas 6 horas.
2307,769,,1071,precipitacao_prevista_1h,19.8,mm,10/21/40 mm,Previsão meteorológica simulada para a próxima hora.
2308,770,9640,,nivel_agua_percentagem,86.41,%,70/85/90%,Leitura máxima de nível de água na área.
2309,770,,,precipitacao_acumulada_6h,69.62,mm,30/41/60 mm,Precipitação acumulada calculada sobre as últimas 6 horas.
2310,770,,1072,precipitacao_prevista_1h,5.42,mm,10/21/40 mm,Previsão meteorológica simulada para a próxima hora.
2311,771,9664,,nivel_agua_percentagem,66.3,%,70/85/90%,Leitura máxima de nível de água na área.
2312,771,,,precipitacao_acumulada_6h,36.38,mm,30/41/60 mm,Precipitação acumulada calculada sobre as últimas 6 horas.
2313,771,,1074,precipitacao_prevista_1h,35.34,mm,10/21/40 mm,Previsão meteorológica simulada para a próxima hora.
2314,772,9679,,nivel_agua_percentagem,86.09,%,70/85/90%,Leitura máxima de nível de água na área.
2315,772,,,precipitacao_acumulada_6h,66.34,mm,30/41/60 mm,Precipitação acumulada calculada sobre as últimas 6 horas.
2316,772,,1076,precipitacao_prevista_1h,3.44,mm,10/21/40 mm,Previsão meteorológica simulada para a próxima hora.
2317,773,9700,,nivel_agua_percentagem,66.81,%,70/85/90%,Leitura máxima de nível de água na área.
2318,773,,,precipitacao_acumulada_6h,35.56,mm,30/41/60 mm,Precipitação acumulada calculada sobre as últimas 6 horas.
2319,773,,1078,precipitacao_prevista_1h,3.34,mm,10/21/40 mm,Previsão meteorológica simulada para a próxima hora.
2320,774,9715,,nivel_agua_percentagem,60.74,%,70/85/90%,Leitura máxima de nível de água na área.
2321,774,,,precipitacao_acumulada_6h,32.41,mm,30/41/60 mm,Precipitação acumulada calculada sobre as últimas 6 horas.
2322,774,,1080,precipitacao_prevista_1h,11.27,mm,10/21/40 mm,Previsão meteorológica simulada para a próxima hora.
2323,775,9727,,nivel_agua_percentagem,52.79,%,70/85/90%,Leitura máxima de nível de água na área.
2324,775,,,precipitacao_acumulada_6h,13.65,mm,30/41/60 mm,Precipitação acumulada calculada sobre as últimas 6 horas.
2325,775,,1081,precipitacao_prevista_1h,15.3,mm,10/21/40 mm,Previsão meteorológica simulada para a próxima hora.
2326,776,9730,,nivel_agua_percentagem,65.5,%,70/85/90%,Leitura máxima de nível de água na área.
2327,776,,,precipitacao_acumulada_6h,36.63,mm,30/41/60 mm,Precipitação acumulada calculada sobre as últimas 6 horas.
2328,776,,1082,precipitacao_prevista_1h,12.01,mm,10/21/40 mm,Previsão meteorológica simulada para a próxima hora.
2329,777,9772,,nivel_agua_percentagem,67.32,%,70/85/90%,Leitura máxima de nível de água na área.
2330,777,,,precipitacao_acumulada_6h,39.07,mm,30/41/60 mm,Precipitação acumulada calculada sobre as últimas 6 horas.
2331,777,,1086,precipitacao_prevista_1h,0,mm,10/21/40 mm,Previsão meteorológica simulada para a próxima hora.
2332,778,9778,,nivel_agua_percentagem,64.17,%,70/85/90%,Leitura máxima de nível de água na área.
2333,778,,,precipitacao_acumulada_6h,41.71,mm,30/41/60 mm,Precipitação acumulada calculada sobre as últimas 6 horas.
2334,778,,1087,precipitacao_prevista_1h,17.24,mm,10/21/40 mm,Previsão meteorológica simulada para a próxima hora.
2335,779,9784,,nivel_agua_percentagem,45.59,%,70/85/90%,Leitura máxima de nível de água na área.
2336,779,,,precipitacao_acumulada_6h,22.11,mm,30/41/60 mm,Precipitação acumulada calculada sobre as últimas 6 horas.
2337,779,,1088,precipitacao_prevista_1h,14.58,mm,10/21/40 mm,Previsão meteorológica simulada para a próxima hora.
2338,780,9805,,nivel_agua_percentagem,77.79,%,70/85/90%,Leitura máxima de nível de água na área.
2339,780,,,precipitacao_acumulada_6h,44.66,mm,30/41/60 mm,Precipitação acumulada calculada sobre as últimas 6 horas.
2340,780,,1090,precipitacao_prevista_1h,10.25,mm,10/21/40 mm,Previsão meteorológica simulada para a próxima hora.
2341,781,9811,,nivel_agua_percentagem,65.08,%,70/85/90%,Leitura máxima de nível de água na área.
2342,781,,,precipitacao_acumulada_6h,37.55,mm,30/41/60 mm,Precipitação acumulada calculada sobre as últimas 6 horas.
2343,781,,1091,precipitacao_prevista_1h,6.95,mm,10/21/40 mm,Previsão meteorológica simulada para a próxima hora.
2344,782,9820,,nivel_agua_percentagem,40.61,%,70/85/90%,Leitura máxima de nível de água na área.
2345,782,,,precipitacao_acumulada_6h,21.75,mm,30/41/60 mm,Precipitação acumulada calculada sobre as últimas 6 horas.
2346,782,,1092,precipitacao_prevista_1h,13.06,mm,10/21/40 mm,Previsão meteorológica simulada para a próxima hora.
2347,783,9844,,nivel_agua_percentagem,72.85,%,70/85/90%,Leitura máxima de nível de água na área.
2348,783,,,precipitacao_acumulada_6h,45.55,mm,30/41/60 mm,Precipitação acumulada calculada sobre as últimas 6 horas.
2349,783,,1094,precipitacao_prevista_1h,0,mm,10/21/40 mm,Previsão meteorológica simulada para a próxima hora.
2350,784,9847,,nivel_agua_percentagem,57.27,%,70/85/90%,Leitura máxima de nível de água na área.
2351,784,,,precipitacao_acumulada_6h,35.99,mm,30/41/60 mm,Precipitação acumulada calculada sobre as últimas 6 horas.
2352,784,,1095,precipitacao_prevista_1h,0,mm,10/21/40 mm,Previsão meteorológica simulada para a próxima hora.
2353,785,9856,,nivel_agua_percentagem,77.79,%,70/85/90%,Leitura máxima de nível de água na área.
2354,785,,,precipitacao_acumulada_6h,63.64,mm,30/41/60 mm,Precipitação acumulada calculada sobre as últimas 6 horas.
2355,785,,1096,precipitacao_prevista_1h,37.47,mm,10/21/40 mm,Previsão meteorológica simulada para a próxima hora.
2356,786,9865,,nivel_agua_percentagem,53.41,%,70/85/90%,Leitura máxima de nível de água na área.
2357,786,,,precipitacao_acumulada_6h,20.68,mm,30/41/60 mm,Precipitação acumulada calculada sobre as últimas 6 horas.
2358,786,,1097,precipitacao_prevista_1h,15.03,mm,10/21/40 mm,Previsão meteorológica simulada para a próxima hora.
2359,787,9880,,nivel_agua_percentagem,56.8,%,70/85/90%,Leitura máxima de nível de água na área.
2360,787,,,precipitacao_acumulada_6h,27.7,mm,30/41/60 mm,Precipitação acumulada calculada sobre as últimas 6 horas.
2361,787,,1098,precipitacao_prevista_1h,0.05,mm,10/21/40 mm,Previsão meteorológica simulada para a próxima hora.
2362,788,9883,,nivel_agua_percentagem,62.19,%,70/85/90%,Leitura máxima de nível de água na área.
2363,788,,,precipitacao_acumulada_6h,33.5,mm,30/41/60 mm,Precipitação acumulada calculada sobre as últimas 6 horas.
2364,788,,1099,precipitacao_prevista_1h,0,mm,10/21/40 mm,Previsão meteorológica simulada para a próxima hora.
2365,789,9892,,nivel_agua_percentagem,85.45,%,70/85/90%,Leitura máxima de nível de água na área.
2366,789,,,precipitacao_acumulada_6h,65.27,mm,30/41/60 mm,Precipitação acumulada calculada sobre as últimas 6 horas.
2367,789,,1100,precipitacao_prevista_1h,1.21,mm,10/21/40 mm,Previsão meteorológica simulada para a próxima hora.
2368,790,9907,,nivel_agua_percentagem,55.24,%,70/85/90%,Leitura máxima de nível de água na área.
2369,790,,,precipitacao_acumulada_6h,20.76,mm,30/41/60 mm,Precipitação acumulada calculada sobre as últimas 6 horas.
2370,790,,1101,precipitacao_prevista_1h,24.63,mm,10/21/40 mm,Previsão meteorológica simulada para a próxima hora.
2371,791,9919,,nivel_agua_percentagem,58.48,%,70/85/90%,Leitura máxima de nível de água na área.
2372,791,,,precipitacao_acumulada_6h,31.81,mm,30/41/60 mm,Precipitação acumulada calculada sobre as últimas 6 horas.
2373,791,,1103,precipitacao_prevista_1h,14.89,mm,10/21/40 mm,Previsão meteorológica simulada para a próxima hora.
2374,792,9931,,nivel_agua_percentagem,81.5,%,70/85/90%,Leitura máxima de nível de água na área.
2375,792,,,precipitacao_acumulada_6h,65.23,mm,30/41/60 mm,Precipitação acumulada calculada sobre as últimas 6 horas.
2376,792,,1104,precipitacao_prevista_1h,11,mm,10/21/40 mm,Previsão meteorológica simulada para a próxima hora.
2377,793,9949,,nivel_agua_percentagem,56.3,%,70/85/90%,Leitura máxima de nível de água na área.
2378,793,,,precipitacao_acumulada_6h,28.57,mm,30/41/60 mm,Precipitação acumulada calculada sobre as últimas 6 horas.
2379,793,,1106,precipitacao_prevista_1h,19.11,mm,10/21/40 mm,Previsão meteorológica simulada para a próxima hora.
2380,794,9958,,nivel_agua_percentagem,65.03,%,70/85/90%,Leitura máxima de nível de água na área.
2381,794,,,precipitacao_acumulada_6h,33.51,mm,30/41/60 mm,Precipitação acumulada calculada sobre as últimas 6 horas.
2382,794,,1107,precipitacao_prevista_1h,8.31,mm,10/21/40 mm,Previsão meteorológica simulada para a próxima hora.
2383,795,9964,,nivel_agua_percentagem,84.46,%,70/85/90%,Leitura máxima de nível de água na área.
2384,795,,,precipitacao_acumulada_6h,65.42,mm,30/41/60 mm,Precipitação acumulada calculada sobre as últimas 6 horas.
2385,795,,1108,precipitacao_prevista_1h,1.09,mm,10/21/40 mm,Previsão meteorológica simulada para a próxima hora.
2386,796,9985,,nivel_agua_percentagem,54.86,%,70/85/90%,Leitura máxima de nível de água na área.
2387,796,,,precipitacao_acumulada_6h,28.09,mm,30/41/60 mm,Precipitação acumulada calculada sobre as últimas 6 horas.
2388,796,,1110,precipitacao_prevista_1h,16.74,mm,10/21/40 mm,Previsão meteorológica simulada para a próxima hora.
2389,797,10000,,nivel_agua_percentagem,78.94,%,70/85/90%,Leitura máxima de nível de água na área.
2390,797,,,precipitacao_acumulada_6h,59.7,mm,30/41/60 mm,Precipitação acumulada calculada sobre as últimas 6 horas.
2391,797,,1112,precipitacao_prevista_1h,27.67,mm,10/21/40 mm,Previsão meteorológica simulada para a próxima hora.
2392,798,10033,,nivel_agua_percentagem,51.49,%,70/85/90%,Leitura máxima de nível de água na área.
2393,798,,,precipitacao_acumulada_6h,22.54,mm,30/41/60 mm,Precipitação acumulada calculada sobre as últimas 6 horas.
2394,798,,1115,precipitacao_prevista_1h,11,mm,10/21/40 mm,Previsão meteorológica simulada para a próxima hora.
2395,799,10036,,nivel_agua_percentagem,78.71,%,70/85/90%,Leitura máxima de nível de água na área.
2396,799,,,precipitacao_acumulada_6h,59.82,mm,30/41/60 mm,Precipitação acumulada calculada sobre as últimas 6 horas.
2397,799,,1116,precipitacao_prevista_1h,0.94,mm,10/21/40 mm,Previsão meteorológica simulada para a próxima hora.
2398,800,10051,,nivel_agua_percentagem,55.5,%,70/85/90%,Leitura máxima de nível de água na área.
2399,800,,,precipitacao_acumulada_6h,19.75,mm,30/41/60 mm,Precipitação acumulada calculada sobre as últimas 6 horas.
2400,800,,1117,precipitacao_prevista_1h,26.02,mm,10/21/40 mm,Previsão meteorológica simulada para a próxima hora.
2401,801,10087,,nivel_agua_percentagem,53.82,%,70/85/90%,Leitura máxima de nível de água na área.
2402,801,,,precipitacao_acumulada_6h,19.44,mm,30/41/60 mm,Precipitação acumulada calculada sobre as últimas 6 horas.
2403,801,,1121,precipitacao_prevista_1h,21.55,mm,10/21/40 mm,Previsão meteorológica simulada para a próxima hora.
2404,802,10108,,nivel_agua_percentagem,63.22,%,70/85/90%,Leitura máxima de nível de água na área.
2405,802,,,precipitacao_acumulada_6h,37.52,mm,30/41/60 mm,Precipitação acumulada calculada sobre as últimas 6 horas.
2406,802,,1124,precipitacao_prevista_1h,20.86,mm,10/21/40 mm,Previsão meteorológica simulada para a próxima hora.
2407,803,10147,,nivel_agua_percentagem,60.22,%,70/85/90%,Leitura máxima de nível de água na área.
2408,803,,,precipitacao_acumulada_6h,37.44,mm,30/41/60 mm,Precipitação acumulada calculada sobre as últimas 6 horas.
2409,803,,1128,precipitacao_prevista_1h,0,mm,10/21/40 mm,Previsão meteorológica simulada para a próxima hora.
2410,804,10165,,nivel_agua_percentagem,52.83,%,70/85/90%,Leitura máxima de nível de água na área.
2411,804,,,precipitacao_acumulada_6h,20.44,mm,30/41/60 mm,Precipitação acumulada calculada sobre as últimas 6 horas.
2412,804,,1130,precipitacao_prevista_1h,12.95,mm,10/21/40 mm,Previsão meteorológica simulada para a próxima hora.
2413,805,10186,,nivel_agua_percentagem,67.6,%,70/85/90%,Leitura máxima de nível de água na área.
2414,805,,,precipitacao_acumulada_6h,47.39,mm,30/41/60 mm,Precipitação acumulada calculada sobre as últimas 6 horas.
2415,805,,1132,precipitacao_prevista_1h,17.22,mm,10/21/40 mm,Previsão meteorológica simulada para a próxima hora.
2416,806,10189,,nivel_agua_percentagem,52.64,%,70/85/90%,Leitura máxima de nível de água na área.
2417,806,,,precipitacao_acumulada_6h,20.12,mm,30/41/60 mm,Precipitação acumulada calculada sobre as últimas 6 horas.
2418,806,,1133,precipitacao_prevista_1h,15.36,mm,10/21/40 mm,Previsão meteorológica simulada para a próxima hora.
2419,807,10201,,nivel_agua_percentagem,46.93,%,70/85/90%,Leitura máxima de nível de água na área.
2420,807,,,precipitacao_acumulada_6h,17.21,mm,30/41/60 mm,Precipitação acumulada calculada sobre as últimas 6 horas.
2421,807,,1134,precipitacao_prevista_1h,20.37,mm,10/21/40 mm,Previsão meteorológica simulada para a próxima hora.
2422,808,10216,,nivel_agua_percentagem,65.39,%,70/85/90%,Leitura máxima de nível de água na área.
2423,808,,,precipitacao_acumulada_6h,49.08,mm,30/41/60 mm,Precipitação acumulada calculada sobre as últimas 6 horas.
2424,808,,1136,precipitacao_prevista_1h,1.5,mm,10/21/40 mm,Previsão meteorológica simulada para a próxima hora.
2425,809,10228,,nivel_agua_percentagem,61.51,%,70/85/90%,Leitura máxima de nível de água na área.
2426,809,,,precipitacao_acumulada_6h,23.46,mm,30/41/60 mm,Precipitação acumulada calculada sobre as últimas 6 horas.
2427,809,,1137,precipitacao_prevista_1h,10.51,mm,10/21/40 mm,Previsão meteorológica simulada para a próxima hora.
2428,810,10237,,nivel_agua_percentagem,47.19,%,70/85/90%,Leitura máxima de nível de água na área.
2429,810,,,precipitacao_acumulada_6h,19.5,mm,30/41/60 mm,Precipitação acumulada calculada sobre as últimas 6 horas.
2430,810,,1138,precipitacao_prevista_1h,26.16,mm,10/21/40 mm,Previsão meteorológica simulada para a próxima hora.
2431,811,10258,,nivel_agua_percentagem,69.94,%,70/85/90%,Leitura máxima de nível de água na área.
2432,811,,,precipitacao_acumulada_6h,49.6,mm,30/41/60 mm,Precipitação acumulada calculada sobre as últimas 6 horas.
2433,811,,1140,precipitacao_prevista_1h,13.22,mm,10/21/40 mm,Previsão meteorológica simulada para a próxima hora.
2434,812,10261,,nivel_agua_percentagem,57.14,%,70/85/90%,Leitura máxima de nível de água na área.
2435,812,,,precipitacao_acumulada_6h,20.06,mm,30/41/60 mm,Precipitação acumulada calculada sobre as últimas 6 horas.
2436,812,,1141,precipitacao_prevista_1h,12.02,mm,10/21/40 mm,Previsão meteorológica simulada para a próxima hora.
2437,813,10285,,nivel_agua_percentagem,49.28,%,70/85/90%,Leitura máxima de nível de água na área.
2438,813,,,precipitacao_acumulada_6h,15.16,mm,30/41/60 mm,Precipitação acumulada calculada sobre as últimas 6 horas.
2439,813,,1143,precipitacao_prevista_1h,10.27,mm,10/21/40 mm,Previsão meteorológica simulada para a próxima hora.
2440,814,10294,,nivel_agua_percentagem,71.1,%,70/85/90%,Leitura máxima de nível de água na área.
2441,814,,,precipitacao_acumulada_6h,50.58,mm,30/41/60 mm,Precipitação acumulada calculada sobre as últimas 6 horas.
2442,814,,1144,precipitacao_prevista_1h,0,mm,10/21/40 mm,Previsão meteorológica simulada para a próxima hora.
2443,815,10315,,nivel_agua_percentagem,44.08,%,70/85/90%,Leitura máxima de nível de água na área.
2444,815,,,precipitacao_acumulada_6h,15.36,mm,30/41/60 mm,Precipitação acumulada calculada sobre as últimas 6 horas.
2445,815,,1147,precipitacao_prevista_1h,9.81,mm,10/21/40 mm,Previsão meteorológica simulada para a próxima hora.
2446,816,10348,,nivel_agua_percentagem,57.39,%,70/85/90%,Leitura máxima de nível de água na área.
2447,816,,,precipitacao_acumulada_6h,28.45,mm,30/41/60 mm,Precipitação acumulada calculada sobre as últimas 6 horas.
2448,816,,1150,precipitacao_prevista_1h,17.13,mm,10/21/40 mm,Previsão meteorológica simulada para a próxima hora.
2449,817,10357,,nivel_agua_percentagem,60.58,%,70/85/90%,Leitura máxima de nível de água na área.
2450,817,,,precipitacao_acumulada_6h,44.48,mm,30/41/60 mm,Precipitação acumulada calculada sobre as últimas 6 horas.
2451,817,,1151,precipitacao_prevista_1h,40.02,mm,10/21/40 mm,Previsão meteorológica simulada para a próxima hora.
2452,818,10363,,nivel_agua_percentagem,54.97,%,70/85/90%,Leitura máxima de nível de água na área.
2453,818,,,precipitacao_acumulada_6h,30.96,mm,30/41/60 mm,Precipitação acumulada calculada sobre as últimas 6 horas.
2454,818,,1152,precipitacao_prevista_1h,8.21,mm,10/21/40 mm,Previsão meteorológica simulada para a próxima hora.
2455,819,10384,,nivel_agua_percentagem,58.85,%,70/85/90%,Leitura máxima de nível de água na área.
2456,819,,,precipitacao_acumulada_6h,30.38,mm,30/41/60 mm,Precipitação acumulada calculada sobre as últimas 6 horas.
2457,819,,1154,precipitacao_prevista_1h,2.05,mm,10/21/40 mm,Previsão meteorológica simulada para a próxima hora.
2458,820,10387,,nivel_agua_percentagem,66.04,%,70/85/90%,Leitura máxima de nível de água na área.
2459,820,,,precipitacao_acumulada_6h,44.6,mm,30/41/60 mm,Precipitação acumulada calculada sobre as últimas 6 horas.
2460,820,,1155,precipitacao_prevista_1h,7.4,mm,10/21/40 mm,Previsão meteorológica simulada para a próxima hora.
2461,821,10405,,nivel_agua_percentagem,56.27,%,70/85/90%,Leitura máxima de nível de água na área.
2462,821,,,precipitacao_acumulada_6h,18.86,mm,30/41/60 mm,Precipitação acumulada calculada sobre as últimas 6 horas.
2463,821,,1157,precipitacao_prevista_1h,18,mm,10/21/40 mm,Previsão meteorológica simulada para a próxima hora.
2464,822,10420,,nivel_agua_percentagem,58.69,%,70/85/90%,Leitura máxima de nível de água na área.
2465,822,,,precipitacao_acumulada_6h,31.57,mm,30/41/60 mm,Precipitação acumulada calculada sobre as últimas 6 horas.
2466,822,,1158,precipitacao_prevista_1h,0,mm,10/21/40 mm,Previsão meteorológica simulada para a próxima hora.
2467,823,10426,,nivel_agua_percentagem,70.56,%,70/85/90%,Leitura máxima de nível de água na área.
2468,823,,,precipitacao_acumulada_6h,47.43,mm,30/41/60 mm,Precipitação acumulada calculada sobre as últimas 6 horas.
2469,823,,1159,precipitacao_prevista_1h,15.22,mm,10/21/40 mm,Previsão meteorológica simulada para a próxima hora.
2470,824,10450,,nivel_agua_percentagem,61.46,%,70/85/90%,Leitura máxima de nível de água na área.
2471,824,,,precipitacao_acumulada_6h,29.49,mm,30/41/60 mm,Precipitação acumulada calculada sobre as últimas 6 horas.
2472,824,,1162,precipitacao_prevista_1h,15.85,mm,10/21/40 mm,Previsão meteorológica simulada para a próxima hora.
2473,825,10462,,nivel_agua_percentagem,66.33,%,70/85/90%,Leitura máxima de nível de água na área.
2474,825,,,precipitacao_acumulada_6h,50.18,mm,30/41/60 mm,Precipitação acumulada calculada sobre as últimas 6 horas.
2475,825,,1163,precipitacao_prevista_1h,10.63,mm,10/21/40 mm,Previsão meteorológica simulada para a próxima hora.
2476,826,10486,,nivel_agua_percentagem,66.04,%,70/85/90%,Leitura máxima de nível de água na área.
2477,826,,,precipitacao_acumulada_6h,33.86,mm,30/41/60 mm,Precipitação acumulada calculada sobre as últimas 6 horas.
2478,826,,1166,precipitacao_prevista_1h,20.38,mm,10/21/40 mm,Previsão meteorológica simulada para a próxima hora.
2479,827,10498,,nivel_agua_percentagem,75.77,%,70/85/90%,Leitura máxima de nível de água na área.
2480,827,,,precipitacao_acumulada_6h,53.61,mm,30/41/60 mm,Precipitação acumulada calculada sobre as últimas 6 horas.
2481,827,,1167,precipitacao_prevista_1h,7.04,mm,10/21/40 mm,Previsão meteorológica simulada para a próxima hora.
2482,828,10510,,nivel_agua_percentagem,44.75,%,70/85/90%,Leitura máxima de nível de água na área.
2483,828,,,precipitacao_acumulada_6h,16.72,mm,30/41/60 mm,Precipitação acumulada calculada sobre as últimas 6 horas.
2484,828,,1168,precipitacao_prevista_1h,0,mm,10/21/40 mm,Previsão meteorológica simulada para a próxima hora.
2485,829,10525,,nivel_agua_percentagem,57.31,%,70/85/90%,Leitura máxima de nível de água na área.
2486,829,,,precipitacao_acumulada_6h,23.59,mm,30/41/60 mm,Precipitação acumulada calculada sobre as últimas 6 horas.
2487,829,,1170,precipitacao_prevista_1h,17.5,mm,10/21/40 mm,Previsão meteorológica simulada para a próxima hora.
2488,830,10537,,nivel_agua_percentagem,74.93,%,70/85/90%,Leitura máxima de nível de água na área.
2489,830,,,precipitacao_acumulada_6h,53.26,mm,30/41/60 mm,Precipitação acumulada calculada sobre as últimas 6 horas.
2490,830,,1171,precipitacao_prevista_1h,6.44,mm,10/21/40 mm,Previsão meteorológica simulada para a próxima hora.
2491,831,10543,,nivel_agua_percentagem,45.63,%,70/85/90%,Leitura máxima de nível de água na área.
2492,831,,,precipitacao_acumulada_6h,17.86,mm,30/41/60 mm,Precipitação acumulada calculada sobre as últimas 6 horas.
2493,831,,1172,precipitacao_prevista_1h,15.29,mm,10/21/40 mm,Previsão meteorológica simulada para a próxima hora.
2494,832,10555,,nivel_agua_percentagem,50.25,%,70/85/90%,Leitura máxima de nível de água na área.
2495,832,,,precipitacao_acumulada_6h,22.08,mm,30/41/60 mm,Precipitação acumulada calculada sobre as últimas 6 horas.
2496,832,,1173,precipitacao_prevista_1h,21.63,mm,10/21/40 mm,Previsão meteorológica simulada para a próxima hora.
2497,833,10561,,nivel_agua_percentagem,58.24,%,70/85/90%,Leitura máxima de nível de água na área.
2498,833,,,precipitacao_acumulada_6h,23.47,mm,30/41/60 mm,Precipitação acumulada calculada sobre as últimas 6 horas.
2499,833,,1174,precipitacao_prevista_1h,17.49,mm,10/21/40 mm,Previsão meteorológica simulada para a próxima hora.
2500,834,10573,,nivel_agua_percentagem,56.04,%,70/85/90%,Leitura máxima de nível de água na área.
2501,834,,,precipitacao_acumulada_6h,25.18,mm,30/41/60 mm,Precipitação acumulada calculada sobre as últimas 6 horas.
2502,834,,1175,precipitacao_prevista_1h,17.72,mm,10/21/40 mm,Previsão meteorológica simulada para a próxima hora.
2503,835,10585,,nivel_agua_percentagem,57.12,%,70/85/90%,Leitura máxima de nível de água na área.
2504,835,,,precipitacao_acumulada_6h,20.15,mm,30/41/60 mm,Precipitação acumulada calculada sobre as últimas 6 horas.
2505,835,,1177,precipitacao_prevista_1h,11.14,mm,10/21/40 mm,Previsão meteorológica simulada para a próxima hora.
2506,836,10594,,nivel_agua_percentagem,54.38,%,70/85/90%,Leitura máxima de nível de água na área.
2507,836,,,precipitacao_acumulada_6h,21.53,mm,30/41/60 mm,Precipitação acumulada calculada sobre as últimas 6 horas.
2508,836,,1178,precipitacao_prevista_1h,12.09,mm,10/21/40 mm,Previsão meteorológica simulada para a próxima hora.
2509,837,10615,,nivel_agua_percentagem,43.3,%,70/85/90%,Leitura máxima de nível de água na área.
2510,837,,,precipitacao_acumulada_6h,19.17,mm,30/41/60 mm,Precipitação acumulada calculada sobre as últimas 6 horas.
2511,837,,1180,precipitacao_prevista_1h,11.59,mm,10/21/40 mm,Previsão meteorológica simulada para a próxima hora.
2512,838,10648,,nivel_agua_percentagem,43.87,%,70/85/90%,Leitura máxima de nível de água na área.
2513,838,,,precipitacao_acumulada_6h,18.54,mm,30/41/60 mm,Precipitação acumulada calculada sobre as últimas 6 horas.
2514,838,,1184,precipitacao_prevista_1h,20.72,mm,10/21/40 mm,Previsão meteorológica simulada para a próxima hora.
2515,839,10660,,nivel_agua_percentagem,96.66,%,70/85/90%,Leitura máxima de nível de água na área.
2516,839,,,precipitacao_acumulada_6h,71.35,mm,30/41/60 mm,Precipitação acumulada calculada sobre as últimas 6 horas.
2517,839,,1185,precipitacao_prevista_1h,61.48,mm,10/21/40 mm,Previsão meteorológica simulada para a próxima hora.
2518,840,10669,,nivel_agua_percentagem,50.35,%,70/85/90%,Leitura máxima de nível de água na área.
2519,840,,,precipitacao_acumulada_6h,22.15,mm,30/41/60 mm,Precipitação acumulada calculada sobre as últimas 6 horas.
2520,840,,1186,precipitacao_prevista_1h,11.94,mm,10/21/40 mm,Previsão meteorológica simulada para a próxima hora.
2521,841,10681,,nivel_agua_percentagem,43.12,%,70/85/90%,Leitura máxima de nível de água na área.
2522,841,,,precipitacao_acumulada_6h,16.08,mm,30/41/60 mm,Precipitação acumulada calculada sobre as últimas 6 horas.
2523,841,,1187,precipitacao_prevista_1h,0,mm,10/21/40 mm,Previsão meteorológica simulada para a próxima hora.
2524,842,10684,,nivel_agua_percentagem,44.12,%,70/85/90%,Leitura máxima de nível de água na área.
2525,842,,,precipitacao_acumulada_6h,16.42,mm,30/41/60 mm,Precipitação acumulada calculada sobre as últimas 6 horas.
2526,842,,1188,precipitacao_prevista_1h,17.83,mm,10/21/40 mm,Previsão meteorológica simulada para a próxima hora.
2527,843,10693,,nivel_agua_percentagem,96.55,%,70/85/90%,Leitura máxima de nível de água na área.
2528,843,,,precipitacao_acumulada_6h,69.06,mm,30/41/60 mm,Precipitação acumulada calculada sobre as últimas 6 horas.
2529,843,,1189,precipitacao_prevista_1h,7.13,mm,10/21/40 mm,Previsão meteorológica simulada para a próxima hora.
2530,844,10708,,nivel_agua_percentagem,48.3,%,70/85/90%,Leitura máxima de nível de água na área.
2531,844,,,precipitacao_acumulada_6h,20.02,mm,30/41/60 mm,Precipitação acumulada calculada sobre as últimas 6 horas.
2532,844,,1190,precipitacao_prevista_1h,15.61,mm,10/21/40 mm,Previsão meteorológica simulada para a próxima hora.
2533,845,10726,,nivel_agua_percentagem,45.97,%,70/85/90%,Leitura máxima de nível de água na área.
2534,845,,,precipitacao_acumulada_6h,19.1,mm,30/41/60 mm,Precipitação acumulada calculada sobre as últimas 6 horas.
2535,845,,1192,precipitacao_prevista_1h,17.38,mm,10/21/40 mm,Previsão meteorológica simulada para a próxima hora.
2536,846,10729,,nivel_agua_percentagem,98.44,%,70/85/90%,Leitura máxima de nível de água na área.
2537,846,,,precipitacao_acumulada_6h,67.56,mm,30/41/60 mm,Precipitação acumulada calculada sobre as últimas 6 horas.
2538,846,,1193,precipitacao_prevista_1h,0,mm,10/21/40 mm,Previsão meteorológica simulada para a próxima hora.
2539,847,10744,,nivel_agua_percentagem,50.97,%,70/85/90%,Leitura máxima de nível de água na área.
2540,847,,,precipitacao_acumulada_6h,21.7,mm,30/41/60 mm,Precipitação acumulada calculada sobre as últimas 6 horas.
2541,847,,1194,precipitacao_prevista_1h,2.48,mm,10/21/40 mm,Previsão meteorológica simulada para a próxima hora.
2542,848,10771,,nivel_agua_percentagem,100,%,70/85/90%,Leitura máxima de nível de água na área.
2543,848,,,precipitacao_acumulada_6h,69.71,mm,30/41/60 mm,Precipitação acumulada calculada sobre as últimas 6 horas.
2544,848,,1197,precipitacao_prevista_1h,9.86,mm,10/21/40 mm,Previsão meteorológica simulada para a próxima hora.
2545,849,10783,,nivel_agua_percentagem,48.39,%,70/85/90%,Leitura máxima de nível de água na área.
2546,849,,,precipitacao_acumulada_6h,15.73,mm,30/41/60 mm,Precipitação acumulada calculada sobre as últimas 6 horas.
2547,849,,1199,precipitacao_prevista_1h,17.22,mm,10/21/40 mm,Previsão meteorológica simulada para a próxima hora.
2548,850,10804,,nivel_agua_percentagem,98.7,%,70/85/90%,Leitura máxima de nível de água na área.
2549,850,,,precipitacao_acumulada_6h,70.93,mm,30/41/60 mm,Precipitação acumulada calculada sobre as últimas 6 horas.
2550,850,,1201,precipitacao_prevista_1h,23.82,mm,10/21/40 mm,Previsão meteorológica simulada para a próxima hora.
2551,851,10816,,nivel_agua_percentagem,50.32,%,70/85/90%,Leitura máxima de nível de água na área.
2552,851,,,precipitacao_acumulada_6h,21.68,mm,30/41/60 mm,Precipitação acumulada calculada sobre as últimas 6 horas.
2553,851,,1202,precipitacao_prevista_1h,22.78,mm,10/21/40 mm,Previsão meteorológica simulada para a próxima hora.
2554,852,10825,,nivel_agua_percentagem,49.34,%,70/85/90%,Leitura máxima de nível de água na área.
2555,852,,,precipitacao_acumulada_6h,17.74,mm,30/41/60 mm,Precipitação acumulada calculada sobre as últimas 6 horas.
2556,852,,1203,precipitacao_prevista_1h,22.36,mm,10/21/40 mm,Previsão meteorológica simulada para a próxima hora.
2557,853,10840,,nivel_agua_percentagem,100,%,70/85/90%,Leitura máxima de nível de água na área.
2558,853,,,precipitacao_acumulada_6h,75.32,mm,30/41/60 mm,Precipitação acumulada calculada sobre as últimas 6 horas.
2559,853,,1205,precipitacao_prevista_1h,7.83,mm,10/21/40 mm,Previsão meteorológica simulada para a próxima hora.
2560,854,10849,,nivel_agua_percentagem,53.36,%,70/85/90%,Leitura máxima de nível de água na área.
2561,854,,,precipitacao_acumulada_6h,24.62,mm,30/41/60 mm,Precipitação acumulada calculada sobre as últimas 6 horas.
2562,854,,1206,precipitacao_prevista_1h,11.99,mm,10/21/40 mm,Previsão meteorológica simulada para a próxima hora.
2563,855,10867,,nivel_agua_percentagem,41.55,%,70/85/90%,Leitura máxima de nível de água na área.
2564,855,,,precipitacao_acumulada_6h,18.01,mm,30/41/60 mm,Precipitação acumulada calculada sobre as últimas 6 horas.
2565,855,,1208,precipitacao_prevista_1h,22.48,mm,10/21/40 mm,Previsão meteorológica simulada para a próxima hora.
2566,856,10879,,nivel_agua_percentagem,64.06,%,70/85/90%,Leitura máxima de nível de água na área.
2567,856,,,precipitacao_acumulada_6h,22.57,mm,30/41/60 mm,Precipitação acumulada calculada sobre as últimas 6 horas.
2568,856,,1209,precipitacao_prevista_1h,21.95,mm,10/21/40 mm,Previsão meteorológica simulada para a próxima hora.
2569,857,10897,,nivel_agua_percentagem,49.23,%,70/85/90%,Leitura máxima de nível de água na área.
2570,857,,,precipitacao_acumulada_6h,20.05,mm,30/41/60 mm,Precipitação acumulada calculada sobre as últimas 6 horas.
2571,857,,1211,precipitacao_prevista_1h,17.42,mm,10/21/40 mm,Previsão meteorológica simulada para a próxima hora.
2572,858,10909,,nivel_agua_percentagem,64.55,%,70/85/90%,Leitura máxima de nível de água na área.
2573,858,,,precipitacao_acumulada_6h,25.24,mm,30/41/60 mm,Precipitação acumulada calculada sobre as últimas 6 horas.
2574,858,,1213,precipitacao_prevista_1h,22.28,mm,10/21/40 mm,Previsão meteorológica simulada para a próxima hora.
2575,859,10924,,nivel_agua_percentagem,77.06,%,70/85/90%,Leitura máxima de nível de água na área.
2576,859,,,precipitacao_acumulada_6h,58.12,mm,30/41/60 mm,Precipitação acumulada calculada sobre as últimas 6 horas.
2577,859,,1214,precipitacao_prevista_1h,50.44,mm,10/21/40 mm,Previsão meteorológica simulada para a próxima hora.
2578,860,10930,,nivel_agua_percentagem,60.38,%,70/85/90%,Leitura máxima de nível de água na área.
2579,860,,,precipitacao_acumulada_6h,45.17,mm,30/41/60 mm,Precipitação acumulada calculada sobre as últimas 6 horas.
2580,860,,1215,precipitacao_prevista_1h,33.81,mm,10/21/40 mm,Previsão meteorológica simulada para a próxima hora.
2581,861,10942,,nivel_agua_percentagem,41.71,%,70/85/90%,Leitura máxima de nível de água na área.
2582,861,,,precipitacao_acumulada_6h,20.1,mm,30/41/60 mm,Precipitação acumulada calculada sobre as últimas 6 horas.
2583,861,,1216,precipitacao_prevista_1h,14.16,mm,10/21/40 mm,Previsão meteorológica simulada para a próxima hora.
2584,862,10948,,nivel_agua_percentagem,59.14,%,70/85/90%,Leitura máxima de nível de água na área.
2585,862,,,precipitacao_acumulada_6h,24.12,mm,30/41/60 mm,Precipitação acumulada calculada sobre as últimas 6 horas.
2586,862,,1217,precipitacao_prevista_1h,11.14,mm,10/21/40 mm,Previsão meteorológica simulada para a próxima hora.
2587,863,10957,,nivel_agua_percentagem,83.14,%,70/85/90%,Leitura máxima de nível de água na área.
2588,863,,,precipitacao_acumulada_6h,58.23,mm,30/41/60 mm,Precipitação acumulada calculada sobre as últimas 6 horas.
2589,863,,1218,precipitacao_prevista_1h,13.98,mm,10/21/40 mm,Previsão meteorológica simulada para a próxima hora.
2590,864,10972,,nivel_agua_percentagem,46.07,%,70/85/90%,Leitura máxima de nível de água na área.
2591,864,,,precipitacao_acumulada_6h,20.74,mm,30/41/60 mm,Precipitação acumulada calculada sobre as últimas 6 horas.
2592,864,,1220,precipitacao_prevista_1h,3.51,mm,10/21/40 mm,Previsão meteorológica simulada para a próxima hora.
2593,865,10990,,nivel_agua_percentagem,85.89,%,70/85/90%,Leitura máxima de nível de água na área.
2594,865,,,precipitacao_acumulada_6h,57.55,mm,30/41/60 mm,Precipitação acumulada calculada sobre as últimas 6 horas.
2595,865,,1222,precipitacao_prevista_1h,12.39,mm,10/21/40 mm,Previsão meteorológica simulada para a próxima hora.
2596,866,10999,,nivel_agua_percentagem,75.82,%,70/85/90%,Leitura máxima de nível de água na área.
2597,866,,,precipitacao_acumulada_6h,54.08,mm,30/41/60 mm,Precipitação acumulada calculada sobre as últimas 6 horas.
2598,866,,1223,precipitacao_prevista_1h,10.37,mm,10/21/40 mm,Previsão meteorológica simulada para a próxima hora.
2599,867,11008,,nivel_agua_percentagem,45.41,%,70/85/90%,Leitura máxima de nível de água na área.
2600,867,,,precipitacao_acumulada_6h,20.58,mm,30/41/60 mm,Precipitação acumulada calculada sobre as últimas 6 horas.
2601,867,,1224,precipitacao_prevista_1h,13.11,mm,10/21/40 mm,Previsão meteorológica simulada para a próxima hora.
2602,868,11023,,nivel_agua_percentagem,58.38,%,70/85/90%,Leitura máxima de nível de água na área.
2603,868,,,precipitacao_acumulada_6h,27.17,mm,30/41/60 mm,Precipitação acumulada calculada sobre as últimas 6 horas.
2604,868,,1225,precipitacao_prevista_1h,16.85,mm,10/21/40 mm,Previsão meteorológica simulada para a próxima hora.
2605,869,11029,,nivel_agua_percentagem,85.55,%,70/85/90%,Leitura máxima de nível de água na área.
2606,869,,,precipitacao_acumulada_6h,55.07,mm,30/41/60 mm,Precipitação acumulada calculada sobre as últimas 6 horas.
2607,869,,1226,precipitacao_prevista_1h,0,mm,10/21/40 mm,Previsão meteorológica simulada para a próxima hora.
2608,870,11038,,nivel_agua_percentagem,77.39,%,70/85/90%,Leitura máxima de nível de água na área.
2609,870,,,precipitacao_acumulada_6h,56.42,mm,30/41/60 mm,Precipitação acumulada calculada sobre as últimas 6 horas.
2610,870,,1227,precipitacao_prevista_1h,10.14,mm,10/21/40 mm,Previsão meteorológica simulada para a próxima hora.
2611,871,11044,,nivel_agua_percentagem,46.57,%,70/85/90%,Leitura máxima de nível de água na área.
2612,871,,,precipitacao_acumulada_6h,19.32,mm,30/41/60 mm,Precipitação acumulada calculada sobre as últimas 6 horas.
2613,871,,1228,precipitacao_prevista_1h,12.87,mm,10/21/40 mm,Previsão meteorológica simulada para a próxima hora.
2614,872,11065,,nivel_agua_percentagem,81.17,%,70/85/90%,Leitura máxima de nível de água na área.
2615,872,,,precipitacao_acumulada_6h,52.72,mm,30/41/60 mm,Precipitação acumulada calculada sobre as últimas 6 horas.
2616,872,,1230,precipitacao_prevista_1h,0,mm,10/21/40 mm,Previsão meteorológica simulada para a próxima hora.
2617,873,11077,,nivel_agua_percentagem,81.83,%,70/85/90%,Leitura máxima de nível de água na área.
2618,873,,,precipitacao_acumulada_6h,57.17,mm,30/41/60 mm,Precipitação acumulada calculada sobre as últimas 6 horas.
2619,873,,1231,precipitacao_prevista_1h,0,mm,10/21/40 mm,Previsão meteorológica simulada para a próxima hora.
2620,874,11104,,nivel_agua_percentagem,80.88,%,70/85/90%,Leitura máxima de nível de água na área.
2621,874,,,precipitacao_acumulada_6h,50.05,mm,30/41/60 mm,Precipitação acumulada calculada sobre as últimas 6 horas.
2622,874,,1234,precipitacao_prevista_1h,1.65,mm,10/21/40 mm,Previsão meteorológica simulada para a próxima hora.
2623,875,11113,,nivel_agua_percentagem,77.31,%,70/85/90%,Leitura máxima de nível de água na área.
2624,875,,,precipitacao_acumulada_6h,56.61,mm,30/41/60 mm,Precipitação acumulada calculada sobre as últimas 6 horas.
2625,875,,1235,precipitacao_prevista_1h,0,mm,10/21/40 mm,Previsão meteorológica simulada para a próxima hora.
2626,876,11152,,nivel_agua_percentagem,53.46,%,70/85/90%,Leitura máxima de nível de água na área.
2627,876,,,precipitacao_acumulada_6h,24.42,mm,30/41/60 mm,Precipitação acumulada calculada sobre as últimas 6 horas.
2628,876,,1240,precipitacao_prevista_1h,28.27,mm,10/21/40 mm,Previsão meteorológica simulada para a próxima hora.
2629,877,11167,,nivel_agua_percentagem,54.67,%,70/85/90%,Leitura máxima de nível de água na área.
2630,877,,,precipitacao_acumulada_6h,23.47,mm,30/41/60 mm,Precipitação acumulada calculada sobre as últimas 6 horas.
2631,877,,1241,precipitacao_prevista_1h,15.27,mm,10/21/40 mm,Previsão meteorológica simulada para a próxima hora.
2632,878,11185,,nivel_agua_percentagem,50.57,%,70/85/90%,Leitura máxima de nível de água na área.
2633,878,,,precipitacao_acumulada_6h,22.11,mm,30/41/60 mm,Precipitação acumulada calculada sobre as últimas 6 horas.
2634,878,,1243,precipitacao_prevista_1h,17.2,mm,10/21/40 mm,Previsão meteorológica simulada para a próxima hora.
2635,879,11218,,nivel_agua_percentagem,51.42,%,70/85/90%,Leitura máxima de nível de água na área.
2636,879,,,precipitacao_acumulada_6h,22.53,mm,30/41/60 mm,Precipitação acumulada calculada sobre as últimas 6 horas.
2637,879,,1247,precipitacao_prevista_1h,11.85,mm,10/21/40 mm,Previsão meteorológica simulada para a próxima hora.
2638,880,11239,,nivel_agua_percentagem,69.18,%,70/85/90%,Leitura máxima de nível de água na área.
2639,880,,,precipitacao_acumulada_6h,38.08,mm,30/41/60 mm,Precipitação acumulada calculada sobre as últimas 6 horas.
2640,880,,1249,precipitacao_prevista_1h,24.94,mm,10/21/40 mm,Previsão meteorológica simulada para a próxima hora.
2641,881,11275,,nivel_agua_percentagem,74.01,%,70/85/90%,Leitura máxima de nível de água na área.
2642,881,,,precipitacao_acumulada_6h,38.69,mm,30/41/60 mm,Precipitação acumulada calculada sobre as últimas 6 horas.
2643,881,,1253,precipitacao_prevista_1h,16.31,mm,10/21/40 mm,Previsão meteorológica simulada para a próxima hora.
2644,882,11290,,nivel_agua_percentagem,42.56,%,70/85/90%,Leitura máxima de nível de água na área.
2645,882,,,precipitacao_acumulada_6h,18.06,mm,30/41/60 mm,Precipitação acumulada calculada sobre as últimas 6 horas.
2646,882,,1255,precipitacao_prevista_1h,25.01,mm,10/21/40 mm,Previsão meteorológica simulada para a próxima hora.
2647,883,11302,,nivel_agua_percentagem,49.89,%,70/85/90%,Leitura máxima de nível de água na área.
2648,883,,,precipitacao_acumulada_6h,27.47,mm,30/41/60 mm,Precipitação acumulada calculada sobre as últimas 6 horas.
2649,883,,1256,precipitacao_prevista_1h,10.56,mm,10/21/40 mm,Previsão meteorológica simulada para a próxima hora.
2650,884,11305,,nivel_agua_percentagem,65.63,%,70/85/90%,Leitura máxima de nível de água na área.
2651,884,,,precipitacao_acumulada_6h,36.79,mm,30/41/60 mm,Precipitação acumulada calculada sobre as últimas 6 horas.
2652,884,,1257,precipitacao_prevista_1h,9.95,mm,10/21/40 mm,Previsão meteorológica simulada para a próxima hora.
2653,885,11317,,nivel_agua_percentagem,51.83,%,70/85/90%,Leitura máxima de nível de água na área.
2654,885,,,precipitacao_acumulada_6h,22.06,mm,30/41/60 mm,Precipitação acumulada calculada sobre as últimas 6 horas.
2655,885,,1258,precipitacao_prevista_1h,0,mm,10/21/40 mm,Previsão meteorológica simulada para a próxima hora.
2656,886,11323,,nivel_agua_percentagem,49.08,%,70/85/90%,Leitura máxima de nível de água na área.
2657,886,,,precipitacao_acumulada_6h,16.53,mm,30/41/60 mm,Precipitação acumulada calculada sobre as últimas 6 horas.
2658,886,,1259,precipitacao_prevista_1h,10,mm,10/21/40 mm,Previsão meteorológica simulada para a próxima hora.
2659,887,11338,,nivel_agua_percentagem,50.72,%,70/85/90%,Leitura máxima de nível de água na área.
2660,887,,,precipitacao_acumulada_6h,30.1,mm,30/41/60 mm,Precipitação acumulada calculada sobre as últimas 6 horas.
2661,887,,1260,precipitacao_prevista_1h,25.06,mm,10/21/40 mm,Previsão meteorológica simulada para a próxima hora.
2662,888,11341,,nivel_agua_percentagem,100,%,70/85/90%,Leitura máxima de nível de água na área.
2663,888,,,precipitacao_acumulada_6h,74.4,mm,30/41/60 mm,Precipitação acumulada calculada sobre as últimas 6 horas.
2664,888,,1261,precipitacao_prevista_1h,37.73,mm,10/21/40 mm,Previsão meteorológica simulada para a próxima hora.
2665,889,11356,,nivel_agua_percentagem,50.52,%,70/85/90%,Leitura máxima de nível de água na área.
2666,889,,,precipitacao_acumulada_6h,17.82,mm,30/41/60 mm,Precipitação acumulada calculada sobre as últimas 6 horas.
2667,889,,1262,precipitacao_prevista_1h,10.28,mm,10/21/40 mm,Previsão meteorológica simulada para a próxima hora.
2668,890,11374,,nivel_agua_percentagem,43.7,%,70/85/90%,Leitura máxima de nível de água na área.
2669,890,,,precipitacao_acumulada_6h,19.49,mm,30/41/60 mm,Precipitação acumulada calculada sobre as últimas 6 horas.
2670,890,,1264,precipitacao_prevista_1h,10.63,mm,10/21/40 mm,Previsão meteorológica simulada para a próxima hora.
2671,891,11380,,nivel_agua_percentagem,100,%,70/85/90%,Leitura máxima de nível de água na área.
2672,891,,,precipitacao_acumulada_6h,74.35,mm,30/41/60 mm,Precipitação acumulada calculada sobre as últimas 6 horas.
2673,891,,1265,precipitacao_prevista_1h,0,mm,10/21/40 mm,Previsão meteorológica simulada para a próxima hora.
2674,892,11401,,nivel_agua_percentagem,40.69,%,70/85/90%,Leitura máxima de nível de água na área.
2675,892,,,precipitacao_acumulada_6h,10.39,mm,30/41/60 mm,Precipitação acumulada calculada sobre as últimas 6 horas.
2676,892,,1267,precipitacao_prevista_1h,13.21,mm,10/21/40 mm,Previsão meteorológica simulada para a próxima hora.
2677,893,11404,,nivel_agua_percentagem,40.29,%,70/85/90%,Leitura máxima de nível de água na área.
2678,893,,,precipitacao_acumulada_6h,19.57,mm,30/41/60 mm,Precipitação acumulada calculada sobre as últimas 6 horas.
2679,893,,1268,precipitacao_prevista_1h,23.37,mm,10/21/40 mm,Previsão meteorológica simulada para a próxima hora.
2680,894,11416,,nivel_agua_percentagem,100,%,70/85/90%,Leitura máxima de nível de água na área.
2681,894,,,precipitacao_acumulada_6h,72.2,mm,30/41/60 mm,Precipitação acumulada calculada sobre as últimas 6 horas.
2682,894,,1269,precipitacao_prevista_1h,0,mm,10/21/40 mm,Previsão meteorológica simulada para a próxima hora.
2683,895,11437,,nivel_agua_percentagem,40.31,%,70/85/90%,Leitura máxima de nível de água na área.
2684,895,,,precipitacao_acumulada_6h,10.43,mm,30/41/60 mm,Precipitação acumulada calculada sobre as últimas 6 horas.
2685,895,,1271,precipitacao_prevista_1h,12.86,mm,10/21/40 mm,Previsão meteorológica simulada para a próxima hora.
2686,896,11452,,nivel_agua_percentagem,86.32,%,70/85/90%,Leitura máxima de nível de água na área.
2687,896,,,precipitacao_acumulada_6h,53.86,mm,30/41/60 mm,Precipitação acumulada calculada sobre as últimas 6 horas.
2688,896,,1273,precipitacao_prevista_1h,5.73,mm,10/21/40 mm,Previsão meteorológica simulada para a próxima hora.
2689,897,11488,,nivel_agua_percentagem,83.54,%,70/85/90%,Leitura máxima de nível de água na área.
2690,897,,,precipitacao_acumulada_6h,54,mm,30/41/60 mm,Precipitação acumulada calculada sobre as últimas 6 horas.
2691,897,,1277,precipitacao_prevista_1h,1.33,mm,10/21/40 mm,Previsão meteorológica simulada para a próxima hora.
2692,898,11521,,nivel_agua_percentagem,89.75,%,70/85/90%,Leitura máxima de nível de água na área.
2693,898,,,precipitacao_acumulada_6h,57.71,mm,30/41/60 mm,Precipitação acumulada calculada sobre as últimas 6 horas.
2694,898,,1281,precipitacao_prevista_1h,18.67,mm,10/21/40 mm,Previsão meteorológica simulada para a próxima hora.
2695,899,11572,,nivel_agua_percentagem,54.03,%,70/85/90%,Leitura máxima de nível de água na área.
2696,899,,,precipitacao_acumulada_6h,20.46,mm,30/41/60 mm,Precipitação acumulada calculada sobre as últimas 6 horas.
2697,899,,1286,precipitacao_prevista_1h,15.08,mm,10/21/40 mm,Previsão meteorológica simulada para a próxima hora.
2698,900,11584,,nivel_agua_percentagem,41.97,%,70/85/90%,Leitura máxima de nível de água na área.
2699,900,,,precipitacao_acumulada_6h,16,mm,30/41/60 mm,Precipitação acumulada calculada sobre as últimas 6 horas.
2700,900,,1288,precipitacao_prevista_1h,16.35,mm,10/21/40 mm,Previsão meteorológica simulada para a próxima hora.
2701,901,11599,,nivel_agua_percentagem,100,%,70/85/90%,Leitura máxima de nível de água na área.
2702,901,,,precipitacao_acumulada_6h,74.76,mm,30/41/60 mm,Precipitação acumulada calculada sobre as últimas 6 horas.
2703,901,,1289,precipitacao_prevista_1h,53.14,mm,10/21/40 mm,Previsão meteorológica simulada para a próxima hora.
2704,902,11605,,nivel_agua_percentagem,55.81,%,70/85/90%,Leitura máxima de nível de água na área.
2705,902,,,precipitacao_acumulada_6h,19.66,mm,30/41/60 mm,Precipitação acumulada calculada sobre as últimas 6 horas.
2706,902,,1290,precipitacao_prevista_1h,23.02,mm,10/21/40 mm,Previsão meteorológica simulada para a próxima hora.
2707,903,11611,,nivel_agua_percentagem,46.1,%,70/85/90%,Leitura máxima de nível de água na área.
2708,903,,,precipitacao_acumulada_6h,17.74,mm,30/41/60 mm,Precipitação acumulada calculada sobre as últimas 6 horas.
2709,903,,1291,precipitacao_prevista_1h,10.72,mm,10/21/40 mm,Previsão meteorológica simulada para a próxima hora.
2710,904,11620,,nivel_agua_percentagem,38.45,%,70/85/90%,Leitura máxima de nível de água na área.
2711,904,,,precipitacao_acumulada_6h,13.99,mm,30/41/60 mm,Precipitação acumulada calculada sobre as últimas 6 horas.
2712,904,,1292,precipitacao_prevista_1h,13.22,mm,10/21/40 mm,Previsão meteorológica simulada para a próxima hora.
2713,905,11635,,nivel_agua_percentagem,99.98,%,70/85/90%,Leitura máxima de nível de água na área.
2714,905,,,precipitacao_acumulada_6h,73.37,mm,30/41/60 mm,Precipitação acumulada calculada sobre as últimas 6 horas.
2715,905,,1293,precipitacao_prevista_1h,13.97,mm,10/21/40 mm,Previsão meteorológica simulada para a próxima hora.
2716,906,11659,,nivel_agua_percentagem,68.86,%,70/85/90%,Leitura máxima de nível de água na área.
2717,906,,,precipitacao_acumulada_6h,52.37,mm,30/41/60 mm,Precipitação acumulada calculada sobre as últimas 6 horas.
2718,906,,1296,precipitacao_prevista_1h,44.7,mm,10/21/40 mm,Previsão meteorológica simulada para a próxima hora.
2719,907,11668,,nivel_agua_percentagem,100,%,70/85/90%,Leitura máxima de nível de água na área.
2720,907,,,precipitacao_acumulada_6h,72.48,mm,30/41/60 mm,Precipitação acumulada calculada sobre as últimas 6 horas.
2721,907,,1297,precipitacao_prevista_1h,7.67,mm,10/21/40 mm,Previsão meteorológica simulada para a próxima hora.
2722,908,11683,,nivel_agua_percentagem,47.55,%,70/85/90%,Leitura máxima de nível de água na área.
2723,908,,,precipitacao_acumulada_6h,15.58,mm,30/41/60 mm,Precipitação acumulada calculada sobre as últimas 6 horas.
2724,908,,1299,precipitacao_prevista_1h,22.99,mm,10/21/40 mm,Previsão meteorológica simulada para a próxima hora.
2725,909,11695,,nivel_agua_percentagem,71.61,%,70/85/90%,Leitura máxima de nível de água na área.
2726,909,,,precipitacao_acumulada_6h,51.43,mm,30/41/60 mm,Precipitação acumulada calculada sobre as últimas 6 horas.
2727,909,,1300,precipitacao_prevista_1h,0,mm,10/21/40 mm,Previsão meteorológica simulada para a próxima hora.
2728,910,11701,,nivel_agua_percentagem,100,%,70/85/90%,Leitura máxima de nível de água na área.
2729,910,,,precipitacao_acumulada_6h,73.55,mm,30/41/60 mm,Precipitação acumulada calculada sobre as últimas 6 horas.
2730,910,,1301,precipitacao_prevista_1h,16.07,mm,10/21/40 mm,Previsão meteorológica simulada para a próxima hora.
2731,911,11713,,nivel_agua_percentagem,58.69,%,70/85/90%,Leitura máxima de nível de água na área.
2732,911,,,precipitacao_acumulada_6h,23.85,mm,30/41/60 mm,Precipitação acumulada calculada sobre as últimas 6 horas.
2733,911,,1302,precipitacao_prevista_1h,10.06,mm,10/21/40 mm,Previsão meteorológica simulada para a próxima hora.
2734,912,11731,,nivel_agua_percentagem,82.81,%,70/85/90%,Leitura máxima de nível de água na área.
2735,912,,,precipitacao_acumulada_6h,52.78,mm,30/41/60 mm,Precipitação acumulada calculada sobre as últimas 6 horas.
2736,912,,1304,precipitacao_prevista_1h,4.07,mm,10/21/40 mm,Previsão meteorológica simulada para a próxima hora.
2737,913,11743,,nivel_agua_percentagem,99.94,%,70/85/90%,Leitura máxima de nível de água na área.
2738,913,,,precipitacao_acumulada_6h,71.46,mm,30/41/60 mm,Precipitação acumulada calculada sobre as últimas 6 horas.
2739,913,,1305,precipitacao_prevista_1h,5.65,mm,10/21/40 mm,Previsão meteorológica simulada para a próxima hora.
2740,914,11758,,nivel_agua_percentagem,45.36,%,70/85/90%,Leitura máxima de nível de água na área.
2741,914,,,precipitacao_acumulada_6h,12.57,mm,30/41/60 mm,Precipitação acumulada calculada sobre as últimas 6 horas.
2742,914,,1307,precipitacao_prevista_1h,14.74,mm,10/21/40 mm,Previsão meteorológica simulada para a próxima hora.
2743,915,11770,,nivel_agua_percentagem,73.54,%,70/85/90%,Leitura máxima de nível de água na área.
2744,915,,,precipitacao_acumulada_6h,51.33,mm,30/41/60 mm,Precipitação acumulada calculada sobre as últimas 6 horas.
2745,915,,1308,precipitacao_prevista_1h,0,mm,10/21/40 mm,Previsão meteorológica simulada para a próxima hora.
2746,916,11773,,nivel_agua_percentagem,100,%,70/85/90%,Leitura máxima de nível de água na área.
2747,916,,,precipitacao_acumulada_6h,71.71,mm,30/41/60 mm,Precipitação acumulada calculada sobre as últimas 6 horas.
2748,916,,1309,precipitacao_prevista_1h,13.49,mm,10/21/40 mm,Previsão meteorológica simulada para a próxima hora.
2749,917,11791,,nivel_agua_percentagem,60,%,70/85/90%,Leitura máxima de nível de água na área.
2750,917,,,precipitacao_acumulada_6h,36.81,mm,30/41/60 mm,Precipitação acumulada calculada sobre as últimas 6 horas.
2751,917,,1311,precipitacao_prevista_1h,32.1,mm,10/21/40 mm,Previsão meteorológica simulada para a próxima hora.
2752,918,11806,,nivel_agua_percentagem,72.68,%,70/85/90%,Leitura máxima de nível de água na área.
2753,918,,,precipitacao_acumulada_6h,51.45,mm,30/41/60 mm,Precipitação acumulada calculada sobre as últimas 6 horas.
2754,918,,1312,precipitacao_prevista_1h,0,mm,10/21/40 mm,Previsão meteorológica simulada para a próxima hora.
2755,919,11818,,nivel_agua_percentagem,53.63,%,70/85/90%,Leitura máxima de nível de água na área.
2756,919,,,precipitacao_acumulada_6h,19.98,mm,30/41/60 mm,Precipitação acumulada calculada sobre as últimas 6 horas.
2757,919,,1314,precipitacao_prevista_1h,12.58,mm,10/21/40 mm,Previsão meteorológica simulada para a próxima hora.
2758,920,11827,,nivel_agua_percentagem,63.11,%,70/85/90%,Leitura máxima de nível de água na área.
2759,920,,,precipitacao_acumulada_6h,38.59,mm,30/41/60 mm,Precipitação acumulada calculada sobre as últimas 6 horas.
2760,920,,1315,precipitacao_prevista_1h,9.13,mm,10/21/40 mm,Previsão meteorológica simulada para a próxima hora.
2761,921,11836,,nivel_agua_percentagem,68.13,%,70/85/90%,Leitura máxima de nível de água na área.
2762,921,,,precipitacao_acumulada_6h,50.48,mm,30/41/60 mm,Precipitação acumulada calculada sobre as últimas 6 horas.
2763,921,,1316,precipitacao_prevista_1h,13.02,mm,10/21/40 mm,Previsão meteorológica simulada para a próxima hora.
2764,922,11851,,nivel_agua_percentagem,55.03,%,70/85/90%,Leitura máxima de nível de água na área.
2765,922,,,precipitacao_acumulada_6h,22.22,mm,30/41/60 mm,Precipitação acumulada calculada sobre as últimas 6 horas.
2766,922,,1317,precipitacao_prevista_1h,12.31,mm,10/21/40 mm,Previsão meteorológica simulada para a próxima hora.
2767,923,11866,,nivel_agua_percentagem,69.14,%,70/85/90%,Leitura máxima de nível de água na área.
2768,923,,,precipitacao_acumulada_6h,39.24,mm,30/41/60 mm,Precipitação acumulada calculada sobre as últimas 6 horas.
2769,923,,1319,precipitacao_prevista_1h,7.3,mm,10/21/40 mm,Previsão meteorológica simulada para a próxima hora.
2770,924,11902,,nivel_agua_percentagem,60.33,%,70/85/90%,Leitura máxima de nível de água na área.
2771,924,,,precipitacao_acumulada_6h,40.93,mm,30/41/60 mm,Precipitação acumulada calculada sobre as últimas 6 horas.
2772,924,,1323,precipitacao_prevista_1h,11.44,mm,10/21/40 mm,Previsão meteorológica simulada para a próxima hora.
2773,925,11914,,nivel_agua_percentagem,35.39,%,70/85/90%,Leitura máxima de nível de água na área.
2774,925,,,precipitacao_acumulada_6h,13.85,mm,30/41/60 mm,Precipitação acumulada calculada sobre as últimas 6 horas.
2775,925,,1324,precipitacao_prevista_1h,27.75,mm,10/21/40 mm,Previsão meteorológica simulada para a próxima hora.
2776,926,11917,,nivel_agua_percentagem,55.05,%,70/85/90%,Leitura máxima de nível de água na área.
2777,926,,,precipitacao_acumulada_6h,22.66,mm,30/41/60 mm,Precipitação acumulada calculada sobre as últimas 6 horas.
2778,926,,1325,precipitacao_prevista_1h,16.71,mm,10/21/40 mm,Previsão meteorológica simulada para a próxima hora.
2779,927,11941,,nivel_agua_percentagem,67.04,%,70/85/90%,Leitura máxima de nível de água na área.
2780,927,,,precipitacao_acumulada_6h,42.28,mm,30/41/60 mm,Precipitação acumulada calculada sobre as últimas 6 horas.
2781,927,,1327,precipitacao_prevista_1h,0,mm,10/21/40 mm,Previsão meteorológica simulada para a próxima hora.
2782,928,11947,,nivel_agua_percentagem,36.55,%,70/85/90%,Leitura máxima de nível de água na área.
2783,928,,,precipitacao_acumulada_6h,13.37,mm,30/41/60 mm,Precipitação acumulada calculada sobre as últimas 6 horas.
2784,928,,1328,precipitacao_prevista_1h,0,mm,10/21/40 mm,Previsão meteorológica simulada para a próxima hora.
2785,929,11953,,nivel_agua_percentagem,56.03,%,70/85/90%,Leitura máxima de nível de água na área.
2786,929,,,precipitacao_acumulada_6h,21.27,mm,30/41/60 mm,Precipitação acumulada calculada sobre as últimas 6 horas.
2787,929,,1329,precipitacao_prevista_1h,15.99,mm,10/21/40 mm,Previsão meteorológica simulada para a próxima hora.
2788,930,11977,,nivel_agua_percentagem,67.14,%,70/85/90%,Leitura máxima de nível de água na área.
2789,930,,,precipitacao_acumulada_6h,43.69,mm,30/41/60 mm,Precipitação acumulada calculada sobre as últimas 6 horas.
2790,930,,1331,precipitacao_prevista_1h,0,mm,10/21/40 mm,Previsão meteorológica simulada para a próxima hora.
2791,931,11986,,nivel_agua_percentagem,42,%,70/85/90%,Leitura máxima de nível de água na área.
2792,931,,,precipitacao_acumulada_6h,13.6,mm,30/41/60 mm,Precipitação acumulada calculada sobre as últimas 6 horas.
2793,931,,1332,precipitacao_prevista_1h,3.59,mm,10/21/40 mm,Previsão meteorológica simulada para a próxima hora.
2794,932,11992,,nivel_agua_percentagem,73.09,%,70/85/90%,Leitura máxima de nível de água na área.
2795,932,,,precipitacao_acumulada_6h,49.73,mm,30/41/60 mm,Precipitação acumulada calculada sobre as últimas 6 horas.
2796,932,,1333,precipitacao_prevista_1h,29.5,mm,10/21/40 mm,Previsão meteorológica simulada para a próxima hora.
2797,933,11998,,nivel_agua_percentagem,46.9,%,70/85/90%,Leitura máxima de nível de água na área.
2798,933,,,precipitacao_acumulada_6h,13.41,mm,30/41/60 mm,Precipitação acumulada calculada sobre as últimas 6 horas.
2799,933,,1334,precipitacao_prevista_1h,13.87,mm,10/21/40 mm,Previsão meteorológica simulada para a próxima hora.
2800,934,12010,,nivel_agua_percentagem,49.14,%,70/85/90%,Leitura máxima de nível de água na área.
2801,934,,,precipitacao_acumulada_6h,21.4,mm,30/41/60 mm,Precipitação acumulada calculada sobre as últimas 6 horas.
2802,934,,1335,precipitacao_prevista_1h,20.52,mm,10/21/40 mm,Previsão meteorológica simulada para a próxima hora.
2803,935,12028,,nivel_agua_percentagem,81.53,%,70/85/90%,Leitura máxima de nível de água na área.
2804,935,,,precipitacao_acumulada_6h,51.49,mm,30/41/60 mm,Precipitação acumulada calculada sobre as últimas 6 horas.
2805,935,,1337,precipitacao_prevista_1h,14.02,mm,10/21/40 mm,Previsão meteorológica simulada para a próxima hora.
2806,936,12061,,nivel_agua_percentagem,84.92,%,70/85/90%,Leitura máxima de nível de água na área.
2807,936,,,precipitacao_acumulada_6h,51.54,mm,30/41/60 mm,Precipitação acumulada calculada sobre as últimas 6 horas.
2808,936,,1341,precipitacao_prevista_1h,8.69,mm,10/21/40 mm,Previsão meteorológica simulada para a próxima hora.
2809,937,12076,,nivel_agua_percentagem,44.25,%,70/85/90%,Leitura máxima de nível de água na área.
2810,937,,,precipitacao_acumulada_6h,14.54,mm,30/41/60 mm,Precipitação acumulada calculada sobre as últimas 6 horas.
2811,937,,1342,precipitacao_prevista_1h,30.71,mm,10/21/40 mm,Previsão meteorológica simulada para a próxima hora.
2812,938,12088,,nivel_agua_percentagem,37.69,%,70/85/90%,Leitura máxima de nível de água na área.
2813,938,,,precipitacao_acumulada_6h,12.13,mm,30/41/60 mm,Precipitação acumulada calculada sobre as últimas 6 horas.
2814,938,,1344,precipitacao_prevista_1h,38.25,mm,10/21/40 mm,Previsão meteorológica simulada para a próxima hora.
2815,939,12097,,nivel_agua_percentagem,81.3,%,70/85/90%,Leitura máxima de nível de água na área.
2816,939,,,precipitacao_acumulada_6h,50.33,mm,30/41/60 mm,Precipitação acumulada calculada sobre as últimas 6 horas.
2817,939,,1345,precipitacao_prevista_1h,10.23,mm,10/21/40 mm,Previsão meteorológica simulada para a próxima hora.
2818,940,12112,,nivel_agua_percentagem,50.9,%,70/85/90%,Leitura máxima de nível de água na área.
2819,940,,,precipitacao_acumulada_6h,13.91,mm,30/41/60 mm,Precipitação acumulada calculada sobre as últimas 6 horas.
2820,940,,1346,precipitacao_prevista_1h,23.82,mm,10/21/40 mm,Previsão meteorológica simulada para a próxima hora.
2821,941,12124,,nivel_agua_percentagem,41.89,%,70/85/90%,Leitura máxima de nível de água na área.
2822,941,,,precipitacao_acumulada_6h,12.25,mm,30/41/60 mm,Precipitação acumulada calculada sobre as últimas 6 horas.
2823,941,,1348,precipitacao_prevista_1h,10.25,mm,10/21/40 mm,Previsão meteorológica simulada para a próxima hora.
2824,942,12136,,nivel_agua_percentagem,74.57,%,70/85/90%,Leitura máxima de nível de água na área.
2825,942,,,precipitacao_acumulada_6h,49.31,mm,30/41/60 mm,Precipitação acumulada calculada sobre as últimas 6 horas.
2826,942,,1349,precipitacao_prevista_1h,7.63,mm,10/21/40 mm,Previsão meteorológica simulada para a próxima hora.
2827,943,12148,,nivel_agua_percentagem,57.68,%,70/85/90%,Leitura máxima de nível de água na área.
2828,943,,,precipitacao_acumulada_6h,25.73,mm,30/41/60 mm,Precipitação acumulada calculada sobre as últimas 6 horas.
2829,943,,1350,precipitacao_prevista_1h,29.18,mm,10/21/40 mm,Previsão meteorológica simulada para a próxima hora.
2830,944,12175,,nivel_agua_percentagem,82.81,%,70/85/90%,Leitura máxima de nível de água na área.
2831,944,,,precipitacao_acumulada_6h,50.26,mm,30/41/60 mm,Precipitação acumulada calculada sobre as últimas 6 horas.
2832,944,,1353,precipitacao_prevista_1h,7.69,mm,10/21/40 mm,Previsão meteorológica simulada para a próxima hora.
2833,945,12187,,nivel_agua_percentagem,77.22,%,70/85/90%,Leitura máxima de nível de água na área.
2834,945,,,precipitacao_acumulada_6h,56.77,mm,30/41/60 mm,Precipitação acumulada calculada sobre as últimas 6 horas.
2835,945,,1355,precipitacao_prevista_1h,37.76,mm,10/21/40 mm,Previsão meteorológica simulada para a próxima hora.
2836,946,12208,,nivel_agua_percentagem,64.86,%,70/85/90%,Leitura máxima de nível de água na área.
2837,946,,,precipitacao_acumulada_6h,21.09,mm,30/41/60 mm,Precipitação acumulada calculada sobre as últimas 6 horas.
2838,946,,1357,precipitacao_prevista_1h,10.41,mm,10/21/40 mm,Previsão meteorológica simulada para a próxima hora.
2839,947,12226,,nivel_agua_percentagem,75.9,%,70/85/90%,Leitura máxima de nível de água na área.
2840,947,,,precipitacao_acumulada_6h,53.52,mm,30/41/60 mm,Precipitação acumulada calculada sobre as últimas 6 horas.
2841,947,,1359,precipitacao_prevista_1h,8.36,mm,10/21/40 mm,Previsão meteorológica simulada para a próxima hora.
2842,948,12241,,nivel_agua_percentagem,54.13,%,70/85/90%,Leitura máxima de nível de água na área.
2843,948,,,precipitacao_acumulada_6h,18.46,mm,30/41/60 mm,Precipitação acumulada calculada sobre as últimas 6 horas.
2844,948,,1361,precipitacao_prevista_1h,20.38,mm,10/21/40 mm,Previsão meteorológica simulada para a próxima hora.
2845,949,12256,,nivel_agua_percentagem,78.52,%,70/85/90%,Leitura máxima de nível de água na área.
2846,949,,,precipitacao_acumulada_6h,54.53,mm,30/41/60 mm,Precipitação acumulada calculada sobre as últimas 6 horas.
2847,949,,1362,precipitacao_prevista_1h,28.56,mm,10/21/40 mm,Previsão meteorológica simulada para a próxima hora.
2848,950,12259,,nivel_agua_percentagem,73.07,%,70/85/90%,Leitura máxima de nível de água na área.
2849,950,,,precipitacao_acumulada_6h,51.07,mm,30/41/60 mm,Precipitação acumulada calculada sobre as últimas 6 horas.
2850,950,,1363,precipitacao_prevista_1h,20.42,mm,10/21/40 mm,Previsão meteorológica simulada para a próxima hora.
2851,951,12268,,nivel_agua_percentagem,35.65,%,70/85/90%,Leitura máxima de nível de água na área.
2852,951,,,precipitacao_acumulada_6h,12.2,mm,30/41/60 mm,Precipitação acumulada calculada sobre as últimas 6 horas.
2853,951,,1364,precipitacao_prevista_1h,14.61,mm,10/21/40 mm,Previsão meteorológica simulada para a próxima hora.
2854,952,12280,,nivel_agua_percentagem,82.74,%,70/85/90%,Leitura máxima de nível de água na área.
2855,952,,,precipitacao_acumulada_6h,54.07,mm,30/41/60 mm,Precipitação acumulada calculada sobre as últimas 6 horas.
2856,952,,1365,precipitacao_prevista_1h,47.1,mm,10/21/40 mm,Previsão meteorológica simulada para a próxima hora.
2857,953,12292,,nivel_agua_percentagem,78.09,%,70/85/90%,Leitura máxima de nível de água na área.
2858,953,,,precipitacao_acumulada_6h,51.83,mm,30/41/60 mm,Precipitação acumulada calculada sobre as últimas 6 horas.
2859,953,,1366,precipitacao_prevista_1h,16.31,mm,10/21/40 mm,Previsão meteorológica simulada para a próxima hora.
2860,954,12301,,nivel_agua_percentagem,93.95,%,70/85/90%,Leitura máxima de nível de água na área.
2861,954,,,precipitacao_acumulada_6h,75.95,mm,30/41/60 mm,Precipitação acumulada calculada sobre as últimas 6 horas.
2862,954,,1367,precipitacao_prevista_1h,23.5,mm,10/21/40 mm,Previsão meteorológica simulada para a próxima hora.
2863,955,12316,,nivel_agua_percentagem,90.03,%,70/85/90%,Leitura máxima de nível de água na área.
2864,955,,,precipitacao_acumulada_6h,53.73,mm,30/41/60 mm,Precipitação acumulada calculada sobre as últimas 6 horas.
2865,955,,1369,precipitacao_prevista_1h,0,mm,10/21/40 mm,Previsão meteorológica simulada para a próxima hora.
2866,956,12328,,nivel_agua_percentagem,80.45,%,70/85/90%,Leitura máxima de nível de água na área.
2867,956,,,precipitacao_acumulada_6h,56.89,mm,30/41/60 mm,Precipitação acumulada calculada sobre as últimas 6 horas.
2868,956,,1370,precipitacao_prevista_1h,3.35,mm,10/21/40 mm,Previsão meteorológica simulada para a próxima hora.
2869,957,12334,,nivel_agua_percentagem,95.74,%,70/85/90%,Leitura máxima de nível de água na área.
2870,957,,,precipitacao_acumulada_6h,74.01,mm,30/41/60 mm,Precipitação acumulada calculada sobre as últimas 6 horas.
2871,957,,1371,precipitacao_prevista_1h,11.29,mm,10/21/40 mm,Previsão meteorológica simulada para a próxima hora.
2872,958,12355,,nivel_agua_percentagem,99.51,%,70/85/90%,Leitura máxima de nível de água na área.
2873,958,,,precipitacao_acumulada_6h,73.97,mm,30/41/60 mm,Precipitação acumulada calculada sobre as últimas 6 horas.
2874,958,,1373,precipitacao_prevista_1h,26.85,mm,10/21/40 mm,Previsão meteorológica simulada para a próxima hora.
2875,959,12358,,nivel_agua_percentagem,72.65,%,70/85/90%,Leitura máxima de nível de água na área.
2876,959,,,precipitacao_acumulada_6h,43.2,mm,30/41/60 mm,Precipitação acumulada calculada sobre as últimas 6 horas.
2877,959,,1374,precipitacao_prevista_1h,0.49,mm,10/21/40 mm,Previsão meteorológica simulada para a próxima hora.
2878,960,12373,,nivel_agua_percentagem,95.38,%,70/85/90%,Leitura máxima de nível de água na área.
2879,960,,,precipitacao_acumulada_6h,73.12,mm,30/41/60 mm,Precipitação acumulada calculada sobre as últimas 6 horas.
2880,960,,1375,precipitacao_prevista_1h,12.6,mm,10/21/40 mm,Previsão meteorológica simulada para a próxima hora.
2881,961,12388,,nivel_agua_percentagem,100,%,70/85/90%,Leitura máxima de nível de água na área.
2882,961,,,precipitacao_acumulada_6h,74.46,mm,30/41/60 mm,Precipitação acumulada calculada sobre as últimas 6 horas.
2883,961,,1377,precipitacao_prevista_1h,7.83,mm,10/21/40 mm,Previsão meteorológica simulada para a próxima hora.
2884,962,12394,,nivel_agua_percentagem,72.58,%,70/85/90%,Leitura máxima de nível de água na área.
2885,962,,,precipitacao_acumulada_6h,46.64,mm,30/41/60 mm,Precipitação acumulada calculada sobre as últimas 6 horas.
2886,962,,1378,precipitacao_prevista_1h,1.44,mm,10/21/40 mm,Previsão meteorológica simulada para a próxima hora.
2887,963,12403,,nivel_agua_percentagem,68.55,%,70/85/90%,Leitura máxima de nível de água na área.
2888,963,,,precipitacao_acumulada_6h,38.28,mm,30/41/60 mm,Precipitação acumulada calculada sobre as últimas 6 horas.
2889,963,,1379,precipitacao_prevista_1h,3.85,mm,10/21/40 mm,Previsão meteorológica simulada para a próxima hora.
2890,964,12421,,nivel_agua_percentagem,100,%,70/85/90%,Leitura máxima de nível de água na área.
2891,964,,,precipitacao_acumulada_6h,70.5,mm,30/41/60 mm,Precipitação acumulada calculada sobre as últimas 6 horas.
2892,964,,1381,precipitacao_prevista_1h,0,mm,10/21/40 mm,Previsão meteorológica simulada para a próxima hora.
2893,965,12433,,nivel_agua_percentagem,72.79,%,70/85/90%,Leitura máxima de nível de água na área.
2894,965,,,precipitacao_acumulada_6h,45.66,mm,30/41/60 mm,Precipitação acumulada calculada sobre as últimas 6 horas.
2895,965,,1382,precipitacao_prevista_1h,2.22,mm,10/21/40 mm,Previsão meteorológica simulada para a próxima hora.
2896,966,12445,,nivel_agua_percentagem,68.33,%,70/85/90%,Leitura máxima de nível de água na área.
2897,966,,,precipitacao_acumulada_6h,41.44,mm,30/41/60 mm,Precipitação acumulada calculada sobre as últimas 6 horas.
2898,966,,1383,precipitacao_prevista_1h,4.97,mm,10/21/40 mm,Previsão meteorológica simulada para a próxima hora.
2899,967,12460,,nivel_agua_percentagem,100,%,70/85/90%,Leitura máxima de nível de água na área.
2900,967,,,precipitacao_acumulada_6h,72.04,mm,30/41/60 mm,Precipitação acumulada calculada sobre as últimas 6 horas.
2901,967,,1385,precipitacao_prevista_1h,3.54,mm,10/21/40 mm,Previsão meteorológica simulada para a próxima hora.
2902,968,12472,,nivel_agua_percentagem,48.42,%,70/85/90%,Leitura máxima de nível de água na área.
2903,968,,,precipitacao_acumulada_6h,17.18,mm,30/41/60 mm,Precipitação acumulada calculada sobre as últimas 6 horas.
2904,968,,1386,precipitacao_prevista_1h,16.96,mm,10/21/40 mm,Previsão meteorológica simulada para a próxima hora.
2905,969,12478,,nivel_agua_percentagem,67.03,%,70/85/90%,Leitura máxima de nível de água na área.
2906,969,,,precipitacao_acumulada_6h,44.69,mm,30/41/60 mm,Precipitação acumulada calculada sobre as últimas 6 horas.
2907,969,,1387,precipitacao_prevista_1h,20.01,mm,10/21/40 mm,Previsão meteorológica simulada para a próxima hora.
2908,970,12496,,nivel_agua_percentagem,68.83,%,70/85/90%,Leitura máxima de nível de água na área.
2909,970,,,precipitacao_acumulada_6h,35.19,mm,30/41/60 mm,Precipitação acumulada calculada sobre as últimas 6 horas.
2910,970,,1389,precipitacao_prevista_1h,1.29,mm,10/21/40 mm,Previsão meteorológica simulada para a próxima hora.
2911,971,12508,,nivel_agua_percentagem,50.87,%,70/85/90%,Leitura máxima de nível de água na área.
2912,971,,,precipitacao_acumulada_6h,19.5,mm,30/41/60 mm,Precipitação acumulada calculada sobre as últimas 6 horas.
2913,971,,1390,precipitacao_prevista_1h,11.35,mm,10/21/40 mm,Previsão meteorológica simulada para a próxima hora.
2914,972,12523,,nivel_agua_percentagem,38.44,%,70/85/90%,Leitura máxima de nível de água na área.
2915,972,,,precipitacao_acumulada_6h,11.46,mm,30/41/60 mm,Precipitação acumulada calculada sobre as últimas 6 horas.
2916,972,,1392,precipitacao_prevista_1h,14.98,mm,10/21/40 mm,Previsão meteorológica simulada para a próxima hora.
2917,973,12535,,nivel_agua_percentagem,68.12,%,70/85/90%,Leitura máxima de nível de água na área.
2918,973,,,precipitacao_acumulada_6h,35.77,mm,30/41/60 mm,Precipitação acumulada calculada sobre as últimas 6 horas.
2919,973,,1393,precipitacao_prevista_1h,14.77,mm,10/21/40 mm,Previsão meteorológica simulada para a próxima hora.
2920,974,12562,,nivel_agua_percentagem,35.61,%,70/85/90%,Leitura máxima de nível de água na área.
2921,974,,,precipitacao_acumulada_6h,9.62,mm,30/41/60 mm,Precipitação acumulada calculada sobre as últimas 6 horas.
2922,974,,1396,precipitacao_prevista_1h,21.48,mm,10/21/40 mm,Previsão meteorológica simulada para a próxima hora.
2923,975,12565,,nivel_agua_percentagem,72.14,%,70/85/90%,Leitura máxima de nível de água na área.
2924,975,,,precipitacao_acumulada_6h,42.86,mm,30/41/60 mm,Precipitação acumulada calculada sobre as últimas 6 horas.
2925,975,,1397,precipitacao_prevista_1h,19.74,mm,10/21/40 mm,Previsão meteorológica simulada para a próxima hora.
2926,976,12574,,nivel_agua_percentagem,82.75,%,70/85/90%,Leitura máxima de nível de água na área.
2927,976,,,precipitacao_acumulada_6h,63.55,mm,30/41/60 mm,Precipitação acumulada calculada sobre as últimas 6 horas.
2928,976,,1398,precipitacao_prevista_1h,46.13,mm,10/21/40 mm,Previsão meteorológica simulada para a próxima hora.
2929,977,12583,,nivel_agua_percentagem,60.55,%,70/85/90%,Leitura máxima de nível de água na área.
2930,977,,,precipitacao_acumulada_6h,37.67,mm,30/41/60 mm,Precipitação acumulada calculada sobre as últimas 6 horas.
2931,977,,1399,precipitacao_prevista_1h,24.86,mm,10/21/40 mm,Previsão meteorológica simulada para a próxima hora.
2932,978,12598,,nivel_agua_percentagem,43.29,%,70/85/90%,Leitura máxima de nível de água na área.
2933,978,,,precipitacao_acumulada_6h,12.74,mm,30/41/60 mm,Precipitação acumulada calculada sobre as últimas 6 horas.
2934,978,,1400,precipitacao_prevista_1h,4.43,mm,10/21/40 mm,Previsão meteorológica simulada para a próxima hora.
2935,979,12601,,nivel_agua_percentagem,71.97,%,70/85/90%,Leitura máxima de nível de água na área.
2936,979,,,precipitacao_acumulada_6h,43.67,mm,30/41/60 mm,Precipitação acumulada calculada sobre as últimas 6 horas.
2937,979,,1401,precipitacao_prevista_1h,0,mm,10/21/40 mm,Previsão meteorológica simulada para a próxima hora.
2938,980,12610,,nivel_agua_percentagem,100,%,70/85/90%,Leitura máxima de nível de água na área.
2939,980,,,precipitacao_acumulada_6h,95.73,mm,30/41/60 mm,Precipitação acumulada calculada sobre as últimas 6 horas.
2940,980,,1402,precipitacao_prevista_1h,43.72,mm,10/21/40 mm,Previsão meteorológica simulada para a próxima hora.
2941,981,12619,,nivel_agua_percentagem,58,%,70/85/90%,Leitura máxima de nível de água na área.
2942,981,,,precipitacao_acumulada_6h,34.43,mm,30/41/60 mm,Precipitação acumulada calculada sobre as últimas 6 horas.
2943,981,,1403,precipitacao_prevista_1h,13.44,mm,10/21/40 mm,Previsão meteorológica simulada para a próxima hora.
2944,982,12637,,nivel_agua_percentagem,78.13,%,70/85/90%,Leitura máxima de nível de água na área.
2945,982,,,precipitacao_acumulada_6h,45.08,mm,30/41/60 mm,Precipitação acumulada calculada sobre as últimas 6 horas.
2946,982,,1405,precipitacao_prevista_1h,17.8,mm,10/21/40 mm,Previsão meteorológica simulada para a próxima hora.
2947,983,12649,,nivel_agua_percentagem,100,%,70/85/90%,Leitura máxima de nível de água na área.
2948,983,,,precipitacao_acumulada_6h,112.14,mm,30/41/60 mm,Precipitação acumulada calculada sobre as últimas 6 horas.
2949,983,,1406,precipitacao_prevista_1h,17.49,mm,10/21/40 mm,Previsão meteorológica simulada para a próxima hora.
2950,984,12655,,nivel_agua_percentagem,61.23,%,70/85/90%,Leitura máxima de nível de água na área.
2951,984,,,precipitacao_acumulada_6h,32.26,mm,30/41/60 mm,Precipitação acumulada calculada sobre as últimas 6 horas.
2952,984,,1407,precipitacao_prevista_1h,2.74,mm,10/21/40 mm,Previsão meteorológica simulada para a próxima hora.
2953,985,12667,,nivel_agua_percentagem,36.17,%,70/85/90%,Leitura máxima de nível de água na área.
2954,985,,,precipitacao_acumulada_6h,9.41,mm,30/41/60 mm,Precipitação acumulada calculada sobre as últimas 6 horas.
2955,985,,1408,precipitacao_prevista_1h,6.13,mm,10/21/40 mm,Previsão meteorológica simulada para a próxima hora.
2956,986,12679,,nivel_agua_percentagem,69.66,%,70/85/90%,Leitura máxima de nível de água na área.
2957,986,,,precipitacao_acumulada_6h,43.13,mm,30/41/60 mm,Precipitação acumulada calculada sobre as últimas 6 horas.
2958,986,,1409,precipitacao_prevista_1h,2.93,mm,10/21/40 mm,Previsão meteorológica simulada para a próxima hora.
2959,987,12682,,nivel_agua_percentagem,100,%,70/85/90%,Leitura máxima de nível de água na área.
2960,987,,,precipitacao_acumulada_6h,111.8,mm,30/41/60 mm,Precipitação acumulada calculada sobre as últimas 6 horas.
2961,987,,1410,precipitacao_prevista_1h,1.69,mm,10/21/40 mm,Previsão meteorológica simulada para a próxima hora.
2962,988,12697,,nivel_agua_percentagem,59.91,%,70/85/90%,Leitura máxima de nível de água na área.
2963,988,,,precipitacao_acumulada_6h,30.28,mm,30/41/60 mm,Precipitação acumulada calculada sobre as últimas 6 horas.
2964,988,,1411,precipitacao_prevista_1h,0,mm,10/21/40 mm,Previsão meteorológica simulada para a próxima hora.
2965,989,12706,,nivel_agua_percentagem,37.75,%,70/85/90%,Leitura máxima de nível de água na área.
2966,989,,,precipitacao_acumulada_6h,10.55,mm,30/41/60 mm,Precipitação acumulada calculada sobre as últimas 6 horas.
2967,989,,1412,precipitacao_prevista_1h,13.74,mm,10/21/40 mm,Previsão meteorológica simulada para a próxima hora.
2968,990,12712,,nivel_agua_percentagem,100,%,70/85/90%,Leitura máxima de nível de água na área.
2969,990,,,precipitacao_acumulada_6h,86.23,mm,30/41/60 mm,Precipitação acumulada calculada sobre as últimas 6 horas.
2970,990,,1413,precipitacao_prevista_1h,55.78,mm,10/21/40 mm,Previsão meteorológica simulada para a próxima hora.
2971,991,12721,,nivel_agua_percentagem,100,%,70/85/90%,Leitura máxima de nível de água na área.
2972,991,,,precipitacao_acumulada_6h,112.24,mm,30/41/60 mm,Precipitação acumulada calculada sobre as últimas 6 horas.
2973,991,,1414,precipitacao_prevista_1h,2.14,mm,10/21/40 mm,Previsão meteorológica simulada para a próxima hora.
2974,992,12727,,nivel_agua_percentagem,58.21,%,70/85/90%,Leitura máxima de nível de água na área.
2975,992,,,precipitacao_acumulada_6h,30.96,mm,30/41/60 mm,Precipitação acumulada calculada sobre as últimas 6 horas.
2976,992,,1415,precipitacao_prevista_1h,10.67,mm,10/21/40 mm,Previsão meteorológica simulada para a próxima hora.
2977,993,12739,,nivel_agua_percentagem,48.76,%,70/85/90%,Leitura máxima de nível de água na área.
2978,993,,,precipitacao_acumulada_6h,34.14,mm,30/41/60 mm,Precipitação acumulada calculada sobre as últimas 6 horas.
2979,993,,1416,precipitacao_prevista_1h,24.71,mm,10/21/40 mm,Previsão meteorológica simulada para a próxima hora.
2980,994,12748,,nivel_agua_percentagem,100,%,70/85/90%,Leitura máxima de nível de água na área.
2981,994,,,precipitacao_acumulada_6h,87.23,mm,30/41/60 mm,Precipitação acumulada calculada sobre as últimas 6 horas.
2982,994,,1417,precipitacao_prevista_1h,5.54,mm,10/21/40 mm,Previsão meteorológica simulada para a próxima hora.
2983,995,12754,,nivel_agua_percentagem,100,%,70/85/90%,Leitura máxima de nível de água na área.
2984,995,,,precipitacao_acumulada_6h,111.02,mm,30/41/60 mm,Precipitação acumulada calculada sobre as últimas 6 horas.
2985,995,,1418,precipitacao_prevista_1h,3.68,mm,10/21/40 mm,Previsão meteorológica simulada para a próxima hora.
2986,996,12769,,nivel_agua_percentagem,69.71,%,70/85/90%,Leitura máxima de nível de água na área.
2987,996,,,precipitacao_acumulada_6h,46.64,mm,30/41/60 mm,Precipitação acumulada calculada sobre as últimas 6 horas.
2988,996,,1419,precipitacao_prevista_1h,23.13,mm,10/21/40 mm,Previsão meteorológica simulada para a próxima hora.
2989,997,12775,,nivel_agua_percentagem,56.06,%,70/85/90%,Leitura máxima de nível de água na área.
2990,997,,,precipitacao_acumulada_6h,34.53,mm,30/41/60 mm,Precipitação acumulada calculada sobre as últimas 6 horas.
2991,997,,1420,precipitacao_prevista_1h,21.25,mm,10/21/40 mm,Previsão meteorológica simulada para a próxima hora.
2992,998,12784,,nivel_agua_percentagem,94.82,%,70/85/90%,Leitura máxima de nível de água na área.
2993,998,,,precipitacao_acumulada_6h,60.77,mm,30/41/60 mm,Precipitação acumulada calculada sobre as últimas 6 horas.
2994,998,,1421,precipitacao_prevista_1h,0,mm,10/21/40 mm,Previsão meteorológica simulada para a próxima hora.
2995,999,12793,,nivel_agua_percentagem,93.56,%,70/85/90%,Leitura máxima de nível de água na área.
2996,999,,,precipitacao_acumulada_6h,65.6,mm,30/41/60 mm,Precipitação acumulada calculada sobre as últimas 6 horas.
2997,999,,1422,precipitacao_prevista_1h,19.52,mm,10/21/40 mm,Previsão meteorológica simulada para a próxima hora.
2998,1000,12814,,nivel_agua_percentagem,52.97,%,70/85/90%,Leitura máxima de nível de água na área.
2999,1000,,,precipitacao_acumulada_6h,32.43,mm,30/41/60 mm,Precipitação acumulada calculada sobre as últimas 6 horas.
3000,1000,,1424,precipitacao_prevista_1h,1.67,mm,10/21/40 mm,Previsão meteorológica simulada para a próxima hora.
3001,1001,12820,,nivel_agua_percentagem,84.76,%,70/85/90%,Leitura máxima de nível de água na área.
3002,1001,,,precipitacao_acumulada_6h,56.35,mm,30/41/60 mm,Precipitação acumulada calculada sobre as últimas 6 horas.
3003,1001,,1425,precipitacao_prevista_1h,4.98,mm,10/21/40 mm,Previsão meteorológica simulada para a próxima hora.
3004,1002,12832,,nivel_agua_percentagem,63.05,%,70/85/90%,Leitura máxima de nível de água na área.
3005,1002,,,precipitacao_acumulada_6h,31.97,mm,30/41/60 mm,Precipitação acumulada calculada sobre as últimas 6 horas.
3006,1002,,1426,precipitacao_prevista_1h,3.44,mm,10/21/40 mm,Previsão meteorológica simulada para a próxima hora.
3007,1003,12850,,nivel_agua_percentagem,57.38,%,70/85/90%,Leitura máxima de nível de água na área.
3008,1003,,,precipitacao_acumulada_6h,34.53,mm,30/41/60 mm,Precipitação acumulada calculada sobre as últimas 6 horas.
3009,1003,,1428,precipitacao_prevista_1h,9.73,mm,10/21/40 mm,Previsão meteorológica simulada para a próxima hora.
3010,1004,12856,,nivel_agua_percentagem,89.41,%,70/85/90%,Leitura máxima de nível de água na área.
3011,1004,,,precipitacao_acumulada_6h,59.38,mm,30/41/60 mm,Precipitação acumulada calculada sobre as últimas 6 horas.
3012,1004,,1429,precipitacao_prevista_1h,8.5,mm,10/21/40 mm,Previsão meteorológica simulada para a próxima hora.
3013,1005,12871,,nivel_agua_percentagem,57.69,%,70/85/90%,Leitura máxima de nível de água na área.
3014,1005,,,precipitacao_acumulada_6h,30.73,mm,30/41/60 mm,Precipitação acumulada calculada sobre as últimas 6 horas.
3015,1005,,1431,precipitacao_prevista_1h,11.22,mm,10/21/40 mm,Previsão meteorológica simulada para a próxima hora.
3016,1006,12883,,nivel_agua_percentagem,59.94,%,70/85/90%,Leitura máxima de nível de água na área.
3017,1006,,,precipitacao_acumulada_6h,36.04,mm,30/41/60 mm,Precipitação acumulada calculada sobre as últimas 6 horas.
3018,1006,,1432,precipitacao_prevista_1h,2.18,mm,10/21/40 mm,Previsão meteorológica simulada para a próxima hora.
3019,1007,12892,,nivel_agua_percentagem,92.14,%,70/85/90%,Leitura máxima de nível de água na área.
3020,1007,,,precipitacao_acumulada_6h,63.07,mm,30/41/60 mm,Precipitação acumulada calculada sobre as últimas 6 horas.
3021,1007,,1433,precipitacao_prevista_1h,23.61,mm,10/21/40 mm,Previsão meteorológica simulada para a próxima hora.
3022,1008,12904,,nivel_agua_percentagem,65.49,%,70/85/90%,Leitura máxima de nível de água na área.
3023,1008,,,precipitacao_acumulada_6h,40.36,mm,30/41/60 mm,Precipitação acumulada calculada sobre as últimas 6 horas.
3024,1008,,1434,precipitacao_prevista_1h,41.33,mm,10/21/40 mm,Previsão meteorológica simulada para a próxima hora.
3025,1009,12910,,nivel_agua_percentagem,55.99,%,70/85/90%,Leitura máxima de nível de água na área.
3026,1009,,,precipitacao_acumulada_6h,28.88,mm,30/41/60 mm,Precipitação acumulada calculada sobre as últimas 6 horas.
3027,1009,,1435,precipitacao_prevista_1h,14.08,mm,10/21/40 mm,Previsão meteorológica simulada para a próxima hora.
3028,1010,12916,,nivel_agua_percentagem,60.06,%,70/85/90%,Leitura máxima de nível de água na área.
3029,1010,,,precipitacao_acumulada_6h,35.68,mm,30/41/60 mm,Precipitação acumulada calculada sobre as últimas 6 horas.
3030,1010,,1436,precipitacao_prevista_1h,10.06,mm,10/21/40 mm,Previsão meteorológica simulada para a próxima hora.
3031,1011,12928,,nivel_agua_percentagem,58.69,%,70/85/90%,Leitura máxima de nível de água na área.
3032,1011,,,precipitacao_acumulada_6h,20.37,mm,30/41/60 mm,Precipitação acumulada calculada sobre as últimas 6 horas.
3033,1011,,1437,precipitacao_prevista_1h,19.43,mm,10/21/40 mm,Previsão meteorológica simulada para a próxima hora.
3034,1012,12940,,nivel_agua_percentagem,82.49,%,70/85/90%,Leitura máxima de nível de água na área.
3035,1012,,,precipitacao_acumulada_6h,61.76,mm,30/41/60 mm,Precipitação acumulada calculada sobre as últimas 6 horas.
3036,1012,,1438,precipitacao_prevista_1h,30.69,mm,10/21/40 mm,Previsão meteorológica simulada para a próxima hora.
3037,1013,12952,,nivel_agua_percentagem,41.46,%,70/85/90%,Leitura máxima de nível de água na área.
3038,1013,,,precipitacao_acumulada_6h,14.42,mm,30/41/60 mm,Precipitação acumulada calculada sobre as últimas 6 horas.
3039,1013,,1440,precipitacao_prevista_1h,14.76,mm,10/21/40 mm,Previsão meteorológica simulada para a próxima hora.
3040,1014,12973,,nivel_agua_percentagem,85.95,%,70/85/90%,Leitura máxima de nível de água na área.
3041,1014,,,precipitacao_acumulada_6h,61.52,mm,30/41/60 mm,Precipitação acumulada calculada sobre as últimas 6 horas.
3042,1014,,1442,precipitacao_prevista_1h,18.35,mm,10/21/40 mm,Previsão meteorológica simulada para a próxima hora.
3043,1015,12982,,nivel_agua_percentagem,41.49,%,70/85/90%,Leitura máxima de nível de água na área.
3044,1015,,,precipitacao_acumulada_6h,9.92,mm,30/41/60 mm,Precipitação acumulada calculada sobre as últimas 6 horas.
3045,1015,,1443,precipitacao_prevista_1h,11.18,mm,10/21/40 mm,Previsão meteorológica simulada para a próxima hora.
3046,1016,12994,,nivel_agua_percentagem,37.9,%,70/85/90%,Leitura máxima de nível de água na área.
3047,1016,,,precipitacao_acumulada_6h,13.94,mm,30/41/60 mm,Precipitação acumulada calculada sobre as últimas 6 horas.
3048,1016,,1444,precipitacao_prevista_1h,2.5,mm,10/21/40 mm,Previsão meteorológica simulada para a próxima hora.
3049,1017,13000,,nivel_agua_percentagem,96.1,%,70/85/90%,Leitura máxima de nível de água na área.
3050,1017,,,precipitacao_acumulada_6h,71.48,mm,30/41/60 mm,Precipitação acumulada calculada sobre as últimas 6 horas.
3051,1017,,1445,precipitacao_prevista_1h,61.25,mm,10/21/40 mm,Previsão meteorológica simulada para a próxima hora.
3052,1018,13012,,nivel_agua_percentagem,85.22,%,70/85/90%,Leitura máxima de nível de água na área.
3053,1018,,,precipitacao_acumulada_6h,61.1,mm,30/41/60 mm,Precipitação acumulada calculada sobre as últimas 6 horas.
3054,1018,,1446,precipitacao_prevista_1h,0.65,mm,10/21/40 mm,Previsão meteorológica simulada para a próxima hora.
3055,1019,13036,,nivel_agua_percentagem,100,%,70/85/90%,Leitura máxima de nível de água na área.
3056,1019,,,precipitacao_acumulada_6h,75.16,mm,30/41/60 mm,Precipitação acumulada calculada sobre as últimas 6 horas.
3057,1019,,1449,precipitacao_prevista_1h,6.62,mm,10/21/40 mm,Previsão meteorológica simulada para a próxima hora.
3058,1020,13042,,nivel_agua_percentagem,89.95,%,70/85/90%,Leitura máxima de nível de água na área.
3059,1020,,,precipitacao_acumulada_6h,61.76,mm,30/41/60 mm,Precipitação acumulada calculada sobre as últimas 6 horas.
3060,1020,,1450,precipitacao_prevista_1h,22.58,mm,10/21/40 mm,Previsão meteorológica simulada para a próxima hora.
3061,1021,13057,,nivel_agua_percentagem,39.88,%,70/85/90%,Leitura máxima de nível de água na área.
3062,1021,,,precipitacao_acumulada_6h,9.48,mm,30/41/60 mm,Precipitação acumulada calculada sobre as últimas 6 horas.
3063,1021,,1451,precipitacao_prevista_1h,15.29,mm,10/21/40 mm,Previsão meteorológica simulada para a próxima hora.
3064,1022,13066,,nivel_agua_percentagem,41.42,%,70/85/90%,Leitura máxima de nível de água na área.
3065,1022,,,precipitacao_acumulada_6h,16.41,mm,30/41/60 mm,Precipitação acumulada calculada sobre as últimas 6 horas.
3066,1022,,1452,precipitacao_prevista_1h,18.32,mm,10/21/40 mm,Previsão meteorológica simulada para a próxima hora.
3067,1023,13069,,nivel_agua_percentagem,100,%,70/85/90%,Leitura máxima de nível de água na área.
3068,1023,,,precipitacao_acumulada_6h,94.89,mm,30/41/60 mm,Precipitação acumulada calculada sobre as últimas 6 horas.
3069,1023,,1453,precipitacao_prevista_1h,32.35,mm,10/21/40 mm,Previsão meteorológica simulada para a próxima hora.
3070,1024,13078,,nivel_agua_percentagem,90.3,%,70/85/90%,Leitura máxima de nível de água na área.
3071,1024,,,precipitacao_acumulada_6h,61.66,mm,30/41/60 mm,Precipitação acumulada calculada sobre as últimas 6 horas.
3072,1024,,1454,precipitacao_prevista_1h,2.11,mm,10/21/40 mm,Previsão meteorológica simulada para a próxima hora.
3073,1025,13093,,nivel_agua_percentagem,34.04,%,70/85/90%,Leitura máxima de nível de água na área.
3074,1025,,,precipitacao_acumulada_6h,6.88,mm,30/41/60 mm,Precipitação acumulada calculada sobre as últimas 6 horas.
3075,1025,,1455,precipitacao_prevista_1h,10.79,mm,10/21/40 mm,Previsão meteorológica simulada para a próxima hora.
3076,1026,13105,,nivel_agua_percentagem,100,%,70/85/90%,Leitura máxima de nível de água na área.
3077,1026,,,precipitacao_acumulada_6h,91.05,mm,30/41/60 mm,Precipitação acumulada calculada sobre as últimas 6 horas.
3078,1026,,1457,precipitacao_prevista_1h,11.42,mm,10/21/40 mm,Previsão meteorológica simulada para a próxima hora.
3079,1027,13117,,nivel_agua_percentagem,64.33,%,70/85/90%,Leitura máxima de nível de água na área.
3080,1027,,,precipitacao_acumulada_6h,32.9,mm,30/41/60 mm,Precipitação acumulada calculada sobre as últimas 6 horas.
3081,1027,,1458,precipitacao_prevista_1h,0,mm,10/21/40 mm,Previsão meteorológica simulada para a próxima hora.
3082,1028,13138,,nivel_agua_percentagem,69.07,%,70/85/90%,Leitura máxima de nível de água na área.
3083,1028,,,precipitacao_acumulada_6h,48.6,mm,30/41/60 mm,Precipitação acumulada calculada sobre as últimas 6 horas.
3084,1028,,1460,precipitacao_prevista_1h,26.27,mm,10/21/40 mm,Previsão meteorológica simulada para a próxima hora.
3085,1029,13141,,nivel_agua_percentagem,100,%,70/85/90%,Leitura máxima de nível de água na área.
3086,1029,,,precipitacao_acumulada_6h,87.33,mm,30/41/60 mm,Precipitação acumulada calculada sobre as últimas 6 horas.
3087,1029,,1461,precipitacao_prevista_1h,2.7,mm,10/21/40 mm,Previsão meteorológica simulada para a próxima hora.
3088,1030,13162,,nivel_agua_percentagem,39.06,%,70/85/90%,Leitura máxima de nível de água na área.
3089,1030,,,precipitacao_acumulada_6h,10.95,mm,30/41/60 mm,Precipitação acumulada calculada sobre as últimas 6 horas.
3090,1030,,1463,precipitacao_prevista_1h,13.43,mm,10/21/40 mm,Previsão meteorológica simulada para a próxima hora.
3091,1031,13174,,nivel_agua_percentagem,68.08,%,70/85/90%,Leitura máxima de nível de água na área.
3092,1031,,,precipitacao_acumulada_6h,47.08,mm,30/41/60 mm,Precipitação acumulada calculada sobre as últimas 6 horas.
3093,1031,,1464,precipitacao_prevista_1h,1.56,mm,10/21/40 mm,Previsão meteorológica simulada para a próxima hora.
3094,1032,13177,,nivel_agua_percentagem,100,%,70/85/90%,Leitura máxima de nível de água na área.
3095,1032,,,precipitacao_acumulada_6h,88.16,mm,30/41/60 mm,Precipitação acumulada calculada sobre as últimas 6 horas.
3096,1032,,1465,precipitacao_prevista_1h,8.06,mm,10/21/40 mm,Previsão meteorológica simulada para a próxima hora.
3097,1033,13195,,nivel_agua_percentagem,40.43,%,70/85/90%,Leitura máxima de nível de água na área.
3098,1033,,,precipitacao_acumulada_6h,11.79,mm,30/41/60 mm,Precipitação acumulada calculada sobre as últimas 6 horas.
3099,1033,,1467,precipitacao_prevista_1h,13.23,mm,10/21/40 mm,Previsão meteorológica simulada para a próxima hora.
3100,1034,13207,,nivel_agua_percentagem,73.68,%,70/85/90%,Leitura máxima de nível de água na área.
3101,1034,,,precipitacao_acumulada_6h,47.39,mm,30/41/60 mm,Precipitação acumulada calculada sobre as últimas 6 horas.
3102,1034,,1468,precipitacao_prevista_1h,16.99,mm,10/21/40 mm,Previsão meteorológica simulada para a próxima hora.
3103,1035,13213,,nivel_agua_percentagem,72.33,%,70/85/90%,Leitura máxima de nível de água na área.
3104,1035,,,precipitacao_acumulada_6h,35.26,mm,30/41/60 mm,Precipitação acumulada calculada sobre as últimas 6 horas.
3105,1035,,1469,precipitacao_prevista_1h,0,mm,10/21/40 mm,Previsão meteorológica simulada para a próxima hora.
3106,1036,13240,,nivel_agua_percentagem,65.54,%,70/85/90%,Leitura máxima de nível de água na área.
3107,1036,,,precipitacao_acumulada_6h,45.52,mm,30/41/60 mm,Precipitação acumulada calculada sobre as últimas 6 horas.
3108,1036,,1472,precipitacao_prevista_1h,0,mm,10/21/40 mm,Previsão meteorológica simulada para a próxima hora.
3109,1037,13249,,nivel_agua_percentagem,67.46,%,70/85/90%,Leitura máxima de nível de água na área.
3110,1037,,,precipitacao_acumulada_6h,35.7,mm,30/41/60 mm,Precipitação acumulada calculada sobre as últimas 6 horas.
3111,1037,,1473,precipitacao_prevista_1h,16.12,mm,10/21/40 mm,Previsão meteorológica simulada para a próxima hora.
3112,1038,13261,,nivel_agua_percentagem,44.6,%,70/85/90%,Leitura máxima de nível de água na área.
3113,1038,,,precipitacao_acumulada_6h,13.51,mm,30/41/60 mm,Precipitação acumulada calculada sobre as últimas 6 horas.
3114,1038,,1474,precipitacao_prevista_1h,13.17,mm,10/21/40 mm,Previsão meteorológica simulada para a próxima hora.
3115,1039,13267,,nivel_agua_percentagem,36,%,70/85/90%,Leitura máxima de nível de água na área.
3116,1039,,,precipitacao_acumulada_6h,8.43,mm,30/41/60 mm,Precipitação acumulada calculada sobre as últimas 6 horas.
3117,1039,,1475,precipitacao_prevista_1h,13.31,mm,10/21/40 mm,Previsão meteorológica simulada para a próxima hora.
3118,1040,13282,,nivel_agua_percentagem,69.51,%,70/85/90%,Leitura máxima de nível de água na área.
3119,1040,,,precipitacao_acumulada_6h,45.82,mm,30/41/60 mm,Precipitação acumulada calculada sobre as últimas 6 horas.
3120,1040,,1476,precipitacao_prevista_1h,0,mm,10/21/40 mm,Previsão meteorológica simulada para a próxima hora.
3121,1041,13300,,nivel_agua_percentagem,40.05,%,70/85/90%,Leitura máxima de nível de água na área.
3122,1041,,,precipitacao_acumulada_6h,14.46,mm,30/41/60 mm,Precipitação acumulada calculada sobre as últimas 6 horas.
3123,1041,,1478,precipitacao_prevista_1h,24.16,mm,10/21/40 mm,Previsão meteorológica simulada para a próxima hora.
3124,1042,13315,,nivel_agua_percentagem,66.16,%,70/85/90%,Leitura máxima de nível de água na área.
3125,1042,,,precipitacao_acumulada_6h,43.89,mm,30/41/60 mm,Precipitação acumulada calculada sobre as últimas 6 horas.
3126,1042,,1480,precipitacao_prevista_1h,0,mm,10/21/40 mm,Previsão meteorológica simulada para a próxima hora.
3127,1043,13321,,nivel_agua_percentagem,53.45,%,70/85/90%,Leitura máxima de nível de água na área.
3128,1043,,,precipitacao_acumulada_6h,15.45,mm,30/41/60 mm,Precipitação acumulada calculada sobre as últimas 6 horas.
3129,1043,,1481,precipitacao_prevista_1h,13.61,mm,10/21/40 mm,Previsão meteorológica simulada para a próxima hora.
3130,1044,13342,,nivel_agua_percentagem,68.36,%,70/85/90%,Leitura máxima de nível de água na área.
3131,1044,,,precipitacao_acumulada_6h,49.2,mm,30/41/60 mm,Precipitação acumulada calculada sobre as últimas 6 horas.
3132,1044,,1483,precipitacao_prevista_1h,64.86,mm,10/21/40 mm,Previsão meteorológica simulada para a próxima hora.
3133,1045,13372,,nivel_agua_percentagem,41.39,%,70/85/90%,Leitura máxima de nível de água na área.
3134,1045,,,precipitacao_acumulada_6h,10.92,mm,30/41/60 mm,Precipitação acumulada calculada sobre as últimas 6 horas.
3135,1045,,1486,precipitacao_prevista_1h,4.97,mm,10/21/40 mm,Previsão meteorológica simulada para a próxima hora.
3136,1046,13378,,nivel_agua_percentagem,70.65,%,70/85/90%,Leitura máxima de nível de água na área.
3137,1046,,,precipitacao_acumulada_6h,49.53,mm,30/41/60 mm,Precipitação acumulada calculada sobre as últimas 6 horas.
3138,1046,,1487,precipitacao_prevista_1h,0.23,mm,10/21/40 mm,Previsão meteorológica simulada para a próxima hora.
3139,1047,13393,,nivel_agua_percentagem,52.83,%,70/85/90%,Leitura máxima de nível de água na área.
3140,1047,,,precipitacao_acumulada_6h,13.88,mm,30/41/60 mm,Precipitação acumulada calculada sobre as últimas 6 horas.
3141,1047,,1489,precipitacao_prevista_1h,13.97,mm,10/21/40 mm,Previsão meteorológica simulada para a próxima hora.
3142,1048,13414,,nivel_agua_percentagem,73.89,%,70/85/90%,Leitura máxima de nível de água na área.
3143,1048,,,precipitacao_acumulada_6h,51.28,mm,30/41/60 mm,Precipitação acumulada calculada sobre as últimas 6 horas.
3144,1048,,1491,precipitacao_prevista_1h,19.38,mm,10/21/40 mm,Previsão meteorológica simulada para a próxima hora.
3145,1049,13441,,nivel_agua_percentagem,41.54,%,70/85/90%,Leitura máxima de nível de água na área.
3146,1049,,,precipitacao_acumulada_6h,8.13,mm,30/41/60 mm,Precipitação acumulada calculada sobre as últimas 6 horas.
3147,1049,,1494,precipitacao_prevista_1h,18.71,mm,10/21/40 mm,Previsão meteorológica simulada para a próxima hora.
3148,1050,13453,,nivel_agua_percentagem,77.69,%,70/85/90%,Leitura máxima de nível de água na área.
3149,1050,,,precipitacao_acumulada_6h,54.88,mm,30/41/60 mm,Precipitação acumulada calculada sobre as últimas 6 horas.
3150,1050,,1495,precipitacao_prevista_1h,0.45,mm,10/21/40 mm,Previsão meteorológica simulada para a próxima hora.
3151,1051,13462,,nivel_agua_percentagem,26.48,%,70/85/90%,Leitura máxima de nível de água na área.
3152,1051,,,precipitacao_acumulada_6h,9.44,mm,30/41/60 mm,Precipitação acumulada calculada sobre as últimas 6 horas.
3153,1051,,1496,precipitacao_prevista_1h,27.58,mm,10/21/40 mm,Previsão meteorológica simulada para a próxima hora.
3154,1052,13489,,nivel_agua_percentagem,78.73,%,70/85/90%,Leitura máxima de nível de água na área.
3155,1052,,,precipitacao_acumulada_6h,55.33,mm,30/41/60 mm,Precipitação acumulada calculada sobre as últimas 6 horas.
3156,1052,,1499,precipitacao_prevista_1h,0,mm,10/21/40 mm,Previsão meteorológica simulada para a próxima hora.
3157,1053,13498,,nivel_agua_percentagem,31.45,%,70/85/90%,Leitura máxima de nível de água na área.
3158,1053,,,precipitacao_acumulada_6h,8.19,mm,30/41/60 mm,Precipitação acumulada calculada sobre as últimas 6 horas.
3159,1053,,1500,precipitacao_prevista_1h,0,mm,10/21/40 mm,Previsão meteorológica simulada para a próxima hora.
3160,1054,13525,,nivel_agua_percentagem,79.04,%,70/85/90%,Leitura máxima de nível de água na área.
3161,1054,,,precipitacao_acumulada_6h,54.36,mm,30/41/60 mm,Precipitação acumulada calculada sobre as últimas 6 horas.
3162,1054,,1503,precipitacao_prevista_1h,17.5,mm,10/21/40 mm,Previsão meteorológica simulada para a próxima hora.
3163,1055,13540,,nivel_agua_percentagem,44.68,%,70/85/90%,Leitura máxima de nível de água na área.
3164,1055,,,precipitacao_acumulada_6h,9.32,mm,30/41/60 mm,Precipitação acumulada calculada sobre as últimas 6 horas.
3165,1055,,1505,precipitacao_prevista_1h,13.38,mm,10/21/40 mm,Previsão meteorológica simulada para a próxima hora.
3166,1056,13552,,nivel_agua_percentagem,44.36,%,70/85/90%,Leitura máxima de nível de água na área.
3167,1056,,,precipitacao_acumulada_6h,7.32,mm,30/41/60 mm,Precipitação acumulada calculada sobre as últimas 6 horas.
3168,1056,,1506,precipitacao_prevista_1h,7.78,mm,10/21/40 mm,Previsão meteorológica simulada para a próxima hora.
3169,1057,13558,,nivel_agua_percentagem,65.55,%,70/85/90%,Leitura máxima de nível de água na área.
3170,1057,,,precipitacao_acumulada_6h,44.78,mm,30/41/60 mm,Precipitação acumulada calculada sobre as últimas 6 horas.
3171,1057,,1507,precipitacao_prevista_1h,43.36,mm,10/21/40 mm,Previsão meteorológica simulada para a próxima hora.
3172,1058,13576,,nivel_agua_percentagem,46.02,%,70/85/90%,Leitura máxima de nível de água na área.
3173,1058,,,precipitacao_acumulada_6h,8.59,mm,30/41/60 mm,Precipitação acumulada calculada sobre as últimas 6 horas.
3174,1058,,1509,precipitacao_prevista_1h,18.52,mm,10/21/40 mm,Previsão meteorológica simulada para a próxima hora.
3175,1059,13594,,nivel_agua_percentagem,70.71,%,70/85/90%,Leitura máxima de nível de água na área.
3176,1059,,,precipitacao_acumulada_6h,45.13,mm,30/41/60 mm,Precipitação acumulada calculada sobre as últimas 6 horas.
3177,1059,,1511,precipitacao_prevista_1h,7.77,mm,10/21/40 mm,Previsão meteorológica simulada para a próxima hora.
3178,1060,13633,,nivel_agua_percentagem,61.63,%,70/85/90%,Leitura máxima de nível de água na área.
3179,1060,,,precipitacao_acumulada_6h,41.23,mm,30/41/60 mm,Precipitação acumulada calculada sobre as últimas 6 horas.
3180,1060,,1515,precipitacao_prevista_1h,0,mm,10/21/40 mm,Previsão meteorológica simulada para a próxima hora.
3181,1061,13651,,nivel_agua_percentagem,39.82,%,70/85/90%,Leitura máxima de nível de água na área.
3182,1061,,,precipitacao_acumulada_6h,9.69,mm,30/41/60 mm,Precipitação acumulada calculada sobre as últimas 6 horas.
3183,1061,,1517,precipitacao_prevista_1h,32.83,mm,10/21/40 mm,Previsão meteorológica simulada para a próxima hora.
3184,1062,13654,,nivel_agua_percentagem,45.18,%,70/85/90%,Leitura máxima de nível de água na área.
3185,1062,,,precipitacao_acumulada_6h,9.6,mm,30/41/60 mm,Precipitação acumulada calculada sobre as últimas 6 horas.
3186,1062,,1518,precipitacao_prevista_1h,16.61,mm,10/21/40 mm,Previsão meteorológica simulada para a próxima hora.
3187,1063,13663,,nivel_agua_percentagem,57.34,%,70/85/90%,Leitura máxima de nível de água na área.
3188,1063,,,precipitacao_acumulada_6h,39.35,mm,30/41/60 mm,Precipitação acumulada calculada sobre as últimas 6 horas.
3189,1063,,1519,precipitacao_prevista_1h,7.62,mm,10/21/40 mm,Previsão meteorológica simulada para a próxima hora.
3190,1064,13672,,nivel_agua_percentagem,56.67,%,70/85/90%,Leitura máxima de nível de água na área.
3191,1064,,,precipitacao_acumulada_6h,32.45,mm,30/41/60 mm,Precipitação acumulada calculada sobre as últimas 6 horas.
3192,1064,,1520,precipitacao_prevista_1h,31.35,mm,10/21/40 mm,Previsão meteorológica simulada para a próxima hora.
3193,1065,13690,,nivel_agua_percentagem,64.22,%,70/85/90%,Leitura máxima de nível de água na área.
3194,1065,,,precipitacao_acumulada_6h,34.79,mm,30/41/60 mm,Precipitação acumulada calculada sobre as últimas 6 horas.
3195,1065,,1522,precipitacao_prevista_1h,36.75,mm,10/21/40 mm,Previsão meteorológica simulada para a próxima hora.
3196,1066,13699,,nivel_agua_percentagem,64.3,%,70/85/90%,Leitura máxima de nível de água na área.
3197,1066,,,precipitacao_acumulada_6h,40.22,mm,30/41/60 mm,Precipitação acumulada calculada sobre as últimas 6 horas.
3198,1066,,1523,precipitacao_prevista_1h,15.49,mm,10/21/40 mm,Previsão meteorológica simulada para a próxima hora.
3199,1067,13711,,nivel_agua_percentagem,54.18,%,70/85/90%,Leitura máxima de nível de água na área.
3200,1067,,,precipitacao_acumulada_6h,31.97,mm,30/41/60 mm,Precipitação acumulada calculada sobre as últimas 6 horas.
3201,1067,,1524,precipitacao_prevista_1h,8.62,mm,10/21/40 mm,Previsão meteorológica simulada para a próxima hora.
3202,1068,13726,,nivel_agua_percentagem,70.51,%,70/85/90%,Leitura máxima de nível de água na área.
3203,1068,,,precipitacao_acumulada_6h,37.56,mm,30/41/60 mm,Precipitação acumulada calculada sobre as últimas 6 horas.
3204,1068,,1526,precipitacao_prevista_1h,13.49,mm,10/21/40 mm,Previsão meteorológica simulada para a próxima hora.
3205,1069,13741,,nivel_agua_percentagem,71.26,%,70/85/90%,Leitura máxima de nível de água na área.
3206,1069,,,precipitacao_acumulada_6h,38.37,mm,30/41/60 mm,Precipitação acumulada calculada sobre as últimas 6 horas.
3207,1069,,1527,precipitacao_prevista_1h,7.58,mm,10/21/40 mm,Previsão meteorológica simulada para a próxima hora.
3208,1070,13747,,nivel_agua_percentagem,54.89,%,70/85/90%,Leitura máxima de nível de água na área.
3209,1070,,,precipitacao_acumulada_6h,33.35,mm,30/41/60 mm,Precipitação acumulada calculada sobre as últimas 6 horas.
3210,1070,,1528,precipitacao_prevista_1h,19.84,mm,10/21/40 mm,Previsão meteorológica simulada para a próxima hora.
3211,1071,13753,,nivel_agua_percentagem,46.55,%,70/85/90%,Leitura máxima de nível de água na área.
3212,1071,,,precipitacao_acumulada_6h,7.99,mm,30/41/60 mm,Precipitação acumulada calculada sobre as últimas 6 horas.
3213,1071,,1529,precipitacao_prevista_1h,11.71,mm,10/21/40 mm,Previsão meteorológica simulada para a próxima hora.
3214,1072,13765,,nivel_agua_percentagem,84.27,%,70/85/90%,Leitura máxima de nível de água na área.
3215,1072,,,precipitacao_acumulada_6h,62.06,mm,30/41/60 mm,Precipitação acumulada calculada sobre as últimas 6 horas.
3216,1072,,1530,precipitacao_prevista_1h,28.42,mm,10/21/40 mm,Previsão meteorológica simulada para a próxima hora.
3217,1073,13783,,nivel_agua_percentagem,57.34,%,70/85/90%,Leitura máxima de nível de água na área.
3218,1073,,,precipitacao_acumulada_6h,31.51,mm,30/41/60 mm,Precipitação acumulada calculada sobre as últimas 6 horas.
3219,1073,,1532,precipitacao_prevista_1h,0,mm,10/21/40 mm,Previsão meteorológica simulada para a próxima hora.
3220,1074,13801,,nivel_agua_percentagem,84.91,%,70/85/90%,Leitura máxima de nível de água na área.
3221,1074,,,precipitacao_acumulada_6h,60.65,mm,30/41/60 mm,Precipitação acumulada calculada sobre as últimas 6 horas.
3222,1074,,1534,precipitacao_prevista_1h,0,mm,10/21/40 mm,Previsão meteorológica simulada para a próxima hora.
3223,1075,13816,,nivel_agua_percentagem,94.36,%,70/85/90%,Leitura máxima de nível de água na área.
3224,1075,,,precipitacao_acumulada_6h,84.68,mm,30/41/60 mm,Precipitação acumulada calculada sobre as últimas 6 horas.
3225,1075,,1536,precipitacao_prevista_1h,64.9,mm,10/21/40 mm,Previsão meteorológica simulada para a próxima hora.
3226,1076,13837,,nivel_agua_percentagem,81.49,%,70/85/90%,Leitura máxima de nível de água na área.
3227,1076,,,precipitacao_acumulada_6h,59.28,mm,30/41/60 mm,Precipitação acumulada calculada sobre as últimas 6 horas.
3228,1076,,1538,precipitacao_prevista_1h,5.31,mm,10/21/40 mm,Previsão meteorológica simulada para a próxima hora.
3229,1077,13849,,nivel_agua_percentagem,39.44,%,70/85/90%,Leitura máxima de nível de água na área.
3230,1077,,,precipitacao_acumulada_6h,10.1,mm,30/41/60 mm,Precipitação acumulada calculada sobre as últimas 6 horas.
3231,1077,,1539,precipitacao_prevista_1h,18.64,mm,10/21/40 mm,Previsão meteorológica simulada para a próxima hora.
3232,1078,13855,,nivel_agua_percentagem,98.72,%,70/85/90%,Leitura máxima de nível de água na área.
3233,1078,,,precipitacao_acumulada_6h,83.56,mm,30/41/60 mm,Precipitação acumulada calculada sobre as últimas 6 horas.
3234,1078,,1540,precipitacao_prevista_1h,0,mm,10/21/40 mm,Previsão meteorológica simulada para a próxima hora.
3235,1079,13876,,nivel_agua_percentagem,86.94,%,70/85/90%,Leitura máxima de nível de água na área.
3236,1079,,,precipitacao_acumulada_6h,59.26,mm,30/41/60 mm,Precipitação acumulada calculada sobre as últimas 6 horas.
3237,1079,,1542,precipitacao_prevista_1h,8.86,mm,10/21/40 mm,Previsão meteorológica simulada para a próxima hora.
3238,1080,13888,,nivel_agua_percentagem,72.29,%,70/85/90%,Leitura máxima de nível de água na área.
3239,1080,,,precipitacao_acumulada_6h,56.59,mm,30/41/60 mm,Precipitação acumulada calculada sobre as últimas 6 horas.
3240,1080,,1544,precipitacao_prevista_1h,0,mm,10/21/40 mm,Previsão meteorológica simulada para a próxima hora.
3241,1081,13906,,nivel_agua_percentagem,100,%,70/85/90%,Leitura máxima de nível de água na área.
3242,1081,,,precipitacao_acumulada_6h,84.77,mm,30/41/60 mm,Precipitação acumulada calculada sobre as últimas 6 horas.
3243,1081,,1546,precipitacao_prevista_1h,62.26,mm,10/21/40 mm,Previsão meteorológica simulada para a próxima hora.
3244,1082,13918,,nivel_agua_percentagem,37.19,%,70/85/90%,Leitura máxima de nível de água na área.
3245,1082,,,precipitacao_acumulada_6h,9.24,mm,30/41/60 mm,Precipitação acumulada calculada sobre as últimas 6 horas.
3246,1082,,1547,precipitacao_prevista_1h,7.4,mm,10/21/40 mm,Previsão meteorológica simulada para a próxima hora.
3247,1083,13927,,nivel_agua_percentagem,91.83,%,70/85/90%,Leitura máxima de nível de água na área.
3248,1083,,,precipitacao_acumulada_6h,79.24,mm,30/41/60 mm,Precipitação acumulada calculada sobre as últimas 6 horas.
3249,1083,,1548,precipitacao_prevista_1h,23.59,mm,10/21/40 mm,Previsão meteorológica simulada para a próxima hora.
3250,1084,13942,,nivel_agua_percentagem,100,%,70/85/90%,Leitura máxima de nível de água na área.
3251,1084,,,precipitacao_acumulada_6h,131.3,mm,30/41/60 mm,Precipitação acumulada calculada sobre as últimas 6 horas.
3252,1084,,1550,precipitacao_prevista_1h,62.68,mm,10/21/40 mm,Previsão meteorológica simulada para a próxima hora.
3253,1085,13960,,nivel_agua_percentagem,100,%,70/85/90%,Leitura máxima de nível de água na área.
3254,1085,,,precipitacao_acumulada_6h,97.33,mm,30/41/60 mm,Precipitação acumulada calculada sobre as últimas 6 horas.
3255,1085,,1552,precipitacao_prevista_1h,25.73,mm,10/21/40 mm,Previsão meteorológica simulada para a próxima hora.
3256,1086,13978,,nivel_agua_percentagem,100,%,70/85/90%,Leitura máxima de nível de água na área.
3257,1086,,,precipitacao_acumulada_6h,107.36,mm,30/41/60 mm,Precipitação acumulada calculada sobre as últimas 6 horas.
3258,1086,,1554,precipitacao_prevista_1h,7.93,mm,10/21/40 mm,Previsão meteorológica simulada para a próxima hora.
3259,1087,13999,,nivel_agua_percentagem,100,%,70/85/90%,Leitura máxima de nível de água na área.
3260,1087,,,precipitacao_acumulada_6h,100.66,mm,30/41/60 mm,Precipitação acumulada calculada sobre as últimas 6 horas.
3261,1087,,1556,precipitacao_prevista_1h,5.1,mm,10/21/40 mm,Previsão meteorológica simulada para a próxima hora.
3262,1088,14014,,nivel_agua_percentagem,100,%,70/85/90%,Leitura máxima de nível de água na área.
3263,1088,,,precipitacao_acumulada_6h,107.36,mm,30/41/60 mm,Precipitação acumulada calculada sobre as últimas 6 horas.
3264,1088,,1558,precipitacao_prevista_1h,23.62,mm,10/21/40 mm,Previsão meteorológica simulada para a próxima hora.
3265,1089,14029,,nivel_agua_percentagem,67.75,%,70/85/90%,Leitura máxima de nível de água na área.
3266,1089,,,precipitacao_acumulada_6h,42.83,mm,30/41/60 mm,Precipitação acumulada calculada sobre as últimas 6 horas.
3267,1089,,1559,precipitacao_prevista_1h,41.07,mm,10/21/40 mm,Previsão meteorológica simulada para a próxima hora.
3268,1090,14032,,nivel_agua_percentagem,69.99,%,70/85/90%,Leitura máxima de nível de água na área.
3269,1090,,,precipitacao_acumulada_6h,47.29,mm,30/41/60 mm,Precipitação acumulada calculada sobre as últimas 6 horas.
3270,1090,,1560,precipitacao_prevista_1h,3.8,mm,10/21/40 mm,Previsão meteorológica simulada para a próxima hora.
3271,1091,14050,,nivel_agua_percentagem,100,%,70/85/90%,Leitura máxima de nível de água na área.
3272,1091,,,precipitacao_acumulada_6h,108.07,mm,30/41/60 mm,Precipitação acumulada calculada sobre as últimas 6 horas.
3273,1091,,1562,precipitacao_prevista_1h,0,mm,10/21/40 mm,Previsão meteorológica simulada para a próxima hora.
3274,1092,14065,,nivel_agua_percentagem,67.88,%,70/85/90%,Leitura máxima de nível de água na área.
3275,1092,,,precipitacao_acumulada_6h,42.51,mm,30/41/60 mm,Precipitação acumulada calculada sobre as últimas 6 horas.
3276,1092,,1563,precipitacao_prevista_1h,8.45,mm,10/21/40 mm,Previsão meteorológica simulada para a próxima hora.
3277,1093,14074,,nivel_agua_percentagem,70.65,%,70/85/90%,Leitura máxima de nível de água na área.
3278,1093,,,precipitacao_acumulada_6h,48.82,mm,30/41/60 mm,Precipitação acumulada calculada sobre as últimas 6 horas.
3279,1093,,1564,precipitacao_prevista_1h,0,mm,10/21/40 mm,Previsão meteorológica simulada para a próxima hora.
3280,1094,14083,,nivel_agua_percentagem,47.77,%,70/85/90%,Leitura máxima de nível de água na área.
3281,1094,,,precipitacao_acumulada_6h,17.4,mm,30/41/60 mm,Precipitação acumulada calculada sobre as últimas 6 horas.
3282,1094,,1565,precipitacao_prevista_1h,23.01,mm,10/21/40 mm,Previsão meteorológica simulada para a próxima hora.
3283,1095,14086,,nivel_agua_percentagem,100,%,70/85/90%,Leitura máxima de nível de água na área.
3284,1095,,,precipitacao_acumulada_6h,106.12,mm,30/41/60 mm,Precipitação acumulada calculada sobre as últimas 6 horas.
3285,1095,,1566,precipitacao_prevista_1h,18.23,mm,10/21/40 mm,Previsão meteorológica simulada para a próxima hora.
3286,1096,14095,,nivel_agua_percentagem,66.62,%,70/85/90%,Leitura máxima de nível de água na área.
3287,1096,,,precipitacao_acumulada_6h,41.96,mm,30/41/60 mm,Precipitação acumulada calculada sobre as últimas 6 horas.
3288,1096,,1567,precipitacao_prevista_1h,8.5,mm,10/21/40 mm,Previsão meteorológica simulada para a próxima hora.
3289,1097,14110,,nivel_agua_percentagem,76.91,%,70/85/90%,Leitura máxima de nível de água na área.
3290,1097,,,precipitacao_acumulada_6h,62.53,mm,30/41/60 mm,Precipitação acumulada calculada sobre as últimas 6 horas.
3291,1097,,1568,precipitacao_prevista_1h,26.42,mm,10/21/40 mm,Previsão meteorológica simulada para a próxima hora.
3292,1098,14128,,nivel_agua_percentagem,80.32,%,70/85/90%,Leitura máxima de nível de água na área.
3293,1098,,,precipitacao_acumulada_6h,55.56,mm,30/41/60 mm,Precipitação acumulada calculada sobre as últimas 6 horas.
3294,1098,,1570,precipitacao_prevista_1h,3.84,mm,10/21/40 mm,Previsão meteorológica simulada para a próxima hora.
3295,1099,14134,,nivel_agua_percentagem,64.03,%,70/85/90%,Leitura máxima de nível de água na área.
3296,1099,,,precipitacao_acumulada_6h,41.48,mm,30/41/60 mm,Precipitação acumulada calculada sobre as últimas 6 horas.
3297,1099,,1571,precipitacao_prevista_1h,28.76,mm,10/21/40 mm,Previsão meteorológica simulada para a próxima hora.
3298,1100,14140,,nivel_agua_percentagem,60.27,%,70/85/90%,Leitura máxima de nível de água na área.
3299,1100,,,precipitacao_acumulada_6h,41.03,mm,30/41/60 mm,Precipitação acumulada calculada sobre as últimas 6 horas.
3300,1100,,1572,precipitacao_prevista_1h,4.54,mm,10/21/40 mm,Previsão meteorológica simulada para a próxima hora.
3301,1101,14155,,nivel_agua_percentagem,57.85,%,70/85/90%,Leitura máxima de nível de água na área.
3302,1101,,,precipitacao_acumulada_6h,17.37,mm,30/41/60 mm,Precipitação acumulada calculada sobre as últimas 6 horas.
3303,1101,,1573,precipitacao_prevista_1h,17.37,mm,10/21/40 mm,Previsão meteorológica simulada para a próxima hora.
3304,1102,14170,,nivel_agua_percentagem,66.99,%,70/85/90%,Leitura máxima de nível de água na área.
3305,1102,,,precipitacao_acumulada_6h,40.4,mm,30/41/60 mm,Precipitação acumulada calculada sobre as últimas 6 horas.
3306,1102,,1575,precipitacao_prevista_1h,9.95,mm,10/21/40 mm,Previsão meteorológica simulada para a próxima hora.
3307,1103,14182,,nivel_agua_percentagem,46.17,%,70/85/90%,Leitura máxima de nível de água na área.
3308,1103,,,precipitacao_acumulada_6h,20.8,mm,30/41/60 mm,Precipitação acumulada calculada sobre as últimas 6 horas.
3309,1103,,1576,precipitacao_prevista_1h,4.63,mm,10/21/40 mm,Previsão meteorológica simulada para a próxima hora.
3310,1104,14209,,nivel_agua_percentagem,66.67,%,70/85/90%,Leitura máxima de nível de água na área.
3311,1104,,,precipitacao_acumulada_6h,40.2,mm,30/41/60 mm,Precipitação acumulada calculada sobre as últimas 6 horas.
3312,1104,,1579,precipitacao_prevista_1h,5.36,mm,10/21/40 mm,Previsão meteorológica simulada para a próxima hora.
3313,1105,14215,,nivel_agua_percentagem,70.43,%,70/85/90%,Leitura máxima de nível de água na área.
3314,1105,,,precipitacao_acumulada_6h,56.06,mm,30/41/60 mm,Precipitação acumulada calculada sobre as últimas 6 horas.
3315,1105,,1580,precipitacao_prevista_1h,47.42,mm,10/21/40 mm,Previsão meteorológica simulada para a próxima hora.
3316,1106,14221,,nivel_agua_percentagem,54.71,%,70/85/90%,Leitura máxima de nível de água na área.
3317,1106,,,precipitacao_acumulada_6h,17.99,mm,30/41/60 mm,Precipitação acumulada calculada sobre as últimas 6 horas.
3318,1106,,1581,precipitacao_prevista_1h,17.51,mm,10/21/40 mm,Previsão meteorológica simulada para a próxima hora.
3319,1107,14251,,nivel_agua_percentagem,66.06,%,70/85/90%,Leitura máxima de nível de água na área.
3320,1107,,,precipitacao_acumulada_6h,59.22,mm,30/41/60 mm,Precipitação acumulada calculada sobre as últimas 6 horas.
3321,1107,,1584,precipitacao_prevista_1h,6.51,mm,10/21/40 mm,Previsão meteorológica simulada para a próxima hora.
3322,1108,14287,,nivel_agua_percentagem,80.41,%,70/85/90%,Leitura máxima de nível de água na área.
3323,1108,,,precipitacao_acumulada_6h,61.7,mm,30/41/60 mm,Precipitação acumulada calculada sobre as últimas 6 horas.
3324,1108,,1588,precipitacao_prevista_1h,0,mm,10/21/40 mm,Previsão meteorológica simulada para a próxima hora.
3325,1109,14296,,nivel_agua_percentagem,54.31,%,70/85/90%,Leitura máxima de nível de água na área.
3326,1109,,,precipitacao_acumulada_6h,16.85,mm,30/41/60 mm,Precipitação acumulada calculada sobre as últimas 6 horas.
3327,1109,,1589,precipitacao_prevista_1h,12.25,mm,10/21/40 mm,Previsão meteorológica simulada para a próxima hora.
3328,1110,14308,,nivel_agua_percentagem,41.6,%,70/85/90%,Leitura máxima de nível de água na área.
3329,1110,,,precipitacao_acumulada_6h,9.53,mm,30/41/60 mm,Precipitação acumulada calculada sobre as últimas 6 horas.
3330,1110,,1590,precipitacao_prevista_1h,20.78,mm,10/21/40 mm,Previsão meteorológica simulada para a próxima hora.
3331,1111,14326,,nivel_agua_percentagem,76.86,%,70/85/90%,Leitura máxima de nível de água na área.
3332,1111,,,precipitacao_acumulada_6h,48.36,mm,30/41/60 mm,Precipitação acumulada calculada sobre as últimas 6 horas.
3333,1111,,1592,precipitacao_prevista_1h,0,mm,10/21/40 mm,Previsão meteorológica simulada para a próxima hora.
3334,1112,14329,,nivel_agua_percentagem,45.55,%,70/85/90%,Leitura máxima de nível de água na área.
3335,1112,,,precipitacao_acumulada_6h,15.45,mm,30/41/60 mm,Precipitação acumulada calculada sobre as últimas 6 horas.
3336,1112,,1593,precipitacao_prevista_1h,24.96,mm,10/21/40 mm,Previsão meteorológica simulada para a próxima hora.
3337,1113,14362,,nivel_agua_percentagem,70.57,%,70/85/90%,Leitura máxima de nível de água na área.
3338,1113,,,precipitacao_acumulada_6h,48.1,mm,30/41/60 mm,Precipitação acumulada calculada sobre as últimas 6 horas.
3339,1113,,1596,precipitacao_prevista_1h,14.99,mm,10/21/40 mm,Previsão meteorológica simulada para a próxima hora.
3340,1114,14365,,nivel_agua_percentagem,66.17,%,70/85/90%,Leitura máxima de nível de água na área.
3341,1114,,,precipitacao_acumulada_6h,32.26,mm,30/41/60 mm,Precipitação acumulada calculada sobre as últimas 6 horas.
3342,1114,,1597,precipitacao_prevista_1h,34.52,mm,10/21/40 mm,Previsão meteorológica simulada para a próxima hora.
3343,1115,14377,,nivel_agua_percentagem,44.17,%,70/85/90%,Leitura máxima de nível de água na área.
3344,1115,,,precipitacao_acumulada_6h,10.4,mm,30/41/60 mm,Precipitação acumulada calculada sobre as últimas 6 horas.
3345,1115,,1598,precipitacao_prevista_1h,0,mm,10/21/40 mm,Previsão meteorológica simulada para a próxima hora.
3346,1116,14386,,nivel_agua_percentagem,44.02,%,70/85/90%,Leitura máxima de nível de água na área.
3347,1116,,,precipitacao_acumulada_6h,20.43,mm,30/41/60 mm,Precipitação acumulada calculada sobre as últimas 6 horas.
3348,1116,,1599,precipitacao_prevista_1h,12.73,mm,10/21/40 mm,Previsão meteorológica simulada para a próxima hora.
3349,1117,14398,,nivel_agua_percentagem,98.65,%,70/85/90%,Leitura máxima de nível de água na área.
3350,1117,,,precipitacao_acumulada_6h,82.04,mm,30/41/60 mm,Precipitação acumulada calculada sobre as últimas 6 horas.
3351,1117,,1600,precipitacao_prevista_1h,35.34,mm,10/21/40 mm,Previsão meteorológica simulada para a próxima hora.
3352,1118,14404,,nivel_agua_percentagem,65.28,%,70/85/90%,Leitura máxima de nível de água na área.
3353,1118,,,precipitacao_acumulada_6h,30.81,mm,30/41/60 mm,Precipitação acumulada calculada sobre as últimas 6 horas.
3354,1118,,1601,precipitacao_prevista_1h,0,mm,10/21/40 mm,Previsão meteorológica simulada para a próxima hora.
3355,1119,14428,,nivel_agua_percentagem,69.22,%,70/85/90%,Leitura máxima de nível de água na área.
3356,1119,,,precipitacao_acumulada_6h,44.76,mm,30/41/60 mm,Precipitação acumulada calculada sobre as últimas 6 horas.
3357,1119,,1604,precipitacao_prevista_1h,19.82,mm,10/21/40 mm,Previsão meteorológica simulada para a próxima hora.
3358,1120,14455,,nivel_agua_percentagem,59.65,%,70/85/90%,Leitura máxima de nível de água na área.
3359,1120,,,precipitacao_acumulada_6h,32.42,mm,30/41/60 mm,Precipitação acumulada calculada sobre as últimas 6 horas.
3360,1120,,1607,precipitacao_prevista_1h,6.91,mm,10/21/40 mm,Previsão meteorológica simulada para a próxima hora.
3361,1121,14464,,nivel_agua_percentagem,59,%,70/85/90%,Leitura máxima de nível de água na área.
3362,1121,,,precipitacao_acumulada_6h,42.2,mm,30/41/60 mm,Precipitação acumulada calculada sobre as últimas 6 horas.
3363,1121,,1608,precipitacao_prevista_1h,0.59,mm,10/21/40 mm,Previsão meteorológica simulada para a próxima hora.
3364,1122,14491,,nivel_agua_percentagem,60.89,%,70/85/90%,Leitura máxima de nível de água na área.
3365,1122,,,precipitacao_acumulada_6h,30.36,mm,30/41/60 mm,Precipitação acumulada calculada sobre as últimas 6 horas.
3366,1122,,1611,precipitacao_prevista_1h,3.12,mm,10/21/40 mm,Previsão meteorológica simulada para a próxima hora.
3367,1123,14506,,nivel_agua_percentagem,63.17,%,70/85/90%,Leitura máxima de nível de água na área.
3368,1123,,,precipitacao_acumulada_6h,38.64,mm,30/41/60 mm,Precipitação acumulada calculada sobre as últimas 6 horas.
3369,1123,,1612,precipitacao_prevista_1h,19.73,mm,10/21/40 mm,Previsão meteorológica simulada para a próxima hora.
3370,1124,14518,,nivel_agua_percentagem,39.87,%,70/85/90%,Leitura máxima de nível de água na área.
3371,1124,,,precipitacao_acumulada_6h,7.44,mm,30/41/60 mm,Precipitação acumulada calculada sobre as últimas 6 horas.
3372,1124,,1614,precipitacao_prevista_1h,16.25,mm,10/21/40 mm,Previsão meteorológica simulada para a próxima hora.
3373,1125,14533,,nivel_agua_percentagem,76.61,%,70/85/90%,Leitura máxima de nível de água na área.
3374,1125,,,precipitacao_acumulada_6h,52.06,mm,30/41/60 mm,Precipitação acumulada calculada sobre as últimas 6 horas.
3375,1125,,1615,precipitacao_prevista_1h,26.43,mm,10/21/40 mm,Previsão meteorológica simulada para a próxima hora.
3376,1126,14539,,nivel_agua_percentagem,63.13,%,70/85/90%,Leitura máxima de nível de água na área.
3377,1126,,,precipitacao_acumulada_6h,39.75,mm,30/41/60 mm,Precipitação acumulada calculada sobre as últimas 6 horas.
3378,1126,,1616,precipitacao_prevista_1h,9.05,mm,10/21/40 mm,Previsão meteorológica simulada para a próxima hora.
3379,1127,14557,,nivel_agua_percentagem,36.27,%,70/85/90%,Leitura máxima de nível de água na área.
3380,1127,,,precipitacao_acumulada_6h,6.7,mm,30/41/60 mm,Precipitação acumulada calculada sobre as últimas 6 horas.
3381,1127,,1618,precipitacao_prevista_1h,0,mm,10/21/40 mm,Previsão meteorológica simulada para a próxima hora.
3382,1128,14563,,nivel_agua_percentagem,74.66,%,70/85/90%,Leitura máxima de nível de água na área.
3383,1128,,,precipitacao_acumulada_6h,52.45,mm,30/41/60 mm,Precipitação acumulada calculada sobre as últimas 6 horas.
3384,1128,,1619,precipitacao_prevista_1h,0.82,mm,10/21/40 mm,Previsão meteorológica simulada para a próxima hora.
3385,1129,14578,,nivel_agua_percentagem,63.68,%,70/85/90%,Leitura máxima de nível de água na área.
3386,1129,,,precipitacao_acumulada_6h,40.17,mm,30/41/60 mm,Precipitação acumulada calculada sobre as últimas 6 horas.
3387,1129,,1620,precipitacao_prevista_1h,1.86,mm,10/21/40 mm,Previsão meteorológica simulada para a próxima hora.
3388,1130,14605,,nivel_agua_percentagem,62.1,%,70/85/90%,Leitura máxima de nível de água na área.
3389,1130,,,precipitacao_acumulada_6h,37.63,mm,30/41/60 mm,Precipitação acumulada calculada sobre as últimas 6 horas.
3390,1130,,1623,precipitacao_prevista_1h,8.26,mm,10/21/40 mm,Previsão meteorológica simulada para a próxima hora.
3391,1131,14638,,nivel_agua_percentagem,63.45,%,70/85/90%,Leitura máxima de nível de água na área.
3392,1131,,,precipitacao_acumulada_6h,39.87,mm,30/41/60 mm,Precipitação acumulada calculada sobre as últimas 6 horas.
3393,1131,,1627,precipitacao_prevista_1h,11.51,mm,10/21/40 mm,Previsão meteorológica simulada para a próxima hora.
3394,1132,14680,,nivel_agua_percentagem,41.63,%,70/85/90%,Leitura máxima de nível de água na área.
3395,1132,,,precipitacao_acumulada_6h,6.36,mm,30/41/60 mm,Precipitação acumulada calculada sobre as últimas 6 horas.
3396,1132,,1632,precipitacao_prevista_1h,13.77,mm,10/21/40 mm,Previsão meteorológica simulada para a próxima hora.
3397,1133,14713,,nivel_agua_percentagem,54.54,%,70/85/90%,Leitura máxima de nível de água na área.
3398,1133,,,precipitacao_acumulada_6h,30.51,mm,30/41/60 mm,Precipitação acumulada calculada sobre as últimas 6 horas.
3399,1133,,1635,precipitacao_prevista_1h,22.69,mm,10/21/40 mm,Previsão meteorológica simulada para a próxima hora.
3400,1134,14740,,nivel_agua_percentagem,39.17,%,70/85/90%,Leitura máxima de nível de água na área.
3401,1134,,,precipitacao_acumulada_6h,8.55,mm,30/41/60 mm,Precipitação acumulada calculada sobre as últimas 6 horas.
3402,1134,,1638,precipitacao_prevista_1h,11.64,mm,10/21/40 mm,Previsão meteorológica simulada para a próxima hora.
3403,1135,14755,,nivel_agua_percentagem,27.44,%,70/85/90%,Leitura máxima de nível de água na área.
3404,1135,,,precipitacao_acumulada_6h,5.65,mm,30/41/60 mm,Precipitação acumulada calculada sobre as últimas 6 horas.
3405,1135,,1640,precipitacao_prevista_1h,17.71,mm,10/21/40 mm,Previsão meteorológica simulada para a próxima hora.
3406,1136,14761,,nivel_agua_percentagem,42.15,%,70/85/90%,Leitura máxima de nível de água na área.
3407,1136,,,precipitacao_acumulada_6h,10.29,mm,30/41/60 mm,Precipitação acumulada calculada sobre as últimas 6 horas.
3408,1136,,1641,precipitacao_prevista_1h,15.88,mm,10/21/40 mm,Previsão meteorológica simulada para a próxima hora.
3409,1137,14776,,nivel_agua_percentagem,39.17,%,70/85/90%,Leitura máxima de nível de água na área.
3410,1137,,,precipitacao_acumulada_6h,9.12,mm,30/41/60 mm,Precipitação acumulada calculada sobre as últimas 6 horas.
3411,1137,,1642,precipitacao_prevista_1h,17.69,mm,10/21/40 mm,Previsão meteorológica simulada para a próxima hora.
3412,1138,14782,,nivel_agua_percentagem,39.67,%,70/85/90%,Leitura máxima de nível de água na área.
3413,1138,,,precipitacao_acumulada_6h,6.56,mm,30/41/60 mm,Precipitação acumulada calculada sobre as últimas 6 horas.
3414,1138,,1643,precipitacao_prevista_1h,12.56,mm,10/21/40 mm,Previsão meteorológica simulada para a próxima hora.
3415,1139,14791,,nivel_agua_percentagem,46.84,%,70/85/90%,Leitura máxima de nível de água na área.
3416,1139,,,precipitacao_acumulada_6h,18.21,mm,30/41/60 mm,Precipitação acumulada calculada sobre as últimas 6 horas.
3417,1139,,1644,precipitacao_prevista_1h,11.21,mm,10/21/40 mm,Previsão meteorológica simulada para a próxima hora.
3418,1140,14797,,nivel_agua_percentagem,58.66,%,70/85/90%,Leitura máxima de nível de água na área.
3419,1140,,,precipitacao_acumulada_6h,28.86,mm,30/41/60 mm,Precipitação acumulada calculada sobre as últimas 6 horas.
3420,1140,,1645,precipitacao_prevista_1h,28.07,mm,10/21/40 mm,Previsão meteorológica simulada para a próxima hora.
3421,1141,14809,,nivel_agua_percentagem,40.26,%,70/85/90%,Leitura máxima de nível de água na área.
3422,1141,,,precipitacao_acumulada_6h,10.19,mm,30/41/60 mm,Precipitação acumulada calculada sobre as últimas 6 horas.
3423,1141,,1646,precipitacao_prevista_1h,12.51,mm,10/21/40 mm,Previsão meteorológica simulada para a próxima hora.
3424,1142,14827,,nivel_agua_percentagem,42.3,%,70/85/90%,Leitura máxima de nível de água na área.
3425,1142,,,precipitacao_acumulada_6h,19.68,mm,30/41/60 mm,Precipitação acumulada calculada sobre as últimas 6 horas.
3426,1142,,1648,precipitacao_prevista_1h,17.54,mm,10/21/40 mm,Previsão meteorológica simulada para a próxima hora.
3427,1143,14833,,nivel_agua_percentagem,60.23,%,70/85/90%,Leitura máxima de nível de água na área.
3428,1143,,,precipitacao_acumulada_6h,29.53,mm,30/41/60 mm,Precipitação acumulada calculada sobre as últimas 6 horas.
3429,1143,,1649,precipitacao_prevista_1h,13.24,mm,10/21/40 mm,Previsão meteorológica simulada para a próxima hora.
3430,1144,14842,,nivel_agua_percentagem,49.78,%,70/85/90%,Leitura máxima de nível de água na área.
3431,1144,,,precipitacao_acumulada_6h,15.84,mm,30/41/60 mm,Precipitação acumulada calculada sobre as últimas 6 horas.
3432,1144,,1650,precipitacao_prevista_1h,16.38,mm,10/21/40 mm,Previsão meteorológica simulada para a próxima hora.
3433,1145,14875,,nivel_agua_percentagem,68.2,%,70/85/90%,Leitura máxima de nível de água na área.
3434,1145,,,precipitacao_acumulada_6h,32.86,mm,30/41/60 mm,Precipitação acumulada calculada sobre as últimas 6 horas.
3435,1145,,1653,precipitacao_prevista_1h,6.89,mm,10/21/40 mm,Previsão meteorológica simulada para a próxima hora.
3436,1146,14887,,nivel_agua_percentagem,31.33,%,70/85/90%,Leitura máxima de nível de água na área.
3437,1146,,,precipitacao_acumulada_6h,6.85,mm,30/41/60 mm,Precipitação acumulada calculada sobre as últimas 6 horas.
3438,1146,,1655,precipitacao_prevista_1h,14.16,mm,10/21/40 mm,Previsão meteorológica simulada para a próxima hora.
3439,1147,14905,,nivel_agua_percentagem,66.34,%,70/85/90%,Leitura máxima de nível de água na área.
3440,1147,,,precipitacao_acumulada_6h,31.65,mm,30/41/60 mm,Precipitação acumulada calculada sobre as últimas 6 horas.
3441,1147,,1657,precipitacao_prevista_1h,0,mm,10/21/40 mm,Previsão meteorológica simulada para a próxima hora.
3442,1148,14914,,nivel_agua_percentagem,48.87,%,70/85/90%,Leitura máxima de nível de água na área.
3443,1148,,,precipitacao_acumulada_6h,11.14,mm,30/41/60 mm,Precipitação acumulada calculada sobre as últimas 6 horas.
3444,1148,,1658,precipitacao_prevista_1h,11.17,mm,10/21/40 mm,Previsão meteorológica simulada para a próxima hora.
3445,1149,14929,,nivel_agua_percentagem,65.22,%,70/85/90%,Leitura máxima de nível de água na área.
3446,1149,,,precipitacao_acumulada_6h,49.08,mm,30/41/60 mm,Precipitação acumulada calculada sobre as últimas 6 horas.
3447,1149,,1659,precipitacao_prevista_1h,48.61,mm,10/21/40 mm,Previsão meteorológica simulada para a próxima hora.
3448,1150,14962,,nivel_agua_percentagem,77.2,%,70/85/90%,Leitura máxima de nível de água na área.
3449,1150,,,precipitacao_acumulada_6h,62.33,mm,30/41/60 mm,Precipitação acumulada calculada sobre as últimas 6 horas.
3450,1150,,1663,precipitacao_prevista_1h,19.44,mm,10/21/40 mm,Previsão meteorológica simulada para a próxima hora.
3451,1151,14995,,nivel_agua_percentagem,87.51,%,70/85/90%,Leitura máxima de nível de água na área.
3452,1151,,,precipitacao_acumulada_6h,61.98,mm,30/41/60 mm,Precipitação acumulada calculada sobre as últimas 6 horas.
3453,1151,,1667,precipitacao_prevista_1h,8.42,mm,10/21/40 mm,Previsão meteorológica simulada para a próxima hora.
3454,1152,15010,,nivel_agua_percentagem,59.99,%,70/85/90%,Leitura máxima de nível de água na área.
3455,1152,,,precipitacao_acumulada_6h,40.03,mm,30/41/60 mm,Precipitação acumulada calculada sobre as últimas 6 horas.
3456,1152,,1668,precipitacao_prevista_1h,42,mm,10/21/40 mm,Previsão meteorológica simulada para a próxima hora.
3457,1153,15031,,nivel_agua_percentagem,87.1,%,70/85/90%,Leitura máxima de nível de água na área.
3458,1153,,,precipitacao_acumulada_6h,62.72,mm,30/41/60 mm,Precipitação acumulada calculada sobre as últimas 6 horas.
3459,1153,,1671,precipitacao_prevista_1h,0,mm,10/21/40 mm,Previsão meteorológica simulada para a próxima hora.
3460,1154,15043,,nivel_agua_percentagem,60.74,%,70/85/90%,Leitura máxima de nível de água na área.
3461,1154,,,precipitacao_acumulada_6h,38.04,mm,30/41/60 mm,Precipitação acumulada calculada sobre as últimas 6 horas.
3462,1154,,1672,precipitacao_prevista_1h,13.78,mm,10/21/40 mm,Previsão meteorológica simulada para a próxima hora.
3463,1155,15073,,nivel_agua_percentagem,77.11,%,70/85/90%,Leitura máxima de nível de água na área.
3464,1155,,,precipitacao_acumulada_6h,59.75,mm,30/41/60 mm,Precipitação acumulada calculada sobre as últimas 6 horas.
3465,1155,,1675,precipitacao_prevista_1h,1.41,mm,10/21/40 mm,Previsão meteorológica simulada para a próxima hora.
3466,1156,15082,,nivel_agua_percentagem,62.68,%,70/85/90%,Leitura máxima de nível de água na área.
3467,1156,,,precipitacao_acumulada_6h,40.81,mm,30/41/60 mm,Precipitação acumulada calculada sobre as últimas 6 horas.
3468,1156,,1676,precipitacao_prevista_1h,12.48,mm,10/21/40 mm,Previsão meteorológica simulada para a próxima hora.
3469,1157,15109,,nivel_agua_percentagem,84.65,%,70/85/90%,Leitura máxima de nível de água na área.
3470,1157,,,precipitacao_acumulada_6h,70.42,mm,30/41/60 mm,Precipitação acumulada calculada sobre as últimas 6 horas.
3471,1157,,1679,precipitacao_prevista_1h,3.4,mm,10/21/40 mm,Previsão meteorológica simulada para a próxima hora.
3472,1158,15115,,nivel_agua_percentagem,60.39,%,70/85/90%,Leitura máxima de nível de água na área.
3473,1158,,,precipitacao_acumulada_6h,39.92,mm,30/41/60 mm,Precipitação acumulada calculada sobre as últimas 6 horas.
3474,1158,,1680,precipitacao_prevista_1h,6.5,mm,10/21/40 mm,Previsão meteorológica simulada para a próxima hora.
3475,1159,15148,,nivel_agua_percentagem,65.44,%,70/85/90%,Leitura máxima de nível de água na área.
3476,1159,,,precipitacao_acumulada_6h,41.55,mm,30/41/60 mm,Precipitação acumulada calculada sobre as últimas 6 horas.
3477,1159,,1684,precipitacao_prevista_1h,4.62,mm,10/21/40 mm,Previsão meteorológica simulada para a próxima hora.
3478,1160,15178,,nivel_agua_percentagem,44.89,%,70/85/90%,Leitura máxima de nível de água na área.
3479,1160,,,precipitacao_acumulada_6h,12.63,mm,30/41/60 mm,Precipitação acumulada calculada sobre as últimas 6 horas.
3480,1160,,1687,precipitacao_prevista_1h,0,mm,10/21/40 mm,Previsão meteorológica simulada para a próxima hora.
3481,1161,15184,,nivel_agua_percentagem,66.48,%,70/85/90%,Leitura máxima de nível de água na área.
3482,1161,,,precipitacao_acumulada_6h,41.13,mm,30/41/60 mm,Precipitação acumulada calculada sobre as últimas 6 horas.
3483,1161,,1688,precipitacao_prevista_1h,1.31,mm,10/21/40 mm,Previsão meteorológica simulada para a próxima hora.
3484,1162,15202,,nivel_agua_percentagem,39.09,%,70/85/90%,Leitura máxima de nível de água na área.
3485,1162,,,precipitacao_acumulada_6h,12.68,mm,30/41/60 mm,Precipitação acumulada calculada sobre as últimas 6 horas.
3486,1162,,1690,precipitacao_prevista_1h,12.55,mm,10/21/40 mm,Previsão meteorológica simulada para a próxima hora.
3487,1163,15232,,nivel_agua_percentagem,47.55,%,70/85/90%,Leitura máxima de nível de água na área.
3488,1163,,,precipitacao_acumulada_6h,8.73,mm,30/41/60 mm,Precipitação acumulada calculada sobre as últimas 6 horas.
3489,1163,,1693,precipitacao_prevista_1h,10.07,mm,10/21/40 mm,Previsão meteorológica simulada para a próxima hora.
3490,1164,15238,,nivel_agua_percentagem,47.08,%,70/85/90%,Leitura máxima de nível de água na área.
3491,1164,,,precipitacao_acumulada_6h,12.47,mm,30/41/60 mm,Precipitação acumulada calculada sobre as últimas 6 horas.
3492,1164,,1694,precipitacao_prevista_1h,18.53,mm,10/21/40 mm,Previsão meteorológica simulada para a próxima hora.
3493,1165,15247,,nivel_agua_percentagem,40.33,%,70/85/90%,Leitura máxima de nível de água na área.
3494,1165,,,precipitacao_acumulada_6h,15.35,mm,30/41/60 mm,Precipitação acumulada calculada sobre as últimas 6 horas.
3495,1165,,1695,precipitacao_prevista_1h,12.67,mm,10/21/40 mm,Previsão meteorológica simulada para a próxima hora.
3496,1166,15280,,nivel_agua_percentagem,48.09,%,70/85/90%,Leitura máxima de nível de água na área.
3497,1166,,,precipitacao_acumulada_6h,12.27,mm,30/41/60 mm,Precipitação acumulada calculada sobre as últimas 6 horas.
3498,1166,,1698,precipitacao_prevista_1h,15.53,mm,10/21/40 mm,Previsão meteorológica simulada para a próxima hora.
3499,1167,15295,,nivel_agua_percentagem,35.53,%,70/85/90%,Leitura máxima de nível de água na área.
3500,1167,,,precipitacao_acumulada_6h,7.71,mm,30/41/60 mm,Precipitação acumulada calculada sobre as últimas 6 horas.
3501,1167,,1700,precipitacao_prevista_1h,11.36,mm,10/21/40 mm,Previsão meteorológica simulada para a próxima hora.
3502,1168,15301,,nivel_agua_percentagem,44.52,%,70/85/90%,Leitura máxima de nível de água na área.
3503,1168,,,precipitacao_acumulada_6h,12.72,mm,30/41/60 mm,Precipitação acumulada calculada sobre as últimas 6 horas.
3504,1168,,1701,precipitacao_prevista_1h,10.36,mm,10/21/40 mm,Previsão meteorológica simulada para a próxima hora.
3505,1169,15322,,nivel_agua_percentagem,42.17,%,70/85/90%,Leitura máxima de nível de água na área.
3506,1169,,,precipitacao_acumulada_6h,11.1,mm,30/41/60 mm,Precipitação acumulada calculada sobre as últimas 6 horas.
3507,1169,,1703,precipitacao_prevista_1h,30.02,mm,10/21/40 mm,Previsão meteorológica simulada para a próxima hora.
3508,1170,15346,,nivel_agua_percentagem,53.56,%,70/85/90%,Leitura máxima de nível de água na área.
3509,1170,,,precipitacao_acumulada_6h,23.11,mm,30/41/60 mm,Precipitação acumulada calculada sobre as últimas 6 horas.
3510,1170,,1706,precipitacao_prevista_1h,27.53,mm,10/21/40 mm,Previsão meteorológica simulada para a próxima hora.
3511,1171,15424,,nivel_agua_percentagem,52.85,%,70/85/90%,Leitura máxima de nível de água na área.
3512,1171,,,precipitacao_acumulada_6h,23.72,mm,30/41/60 mm,Precipitação acumulada calculada sobre as últimas 6 horas.
3513,1171,,1714,precipitacao_prevista_1h,0,mm,10/21/40 mm,Previsão meteorológica simulada para a próxima hora.
3514,1172,15427,,nivel_agua_percentagem,41.33,%,70/85/90%,Leitura máxima de nível de água na área.
3515,1172,,,precipitacao_acumulada_6h,14.79,mm,30/41/60 mm,Precipitação acumulada calculada sobre as últimas 6 horas.
3516,1172,,1715,precipitacao_prevista_1h,29.51,mm,10/21/40 mm,Previsão meteorológica simulada para a próxima hora.
3517,1173,15439,,nivel_agua_percentagem,37.25,%,70/85/90%,Leitura máxima de nível de água na área.
3518,1173,,,precipitacao_acumulada_6h,9.03,mm,30/41/60 mm,Precipitação acumulada calculada sobre as últimas 6 horas.
3519,1173,,1716,precipitacao_prevista_1h,20.5,mm,10/21/40 mm,Previsão meteorológica simulada para a próxima hora.
3520,1174,15457,,nivel_agua_percentagem,55.67,%,70/85/90%,Leitura máxima de nível de água na área.
3521,1174,,,precipitacao_acumulada_6h,25.08,mm,30/41/60 mm,Precipitação acumulada calculada sobre as últimas 6 horas.
3522,1174,,1718,precipitacao_prevista_1h,1.09,mm,10/21/40 mm,Previsão meteorológica simulada para a próxima hora.
3523,1175,15469,,nivel_agua_percentagem,37.56,%,70/85/90%,Leitura máxima de nível de água na área.
3524,1175,,,precipitacao_acumulada_6h,12.39,mm,30/41/60 mm,Precipitação acumulada calculada sobre as últimas 6 horas.
3525,1175,,1719,precipitacao_prevista_1h,14.68,mm,10/21/40 mm,Previsão meteorológica simulada para a próxima hora.
3526,1176,15481,,nivel_agua_percentagem,51.58,%,70/85/90%,Leitura máxima de nível de água na área.
3527,1176,,,precipitacao_acumulada_6h,11,mm,30/41/60 mm,Precipitação acumulada calculada sobre as últimas 6 horas.
3528,1176,,1721,precipitacao_prevista_1h,29.77,mm,10/21/40 mm,Previsão meteorológica simulada para a próxima hora.
3529,1177,15523,,nivel_agua_percentagem,43.7,%,70/85/90%,Leitura máxima de nível de água na área.
3530,1177,,,precipitacao_acumulada_6h,10.15,mm,30/41/60 mm,Precipitação acumulada calculada sobre as últimas 6 horas.
3531,1177,,1725,precipitacao_prevista_1h,0,mm,10/21/40 mm,Previsão meteorológica simulada para a próxima hora.
3532,1178,15526,,nivel_agua_percentagem,51.19,%,70/85/90%,Leitura máxima de nível de água na área.
3533,1178,,,precipitacao_acumulada_6h,24.37,mm,30/41/60 mm,Precipitação acumulada calculada sobre as últimas 6 horas.
3534,1178,,1726,precipitacao_prevista_1h,18.7,mm,10/21/40 mm,Previsão meteorológica simulada para a próxima hora.
3535,1179,15559,,nivel_agua_percentagem,45.49,%,70/85/90%,Leitura máxima de nível de água na área.
3536,1179,,,precipitacao_acumulada_6h,9.08,mm,30/41/60 mm,Precipitação acumulada calculada sobre as últimas 6 horas.
3537,1179,,1729,precipitacao_prevista_1h,11.45,mm,10/21/40 mm,Previsão meteorológica simulada para a próxima hora.
3538,1180,15592,,nivel_agua_percentagem,44.17,%,70/85/90%,Leitura máxima de nível de água na área.
3539,1180,,,precipitacao_acumulada_6h,9.08,mm,30/41/60 mm,Precipitação acumulada calculada sobre as últimas 6 horas.
3540,1180,,1733,precipitacao_prevista_1h,12.19,mm,10/21/40 mm,Previsão meteorológica simulada para a próxima hora.
3541,1181,15601,,nivel_agua_percentagem,93.13,%,70/85/90%,Leitura máxima de nível de água na área.
3542,1181,,,precipitacao_acumulada_6h,71.28,mm,30/41/60 mm,Precipitação acumulada calculada sobre as últimas 6 horas.
3543,1181,,1734,precipitacao_prevista_1h,70,mm,10/21/40 mm,Previsão meteorológica simulada para a próxima hora.
3544,1182,15622,,nivel_agua_percentagem,39.99,%,70/85/90%,Leitura máxima de nível de água na área.
3545,1182,,,precipitacao_acumulada_6h,9.31,mm,30/41/60 mm,Precipitação acumulada calculada sobre as últimas 6 horas.
3546,1182,,1736,precipitacao_prevista_1h,13.14,mm,10/21/40 mm,Previsão meteorológica simulada para a próxima hora.
3547,1183,15634,,nivel_agua_percentagem,99.97,%,70/85/90%,Leitura máxima de nível de água na área.
3548,1183,,,precipitacao_acumulada_6h,74.03,mm,30/41/60 mm,Precipitação acumulada calculada sobre as últimas 6 horas.
3549,1183,,1738,precipitacao_prevista_1h,2.89,mm,10/21/40 mm,Previsão meteorológica simulada para a próxima hora.
3550,1184,15646,,nivel_agua_percentagem,37.89,%,70/85/90%,Leitura máxima de nível de água na área.
3551,1184,,,precipitacao_acumulada_6h,8.79,mm,30/41/60 mm,Precipitação acumulada calculada sobre as últimas 6 horas.
3552,1184,,1739,precipitacao_prevista_1h,17.68,mm,10/21/40 mm,Previsão meteorológica simulada para a próxima hora.
3553,1185,15652,,nivel_agua_percentagem,37.24,%,70/85/90%,Leitura máxima de nível de água na área.
3554,1185,,,precipitacao_acumulada_6h,7.73,mm,30/41/60 mm,Precipitação acumulada calculada sobre as últimas 6 horas.
3555,1185,,1740,precipitacao_prevista_1h,11.7,mm,10/21/40 mm,Previsão meteorológica simulada para a próxima hora.
3556,1186,15673,,nivel_agua_percentagem,94.07,%,70/85/90%,Leitura máxima de nível de água na área.
3557,1186,,,precipitacao_acumulada_6h,72.86,mm,30/41/60 mm,Precipitação acumulada calculada sobre as últimas 6 horas.
3558,1186,,1742,precipitacao_prevista_1h,0,mm,10/21/40 mm,Previsão meteorológica simulada para a próxima hora.
3559,1187,15712,,nivel_agua_percentagem,99.79,%,70/85/90%,Leitura máxima de nível de água na área.
3560,1187,,,precipitacao_acumulada_6h,74.3,mm,30/41/60 mm,Precipitação acumulada calculada sobre as últimas 6 horas.
3561,1187,,1746,precipitacao_prevista_1h,16.34,mm,10/21/40 mm,Previsão meteorológica simulada para a próxima hora.
3562,1188,15745,,nivel_agua_percentagem,97,%,70/85/90%,Leitura máxima de nível de água na área.
3563,1188,,,precipitacao_acumulada_6h,73.52,mm,30/41/60 mm,Precipitação acumulada calculada sobre as últimas 6 horas.
3564,1188,,1750,precipitacao_prevista_1h,0,mm,10/21/40 mm,Previsão meteorológica simulada para a próxima hora.
3565,1189,15760,,nivel_agua_percentagem,32.8,%,70/85/90%,Leitura máxima de nível de água na área.
3566,1189,,,precipitacao_acumulada_6h,6.96,mm,30/41/60 mm,Precipitação acumulada calculada sobre as últimas 6 horas.
3567,1189,,1752,precipitacao_prevista_1h,18.13,mm,10/21/40 mm,Previsão meteorológica simulada para a próxima hora.
3568,1190,15769,,nivel_agua_percentagem,39.53,%,70/85/90%,Leitura máxima de nível de água na área.
3569,1190,,,precipitacao_acumulada_6h,5.48,mm,30/41/60 mm,Precipitação acumulada calculada sobre as últimas 6 horas.
3570,1190,,1753,precipitacao_prevista_1h,21.45,mm,10/21/40 mm,Previsão meteorológica simulada para a próxima hora.
3571,1191,15781,,nivel_agua_percentagem,98.59,%,70/85/90%,Leitura máxima de nível de água na área.
3572,1191,,,precipitacao_acumulada_6h,74.4,mm,30/41/60 mm,Precipitação acumulada calculada sobre as últimas 6 horas.
3573,1191,,1754,precipitacao_prevista_1h,0,mm,10/21/40 mm,Previsão meteorológica simulada para a próxima hora.
3574,1192,15826,,nivel_agua_percentagem,39.28,%,70/85/90%,Leitura máxima de nível de água na área.
3575,1192,,,precipitacao_acumulada_6h,6,mm,30/41/60 mm,Precipitação acumulada calculada sobre as últimas 6 horas.
3576,1192,,1759,precipitacao_prevista_1h,10.03,mm,10/21/40 mm,Previsão meteorológica simulada para a próxima hora.
3577,1193,15835,,nivel_agua_percentagem,31.41,%,70/85/90%,Leitura máxima de nível de água na área.
3578,1193,,,precipitacao_acumulada_6h,3.58,mm,30/41/60 mm,Precipitação acumulada calculada sobre as últimas 6 horas.
3579,1193,,1760,precipitacao_prevista_1h,0,mm,10/21/40 mm,Previsão meteorológica simulada para a próxima hora.
3580,1194,15844,,nivel_agua_percentagem,39.16,%,70/85/90%,Leitura máxima de nível de água na área.
3581,1194,,,precipitacao_acumulada_6h,4.44,mm,30/41/60 mm,Precipitação acumulada calculada sobre as últimas 6 horas.
3582,1194,,1761,precipitacao_prevista_1h,0,mm,10/21/40 mm,Previsão meteorológica simulada para a próxima hora.
3583,1195,15853,,nivel_agua_percentagem,38.12,%,70/85/90%,Leitura máxima de nível de água na área.
3584,1195,,,precipitacao_acumulada_6h,5.25,mm,30/41/60 mm,Precipitação acumulada calculada sobre as últimas 6 horas.
3585,1195,,1762,precipitacao_prevista_1h,15.73,mm,10/21/40 mm,Previsão meteorológica simulada para a próxima hora.
3586,1196,16018,,nivel_agua_percentagem,55.93,%,70/85/90%,Leitura máxima de nível de água na área.
3587,1196,,,precipitacao_acumulada_6h,34.63,mm,30/41/60 mm,Precipitação acumulada calculada sobre as últimas 6 horas.
3588,1196,,1780,precipitacao_prevista_1h,47.94,mm,10/21/40 mm,Previsão meteorológica simulada para a próxima hora.
3589,1197,16039,,nivel_agua_percentagem,33.71,%,70/85/90%,Leitura máxima de nível de água na área.
3590,1197,,,precipitacao_acumulada_6h,6.89,mm,30/41/60 mm,Precipitação acumulada calculada sobre as últimas 6 horas.
3591,1197,,1783,precipitacao_prevista_1h,13.6,mm,10/21/40 mm,Previsão meteorológica simulada para a próxima hora.
3592,1198,16051,,nivel_agua_percentagem,57.8,%,70/85/90%,Leitura máxima de nível de água na área.
3593,1198,,,precipitacao_acumulada_6h,35.88,mm,30/41/60 mm,Precipitação acumulada calculada sobre as últimas 6 horas.
3594,1198,,1784,precipitacao_prevista_1h,0,mm,10/21/40 mm,Previsão meteorológica simulada para a próxima hora.
3595,1199,16069,,nivel_agua_percentagem,41.77,%,70/85/90%,Leitura máxima de nível de água na área.
3596,1199,,,precipitacao_acumulada_6h,7.28,mm,30/41/60 mm,Precipitação acumulada calculada sobre as últimas 6 horas.
3597,1199,,1786,precipitacao_prevista_1h,5.18,mm,10/21/40 mm,Previsão meteorológica simulada para a próxima hora.
3598,1200,16081,,nivel_agua_percentagem,34.49,%,70/85/90%,Leitura máxima de nível de água na área.
3599,1200,,,precipitacao_acumulada_6h,5.12,mm,30/41/60 mm,Precipitação acumulada calculada sobre as últimas 6 horas.
3600,1200,,1787,precipitacao_prevista_1h,14.12,mm,10/21/40 mm,Previsão meteorológica simulada para a próxima hora.
3601,1201,16084,,nivel_agua_percentagem,55.56,%,70/85/90%,Leitura máxima de nível de água na área.
3602,1201,,,precipitacao_acumulada_6h,35.88,mm,30/41/60 mm,Precipitação acumulada calculada sobre as últimas 6 horas.
3603,1201,,1788,precipitacao_prevista_1h,22.45,mm,10/21/40 mm,Previsão meteorológica simulada para a próxima hora.
3604,1202,16096,,nivel_agua_percentagem,69.55,%,70/85/90%,Leitura máxima de nível de água na área.
3605,1202,,,precipitacao_acumulada_6h,30.64,mm,30/41/60 mm,Precipitação acumulada calculada sobre as últimas 6 horas.
3606,1202,,1789,precipitacao_prevista_1h,37.77,mm,10/21/40 mm,Previsão meteorológica simulada para a próxima hora.
3607,1203,16102,,nivel_agua_percentagem,42.88,%,70/85/90%,Leitura máxima de nível de água na área.
3608,1203,,,precipitacao_acumulada_6h,8.12,mm,30/41/60 mm,Precipitação acumulada calculada sobre as últimas 6 horas.
3609,1203,,1790,precipitacao_prevista_1h,18.46,mm,10/21/40 mm,Previsão meteorológica simulada para a próxima hora.
3610,1204,16123,,nivel_agua_percentagem,58.62,%,70/85/90%,Leitura máxima de nível de água na área.
3611,1204,,,precipitacao_acumulada_6h,35.84,mm,30/41/60 mm,Precipitação acumulada calculada sobre as últimas 6 horas.
3612,1204,,1792,precipitacao_prevista_1h,0,mm,10/21/40 mm,Previsão meteorológica simulada para a próxima hora.
3613,1205,16132,,nivel_agua_percentagem,63.47,%,70/85/90%,Leitura máxima de nível de água na área.
3614,1205,,,precipitacao_acumulada_6h,30.7,mm,30/41/60 mm,Precipitação acumulada calculada sobre as últimas 6 horas.
3615,1205,,1793,precipitacao_prevista_1h,15.6,mm,10/21/40 mm,Previsão meteorológica simulada para a próxima hora.
3616,1206,16150,,nivel_agua_percentagem,38,%,70/85/90%,Leitura máxima de nível de água na área.
3617,1206,,,precipitacao_acumulada_6h,5.52,mm,30/41/60 mm,Precipitação acumulada calculada sobre as últimas 6 horas.
3618,1206,,1795,precipitacao_prevista_1h,10.95,mm,10/21/40 mm,Previsão meteorológica simulada para a próxima hora.
3619,1207,16156,,nivel_agua_percentagem,59.96,%,70/85/90%,Leitura máxima de nível de água na área.
3620,1207,,,precipitacao_acumulada_6h,35.84,mm,30/41/60 mm,Precipitação acumulada calculada sobre as últimas 6 horas.
3621,1207,,1796,precipitacao_prevista_1h,2.17,mm,10/21/40 mm,Previsão meteorológica simulada para a próxima hora.
3622,1208,16165,,nivel_agua_percentagem,64.5,%,70/85/90%,Leitura máxima de nível de água na área.
3623,1208,,,precipitacao_acumulada_6h,32.48,mm,30/41/60 mm,Precipitação acumulada calculada sobre as últimas 6 horas.
3624,1208,,1797,precipitacao_prevista_1h,11.53,mm,10/21/40 mm,Previsão meteorológica simulada para a próxima hora.
3625,1209,16180,,nivel_agua_percentagem,44.71,%,70/85/90%,Leitura máxima de nível de água na área.
3626,1209,,,precipitacao_acumulada_6h,9.32,mm,30/41/60 mm,Precipitação acumulada calculada sobre as últimas 6 horas.
3627,1209,,1798,precipitacao_prevista_1h,12.93,mm,10/21/40 mm,Previsão meteorológica simulada para a próxima hora.
3628,1210,16198,,nivel_agua_percentagem,82.76,%,70/85/90%,Leitura máxima de nível de água na área.
3629,1210,,,precipitacao_acumulada_6h,66.29,mm,30/41/60 mm,Precipitação acumulada calculada sobre as últimas 6 horas.
3630,1210,,1800,precipitacao_prevista_1h,41.94,mm,10/21/40 mm,Previsão meteorológica simulada para a próxima hora.
3631,1211,16201,,nivel_agua_percentagem,67.26,%,70/85/90%,Leitura máxima de nível de água na área.
3632,1211,,,precipitacao_acumulada_6h,32.76,mm,30/41/60 mm,Precipitação acumulada calculada sobre as últimas 6 horas.
3633,1211,,1801,precipitacao_prevista_1h,10.29,mm,10/21/40 mm,Previsão meteorológica simulada para a próxima hora.
3634,1212,16222,,nivel_agua_percentagem,33.75,%,70/85/90%,Leitura máxima de nível de água na área.
3635,1212,,,precipitacao_acumulada_6h,2.85,mm,30/41/60 mm,Precipitação acumulada calculada sobre as últimas 6 horas.
3636,1212,,1803,precipitacao_prevista_1h,19.3,mm,10/21/40 mm,Previsão meteorológica simulada para a próxima hora.
3637,1213,16231,,nivel_agua_percentagem,61.93,%,70/85/90%,Leitura máxima de nível de água na área.
3638,1213,,,precipitacao_acumulada_6h,33.69,mm,30/41/60 mm,Precipitação acumulada calculada sobre as últimas 6 horas.
3639,1213,,1804,precipitacao_prevista_1h,2.99,mm,10/21/40 mm,Previsão meteorológica simulada para a próxima hora.
3640,1214,16237,,nivel_agua_percentagem,69.81,%,70/85/90%,Leitura máxima de nível de água na área.
3641,1214,,,precipitacao_acumulada_6h,35.1,mm,30/41/60 mm,Precipitação acumulada calculada sobre as últimas 6 horas.
3642,1214,,1805,precipitacao_prevista_1h,5.05,mm,10/21/40 mm,Previsão meteorológica simulada para a próxima hora.
3643,1215,16255,,nivel_agua_percentagem,33.55,%,70/85/90%,Leitura máxima de nível de água na área.
3644,1215,,,precipitacao_acumulada_6h,5.68,mm,30/41/60 mm,Precipitação acumulada calculada sobre as últimas 6 horas.
3645,1215,,1807,precipitacao_prevista_1h,13.43,mm,10/21/40 mm,Previsão meteorológica simulada para a próxima hora.
3646,1216,16270,,nivel_agua_percentagem,56.57,%,70/85/90%,Leitura máxima de nível de água na área.
3647,1216,,,precipitacao_acumulada_6h,32.35,mm,30/41/60 mm,Precipitação acumulada calculada sobre as últimas 6 horas.
3648,1216,,1808,precipitacao_prevista_1h,16.1,mm,10/21/40 mm,Previsão meteorológica simulada para a próxima hora.
3649,1217,16276,,nivel_agua_percentagem,64.01,%,70/85/90%,Leitura máxima de nível de água na área.
3650,1217,,,precipitacao_acumulada_6h,32.68,mm,30/41/60 mm,Precipitação acumulada calculada sobre as últimas 6 horas.
3651,1217,,1809,precipitacao_prevista_1h,5.31,mm,10/21/40 mm,Previsão meteorológica simulada para a próxima hora.
3652,1218,16294,,nivel_agua_percentagem,34.19,%,70/85/90%,Leitura máxima de nível de água na área.
3653,1218,,,precipitacao_acumulada_6h,5.68,mm,30/41/60 mm,Precipitação acumulada calculada sobre as últimas 6 horas.
3654,1218,,1811,precipitacao_prevista_1h,0,mm,10/21/40 mm,Previsão meteorológica simulada para a próxima hora.
3655,1219,16300,,nivel_agua_percentagem,55.8,%,70/85/90%,Leitura máxima de nível de água na área.
3656,1219,,,precipitacao_acumulada_6h,32.35,mm,30/41/60 mm,Precipitação acumulada calculada sobre as últimas 6 horas.
3657,1219,,1812,precipitacao_prevista_1h,0,mm,10/21/40 mm,Previsão meteorológica simulada para a próxima hora.
3658,1220,16309,,nivel_agua_percentagem,44.3,%,70/85/90%,Leitura máxima de nível de água na área.
3659,1220,,,precipitacao_acumulada_6h,7.78,mm,30/41/60 mm,Precipitação acumulada calculada sobre as últimas 6 horas.
3660,1220,,1813,precipitacao_prevista_1h,14.5,mm,10/21/40 mm,Previsão meteorológica simulada para a próxima hora.
3661,1221,16342,,nivel_agua_percentagem,56.17,%,70/85/90%,Leitura máxima de nível de água na área.
3662,1221,,,precipitacao_acumulada_6h,31.94,mm,30/41/60 mm,Precipitação acumulada calculada sobre as últimas 6 horas.
3663,1221,,1816,precipitacao_prevista_1h,14.55,mm,10/21/40 mm,Previsão meteorológica simulada para a próxima hora.
3664,1222,16375,,nivel_agua_percentagem,62.88,%,70/85/90%,Leitura máxima de nível de água na área.
3665,1222,,,precipitacao_acumulada_6h,35.03,mm,30/41/60 mm,Precipitação acumulada calculada sobre as últimas 6 horas.
3666,1222,,1820,precipitacao_prevista_1h,5.14,mm,10/21/40 mm,Previsão meteorológica simulada para a próxima hora.
3667,1223,16387,,nivel_agua_percentagem,36.99,%,70/85/90%,Leitura máxima de nível de água na área.
3668,1223,,,precipitacao_acumulada_6h,7.71,mm,30/41/60 mm,Precipitação acumulada calculada sobre as últimas 6 horas.
3669,1223,,1821,precipitacao_prevista_1h,12.25,mm,10/21/40 mm,Previsão meteorológica simulada para a próxima hora.
3670,1224,16396,,nivel_agua_percentagem,36.4,%,70/85/90%,Leitura máxima de nível de água na área.
3671,1224,,,precipitacao_acumulada_6h,4.18,mm,30/41/60 mm,Precipitação acumulada calculada sobre as últimas 6 horas.
3672,1224,,1822,precipitacao_prevista_1h,17.64,mm,10/21/40 mm,Previsão meteorológica simulada para a próxima hora.
3673,1225,16402,,nivel_agua_percentagem,41.31,%,70/85/90%,Leitura máxima de nível de água na área.
3674,1225,,,precipitacao_acumulada_6h,5.08,mm,30/41/60 mm,Precipitação acumulada calculada sobre as últimas 6 horas.
3675,1225,,1823,precipitacao_prevista_1h,0,mm,10/21/40 mm,Previsão meteorológica simulada para a próxima hora.
3676,1226,16414,,nivel_agua_percentagem,53.92,%,70/85/90%,Leitura máxima de nível de água na área.
3677,1226,,,precipitacao_acumulada_6h,31.33,mm,30/41/60 mm,Precipitação acumulada calculada sobre as últimas 6 horas.
3678,1226,,1824,precipitacao_prevista_1h,42.18,mm,10/21/40 mm,Previsão meteorológica simulada para a próxima hora.
3679,1227,16429,,nivel_agua_percentagem,40.69,%,70/85/90%,Leitura máxima de nível de água na área.
3680,1227,,,precipitacao_acumulada_6h,2.71,mm,30/41/60 mm,Precipitação acumulada calculada sobre as últimas 6 horas.
3681,1227,,1826,precipitacao_prevista_1h,11.74,mm,10/21/40 mm,Previsão meteorológica simulada para a próxima hora.
3682,1228,16450,,nivel_agua_percentagem,57.74,%,70/85/90%,Leitura máxima de nível de água na área.
3683,1228,,,precipitacao_acumulada_6h,30.7,mm,30/41/60 mm,Precipitação acumulada calculada sobre as últimas 6 horas.
3684,1228,,1828,precipitacao_prevista_1h,0,mm,10/21/40 mm,Previsão meteorológica simulada para a próxima hora.
3685,1229,16468,,nivel_agua_percentagem,66,%,70/85/90%,Leitura máxima de nível de água na área.
3686,1229,,,precipitacao_acumulada_6h,42.38,mm,30/41/60 mm,Precipitação acumulada calculada sobre as últimas 6 horas.
3687,1229,,1830,precipitacao_prevista_1h,50.18,mm,10/21/40 mm,Previsão meteorológica simulada para a próxima hora.
3688,1230,16471,,nivel_agua_percentagem,31.25,%,70/85/90%,Leitura máxima de nível de água na área.
3689,1230,,,precipitacao_acumulada_6h,1.79,mm,30/41/60 mm,Precipitação acumulada calculada sobre as últimas 6 horas.
3690,1230,,1831,precipitacao_prevista_1h,20.73,mm,10/21/40 mm,Previsão meteorológica simulada para a próxima hora.
3691,1231,16486,,nivel_agua_percentagem,56.05,%,70/85/90%,Leitura máxima de nível de água na área.
3692,1231,,,precipitacao_acumulada_6h,32.52,mm,30/41/60 mm,Precipitação acumulada calculada sobre as últimas 6 horas.
3693,1231,,1832,precipitacao_prevista_1h,6.37,mm,10/21/40 mm,Previsão meteorológica simulada para a próxima hora.
3694,1232,16498,,nivel_agua_percentagem,70.83,%,70/85/90%,Leitura máxima de nível de água na área.
3695,1232,,,precipitacao_acumulada_6h,41.62,mm,30/41/60 mm,Precipitação acumulada calculada sobre as últimas 6 horas.
3696,1232,,1834,precipitacao_prevista_1h,8.37,mm,10/21/40 mm,Previsão meteorológica simulada para a próxima hora.
3697,1233,16513,,nivel_agua_percentagem,34.78,%,70/85/90%,Leitura máxima de nível de água na área.
3698,1233,,,precipitacao_acumulada_6h,4.23,mm,30/41/60 mm,Precipitação acumulada calculada sobre as últimas 6 horas.
3699,1233,,1835,precipitacao_prevista_1h,8.77,mm,10/21/40 mm,Previsão meteorológica simulada para a próxima hora.
3700,1234,16522,,nivel_agua_percentagem,59.51,%,70/85/90%,Leitura máxima de nível de água na área.
3701,1234,,,precipitacao_acumulada_6h,32.52,mm,30/41/60 mm,Precipitação acumulada calculada sobre as últimas 6 horas.
3702,1234,,1836,precipitacao_prevista_1h,4.71,mm,10/21/40 mm,Previsão meteorológica simulada para a próxima hora.
3703,1235,16528,,nivel_agua_percentagem,40.16,%,70/85/90%,Leitura máxima de nível de água na área.
3704,1235,,,precipitacao_acumulada_6h,6.35,mm,30/41/60 mm,Precipitação acumulada calculada sobre as últimas 6 horas.
3705,1235,,1837,precipitacao_prevista_1h,17.04,mm,10/21/40 mm,Previsão meteorológica simulada para a próxima hora.
3706,1236,16540,,nivel_agua_percentagem,69.63,%,70/85/90%,Leitura máxima de nível de água na área.
3707,1236,,,precipitacao_acumulada_6h,41.62,mm,30/41/60 mm,Precipitação acumulada calculada sobre as últimas 6 horas.
3708,1236,,1838,precipitacao_prevista_1h,0,mm,10/21/40 mm,Previsão meteorológica simulada para a próxima hora.
3709,1237,16543,,nivel_agua_percentagem,34.4,%,70/85/90%,Leitura máxima de nível de água na área.
3710,1237,,,precipitacao_acumulada_6h,3.84,mm,30/41/60 mm,Precipitação acumulada calculada sobre as últimas 6 horas.
3711,1237,,1839,precipitacao_prevista_1h,0,mm,10/21/40 mm,Previsão meteorológica simulada para a próxima hora.
3712,1238,16558,,nivel_agua_percentagem,55.7,%,70/85/90%,Leitura máxima de nível de água na área.
3713,1238,,,precipitacao_acumulada_6h,32.61,mm,30/41/60 mm,Precipitação acumulada calculada sobre as últimas 6 horas.
3714,1238,,1840,precipitacao_prevista_1h,0,mm,10/21/40 mm,Previsão meteorológica simulada para a próxima hora.
3715,1239,16576,,nivel_agua_percentagem,66.52,%,70/85/90%,Leitura máxima de nível de água na área.
3716,1239,,,precipitacao_acumulada_6h,42.59,mm,30/41/60 mm,Precipitação acumulada calculada sobre as últimas 6 horas.
3717,1239,,1842,precipitacao_prevista_1h,0,mm,10/21/40 mm,Previsão meteorológica simulada para a próxima hora.
3718,1240,16582,,nivel_agua_percentagem,34.44,%,70/85/90%,Leitura máxima de nível de água na área.
3719,1240,,,precipitacao_acumulada_6h,5.17,mm,30/41/60 mm,Precipitação acumulada calculada sobre as últimas 6 horas.
3720,1240,,1843,precipitacao_prevista_1h,17.72,mm,10/21/40 mm,Previsão meteorológica simulada para a próxima hora.
3721,1241,16606,,nivel_agua_percentagem,70.8,%,70/85/90%,Leitura máxima de nível de água na área.
3722,1241,,,precipitacao_acumulada_6h,41.26,mm,30/41/60 mm,Precipitação acumulada calculada sobre as últimas 6 horas.
3723,1241,,1846,precipitacao_prevista_1h,1.71,mm,10/21/40 mm,Previsão meteorológica simulada para a próxima hora.
3724,1242,16615,,nivel_agua_percentagem,32.62,%,70/85/90%,Leitura máxima de nível de água na área.
3725,1242,,,precipitacao_acumulada_6h,5.17,mm,30/41/60 mm,Precipitação acumulada calculada sobre as últimas 6 horas.
3726,1242,,1847,precipitacao_prevista_1h,18.54,mm,10/21/40 mm,Previsão meteorológica simulada para a próxima hora.
3727,1243,16627,,nivel_agua_percentagem,28.78,%,70/85/90%,Leitura máxima de nível de água na área.
3728,1243,,,precipitacao_acumulada_6h,2.62,mm,30/41/60 mm,Precipitação acumulada calculada sobre as últimas 6 horas.
3729,1243,,1848,precipitacao_prevista_1h,17.6,mm,10/21/40 mm,Previsão meteorológica simulada para a próxima hora.
3730,1244,16633,,nivel_agua_percentagem,38.74,%,70/85/90%,Leitura máxima de nível de água na área.
3731,1244,,,precipitacao_acumulada_6h,2.32,mm,30/41/60 mm,Precipitação acumulada calculada sobre as últimas 6 horas.
3732,1244,,1849,precipitacao_prevista_1h,25.33,mm,10/21/40 mm,Previsão meteorológica simulada para a próxima hora.
3733,1245,16642,,nivel_agua_percentagem,72.11,%,70/85/90%,Leitura máxima de nível de água na área.
3734,1245,,,precipitacao_acumulada_6h,41.26,mm,30/41/60 mm,Precipitação acumulada calculada sobre as últimas 6 horas.
3735,1245,,1850,precipitacao_prevista_1h,0,mm,10/21/40 mm,Previsão meteorológica simulada para a próxima hora.
3736,1246,16675,,nivel_agua_percentagem,41.09,%,70/85/90%,Leitura máxima de nível de água na área.
3737,1246,,,precipitacao_acumulada_6h,2.06,mm,30/41/60 mm,Precipitação acumulada calculada sobre as últimas 6 horas.
3738,1246,,1853,precipitacao_prevista_1h,11.78,mm,10/21/40 mm,Previsão meteorológica simulada para a próxima hora.
3739,1247,16738,,nivel_agua_percentagem,29.3,%,70/85/90%,Leitura máxima de nível de água na área.
3740,1247,,,precipitacao_acumulada_6h,9.14,mm,30/41/60 mm,Precipitação acumulada calculada sobre as últimas 6 horas.
3741,1247,,1860,precipitacao_prevista_1h,18.64,mm,10/21/40 mm,Previsão meteorológica simulada para a próxima hora.
3742,1248,16750,,nivel_agua_percentagem,39.16,%,70/85/90%,Leitura máxima de nível de água na área.
3743,1248,,,precipitacao_acumulada_6h,7.55,mm,30/41/60 mm,Precipitação acumulada calculada sobre as últimas 6 horas.
3744,1248,,1862,precipitacao_prevista_1h,11.9,mm,10/21/40 mm,Previsão meteorológica simulada para a próxima hora.
3745,1249,16762,,nivel_agua_percentagem,36.31,%,70/85/90%,Leitura máxima de nível de água na área.
3746,1249,,,precipitacao_acumulada_6h,6.59,mm,30/41/60 mm,Precipitação acumulada calculada sobre as últimas 6 horas.
3747,1249,,1863,precipitacao_prevista_1h,13.7,mm,10/21/40 mm,Previsão meteorológica simulada para a próxima hora.
3748,1250,16795,,nivel_agua_percentagem,38.13,%,70/85/90%,Leitura máxima de nível de água na área.
3749,1250,,,precipitacao_acumulada_6h,6.85,mm,30/41/60 mm,Precipitação acumulada calculada sobre as últimas 6 horas.
3750,1250,,1867,precipitacao_prevista_1h,20.35,mm,10/21/40 mm,Previsão meteorológica simulada para a próxima hora.
3751,1251,16819,,nivel_agua_percentagem,43.98,%,70/85/90%,Leitura máxima de nível de água na área.
3752,1251,,,precipitacao_acumulada_6h,1.42,mm,30/41/60 mm,Precipitação acumulada calculada sobre as últimas 6 horas.
3753,1251,,1869,precipitacao_prevista_1h,9.36,mm,10/21/40 mm,Previsão meteorológica simulada para a próxima hora.
3754,1252,16828,,nivel_agua_percentagem,37.69,%,70/85/90%,Leitura máxima de nível de água na área.
3755,1252,,,precipitacao_acumulada_6h,6.44,mm,30/41/60 mm,Precipitação acumulada calculada sobre as últimas 6 horas.
3756,1252,,1870,precipitacao_prevista_1h,10.41,mm,10/21/40 mm,Previsão meteorológica simulada para a próxima hora.
3757,1253,16840,,nivel_agua_percentagem,33.95,%,70/85/90%,Leitura máxima de nível de água na área.
3758,1253,,,precipitacao_acumulada_6h,10.73,mm,30/41/60 mm,Precipitação acumulada calculada sobre as últimas 6 horas.
3759,1253,,1872,precipitacao_prevista_1h,12.96,mm,10/21/40 mm,Previsão meteorológica simulada para a próxima hora.
3760,1254,16858,,nivel_agua_percentagem,43.82,%,70/85/90%,Leitura máxima de nível de água na área.
3761,1254,,,precipitacao_acumulada_6h,8.47,mm,30/41/60 mm,Precipitação acumulada calculada sobre as últimas 6 horas.
3762,1254,,1874,precipitacao_prevista_1h,0,mm,10/21/40 mm,Previsão meteorológica simulada para a próxima hora.
3763,1255,16876,,nivel_agua_percentagem,33.04,%,70/85/90%,Leitura máxima de nível de água na área.
3764,1255,,,precipitacao_acumulada_6h,8.88,mm,30/41/60 mm,Precipitação acumulada calculada sobre as últimas 6 horas.
3765,1255,,1876,precipitacao_prevista_1h,19.67,mm,10/21/40 mm,Previsão meteorológica simulada para a próxima hora.
3766,1256,16885,,nivel_agua_percentagem,43.9,%,70/85/90%,Leitura máxima de nível de água na área.
3767,1256,,,precipitacao_acumulada_6h,2.78,mm,30/41/60 mm,Precipitação acumulada calculada sobre as últimas 6 horas.
3768,1256,,1877,precipitacao_prevista_1h,15.74,mm,10/21/40 mm,Previsão meteorológica simulada para a próxima hora.
3769,1257,16924,,nivel_agua_percentagem,44.81,%,70/85/90%,Leitura máxima de nível de água na área.
3770,1257,,,precipitacao_acumulada_6h,4.98,mm,30/41/60 mm,Precipitação acumulada calculada sobre as últimas 6 horas.
3771,1257,,1881,precipitacao_prevista_1h,17.36,mm,10/21/40 mm,Previsão meteorológica simulada para a próxima hora.
3772,1258,16930,,nivel_agua_percentagem,38.31,%,70/85/90%,Leitura máxima de nível de água na área.
3773,1258,,,precipitacao_acumulada_6h,6.22,mm,30/41/60 mm,Precipitação acumulada calculada sobre as últimas 6 horas.
3774,1258,,1882,precipitacao_prevista_1h,14.04,mm,10/21/40 mm,Previsão meteorológica simulada para a próxima hora.
3775,1259,16942,,nivel_agua_percentagem,33.54,%,70/85/90%,Leitura máxima de nível de água na área.
3776,1259,,,precipitacao_acumulada_6h,6.33,mm,30/41/60 mm,Precipitação acumulada calculada sobre as últimas 6 horas.
3777,1259,,1883,precipitacao_prevista_1h,13.38,mm,10/21/40 mm,Previsão meteorológica simulada para a próxima hora.
3778,1260,16948,,nivel_agua_percentagem,32.61,%,70/85/90%,Leitura máxima de nível de água na área.
3779,1260,,,precipitacao_acumulada_6h,4.79,mm,30/41/60 mm,Precipitação acumulada calculada sobre as últimas 6 horas.
3780,1260,,1884,precipitacao_prevista_1h,15.66,mm,10/21/40 mm,Previsão meteorológica simulada para a próxima hora.
3781,1261,16981,,nivel_agua_percentagem,31.95,%,70/85/90%,Leitura máxima de nível de água na área.
3782,1261,,,precipitacao_acumulada_6h,6.71,mm,30/41/60 mm,Precipitação acumulada calculada sobre as últimas 6 horas.
3783,1261,,1887,precipitacao_prevista_1h,10.17,mm,10/21/40 mm,Previsão meteorológica simulada para a próxima hora.
3784,1262,17017,,nivel_agua_percentagem,32.92,%,70/85/90%,Leitura máxima de nível de água na área.
3785,1262,,,precipitacao_acumulada_6h,5.12,mm,30/41/60 mm,Precipitação acumulada calculada sobre as últimas 6 horas.
3786,1262,,1891,precipitacao_prevista_1h,10.91,mm,10/21/40 mm,Previsão meteorológica simulada para a próxima hora.
3787,1263,17023,,nivel_agua_percentagem,30.58,%,70/85/90%,Leitura máxima de nível de água na área.
3788,1263,,,precipitacao_acumulada_6h,5.3,mm,30/41/60 mm,Precipitação acumulada calculada sobre as últimas 6 horas.
3789,1263,,1892,precipitacao_prevista_1h,19.34,mm,10/21/40 mm,Previsão meteorológica simulada para a próxima hora.
3790,1264,17029,,nivel_agua_percentagem,42.87,%,70/85/90%,Leitura máxima de nível de água na área.
3791,1264,,,precipitacao_acumulada_6h,7.97,mm,30/41/60 mm,Precipitação acumulada calculada sobre as últimas 6 horas.
3792,1264,,1893,precipitacao_prevista_1h,16.5,mm,10/21/40 mm,Previsão meteorológica simulada para a próxima hora.
3793,1265,17044,,nivel_agua_percentagem,39.29,%,70/85/90%,Leitura máxima de nível de água na área.
3794,1265,,,precipitacao_acumulada_6h,4.14,mm,30/41/60 mm,Precipitação acumulada calculada sobre as últimas 6 horas.
3795,1265,,1894,precipitacao_prevista_1h,12.25,mm,10/21/40 mm,Previsão meteorológica simulada para a próxima hora.
3796,1266,17059,,nivel_agua_percentagem,32.91,%,70/85/90%,Leitura máxima de nível de água na área.
3797,1266,,,precipitacao_acumulada_6h,5.45,mm,30/41/60 mm,Precipitação acumulada calculada sobre as últimas 6 horas.
3798,1266,,1896,precipitacao_prevista_1h,22.65,mm,10/21/40 mm,Previsão meteorológica simulada para a próxima hora.
3799,1267,17092,,nivel_agua_percentagem,32.72,%,70/85/90%,Leitura máxima de nível de água na área.
3800,1267,,,precipitacao_acumulada_6h,6.68,mm,30/41/60 mm,Precipitação acumulada calculada sobre as últimas 6 horas.
3801,1267,,1900,precipitacao_prevista_1h,15.58,mm,10/21/40 mm,Previsão meteorológica simulada para a próxima hora.
3802,1268,17131,,nivel_agua_percentagem,39.12,%,70/85/90%,Leitura máxima de nível de água na área.
3803,1268,,,precipitacao_acumulada_6h,22.02,mm,30/41/60 mm,Precipitação acumulada calculada sobre as últimas 6 horas.
3804,1268,,1904,precipitacao_prevista_1h,18.94,mm,10/21/40 mm,Previsão meteorológica simulada para a próxima hora.
3805,1269,17143,,nivel_agua_percentagem,44.41,%,70/85/90%,Leitura máxima de nível de água na área.
3806,1269,,,precipitacao_acumulada_6h,2.99,mm,30/41/60 mm,Precipitação acumulada calculada sobre as últimas 6 horas.
3807,1269,,1905,precipitacao_prevista_1h,11.76,mm,10/21/40 mm,Previsão meteorológica simulada para a próxima hora.
3808,1270,17152,,nivel_agua_percentagem,68.83,%,70/85/90%,Leitura máxima de nível de água na área.
3809,1270,,,precipitacao_acumulada_6h,45.2,mm,30/41/60 mm,Precipitação acumulada calculada sobre as últimas 6 horas.
3810,1270,,1906,precipitacao_prevista_1h,37.62,mm,10/21/40 mm,Previsão meteorológica simulada para a próxima hora.
3811,1271,17164,,nivel_agua_percentagem,64.12,%,70/85/90%,Leitura máxima de nível de água na área.
3812,1271,,,precipitacao_acumulada_6h,53.39,mm,30/41/60 mm,Precipitação acumulada calculada sobre as últimas 6 horas.
3813,1271,,1908,precipitacao_prevista_1h,39.66,mm,10/21/40 mm,Previsão meteorológica simulada para a próxima hora.
3814,1272,17182,,nivel_agua_percentagem,80.69,%,70/85/90%,Leitura máxima de nível de água na área.
3815,1272,,,precipitacao_acumulada_6h,45.99,mm,30/41/60 mm,Precipitação acumulada calculada sobre as últimas 6 horas.
3816,1272,,1910,precipitacao_prevista_1h,11.42,mm,10/21/40 mm,Previsão meteorológica simulada para a próxima hora.
3817,1273,17203,,nivel_agua_percentagem,71.38,%,70/85/90%,Leitura máxima de nível de água na área.
3818,1273,,,precipitacao_acumulada_6h,54.15,mm,30/41/60 mm,Precipitação acumulada calculada sobre as últimas 6 horas.
3819,1273,,1912,precipitacao_prevista_1h,14.62,mm,10/21/40 mm,Previsão meteorológica simulada para a próxima hora.
3820,1274,17212,,nivel_agua_percentagem,37.57,%,70/85/90%,Leitura máxima de nível de água na área.
3821,1274,,,precipitacao_acumulada_6h,1.88,mm,30/41/60 mm,Precipitação acumulada calculada sobre as últimas 6 horas.
3822,1274,,1913,precipitacao_prevista_1h,12.9,mm,10/21/40 mm,Previsão meteorológica simulada para a próxima hora.
3823,1275,17221,,nivel_agua_percentagem,71.88,%,70/85/90%,Leitura máxima de nível de água na área.
3824,1275,,,precipitacao_acumulada_6h,45.3,mm,30/41/60 mm,Precipitação acumulada calculada sobre as últimas 6 horas.
3825,1275,,1914,precipitacao_prevista_1h,11.04,mm,10/21/40 mm,Previsão meteorológica simulada para a próxima hora.
3826,1276,17227,,nivel_agua_percentagem,44.13,%,70/85/90%,Leitura máxima de nível de água na área.
3827,1276,,,precipitacao_acumulada_6h,9.9,mm,30/41/60 mm,Precipitação acumulada calculada sobre as últimas 6 horas.
3828,1276,,1915,precipitacao_prevista_1h,11.64,mm,10/21/40 mm,Previsão meteorológica simulada para a próxima hora.
3829,1277,17242,,nivel_agua_percentagem,72.34,%,70/85/90%,Leitura máxima de nível de água na área.
3830,1277,,,precipitacao_acumulada_6h,53.82,mm,30/41/60 mm,Precipitação acumulada calculada sobre as últimas 6 horas.
3831,1277,,1916,precipitacao_prevista_1h,15.35,mm,10/21/40 mm,Previsão meteorológica simulada para a próxima hora.
3832,1278,17248,,nivel_agua_percentagem,36.44,%,70/85/90%,Leitura máxima de nível de água na área.
3833,1278,,,precipitacao_acumulada_6h,2.45,mm,30/41/60 mm,Precipitação acumulada calculada sobre as últimas 6 horas.
3834,1278,,1917,precipitacao_prevista_1h,20.95,mm,10/21/40 mm,Previsão meteorológica simulada para a próxima hora.
3835,1279,17257,,nivel_agua_percentagem,77.41,%,70/85/90%,Leitura máxima de nível de água na área.
3836,1279,,,precipitacao_acumulada_6h,44.87,mm,30/41/60 mm,Precipitação acumulada calculada sobre as últimas 6 horas.
3837,1279,,1918,precipitacao_prevista_1h,5.63,mm,10/21/40 mm,Previsão meteorológica simulada para a próxima hora.
3838,1280,17272,,nivel_agua_percentagem,69.6,%,70/85/90%,Leitura máxima de nível de água na área.
3839,1280,,,precipitacao_acumulada_6h,52.11,mm,30/41/60 mm,Precipitação acumulada calculada sobre as últimas 6 horas.
3840,1280,,1920,precipitacao_prevista_1h,0,mm,10/21/40 mm,Previsão meteorológica simulada para a próxima hora.
3841,1281,17284,,nivel_agua_percentagem,39.2,%,70/85/90%,Leitura máxima de nível de água na área.
3842,1281,,,precipitacao_acumulada_6h,2.45,mm,30/41/60 mm,Precipitação acumulada calculada sobre as últimas 6 horas.
3843,1281,,1921,precipitacao_prevista_1h,14.52,mm,10/21/40 mm,Previsão meteorológica simulada para a próxima hora.
3844,1282,17290,,nivel_agua_percentagem,80.53,%,70/85/90%,Leitura máxima de nível de água na área.
3845,1282,,,precipitacao_acumulada_6h,47.91,mm,30/41/60 mm,Precipitação acumulada calculada sobre as últimas 6 horas.
3846,1282,,1922,precipitacao_prevista_1h,19.62,mm,10/21/40 mm,Previsão meteorológica simulada para a próxima hora.
3847,1283,17302,,nivel_agua_percentagem,48.26,%,70/85/90%,Leitura máxima de nível de água na área.
3848,1283,,,precipitacao_acumulada_6h,23.96,mm,30/41/60 mm,Precipitação acumulada calculada sobre as últimas 6 horas.
3849,1283,,1923,precipitacao_prevista_1h,41.95,mm,10/21/40 mm,Previsão meteorológica simulada para a próxima hora.
3850,1284,17308,,nivel_agua_percentagem,69.03,%,70/85/90%,Leitura máxima de nível de água na área.
3851,1284,,,precipitacao_acumulada_6h,51.3,mm,30/41/60 mm,Precipitação acumulada calculada sobre as últimas 6 horas.
3852,1284,,1924,precipitacao_prevista_1h,27.86,mm,10/21/40 mm,Previsão meteorológica simulada para a próxima hora.
3853,1285,17317,,nivel_agua_percentagem,42.15,%,70/85/90%,Leitura máxima de nível de água na área.
3854,1285,,,precipitacao_acumulada_6h,4.78,mm,30/41/60 mm,Precipitação acumulada calculada sobre as últimas 6 horas.
3855,1285,,1925,precipitacao_prevista_1h,26.38,mm,10/21/40 mm,Previsão meteorológica simulada para a próxima hora.
3856,1286,17332,,nivel_agua_percentagem,78.58,%,70/85/90%,Leitura máxima de nível de água na área.
3857,1286,,,precipitacao_acumulada_6h,48.35,mm,30/41/60 mm,Precipitação acumulada calculada sobre as últimas 6 horas.
3858,1286,,1926,precipitacao_prevista_1h,0,mm,10/21/40 mm,Previsão meteorológica simulada para a próxima hora.
3859,1287,17338,,nivel_agua_percentagem,85.79,%,70/85/90%,Leitura máxima de nível de água na área.
3860,1287,,,precipitacao_acumulada_6h,75.98,mm,30/41/60 mm,Precipitação acumulada calculada sobre as últimas 6 horas.
3861,1287,,1927,precipitacao_prevista_1h,63.76,mm,10/21/40 mm,Previsão meteorológica simulada para a próxima hora.
3862,1288,17344,,nivel_agua_percentagem,96.21,%,70/85/90%,Leitura máxima de nível de água na área.
3863,1288,,,precipitacao_acumulada_6h,81.57,mm,30/41/60 mm,Precipitação acumulada calculada sobre as últimas 6 horas.
3864,1288,,1928,precipitacao_prevista_1h,52.17,mm,10/21/40 mm,Previsão meteorológica simulada para a próxima hora.
3865,1289,17359,,nivel_agua_percentagem,38.36,%,70/85/90%,Leitura máxima de nível de água na área.
3866,1289,,,precipitacao_acumulada_6h,4.78,mm,30/41/60 mm,Precipitação acumulada calculada sobre as últimas 6 horas.
3867,1289,,1929,precipitacao_prevista_1h,18.79,mm,10/21/40 mm,Previsão meteorológica simulada para a próxima hora.
3868,1290,17371,,nivel_agua_percentagem,91.86,%,70/85/90%,Leitura máxima de nível de água na área.
3869,1290,,,precipitacao_acumulada_6h,75.67,mm,30/41/60 mm,Precipitação acumulada calculada sobre as últimas 6 horas.
3870,1290,,1931,precipitacao_prevista_1h,0.73,mm,10/21/40 mm,Previsão meteorológica simulada para a próxima hora.
3871,1291,17380,,nivel_agua_percentagem,74.99,%,70/85/90%,Leitura máxima de nível de água na área.
3872,1291,,,precipitacao_acumulada_6h,50.55,mm,30/41/60 mm,Precipitação acumulada calculada sobre as últimas 6 horas.
3873,1291,,1932,precipitacao_prevista_1h,0,mm,10/21/40 mm,Previsão meteorológica simulada para a próxima hora.
3874,1292,17395,,nivel_agua_percentagem,41.35,%,70/85/90%,Leitura máxima de nível de água na área.
3875,1292,,,precipitacao_acumulada_6h,8.11,mm,30/41/60 mm,Precipitação acumulada calculada sobre as últimas 6 horas.
3876,1292,,1933,precipitacao_prevista_1h,12.51,mm,10/21/40 mm,Previsão meteorológica simulada para a próxima hora.
3877,1293,17398,,nivel_agua_percentagem,42.12,%,70/85/90%,Leitura máxima de nível de água na área.
3878,1293,,,precipitacao_acumulada_6h,5.06,mm,30/41/60 mm,Precipitação acumulada calculada sobre as últimas 6 horas.
3879,1293,,1934,precipitacao_prevista_1h,12.28,mm,10/21/40 mm,Previsão meteorológica simulada para a próxima hora.
3880,1294,17413,,nivel_agua_percentagem,96.15,%,70/85/90%,Leitura máxima de nível de água na área.
3881,1294,,,precipitacao_acumulada_6h,74.37,mm,30/41/60 mm,Precipitação acumulada calculada sobre as últimas 6 horas.
3882,1294,,1935,precipitacao_prevista_1h,21.9,mm,10/21/40 mm,Previsão meteorológica simulada para a próxima hora.
3883,1295,17419,,nivel_agua_percentagem,73.02,%,70/85/90%,Leitura máxima de nível de água na área.
3884,1295,,,precipitacao_acumulada_6h,48.91,mm,30/41/60 mm,Precipitação acumulada calculada sobre as últimas 6 horas.
3885,1295,,1936,precipitacao_prevista_1h,24.81,mm,10/21/40 mm,Previsão meteorológica simulada para a próxima hora.
3886,1296,17437,,nivel_agua_percentagem,39.58,%,70/85/90%,Leitura máxima de nível de água na área.
3887,1296,,,precipitacao_acumulada_6h,7.5,mm,30/41/60 mm,Precipitação acumulada calculada sobre as últimas 6 horas.
3888,1296,,1938,precipitacao_prevista_1h,13.84,mm,10/21/40 mm,Previsão meteorológica simulada para a próxima hora.
3889,1297,17449,,nivel_agua_percentagem,97.9,%,70/85/90%,Leitura máxima de nível de água na área.
3890,1297,,,precipitacao_acumulada_6h,75.25,mm,30/41/60 mm,Precipitação acumulada calculada sobre as últimas 6 horas.
3891,1297,,1939,precipitacao_prevista_1h,0,mm,10/21/40 mm,Previsão meteorológica simulada para a próxima hora.
3892,1298,17455,,nivel_agua_percentagem,74.78,%,70/85/90%,Leitura máxima de nível de água na área.
3893,1298,,,precipitacao_acumulada_6h,48.91,mm,30/41/60 mm,Precipitação acumulada calculada sobre as últimas 6 horas.
3894,1298,,1940,precipitacao_prevista_1h,0,mm,10/21/40 mm,Previsão meteorológica simulada para a próxima hora.
3895,1299,17485,,nivel_agua_percentagem,94.96,%,70/85/90%,Leitura máxima de nível de água na área.
3896,1299,,,precipitacao_acumulada_6h,75.25,mm,30/41/60 mm,Precipitação acumulada calculada sobre as últimas 6 horas.
3897,1299,,1943,precipitacao_prevista_1h,0,mm,10/21/40 mm,Previsão meteorológica simulada para a próxima hora.
3898,1300,17491,,nivel_agua_percentagem,69.97,%,70/85/90%,Leitura máxima de nível de água na área.
3899,1300,,,precipitacao_acumulada_6h,50.35,mm,30/41/60 mm,Precipitação acumulada calculada sobre as últimas 6 horas.
3900,1300,,1944,precipitacao_prevista_1h,0,mm,10/21/40 mm,Previsão meteorológica simulada para a próxima hora.
3901,1301,17500,,nivel_agua_percentagem,72.37,%,70/85/90%,Leitura máxima de nível de água na área.
3902,1301,,,precipitacao_acumulada_6h,43.53,mm,30/41/60 mm,Precipitação acumulada calculada sobre as últimas 6 horas.
3903,1301,,1945,precipitacao_prevista_1h,51,mm,10/21/40 mm,Previsão meteorológica simulada para a próxima hora.
3904,1302,17506,,nivel_agua_percentagem,38.75,%,70/85/90%,Leitura máxima de nível de água na área.
3905,1302,,,precipitacao_acumulada_6h,7.1,mm,30/41/60 mm,Precipitação acumulada calculada sobre as últimas 6 horas.
3906,1302,,1946,precipitacao_prevista_1h,23.9,mm,10/21/40 mm,Previsão meteorológica simulada para a próxima hora.
3907,1303,17515,,nivel_agua_percentagem,81.94,%,70/85/90%,Leitura máxima de nível de água na área.
3908,1303,,,precipitacao_acumulada_6h,59.54,mm,30/41/60 mm,Precipitação acumulada calculada sobre as últimas 6 horas.
3909,1303,,1947,precipitacao_prevista_1h,3.49,mm,10/21/40 mm,Previsão meteorológica simulada para a próxima hora.
3910,1304,17530,,nivel_agua_percentagem,66.6,%,70/85/90%,Leitura máxima de nível de água na área.
3911,1304,,,precipitacao_acumulada_6h,48.82,mm,30/41/60 mm,Precipitação acumulada calculada sobre as últimas 6 horas.
3912,1304,,1948,precipitacao_prevista_1h,7.97,mm,10/21/40 mm,Previsão meteorológica simulada para a próxima hora.
3913,1305,17533,,nivel_agua_percentagem,74.86,%,70/85/90%,Leitura máxima de nível de água na área.
3914,1305,,,precipitacao_acumulada_6h,41.69,mm,30/41/60 mm,Precipitação acumulada calculada sobre as últimas 6 horas.
3915,1305,,1949,precipitacao_prevista_1h,0.74,mm,10/21/40 mm,Previsão meteorológica simulada para a próxima hora.
3916,1306,17551,,nivel_agua_percentagem,78.35,%,70/85/90%,Leitura máxima de nível de água na área.
3917,1306,,,precipitacao_acumulada_6h,52.45,mm,30/41/60 mm,Precipitação acumulada calculada sobre as últimas 6 horas.
3918,1306,,1951,precipitacao_prevista_1h,29.13,mm,10/21/40 mm,Previsão meteorológica simulada para a próxima hora.
3919,1307,17569,,nivel_agua_percentagem,100,%,70/85/90%,Leitura máxima de nível de água na área.
3920,1307,,,precipitacao_acumulada_6h,94.15,mm,30/41/60 mm,Precipitação acumulada calculada sobre as últimas 6 horas.
3921,1307,,1953,precipitacao_prevista_1h,60.18,mm,10/21/40 mm,Previsão meteorológica simulada para a próxima hora.
3922,1308,17590,,nivel_agua_percentagem,75.02,%,70/85/90%,Leitura máxima de nível de água na área.
3923,1308,,,precipitacao_acumulada_6h,51.79,mm,30/41/60 mm,Precipitação acumulada calculada sobre as últimas 6 horas.
3924,1308,,1955,precipitacao_prevista_1h,4.15,mm,10/21/40 mm,Previsão meteorológica simulada para a próxima hora.
3925,1309,17605,,nivel_agua_percentagem,100,%,70/85/90%,Leitura máxima de nível de água na área.
3926,1309,,,precipitacao_acumulada_6h,89.94,mm,30/41/60 mm,Precipitação acumulada calculada sobre as últimas 6 horas.
3927,1309,,1957,precipitacao_prevista_1h,0,mm,10/21/40 mm,Previsão meteorológica simulada para a próxima hora.
3928,1310,17617,,nivel_agua_percentagem,40.45,%,70/85/90%,Leitura máxima de nível de água na área.
3929,1310,,,precipitacao_acumulada_6h,8.03,mm,30/41/60 mm,Precipitação acumulada calculada sobre as últimas 6 horas.
3930,1310,,1958,precipitacao_prevista_1h,11.82,mm,10/21/40 mm,Previsão meteorológica simulada para a próxima hora.
3931,1311,17629,,nivel_agua_percentagem,85.7,%,70/85/90%,Leitura máxima de nível de água na área.
3932,1311,,,precipitacao_acumulada_6h,69.72,mm,30/41/60 mm,Precipitação acumulada calculada sobre as últimas 6 horas.
3933,1311,,1959,precipitacao_prevista_1h,12.24,mm,10/21/40 mm,Previsão meteorológica simulada para a próxima hora.
3934,1312,17632,,nivel_agua_percentagem,54.86,%,70/85/90%,Leitura máxima de nível de água na área.
3935,1312,,,precipitacao_acumulada_6h,36.86,mm,30/41/60 mm,Precipitação acumulada calculada sobre as últimas 6 horas.
3936,1312,,1960,precipitacao_prevista_1h,42.84,mm,10/21/40 mm,Previsão meteorológica simulada para a próxima hora.
3937,1313,17644,,nivel_agua_percentagem,100,%,70/85/90%,Leitura máxima de nível de água na área.
3938,1313,,,precipitacao_acumulada_6h,89.94,mm,30/41/60 mm,Precipitação acumulada calculada sobre as últimas 6 horas.
3939,1313,,1961,precipitacao_prevista_1h,0,mm,10/21/40 mm,Previsão meteorológica simulada para a próxima hora.
3940,1314,17650,,nivel_agua_percentagem,39.26,%,70/85/90%,Leitura máxima de nível de água na área.
3941,1314,,,precipitacao_acumulada_6h,5.37,mm,30/41/60 mm,Precipitação acumulada calculada sobre as últimas 6 horas.
3942,1314,,1962,precipitacao_prevista_1h,12.76,mm,10/21/40 mm,Previsão meteorológica simulada para a próxima hora.
3943,1315,17665,,nivel_agua_percentagem,86.35,%,70/85/90%,Leitura máxima de nível de água na área.
3944,1315,,,precipitacao_acumulada_6h,68.84,mm,30/41/60 mm,Precipitação acumulada calculada sobre as últimas 6 horas.
3945,1315,,1963,precipitacao_prevista_1h,2.79,mm,10/21/40 mm,Previsão meteorológica simulada para a próxima hora.
3946,1316,17671,,nivel_agua_percentagem,64.31,%,70/85/90%,Leitura máxima de nível de água na área.
3947,1316,,,precipitacao_acumulada_6h,38.48,mm,30/41/60 mm,Precipitação acumulada calculada sobre as últimas 6 horas.
3948,1316,,1964,precipitacao_prevista_1h,0,mm,10/21/40 mm,Previsão meteorológica simulada para a próxima hora.
3949,1317,17677,,nivel_agua_percentagem,100,%,70/85/90%,Leitura máxima de nível de água na área.
3950,1317,,,precipitacao_acumulada_6h,89.98,mm,30/41/60 mm,Precipitação acumulada calculada sobre as últimas 6 horas.
3951,1317,,1965,precipitacao_prevista_1h,0,mm,10/21/40 mm,Previsão meteorológica simulada para a próxima hora.
3952,1318,17686,,nivel_agua_percentagem,50.92,%,70/85/90%,Leitura máxima de nível de água na área.
3953,1318,,,precipitacao_acumulada_6h,20.69,mm,30/41/60 mm,Precipitação acumulada calculada sobre as últimas 6 horas.
3954,1318,,1966,precipitacao_prevista_1h,25.44,mm,10/21/40 mm,Previsão meteorológica simulada para a próxima hora.
3955,1319,17701,,nivel_agua_percentagem,87.7,%,70/85/90%,Leitura máxima de nível de água na área.
3956,1319,,,precipitacao_acumulada_6h,68.84,mm,30/41/60 mm,Precipitação acumulada calculada sobre as últimas 6 horas.
3957,1319,,1967,precipitacao_prevista_1h,14.23,mm,10/21/40 mm,Previsão meteorológica simulada para a próxima hora.
3958,1320,17704,,nivel_agua_percentagem,59.16,%,70/85/90%,Leitura máxima de nível de água na área.
3959,1320,,,precipitacao_acumulada_6h,37.04,mm,30/41/60 mm,Precipitação acumulada calculada sobre as últimas 6 horas.
3960,1320,,1968,precipitacao_prevista_1h,0,mm,10/21/40 mm,Previsão meteorológica simulada para a próxima hora.
3961,1321,17713,,nivel_agua_percentagem,100,%,70/85/90%,Leitura máxima de nível de água na área.
3962,1321,,,precipitacao_acumulada_6h,81.03,mm,30/41/60 mm,Precipitação acumulada calculada sobre as últimas 6 horas.
3963,1321,,1969,precipitacao_prevista_1h,50.5,mm,10/21/40 mm,Previsão meteorológica simulada para a próxima hora.
3964,1322,17728,,nivel_agua_percentagem,98.84,%,70/85/90%,Leitura máxima de nível de água na área.
3965,1322,,,precipitacao_acumulada_6h,80.71,mm,30/41/60 mm,Precipitação acumulada calculada sobre as últimas 6 horas.
3966,1322,,1970,precipitacao_prevista_1h,53.2,mm,10/21/40 mm,Previsão meteorológica simulada para a próxima hora.
3967,1323,17731,,nivel_agua_percentagem,96.2,%,70/85/90%,Leitura máxima de nível de água na área.
3968,1323,,,precipitacao_acumulada_6h,79.9,mm,30/41/60 mm,Precipitação acumulada calculada sobre as últimas 6 horas.
3969,1323,,1971,precipitacao_prevista_1h,28.08,mm,10/21/40 mm,Previsão meteorológica simulada para a próxima hora.
3970,1324,17740,,nivel_agua_percentagem,64.31,%,70/85/90%,Leitura máxima de nível de água na área.
3971,1324,,,precipitacao_acumulada_6h,37.04,mm,30/41/60 mm,Precipitação acumulada calculada sobre as últimas 6 horas.
3972,1324,,1972,precipitacao_prevista_1h,0,mm,10/21/40 mm,Previsão meteorológica simulada para a próxima hora.
3973,1325,17749,,nivel_agua_percentagem,100,%,70/85/90%,Leitura máxima de nível de água na área.
3974,1325,,,precipitacao_acumulada_6h,82.69,mm,30/41/60 mm,Precipitação acumulada calculada sobre as últimas 6 horas.
3975,1325,,1973,precipitacao_prevista_1h,5.7,mm,10/21/40 mm,Previsão meteorológica simulada para a próxima hora.
3976,1326,17758,,nivel_agua_percentagem,100,%,70/85/90%,Leitura máxima de nível de água na área.
3977,1326,,,precipitacao_acumulada_6h,80.69,mm,30/41/60 mm,Precipitação acumulada calculada sobre as últimas 6 horas.
3978,1326,,1974,precipitacao_prevista_1h,5.86,mm,10/21/40 mm,Previsão meteorológica simulada para a próxima hora.
3979,1327,17773,,nivel_agua_percentagem,62.31,%,70/85/90%,Leitura máxima de nível de água na área.
3980,1327,,,precipitacao_acumulada_6h,32.61,mm,30/41/60 mm,Precipitação acumulada calculada sobre as últimas 6 horas.
3981,1327,,1975,precipitacao_prevista_1h,11.7,mm,10/21/40 mm,Previsão meteorológica simulada para a próxima hora.
3982,1328,17782,,nivel_agua_percentagem,58.96,%,70/85/90%,Leitura máxima de nível de água na área.
3983,1328,,,precipitacao_acumulada_6h,37.28,mm,30/41/60 mm,Precipitação acumulada calculada sobre as últimas 6 horas.
3984,1328,,1976,precipitacao_prevista_1h,4.61,mm,10/21/40 mm,Previsão meteorológica simulada para a próxima hora.
3985,1329,17788,,nivel_agua_percentagem,68.96,%,70/85/90%,Leitura máxima de nível de água na área.
3986,1329,,,precipitacao_acumulada_6h,30.23,mm,30/41/60 mm,Precipitação acumulada calculada sobre as últimas 6 horas.
3987,1329,,1977,precipitacao_prevista_1h,0,mm,10/21/40 mm,Previsão meteorológica simulada para a próxima hora.
3988,1330,17797,,nivel_agua_percentagem,100,%,70/85/90%,Leitura máxima de nível de água na área.
3989,1330,,,precipitacao_acumulada_6h,78.59,mm,30/41/60 mm,Precipitação acumulada calculada sobre as últimas 6 horas.
3990,1330,,1978,precipitacao_prevista_1h,2.99,mm,10/21/40 mm,Previsão meteorológica simulada para a próxima hora.
3991,1331,17806,,nivel_agua_percentagem,57.57,%,70/85/90%,Leitura máxima de nível de água na área.
3992,1331,,,precipitacao_acumulada_6h,32.04,mm,30/41/60 mm,Precipitação acumulada calculada sobre as últimas 6 horas.
3993,1331,,1979,precipitacao_prevista_1h,15.3,mm,10/21/40 mm,Previsão meteorológica simulada para a próxima hora.
3994,1332,17815,,nivel_agua_percentagem,62.06,%,70/85/90%,Leitura máxima de nível de água na área.
3995,1332,,,precipitacao_acumulada_6h,36.47,mm,30/41/60 mm,Precipitação acumulada calculada sobre as últimas 6 horas.
3996,1332,,1980,precipitacao_prevista_1h,0,mm,10/21/40 mm,Previsão meteorológica simulada para a próxima hora.
3997,1333,17827,,nivel_agua_percentagem,68.35,%,70/85/90%,Leitura máxima de nível de água na área.
3998,1333,,,precipitacao_acumulada_6h,31.63,mm,30/41/60 mm,Precipitação acumulada calculada sobre as últimas 6 horas.
3999,1333,,1981,precipitacao_prevista_1h,9.38,mm,10/21/40 mm,Previsão meteorológica simulada para a próxima hora.
4000,1334,17830,,nivel_agua_percentagem,100,%,70/85/90%,Leitura máxima de nível de água na área.
4001,1334,,,precipitacao_acumulada_6h,79.01,mm,30/41/60 mm,Precipitação acumulada calculada sobre as últimas 6 horas.
4002,1334,,1982,precipitacao_prevista_1h,0.55,mm,10/21/40 mm,Previsão meteorológica simulada para a próxima hora.
4003,1335,17842,,nivel_agua_percentagem,50.83,%,70/85/90%,Leitura máxima de nível de água na área.
4004,1335,,,precipitacao_acumulada_6h,14.41,mm,30/41/60 mm,Precipitação acumulada calculada sobre as últimas 6 horas.
4005,1335,,1983,precipitacao_prevista_1h,11.85,mm,10/21/40 mm,Previsão meteorológica simulada para a próxima hora.
4006,1336,17857,,nivel_agua_percentagem,66.16,%,70/85/90%,Leitura máxima de nível de água na área.
4007,1336,,,precipitacao_acumulada_6h,31.63,mm,30/41/60 mm,Precipitação acumulada calculada sobre as últimas 6 horas.
4008,1336,,1985,precipitacao_prevista_1h,0,mm,10/21/40 mm,Previsão meteorológica simulada para a próxima hora.
4009,1337,17866,,nivel_agua_percentagem,100,%,70/85/90%,Leitura máxima de nível de água na área.
4010,1337,,,precipitacao_acumulada_6h,79.99,mm,30/41/60 mm,Precipitação acumulada calculada sobre as últimas 6 horas.
4011,1337,,1986,precipitacao_prevista_1h,0,mm,10/21/40 mm,Previsão meteorológica simulada para a próxima hora.
4012,1338,17893,,nivel_agua_percentagem,67.28,%,70/85/90%,Leitura máxima de nível de água na área.
4013,1338,,,precipitacao_acumulada_6h,30.28,mm,30/41/60 mm,Precipitação acumulada calculada sobre as últimas 6 horas.
4014,1338,,1989,precipitacao_prevista_1h,1.03,mm,10/21/40 mm,Previsão meteorológica simulada para a próxima hora.
4015,1339,17905,,nivel_agua_percentagem,90.99,%,70/85/90%,Leitura máxima de nível de água na área.
4016,1339,,,precipitacao_acumulada_6h,62.8,mm,30/41/60 mm,Precipitação acumulada calculada sobre as últimas 6 horas.
4017,1339,,1990,precipitacao_prevista_1h,0,mm,10/21/40 mm,Previsão meteorológica simulada para a próxima hora.
4018,1340,17935,,nivel_agua_percentagem,44.78,%,70/85/90%,Leitura máxima de nível de água na área.
4019,1340,,,precipitacao_acumulada_6h,3.86,mm,30/41/60 mm,Precipitação acumulada calculada sobre as últimas 6 horas.
4020,1340,,1993,precipitacao_prevista_1h,14.92,mm,10/21/40 mm,Previsão meteorológica simulada para a próxima hora.
4021,1341,17944,,nivel_agua_percentagem,45.54,%,70/85/90%,Leitura máxima de nível de água na área.
4022,1341,,,precipitacao_acumulada_6h,1.4,mm,30/41/60 mm,Precipitação acumulada calculada sobre as últimas 6 horas.
4023,1341,,1994,precipitacao_prevista_1h,10.52,mm,10/21/40 mm,Previsão meteorológica simulada para a próxima hora.
4024,1342,17947,,nivel_agua_percentagem,65.02,%,70/85/90%,Leitura máxima de nível de água na área.
4025,1342,,,precipitacao_acumulada_6h,38.65,mm,30/41/60 mm,Precipitação acumulada calculada sobre as últimas 6 horas.
4026,1342,,1995,precipitacao_prevista_1h,49.97,mm,10/21/40 mm,Previsão meteorológica simulada para a próxima hora.
4027,1343,17971,,nivel_agua_percentagem,36.19,%,70/85/90%,Leitura máxima de nível de água na área.
4028,1343,,,precipitacao_acumulada_6h,1.71,mm,30/41/60 mm,Precipitação acumulada calculada sobre as últimas 6 horas.
4029,1343,,1997,precipitacao_prevista_1h,15.61,mm,10/21/40 mm,Previsão meteorológica simulada para a próxima hora.
4030,1344,17986,,nivel_agua_percentagem,63.08,%,70/85/90%,Leitura máxima de nível de água na área.
4031,1344,,,precipitacao_acumulada_6h,39.44,mm,30/41/60 mm,Precipitação acumulada calculada sobre as últimas 6 horas.
4032,1344,,1999,precipitacao_prevista_1h,18.56,mm,10/21/40 mm,Previsão meteorológica simulada para a próxima hora.
4033,1345,18013,,nivel_agua_percentagem,34.79,%,70/85/90%,Leitura máxima de nível de água na área.
4034,1345,,,precipitacao_acumulada_6h,1.87,mm,30/41/60 mm,Precipitação acumulada calculada sobre as últimas 6 horas.
4035,1345,,2002,precipitacao_prevista_1h,11.32,mm,10/21/40 mm,Previsão meteorológica simulada para a próxima hora.
4036,1346,18025,,nivel_agua_percentagem,63.05,%,70/85/90%,Leitura máxima de nível de água na área.
4037,1346,,,precipitacao_acumulada_6h,41.42,mm,30/41/60 mm,Precipitação acumulada calculada sobre as últimas 6 horas.
4038,1346,,2003,precipitacao_prevista_1h,18.23,mm,10/21/40 mm,Previsão meteorológica simulada para a próxima hora.
4039,1347,18052,,nivel_agua_percentagem,37.16,%,70/85/90%,Leitura máxima de nível de água na área.
4040,1347,,,precipitacao_acumulada_6h,1.45,mm,30/41/60 mm,Precipitação acumulada calculada sobre as últimas 6 horas.
4041,1347,,2006,precipitacao_prevista_1h,17.31,mm,10/21/40 mm,Previsão meteorológica simulada para a próxima hora.
4042,1348,18058,,nivel_agua_percentagem,65.75,%,70/85/90%,Leitura máxima de nível de água na área.
4043,1348,,,precipitacao_acumulada_6h,40.71,mm,30/41/60 mm,Precipitação acumulada calculada sobre as últimas 6 horas.
4044,1348,,2007,precipitacao_prevista_1h,8.8,mm,10/21/40 mm,Previsão meteorológica simulada para a próxima hora.
4045,1349,18064,,nivel_agua_percentagem,49.71,%,70/85/90%,Leitura máxima de nível de água na área.
4046,1349,,,precipitacao_acumulada_6h,26.48,mm,30/41/60 mm,Precipitação acumulada calculada sobre as últimas 6 horas.
4047,1349,,2008,precipitacao_prevista_1h,32.62,mm,10/21/40 mm,Previsão meteorológica simulada para a próxima hora.
4048,1350,18097,,nivel_agua_percentagem,62.42,%,70/85/90%,Leitura máxima de nível de água na área.
4049,1350,,,precipitacao_acumulada_6h,40.71,mm,30/41/60 mm,Precipitação acumulada calculada sobre as últimas 6 horas.
4050,1350,,2011,precipitacao_prevista_1h,4.43,mm,10/21/40 mm,Previsão meteorológica simulada para a próxima hora.
4051,1351,18130,,nivel_agua_percentagem,67.53,%,70/85/90%,Leitura máxima de nível de água na área.
4052,1351,,,precipitacao_acumulada_6h,42.06,mm,30/41/60 mm,Precipitação acumulada calculada sobre as últimas 6 horas.
4053,1351,,2015,precipitacao_prevista_1h,0,mm,10/21/40 mm,Previsão meteorológica simulada para a próxima hora.
4054,1352,18154,,nivel_agua_percentagem,32.24,%,70/85/90%,Leitura máxima de nível de água na área.
4055,1352,,,precipitacao_acumulada_6h,0.48,mm,30/41/60 mm,Precipitação acumulada calculada sobre as últimas 6 horas.
4056,1352,,2018,precipitacao_prevista_1h,0,mm,10/21/40 mm,Previsão meteorológica simulada para a próxima hora.
4057,1353,18178,,nivel_agua_percentagem,53.81,%,70/85/90%,Leitura máxima de nível de água na área.
4058,1353,,,precipitacao_acumulada_6h,28.16,mm,30/41/60 mm,Precipitação acumulada calculada sobre as últimas 6 horas.
4059,1353,,2020,precipitacao_prevista_1h,16.32,mm,10/21/40 mm,Previsão meteorológica simulada para a próxima hora.
4060,1354,18181,,nivel_agua_percentagem,39.62,%,70/85/90%,Leitura máxima de nível de água na área.
4061,1354,,,precipitacao_acumulada_6h,3.81,mm,30/41/60 mm,Precipitação acumulada calculada sobre as últimas 6 horas.
4062,1354,,2021,precipitacao_prevista_1h,18.58,mm,10/21/40 mm,Previsão meteorológica simulada para a próxima hora.
4063,1355,18202,,nivel_agua_percentagem,34.15,%,70/85/90%,Leitura máxima de nível de água na área.
4064,1355,,,precipitacao_acumulada_6h,4.12,mm,30/41/60 mm,Precipitação acumulada calculada sobre as últimas 6 horas.
4065,1355,,2023,precipitacao_prevista_1h,11.08,mm,10/21/40 mm,Previsão meteorológica simulada para a próxima hora.
4066,1356,18208,,nivel_agua_percentagem,50.71,%,70/85/90%,Leitura máxima de nível de água na área.
4067,1356,,,precipitacao_acumulada_6h,26.5,mm,30/41/60 mm,Precipitação acumulada calculada sobre as últimas 6 horas.
4068,1356,,2024,precipitacao_prevista_1h,23.22,mm,10/21/40 mm,Previsão meteorológica simulada para a próxima hora.
4069,1357,18232,,nivel_agua_percentagem,29.14,%,70/85/90%,Leitura máxima de nível de água na área.
4070,1357,,,precipitacao_acumulada_6h,0.4,mm,30/41/60 mm,Precipitação acumulada calculada sobre as últimas 6 horas.
4071,1357,,2026,precipitacao_prevista_1h,10.72,mm,10/21/40 mm,Previsão meteorológica simulada para a próxima hora.
4072,1358,18241,,nivel_agua_percentagem,40.1,%,70/85/90%,Leitura máxima de nível de água na área.
4073,1358,,,precipitacao_acumulada_6h,4.21,mm,30/41/60 mm,Precipitação acumulada calculada sobre as últimas 6 horas.
4074,1358,,2027,precipitacao_prevista_1h,15.76,mm,10/21/40 mm,Previsão meteorológica simulada para a próxima hora.
4075,1359,18250,,nivel_agua_percentagem,50.16,%,70/85/90%,Leitura máxima de nível de água na área.
4076,1359,,,precipitacao_acumulada_6h,25.93,mm,30/41/60 mm,Precipitação acumulada calculada sobre as últimas 6 horas.
4077,1359,,2028,precipitacao_prevista_1h,19.8,mm,10/21/40 mm,Previsão meteorológica simulada para a próxima hora.
4078,1360,18265,,nivel_agua_percentagem,30.16,%,70/85/90%,Leitura máxima de nível de água na área.
4079,1360,,,precipitacao_acumulada_6h,0.4,mm,30/41/60 mm,Precipitação acumulada calculada sobre as últimas 6 horas.
4080,1360,,2030,precipitacao_prevista_1h,13.2,mm,10/21/40 mm,Previsão meteorológica simulada para a próxima hora.
4081,1361,18301,,nivel_agua_percentagem,35.22,%,70/85/90%,Leitura máxima de nível de água na área.
4082,1361,,,precipitacao_acumulada_6h,1.37,mm,30/41/60 mm,Precipitação acumulada calculada sobre as últimas 6 horas.
4083,1361,,2034,precipitacao_prevista_1h,16.93,mm,10/21/40 mm,Previsão meteorológica simulada para a próxima hora.
4084,1362,18322,,nivel_agua_percentagem,29.72,%,70/85/90%,Leitura máxima de nível de água na área.
4085,1362,,,precipitacao_acumulada_6h,3.65,mm,30/41/60 mm,Precipitação acumulada calculada sobre as últimas 6 horas.
4086,1362,,2036,precipitacao_prevista_1h,13.11,mm,10/21/40 mm,Previsão meteorológica simulada para a próxima hora.
4087,1363,18331,,nivel_agua_percentagem,41.62,%,70/85/90%,Leitura máxima de nível de água na área.
4088,1363,,,precipitacao_acumulada_6h,4.22,mm,30/41/60 mm,Precipitação acumulada calculada sobre as últimas 6 horas.
4089,1363,,2037,precipitacao_prevista_1h,16.56,mm,10/21/40 mm,Previsão meteorológica simulada para a próxima hora.
4090,1364,18334,,nivel_agua_percentagem,35.16,%,70/85/90%,Leitura máxima de nível de água na área.
4091,1364,,,precipitacao_acumulada_6h,1.36,mm,30/41/60 mm,Precipitação acumulada calculada sobre as últimas 6 horas.
4092,1364,,2038,precipitacao_prevista_1h,17.84,mm,10/21/40 mm,Previsão meteorológica simulada para a próxima hora.
4093,1365,18379,,nivel_agua_percentagem,29.04,%,70/85/90%,Leitura máxima de nível de água na área.
4094,1365,,,precipitacao_acumulada_6h,3.98,mm,30/41/60 mm,Precipitação acumulada calculada sobre as últimas 6 horas.
4095,1365,,2043,precipitacao_prevista_1h,21.41,mm,10/21/40 mm,Previsão meteorológica simulada para a próxima hora.
4096,1366,18412,,nivel_agua_percentagem,52.42,%,70/85/90%,Leitura máxima de nível de água na área.
4097,1366,,,precipitacao_acumulada_6h,29.34,mm,30/41/60 mm,Precipitação acumulada calculada sobre as últimas 6 horas.
4098,1366,,2046,precipitacao_prevista_1h,30.39,mm,10/21/40 mm,Previsão meteorológica simulada para a próxima hora.
4099,1367,18418,,nivel_agua_percentagem,33.46,%,70/85/90%,Leitura máxima de nível de água na área.
4100,1367,,,precipitacao_acumulada_6h,4.59,mm,30/41/60 mm,Precipitação acumulada calculada sobre as últimas 6 horas.
4101,1367,,2047,precipitacao_prevista_1h,7.01,mm,10/21/40 mm,Previsão meteorológica simulada para a próxima hora.
4102,1368,18427,,nivel_agua_percentagem,27.96,%,70/85/90%,Leitura máxima de nível de água na área.
4103,1368,,,precipitacao_acumulada_6h,3.38,mm,30/41/60 mm,Precipitação acumulada calculada sobre as últimas 6 horas.
4104,1368,,2048,precipitacao_prevista_1h,10.86,mm,10/21/40 mm,Previsão meteorológica simulada para a próxima hora.
4105,1369,18448,,nivel_agua_percentagem,59.45,%,70/85/90%,Leitura máxima de nível de água na área.
4106,1369,,,precipitacao_acumulada_6h,30.72,mm,30/41/60 mm,Precipitação acumulada calculada sobre as últimas 6 horas.
4107,1369,,2050,precipitacao_prevista_1h,13.07,mm,10/21/40 mm,Previsão meteorológica simulada para a próxima hora.
4108,1370,18466,,nivel_agua_percentagem,31.29,%,70/85/90%,Leitura máxima de nível de água na área.
4109,1370,,,precipitacao_acumulada_6h,5.95,mm,30/41/60 mm,Precipitação acumulada calculada sobre as últimas 6 horas.
4110,1370,,2052,precipitacao_prevista_1h,19.7,mm,10/21/40 mm,Previsão meteorológica simulada para a próxima hora.
4111,1371,18469,,nivel_agua_percentagem,33.83,%,70/85/90%,Leitura máxima de nível de água na área.
4112,1371,,,precipitacao_acumulada_6h,3.08,mm,30/41/60 mm,Precipitação acumulada calculada sobre as últimas 6 horas.
4113,1371,,2053,precipitacao_prevista_1h,16.92,mm,10/21/40 mm,Previsão meteorológica simulada para a próxima hora.
4114,1372,18478,,nivel_agua_percentagem,62.31,%,70/85/90%,Leitura máxima de nível de água na área.
4115,1372,,,precipitacao_acumulada_6h,32.28,mm,30/41/60 mm,Precipitação acumulada calculada sobre as últimas 6 horas.
4116,1372,,2054,precipitacao_prevista_1h,8.31,mm,10/21/40 mm,Previsão meteorológica simulada para a próxima hora.
4117,1373,18517,,nivel_agua_percentagem,62.17,%,70/85/90%,Leitura máxima de nível de água na área.
4118,1373,,,precipitacao_acumulada_6h,32.51,mm,30/41/60 mm,Precipitação acumulada calculada sobre as últimas 6 horas.
4119,1373,,2058,precipitacao_prevista_1h,2.51,mm,10/21/40 mm,Previsão meteorológica simulada para a próxima hora.
4120,1374,18550,,nivel_agua_percentagem,61.19,%,70/85/90%,Leitura máxima de nível de água na área.
4121,1374,,,precipitacao_acumulada_6h,32.51,mm,30/41/60 mm,Precipitação acumulada calculada sobre as últimas 6 horas.
4122,1374,,2062,precipitacao_prevista_1h,12.56,mm,10/21/40 mm,Previsão meteorológica simulada para a próxima hora.
4123,1375,18565,,nivel_agua_percentagem,33.81,%,70/85/90%,Leitura máxima de nível de água na área.
4124,1375,,,precipitacao_acumulada_6h,1.97,mm,30/41/60 mm,Precipitação acumulada calculada sobre as últimas 6 horas.
4125,1375,,2063,precipitacao_prevista_1h,13.2,mm,10/21/40 mm,Previsão meteorológica simulada para a próxima hora.
4126,1376,18571,,nivel_agua_percentagem,30.1,%,70/85/90%,Leitura máxima de nível de água na área.
4127,1376,,,precipitacao_acumulada_6h,6.34,mm,30/41/60 mm,Precipitação acumulada calculada sobre as últimas 6 horas.
4128,1376,,2064,precipitacao_prevista_1h,12.64,mm,10/21/40 mm,Previsão meteorológica simulada para a próxima hora.
4129,1377,18577,,nivel_agua_percentagem,45.5,%,70/85/90%,Leitura máxima de nível de água na área.
4130,1377,,,precipitacao_acumulada_6h,11.69,mm,30/41/60 mm,Precipitação acumulada calculada sobre as últimas 6 horas.
4131,1377,,2065,precipitacao_prevista_1h,10.05,mm,10/21/40 mm,Previsão meteorológica simulada para a próxima hora.
4132,1378,18586,,nivel_agua_percentagem,57.93,%,70/85/90%,Leitura máxima de nível de água na área.
4133,1378,,,precipitacao_acumulada_6h,31.91,mm,30/41/60 mm,Precipitação acumulada calculada sobre as últimas 6 horas.
4134,1378,,2066,precipitacao_prevista_1h,13.04,mm,10/21/40 mm,Previsão meteorológica simulada para a próxima hora.
4135,1379,18601,,nivel_agua_percentagem,48.33,%,70/85/90%,Leitura máxima de nível de água na área.
4136,1379,,,precipitacao_acumulada_6h,20.7,mm,30/41/60 mm,Precipitação acumulada calculada sobre as últimas 6 horas.
4137,1379,,2067,precipitacao_prevista_1h,20.95,mm,10/21/40 mm,Previsão meteorológica simulada para a próxima hora.
4138,1380,18607,,nivel_agua_percentagem,34.19,%,70/85/90%,Leitura máxima de nível de água na área.
4139,1380,,,precipitacao_acumulada_6h,9.14,mm,30/41/60 mm,Precipitação acumulada calculada sobre as últimas 6 horas.
4140,1380,,2068,precipitacao_prevista_1h,22.73,mm,10/21/40 mm,Previsão meteorológica simulada para a próxima hora.
4141,1381,18616,,nivel_agua_percentagem,73.21,%,70/85/90%,Leitura máxima de nível de água na área.
4142,1381,,,precipitacao_acumulada_6h,38.94,mm,30/41/60 mm,Precipitação acumulada calculada sobre as últimas 6 horas.
4143,1381,,2069,precipitacao_prevista_1h,21.81,mm,10/21/40 mm,Previsão meteorológica simulada para a próxima hora.
4144,1382,18622,,nivel_agua_percentagem,50.68,%,70/85/90%,Leitura máxima de nível de água na área.
4145,1382,,,precipitacao_acumulada_6h,18.16,mm,30/41/60 mm,Precipitação acumulada calculada sobre as últimas 6 horas.
4146,1382,,2070,precipitacao_prevista_1h,12.64,mm,10/21/40 mm,Previsão meteorológica simulada para a próxima hora.
4147,1383,18652,,nivel_agua_percentagem,65.84,%,70/85/90%,Leitura máxima de nível de água na área.
4148,1383,,,precipitacao_acumulada_6h,38.94,mm,30/41/60 mm,Precipitação acumulada calculada sobre as últimas 6 horas.
4149,1383,,2073,precipitacao_prevista_1h,7.13,mm,10/21/40 mm,Previsão meteorológica simulada para a próxima hora.
4150,1384,18685,,nivel_agua_percentagem,65.87,%,70/85/90%,Leitura máxima de nível de água na área.
4151,1384,,,precipitacao_acumulada_6h,36.66,mm,30/41/60 mm,Precipitação acumulada calculada sobre as últimas 6 horas.
4152,1384,,2077,precipitacao_prevista_1h,9.45,mm,10/21/40 mm,Previsão meteorológica simulada para a próxima hora.
4153,1385,18697,,nivel_agua_percentagem,68.9,%,70/85/90%,Leitura máxima de nível de água na área.
4154,1385,,,precipitacao_acumulada_6h,48.61,mm,30/41/60 mm,Precipitação acumulada calculada sobre as últimas 6 horas.
4155,1385,,2078,precipitacao_prevista_1h,43.17,mm,10/21/40 mm,Previsão meteorológica simulada para a próxima hora.
4156,1386,18721,,nivel_agua_percentagem,65.46,%,70/85/90%,Leitura máxima de nível de água na área.
4157,1386,,,precipitacao_acumulada_6h,32.62,mm,30/41/60 mm,Precipitação acumulada calculada sobre as últimas 6 horas.
4158,1386,,2081,precipitacao_prevista_1h,10.67,mm,10/21/40 mm,Previsão meteorológica simulada para a próxima hora.
4159,1387,18733,,nivel_agua_percentagem,75.42,%,70/85/90%,Leitura máxima de nível de água na área.
4160,1387,,,precipitacao_acumulada_6h,48.67,mm,30/41/60 mm,Precipitação acumulada calculada sobre as últimas 6 horas.
4161,1387,,2082,precipitacao_prevista_1h,9.62,mm,10/21/40 mm,Previsão meteorológica simulada para a próxima hora.
4162,1388,18763,,nivel_agua_percentagem,67.14,%,70/85/90%,Leitura máxima de nível de água na área.
4163,1388,,,precipitacao_acumulada_6h,32.23,mm,30/41/60 mm,Precipitação acumulada calculada sobre as últimas 6 horas.
4164,1388,,2085,precipitacao_prevista_1h,17.69,mm,10/21/40 mm,Previsão meteorológica simulada para a próxima hora.
4165,1389,18772,,nivel_agua_percentagem,75.95,%,70/85/90%,Leitura máxima de nível de água na área.
4166,1389,,,precipitacao_acumulada_6h,48.78,mm,30/41/60 mm,Precipitação acumulada calculada sobre as últimas 6 horas.
4167,1389,,2086,precipitacao_prevista_1h,12.56,mm,10/21/40 mm,Previsão meteorológica simulada para a próxima hora.
4168,1390,18808,,nivel_agua_percentagem,75.83,%,70/85/90%,Leitura máxima de nível de água na área.
4169,1390,,,precipitacao_acumulada_6h,48.78,mm,30/41/60 mm,Precipitação acumulada calculada sobre as últimas 6 horas.
4170,1390,,2090,precipitacao_prevista_1h,31.59,mm,10/21/40 mm,Previsão meteorológica simulada para a próxima hora.
4171,1391,18823,,nivel_agua_percentagem,31.5,%,70/85/90%,Leitura máxima de nível de água na área.
4172,1391,,,precipitacao_acumulada_6h,2.09,mm,30/41/60 mm,Precipitação acumulada calculada sobre as últimas 6 horas.
4173,1391,,2092,precipitacao_prevista_1h,20.4,mm,10/21/40 mm,Previsão meteorológica simulada para a próxima hora.
4174,1392,18841,,nivel_agua_percentagem,68.33,%,70/85/90%,Leitura máxima de nível de água na área.
4175,1392,,,precipitacao_acumulada_6h,37.69,mm,30/41/60 mm,Precipitação acumulada calculada sobre as últimas 6 horas.
4176,1392,,2094,precipitacao_prevista_1h,0.33,mm,10/21/40 mm,Previsão meteorológica simulada para a próxima hora.
4177,1393,18880,,nivel_agua_percentagem,66.99,%,70/85/90%,Leitura máxima de nível de água na área.
4178,1393,,,precipitacao_acumulada_6h,37.56,mm,30/41/60 mm,Precipitação acumulada calculada sobre as últimas 6 horas.
4179,1393,,2098,precipitacao_prevista_1h,20.49,mm,10/21/40 mm,Previsão meteorológica simulada para a próxima hora.
4180,1394,18889,,nivel_agua_percentagem,32.84,%,70/85/90%,Leitura máxima de nível de água na área.
4181,1394,,,precipitacao_acumulada_6h,4.09,mm,30/41/60 mm,Precipitação acumulada calculada sobre as últimas 6 horas.
4182,1394,,2099,precipitacao_prevista_1h,14.04,mm,10/21/40 mm,Previsão meteorológica simulada para a próxima hora.
4183,1395,18916,,nivel_agua_percentagem,35.13,%,70/85/90%,Leitura máxima de nível de água na área.
4184,1395,,,precipitacao_acumulada_6h,4.3,mm,30/41/60 mm,Precipitação acumulada calculada sobre as últimas 6 horas.
4185,1395,,2102,precipitacao_prevista_1h,15.92,mm,10/21/40 mm,Previsão meteorológica simulada para a próxima hora.
4186,1396,18949,,nivel_agua_percentagem,67.35,%,70/85/90%,Leitura máxima de nível de água na área.
4187,1396,,,precipitacao_acumulada_6h,39.6,mm,30/41/60 mm,Precipitação acumulada calculada sobre as últimas 6 horas.
4188,1396,,2106,precipitacao_prevista_1h,27.09,mm,10/21/40 mm,Previsão meteorológica simulada para a próxima hora.
4189,1397,18958,,nivel_agua_percentagem,37.25,%,70/85/90%,Leitura máxima de nível de água na área.
4190,1397,,,precipitacao_acumulada_6h,3.49,mm,30/41/60 mm,Precipitação acumulada calculada sobre as últimas 6 horas.
4191,1397,,2107,precipitacao_prevista_1h,10.34,mm,10/21/40 mm,Previsão meteorológica simulada para a próxima hora.
4192,1398,18988,,nivel_agua_percentagem,70.03,%,70/85/90%,Leitura máxima de nível de água na área.
4193,1398,,,precipitacao_acumulada_6h,39.49,mm,30/41/60 mm,Precipitação acumulada calculada sobre as últimas 6 horas.
4194,1398,,2110,precipitacao_prevista_1h,2.44,mm,10/21/40 mm,Previsão meteorológica simulada para a próxima hora.
4195,1399,18994,,nivel_agua_percentagem,33.45,%,70/85/90%,Leitura máxima de nível de água na área.
4196,1399,,,precipitacao_acumulada_6h,2.98,mm,30/41/60 mm,Precipitação acumulada calculada sobre as últimas 6 horas.
4197,1399,,2111,precipitacao_prevista_1h,10.24,mm,10/21/40 mm,Previsão meteorológica simulada para a próxima hora.
4198,1400,19012,,nivel_agua_percentagem,43.87,%,70/85/90%,Leitura máxima de nível de água na área.
4199,1400,,,precipitacao_acumulada_6h,2.41,mm,30/41/60 mm,Precipitação acumulada calculada sobre as últimas 6 horas.
4200,1400,,2113,precipitacao_prevista_1h,13.57,mm,10/21/40 mm,Previsão meteorológica simulada para a próxima hora.
4201,1401,19024,,nivel_agua_percentagem,66.15,%,70/85/90%,Leitura máxima de nível de água na área.
4202,1401,,,precipitacao_acumulada_6h,39.55,mm,30/41/60 mm,Precipitação acumulada calculada sobre as últimas 6 horas.
4203,1401,,2114,precipitacao_prevista_1h,6.32,mm,10/21/40 mm,Previsão meteorológica simulada para a próxima hora.
4204,1402,19054,,nivel_agua_percentagem,69.94,%,70/85/90%,Leitura máxima de nível de água na área.
4205,1402,,,precipitacao_acumulada_6h,38.73,mm,30/41/60 mm,Precipitação acumulada calculada sobre as últimas 6 horas.
4206,1402,,2118,precipitacao_prevista_1h,8.12,mm,10/21/40 mm,Previsão meteorológica simulada para a próxima hora.
4207,1403,19078,,nivel_agua_percentagem,25.79,%,70/85/90%,Leitura máxima de nível de água na área.
4208,1403,,,precipitacao_acumulada_6h,0.44,mm,30/41/60 mm,Precipitação acumulada calculada sobre as últimas 6 horas.
4209,1403,,2120,precipitacao_prevista_1h,13.9,mm,10/21/40 mm,Previsão meteorológica simulada para a próxima hora.
4210,1404,19096,,nivel_agua_percentagem,70.99,%,70/85/90%,Leitura máxima de nível de água na área.
4211,1404,,,precipitacao_acumulada_6h,41,mm,30/41/60 mm,Precipitação acumulada calculada sobre as últimas 6 horas.
4212,1404,,2122,precipitacao_prevista_1h,7.74,mm,10/21/40 mm,Previsão meteorológica simulada para a próxima hora.
4213,1405,19132,,nivel_agua_percentagem,71.42,%,70/85/90%,Leitura máxima de nível de água na área.
4214,1405,,,precipitacao_acumulada_6h,41,mm,30/41/60 mm,Precipitação acumulada calculada sobre as últimas 6 horas.
4215,1405,,2126,precipitacao_prevista_1h,0,mm,10/21/40 mm,Previsão meteorológica simulada para a próxima hora.
4216,1406,19138,,nivel_agua_percentagem,31.08,%,70/85/90%,Leitura máxima de nível de água na área.
4217,1406,,,precipitacao_acumulada_6h,3.15,mm,30/41/60 mm,Precipitação acumulada calculada sobre as últimas 6 horas.
4218,1406,,2127,precipitacao_prevista_1h,15.12,mm,10/21/40 mm,Previsão meteorológica simulada para a próxima hora.
4219,1407,19165,,nivel_agua_percentagem,43.1,%,70/85/90%,Leitura máxima de nível de água na área.
4220,1407,,,precipitacao_acumulada_6h,4.64,mm,30/41/60 mm,Precipitação acumulada calculada sobre as últimas 6 horas.
4221,1407,,2130,precipitacao_prevista_1h,18.9,mm,10/21/40 mm,Previsão meteorológica simulada para a próxima hora.
4222,1408,19195,,nivel_agua_percentagem,40.78,%,70/85/90%,Leitura máxima de nível de água na área.
4223,1408,,,precipitacao_acumulada_6h,1.27,mm,30/41/60 mm,Precipitação acumulada calculada sobre as últimas 6 horas.
4224,1408,,2133,precipitacao_prevista_1h,7.39,mm,10/21/40 mm,Previsão meteorológica simulada para a próxima hora.
4225,1409,19249,,nivel_agua_percentagem,29.74,%,70/85/90%,Leitura máxima de nível de água na área.
4226,1409,,,precipitacao_acumulada_6h,2.83,mm,30/41/60 mm,Precipitação acumulada calculada sobre as últimas 6 horas.
4227,1409,,2139,precipitacao_prevista_1h,10.44,mm,10/21/40 mm,Previsão meteorológica simulada para a próxima hora.
4228,1410,19288,,nivel_agua_percentagem,35.47,%,70/85/90%,Leitura máxima de nível de água na área.
4229,1410,,,precipitacao_acumulada_6h,6.04,mm,30/41/60 mm,Precipitação acumulada calculada sobre as últimas 6 horas.
4230,1410,,2144,precipitacao_prevista_1h,12.09,mm,10/21/40 mm,Previsão meteorológica simulada para a próxima hora.
4231,1411,19300,,nivel_agua_percentagem,35.42,%,70/85/90%,Leitura máxima de nível de água na área.
4232,1411,,,precipitacao_acumulada_6h,1.24,mm,30/41/60 mm,Precipitação acumulada calculada sobre as últimas 6 horas.
4233,1411,,2145,precipitacao_prevista_1h,13.36,mm,10/21/40 mm,Previsão meteorológica simulada para a próxima hora.
4234,1412,19321,,nivel_agua_percentagem,42.86,%,70/85/90%,Leitura máxima de nível de água na área.
4235,1412,,,precipitacao_acumulada_6h,16.35,mm,30/41/60 mm,Precipitação acumulada calculada sobre as últimas 6 horas.
4236,1412,,2147,precipitacao_prevista_1h,16.54,mm,10/21/40 mm,Previsão meteorológica simulada para a próxima hora.
4237,1413,19330,,nivel_agua_percentagem,32.36,%,70/85/90%,Leitura máxima de nível de água na área.
4238,1413,,,precipitacao_acumulada_6h,6.04,mm,30/41/60 mm,Precipitação acumulada calculada sobre as últimas 6 horas.
4239,1413,,2148,precipitacao_prevista_1h,13.89,mm,10/21/40 mm,Previsão meteorológica simulada para a próxima hora.
4240,1414,19336,,nivel_agua_percentagem,61.36,%,70/85/90%,Leitura máxima de nível de água na área.
4241,1414,,,precipitacao_acumulada_6h,29.81,mm,30/41/60 mm,Precipitação acumulada calculada sobre as últimas 6 horas.
4242,1414,,2149,precipitacao_prevista_1h,43.58,mm,10/21/40 mm,Previsão meteorológica simulada para a próxima hora.
4243,1415,19360,,nivel_agua_percentagem,28.82,%,70/85/90%,Leitura máxima de nível de água na área.
4244,1415,,,precipitacao_acumulada_6h,5.04,mm,30/41/60 mm,Precipitação acumulada calculada sobre as últimas 6 horas.
4245,1415,,2152,precipitacao_prevista_1h,18.66,mm,10/21/40 mm,Previsão meteorológica simulada para a próxima hora.
4246,1416,19369,,nivel_agua_percentagem,63.66,%,70/85/90%,Leitura máxima de nível de água na área.
4247,1416,,,precipitacao_acumulada_6h,30.11,mm,30/41/60 mm,Precipitação acumulada calculada sobre as últimas 6 horas.
4248,1416,,2153,precipitacao_prevista_1h,16.46,mm,10/21/40 mm,Previsão meteorológica simulada para a próxima hora.
4249,1417,19384,,nivel_agua_percentagem,37.82,%,70/85/90%,Leitura máxima de nível de água na área.
4250,1417,,,precipitacao_acumulada_6h,4.25,mm,30/41/60 mm,Precipitação acumulada calculada sobre as últimas 6 horas.
4251,1417,,2154,precipitacao_prevista_1h,19.58,mm,10/21/40 mm,Previsão meteorológica simulada para a próxima hora.
4252,1418,19399,,nivel_agua_percentagem,41.68,%,70/85/90%,Leitura máxima de nível de água na área.
4253,1418,,,precipitacao_acumulada_6h,18.97,mm,30/41/60 mm,Precipitação acumulada calculada sobre as últimas 6 horas.
4254,1418,,2156,precipitacao_prevista_1h,18,mm,10/21/40 mm,Previsão meteorológica simulada para a próxima hora.
4255,1419,19414,,nivel_agua_percentagem,37.81,%,70/85/90%,Leitura máxima de nível de água na área.
4256,1419,,,precipitacao_acumulada_6h,3.42,mm,30/41/60 mm,Precipitação acumulada calculada sobre as últimas 6 horas.
4257,1419,,2158,precipitacao_prevista_1h,11.05,mm,10/21/40 mm,Previsão meteorológica simulada para a próxima hora.
4258,1420,19447,,nivel_agua_percentagem,60.2,%,70/85/90%,Leitura máxima de nível de água na área.
4259,1420,,,precipitacao_acumulada_6h,30.38,mm,30/41/60 mm,Precipitação acumulada calculada sobre as últimas 6 horas.
4260,1420,,2161,precipitacao_prevista_1h,2.18,mm,10/21/40 mm,Previsão meteorológica simulada para a próxima hora.
4261,1421,19456,,nivel_agua_percentagem,37.94,%,70/85/90%,Leitura máxima de nível de água na área.
4262,1421,,,precipitacao_acumulada_6h,3.16,mm,30/41/60 mm,Precipitação acumulada calculada sobre as últimas 6 horas.
4263,1421,,2162,precipitacao_prevista_1h,0,mm,10/21/40 mm,Previsão meteorológica simulada para a próxima hora.
4264,1422,19480,,nivel_agua_percentagem,67.19,%,70/85/90%,Leitura máxima de nível de água na área.
4265,1422,,,precipitacao_acumulada_6h,30.53,mm,30/41/60 mm,Precipitação acumulada calculada sobre as últimas 6 horas.
4266,1422,,2165,precipitacao_prevista_1h,0,mm,10/21/40 mm,Previsão meteorológica simulada para a próxima hora.
4267,1423,19498,,nivel_agua_percentagem,43.54,%,70/85/90%,Leitura máxima de nível de água na área.
4268,1423,,,precipitacao_acumulada_6h,17.45,mm,30/41/60 mm,Precipitação acumulada calculada sobre as últimas 6 horas.
4269,1423,,2167,precipitacao_prevista_1h,18.35,mm,10/21/40 mm,Previsão meteorológica simulada para a próxima hora.
4270,1424,19504,,nivel_agua_percentagem,40.47,%,70/85/90%,Leitura máxima de nível de água na área.
4271,1424,,,precipitacao_acumulada_6h,15.11,mm,30/41/60 mm,Precipitação acumulada calculada sobre as últimas 6 horas.
4272,1424,,2168,precipitacao_prevista_1h,12.24,mm,10/21/40 mm,Previsão meteorológica simulada para a próxima hora.
4273,1425,19516,,nivel_agua_percentagem,67.72,%,70/85/90%,Leitura máxima de nível de água na área.
4274,1425,,,precipitacao_acumulada_6h,31.59,mm,30/41/60 mm,Precipitação acumulada calculada sobre as últimas 6 horas.
4275,1425,,2169,precipitacao_prevista_1h,9.68,mm,10/21/40 mm,Previsão meteorológica simulada para a próxima hora.
4276,1426,19546,,nivel_agua_percentagem,56.6,%,70/85/90%,Leitura máxima de nível de água na área.
4277,1426,,,precipitacao_acumulada_6h,37.1,mm,30/41/60 mm,Precipitação acumulada calculada sobre as últimas 6 horas.
4278,1426,,2172,precipitacao_prevista_1h,30.35,mm,10/21/40 mm,Previsão meteorológica simulada para a próxima hora.
4279,1427,19576,,nivel_agua_percentagem,59.24,%,70/85/90%,Leitura máxima de nível de água na área.
4280,1427,,,precipitacao_acumulada_6h,38.44,mm,30/41/60 mm,Precipitação acumulada calculada sobre as últimas 6 horas.
4281,1427,,2176,precipitacao_prevista_1h,7.4,mm,10/21/40 mm,Previsão meteorológica simulada para a próxima hora.
4282,1428,19609,,nivel_agua_percentagem,31.72,%,70/85/90%,Leitura máxima de nível de água na área.
4283,1428,,,precipitacao_acumulada_6h,1.2,mm,30/41/60 mm,Precipitação acumulada calculada sobre as últimas 6 horas.
4284,1428,,2179,precipitacao_prevista_1h,10.23,mm,10/21/40 mm,Previsão meteorológica simulada para a próxima hora.
4285,1429,19624,,nivel_agua_percentagem,36.13,%,70/85/90%,Leitura máxima de nível de água na área.
4286,1429,,,precipitacao_acumulada_6h,3.59,mm,30/41/60 mm,Precipitação acumulada calculada sobre as últimas 6 horas.
4287,1429,,2181,precipitacao_prevista_1h,16.93,mm,10/21/40 mm,Previsão meteorológica simulada para a próxima hora.
4288,1430,19645,,nivel_agua_percentagem,35.34,%,70/85/90%,Leitura máxima de nível de água na área.
4289,1430,,,precipitacao_acumulada_6h,1.2,mm,30/41/60 mm,Precipitação acumulada calculada sobre as últimas 6 horas.
4290,1430,,2183,precipitacao_prevista_1h,21.88,mm,10/21/40 mm,Previsão meteorológica simulada para a próxima hora.
4291,1431,19684,,nivel_agua_percentagem,46.53,%,70/85/90%,Leitura máxima de nível de água na área.
4292,1431,,,precipitacao_acumulada_6h,24.17,mm,30/41/60 mm,Precipitação acumulada calculada sobre as últimas 6 horas.
4293,1431,,2188,precipitacao_prevista_1h,16.36,mm,10/21/40 mm,Previsão meteorológica simulada para a próxima hora.
4294,1432,19699,,nivel_agua_percentagem,42.18,%,70/85/90%,Leitura máxima de nível de água na área.
4295,1432,,,precipitacao_acumulada_6h,5.73,mm,30/41/60 mm,Precipitação acumulada calculada sobre as últimas 6 horas.
4296,1432,,2189,precipitacao_prevista_1h,10.04,mm,10/21/40 mm,Previsão meteorológica simulada para a próxima hora.
4297,1433,19708,,nivel_agua_percentagem,39.96,%,70/85/90%,Leitura máxima de nível de água na área.
4298,1433,,,precipitacao_acumulada_6h,5.27,mm,30/41/60 mm,Precipitação acumulada calculada sobre as últimas 6 horas.
4299,1433,,2190,precipitacao_prevista_1h,18.71,mm,10/21/40 mm,Previsão meteorológica simulada para a próxima hora.
4300,1434,19720,,nivel_agua_percentagem,49.32,%,70/85/90%,Leitura máxima de nível de água na área.
4301,1434,,,precipitacao_acumulada_6h,23.69,mm,30/41/60 mm,Precipitação acumulada calculada sobre as últimas 6 horas.
4302,1434,,2192,precipitacao_prevista_1h,0.52,mm,10/21/40 mm,Previsão meteorológica simulada para a próxima hora.
4303,1435,19741,,nivel_agua_percentagem,88.82,%,70/85/90%,Leitura máxima de nível de água na área.
4304,1435,,,precipitacao_acumulada_6h,64.86,mm,30/41/60 mm,Precipitação acumulada calculada sobre as últimas 6 horas.
4305,1435,,2194,precipitacao_prevista_1h,52.31,mm,10/21/40 mm,Previsão meteorológica simulada para a próxima hora.
4306,1436,19777,,nivel_agua_percentagem,90.14,%,70/85/90%,Leitura máxima de nível de água na área.
4307,1436,,,precipitacao_acumulada_6h,64.86,mm,30/41/60 mm,Precipitação acumulada calculada sobre as últimas 6 horas.
4308,1436,,2198,precipitacao_prevista_1h,24.31,mm,10/21/40 mm,Previsão meteorológica simulada para a próxima hora.
4309,1437,19813,,nivel_agua_percentagem,92.47,%,70/85/90%,Leitura máxima de nível de água na área.
4310,1437,,,precipitacao_acumulada_6h,64.28,mm,30/41/60 mm,Precipitação acumulada calculada sobre as últimas 6 horas.
4311,1437,,2202,precipitacao_prevista_1h,0,mm,10/21/40 mm,Previsão meteorológica simulada para a próxima hora.
4312,1438,19828,,nivel_agua_percentagem,31.75,%,70/85/90%,Leitura máxima de nível de água na área.
4313,1438,,,precipitacao_acumulada_6h,4.12,mm,30/41/60 mm,Precipitação acumulada calculada sobre as últimas 6 horas.
4314,1438,,2204,precipitacao_prevista_1h,20.25,mm,10/21/40 mm,Previsão meteorológica simulada para a próxima hora.
4315,1439,19852,,nivel_agua_percentagem,88.66,%,70/85/90%,Leitura máxima de nível de água na área.
4316,1439,,,precipitacao_acumulada_6h,64.28,mm,30/41/60 mm,Precipitação acumulada calculada sobre as últimas 6 horas.
4317,1439,,2206,precipitacao_prevista_1h,7.58,mm,10/21/40 mm,Previsão meteorológica simulada para a próxima hora.
4318,1440,19873,,nivel_agua_percentagem,71.23,%,70/85/90%,Leitura máxima de nível de água na área.
4319,1440,,,precipitacao_acumulada_6h,43.86,mm,30/41/60 mm,Precipitação acumulada calculada sobre as últimas 6 horas.
4320,1440,,2209,precipitacao_prevista_1h,25.62,mm,10/21/40 mm,Previsão meteorológica simulada para a próxima hora.
4321,1441,19888,,nivel_agua_percentagem,91.38,%,70/85/90%,Leitura máxima de nível de água na área.
4322,1441,,,precipitacao_acumulada_6h,62.43,mm,30/41/60 mm,Precipitação acumulada calculada sobre as últimas 6 horas.
4323,1441,,2210,precipitacao_prevista_1h,0,mm,10/21/40 mm,Previsão meteorológica simulada para a próxima hora.
4324,1442,19891,,nivel_agua_percentagem,46.92,%,70/85/90%,Leitura máxima de nível de água na área.
4325,1442,,,precipitacao_acumulada_6h,25.06,mm,30/41/60 mm,Precipitação acumulada calculada sobre as últimas 6 horas.
4326,1442,,2211,precipitacao_prevista_1h,11.31,mm,10/21/40 mm,Previsão meteorológica simulada para a próxima hora.
4327,1443,19909,,nivel_agua_percentagem,72.12,%,70/85/90%,Leitura máxima de nível de água na área.
4328,1443,,,precipitacao_acumulada_6h,40.27,mm,30/41/60 mm,Precipitação acumulada calculada sobre as últimas 6 horas.
4329,1443,,2213,precipitacao_prevista_1h,17.46,mm,10/21/40 mm,Previsão meteorológica simulada para a próxima hora.
4330,1444,19921,,nivel_agua_percentagem,88.3,%,70/85/90%,Leitura máxima de nível de água na área.
4331,1444,,,precipitacao_acumulada_6h,63.79,mm,30/41/60 mm,Precipitação acumulada calculada sobre as últimas 6 horas.
4332,1444,,2214,precipitacao_prevista_1h,0.82,mm,10/21/40 mm,Previsão meteorológica simulada para a próxima hora.
4333,1445,19933,,nivel_agua_percentagem,71.12,%,70/85/90%,Leitura máxima de nível de água na área.
4334,1445,,,precipitacao_acumulada_6h,45.4,mm,30/41/60 mm,Precipitação acumulada calculada sobre as últimas 6 horas.
4335,1445,,2215,precipitacao_prevista_1h,22.33,mm,10/21/40 mm,Previsão meteorológica simulada para a próxima hora.
4336,1446,19939,,nivel_agua_percentagem,32.12,%,70/85/90%,Leitura máxima de nível de água na área.
4337,1446,,,precipitacao_acumulada_6h,7.03,mm,30/41/60 mm,Precipitação acumulada calculada sobre as últimas 6 horas.
4338,1446,,2216,precipitacao_prevista_1h,11.94,mm,10/21/40 mm,Previsão meteorológica simulada para a próxima hora.
4339,1447,19951,,nivel_agua_percentagem,75.64,%,70/85/90%,Leitura máxima de nível de água na área.
4340,1447,,,precipitacao_acumulada_6h,39.41,mm,30/41/60 mm,Precipitação acumulada calculada sobre as últimas 6 horas.
4341,1447,,2217,precipitacao_prevista_1h,0,mm,10/21/40 mm,Previsão meteorológica simulada para a próxima hora.
4342,1448,19957,,nivel_agua_percentagem,41.43,%,70/85/90%,Leitura máxima de nível de água na área.
4343,1448,,,precipitacao_acumulada_6h,2.16,mm,30/41/60 mm,Precipitação acumulada calculada sobre as últimas 6 horas.
4344,1448,,2218,precipitacao_prevista_1h,10.69,mm,10/21/40 mm,Previsão meteorológica simulada para a próxima hora.
4345,1449,19969,,nivel_agua_percentagem,65.13,%,70/85/90%,Leitura máxima de nível de água na área.
4346,1449,,,precipitacao_acumulada_6h,44.01,mm,30/41/60 mm,Precipitação acumulada calculada sobre as últimas 6 horas.
4347,1449,,2219,precipitacao_prevista_1h,6.02,mm,10/21/40 mm,Previsão meteorológica simulada para a próxima hora.
4348,1450,19984,,nivel_agua_percentagem,71.74,%,70/85/90%,Leitura máxima de nível de água na área.
4349,1450,,,precipitacao_acumulada_6h,39.41,mm,30/41/60 mm,Precipitação acumulada calculada sobre as últimas 6 horas.
4350,1450,,2221,precipitacao_prevista_1h,9.71,mm,10/21/40 mm,Previsão meteorológica simulada para a próxima hora.
4351,1451,20002,,nivel_agua_percentagem,84.69,%,70/85/90%,Leitura máxima de nível de água na área.
4352,1451,,,precipitacao_acumulada_6h,64.44,mm,30/41/60 mm,Precipitação acumulada calculada sobre as últimas 6 horas.
4353,1451,,2223,precipitacao_prevista_1h,35.59,mm,10/21/40 mm,Previsão meteorológica simulada para a próxima hora.
4354,1452,20014,,nivel_agua_percentagem,52.44,%,70/85/90%,Leitura máxima de nível de água na área.
4355,1452,,,precipitacao_acumulada_6h,33.27,mm,30/41/60 mm,Precipitação acumulada calculada sobre as últimas 6 horas.
4356,1452,,2224,precipitacao_prevista_1h,44.68,mm,10/21/40 mm,Previsão meteorológica simulada para a próxima hora.
4357,1453,20017,,nivel_agua_percentagem,66.94,%,70/85/90%,Leitura máxima de nível de água na área.
4358,1453,,,precipitacao_acumulada_6h,38.26,mm,30/41/60 mm,Precipitação acumulada calculada sobre as últimas 6 horas.
4359,1453,,2225,precipitacao_prevista_1h,10.71,mm,10/21/40 mm,Previsão meteorológica simulada para a próxima hora.
4360,1454,20026,,nivel_agua_percentagem,33.24,%,70/85/90%,Leitura máxima de nível de água na área.
4361,1454,,,precipitacao_acumulada_6h,2.16,mm,30/41/60 mm,Precipitação acumulada calculada sobre as últimas 6 horas.
4362,1454,,2226,precipitacao_prevista_1h,28.12,mm,10/21/40 mm,Previsão meteorológica simulada para a próxima hora.
4363,1455,20041,,nivel_agua_percentagem,84.28,%,70/85/90%,Leitura máxima de nível de água na área.
4364,1455,,,precipitacao_acumulada_6h,63.8,mm,30/41/60 mm,Precipitação acumulada calculada sobre as últimas 6 horas.
4365,1455,,2227,precipitacao_prevista_1h,4.87,mm,10/21/40 mm,Previsão meteorológica simulada para a próxima hora.
4366,1456,20044,,nivel_agua_percentagem,51.23,%,70/85/90%,Leitura máxima de nível de água na área.
4367,1456,,,precipitacao_acumulada_6h,33,mm,30/41/60 mm,Precipitação acumulada calculada sobre as últimas 6 horas.
4368,1456,,2228,precipitacao_prevista_1h,5.81,mm,10/21/40 mm,Previsão meteorológica simulada para a próxima hora.
4369,1457,20056,,nivel_agua_percentagem,72.27,%,70/85/90%,Leitura máxima de nível de água na área.
4370,1457,,,precipitacao_acumulada_6h,39.13,mm,30/41/60 mm,Precipitação acumulada calculada sobre as últimas 6 horas.
4371,1457,,2229,precipitacao_prevista_1h,3.25,mm,10/21/40 mm,Previsão meteorológica simulada para a próxima hora.
4372,1458,20077,,nivel_agua_percentagem,82.49,%,70/85/90%,Leitura máxima de nível de água na área.
4373,1458,,,precipitacao_acumulada_6h,64.08,mm,30/41/60 mm,Precipitação acumulada calculada sobre as últimas 6 horas.
4374,1458,,2231,precipitacao_prevista_1h,3.47,mm,10/21/40 mm,Previsão meteorológica simulada para a próxima hora.
4375,1459,20083,,nivel_agua_percentagem,60.84,%,70/85/90%,Leitura máxima de nível de água na área.
4376,1459,,,precipitacao_acumulada_6h,33.86,mm,30/41/60 mm,Precipitação acumulada calculada sobre as últimas 6 horas.
4377,1459,,2232,precipitacao_prevista_1h,10.21,mm,10/21/40 mm,Previsão meteorológica simulada para a próxima hora.
4378,1460,20104,,nivel_agua_percentagem,35.86,%,70/85/90%,Leitura máxima de nível de água na área.
4379,1460,,,precipitacao_acumulada_6h,2.76,mm,30/41/60 mm,Precipitação acumulada calculada sobre as últimas 6 horas.
4380,1460,,2234,precipitacao_prevista_1h,0.97,mm,10/21/40 mm,Previsão meteorológica simulada para a próxima hora.
4381,1461,20107,,nivel_agua_percentagem,67.53,%,70/85/90%,Leitura máxima de nível de água na área.
4382,1461,,,precipitacao_acumulada_6h,41.43,mm,30/41/60 mm,Precipitação acumulada calculada sobre as últimas 6 horas.
4383,1461,,2235,precipitacao_prevista_1h,0,mm,10/21/40 mm,Previsão meteorológica simulada para a próxima hora.
4384,1462,20119,,nivel_agua_percentagem,58.04,%,70/85/90%,Leitura máxima de nível de água na área.
4385,1462,,,precipitacao_acumulada_6h,34.47,mm,30/41/60 mm,Precipitação acumulada calculada sobre as últimas 6 horas.
4386,1462,,2236,precipitacao_prevista_1h,26.62,mm,10/21/40 mm,Previsão meteorológica simulada para a próxima hora.
4387,1463,20137,,nivel_agua_percentagem,36.5,%,70/85/90%,Leitura máxima de nível de água na área.
4388,1463,,,precipitacao_acumulada_6h,2.09,mm,30/41/60 mm,Precipitação acumulada calculada sobre as últimas 6 horas.
4389,1463,,2238,precipitacao_prevista_1h,15.06,mm,10/21/40 mm,Previsão meteorológica simulada para a próxima hora.
4390,1464,20152,,nivel_agua_percentagem,52.89,%,70/85/90%,Leitura máxima de nível de água na área.
4391,1464,,,precipitacao_acumulada_6h,31.2,mm,30/41/60 mm,Precipitação acumulada calculada sobre as últimas 6 horas.
4392,1464,,2240,precipitacao_prevista_1h,8.31,mm,10/21/40 mm,Previsão meteorológica simulada para a próxima hora.
4393,1465,20164,,nivel_agua_percentagem,38.59,%,70/85/90%,Leitura máxima de nível de água na área.
4394,1465,,,precipitacao_acumulada_6h,0.87,mm,30/41/60 mm,Precipitação acumulada calculada sobre as últimas 6 horas.
4395,1465,,2241,precipitacao_prevista_1h,13.26,mm,10/21/40 mm,Previsão meteorológica simulada para a próxima hora.
4396,1466,20176,,nivel_agua_percentagem,35.86,%,70/85/90%,Leitura máxima de nível de água na área.
4397,1466,,,precipitacao_acumulada_6h,3.36,mm,30/41/60 mm,Precipitação acumulada calculada sobre as últimas 6 horas.
4398,1466,,2242,precipitacao_prevista_1h,13.89,mm,10/21/40 mm,Previsão meteorológica simulada para a próxima hora.
4399,1467,20185,,nivel_agua_percentagem,51.81,%,70/85/90%,Leitura máxima de nível de água na área.
4400,1467,,,precipitacao_acumulada_6h,22.26,mm,30/41/60 mm,Precipitação acumulada calculada sobre as últimas 6 horas.
4401,1467,,2243,precipitacao_prevista_1h,16.07,mm,10/21/40 mm,Previsão meteorológica simulada para a próxima hora.
4402,1468,20188,,nivel_agua_percentagem,55.62,%,70/85/90%,Leitura máxima de nível de água na área.
4403,1468,,,precipitacao_acumulada_6h,31.54,mm,30/41/60 mm,Precipitação acumulada calculada sobre as últimas 6 horas.
4404,1468,,2244,precipitacao_prevista_1h,0,mm,10/21/40 mm,Previsão meteorológica simulada para a próxima hora.
4405,1469,20224,,nivel_agua_percentagem,27.96,%,70/85/90%,Leitura máxima de nível de água na área.
4406,1469,,,precipitacao_acumulada_6h,1.81,mm,30/41/60 mm,Precipitação acumulada calculada sobre as últimas 6 horas.
4407,1469,,2248,precipitacao_prevista_1h,0,mm,10/21/40 mm,Previsão meteorológica simulada para a próxima hora.
4408,1470,20251,,nivel_agua_percentagem,36.57,%,70/85/90%,Leitura máxima de nível de água na área.
4409,1470,,,precipitacao_acumulada_6h,2.68,mm,30/41/60 mm,Precipitação acumulada calculada sobre as últimas 6 horas.
4410,1470,,2251,precipitacao_prevista_1h,19.44,mm,10/21/40 mm,Previsão meteorológica simulada para a próxima hora.
4411,1471,20260,,nivel_agua_percentagem,47.45,%,70/85/90%,Leitura máxima de nível de água na área.
4412,1471,,,precipitacao_acumulada_6h,17.42,mm,30/41/60 mm,Precipitação acumulada calculada sobre as últimas 6 horas.
4413,1471,,2252,precipitacao_prevista_1h,14.98,mm,10/21/40 mm,Previsão meteorológica simulada para a próxima hora.
4414,1472,20293,,nivel_agua_percentagem,72.14,%,70/85/90%,Leitura máxima de nível de água na área.
4415,1472,,,precipitacao_acumulada_6h,54.42,mm,30/41/60 mm,Precipitação acumulada calculada sobre as últimas 6 horas.
4416,1472,,2255,precipitacao_prevista_1h,55.94,mm,10/21/40 mm,Previsão meteorológica simulada para a próxima hora.
4417,1473,20302,,nivel_agua_percentagem,38.73,%,70/85/90%,Leitura máxima de nível de água na área.
4418,1473,,,precipitacao_acumulada_6h,16.56,mm,30/41/60 mm,Precipitação acumulada calculada sobre as últimas 6 horas.
4419,1473,,2256,precipitacao_prevista_1h,10.9,mm,10/21/40 mm,Previsão meteorológica simulada para a próxima hora.
4420,1474,20305,,nivel_agua_percentagem,52.25,%,70/85/90%,Leitura máxima de nível de água na área.
4421,1474,,,precipitacao_acumulada_6h,21.68,mm,30/41/60 mm,Precipitação acumulada calculada sobre as últimas 6 horas.
4422,1474,,2257,precipitacao_prevista_1h,24.03,mm,10/21/40 mm,Previsão meteorológica simulada para a próxima hora.
4423,1475,20320,,nivel_agua_percentagem,56.71,%,70/85/90%,Leitura máxima de nível de água na área.
4424,1475,,,precipitacao_acumulada_6h,27.91,mm,30/41/60 mm,Precipitação acumulada calculada sobre as últimas 6 horas.
4425,1475,,2258,precipitacao_prevista_1h,40.83,mm,10/21/40 mm,Previsão meteorológica simulada para a próxima hora.
4426,1476,20329,,nivel_agua_percentagem,75.63,%,70/85/90%,Leitura máxima de nível de água na área.
4427,1476,,,precipitacao_acumulada_6h,54.42,mm,30/41/60 mm,Precipitação acumulada calculada sobre as últimas 6 horas.
4428,1476,,2259,precipitacao_prevista_1h,0,mm,10/21/40 mm,Previsão meteorológica simulada para a próxima hora.
4429,1477,20359,,nivel_agua_percentagem,77.09,%,70/85/90%,Leitura máxima de nível de água na área.
4430,1477,,,precipitacao_acumulada_6h,54.97,mm,30/41/60 mm,Precipitação acumulada calculada sobre as últimas 6 horas.
4431,1477,,2263,precipitacao_prevista_1h,0,mm,10/21/40 mm,Previsão meteorológica simulada para a próxima hora.
4432,1478,20380,,nivel_agua_percentagem,84.04,%,70/85/90%,Leitura máxima de nível de água na área.
4433,1478,,,precipitacao_acumulada_6h,55.2,mm,30/41/60 mm,Precipitação acumulada calculada sobre as últimas 6 horas.
4434,1478,,2265,precipitacao_prevista_1h,44.35,mm,10/21/40 mm,Previsão meteorológica simulada para a próxima hora.
4435,1479,20395,,nivel_agua_percentagem,100,%,70/85/90%,Leitura máxima de nível de água na área.
4436,1479,,,precipitacao_acumulada_6h,101.55,mm,30/41/60 mm,Precipitação acumulada calculada sobre as últimas 6 horas.
4437,1479,,2267,precipitacao_prevista_1h,39.14,mm,10/21/40 mm,Previsão meteorológica simulada para a próxima hora.
4438,1480,20419,,nivel_agua_percentagem,79.03,%,70/85/90%,Leitura máxima de nível de água na área.
4439,1480,,,precipitacao_acumulada_6h,50.78,mm,30/41/60 mm,Precipitação acumulada calculada sobre as últimas 6 horas.
4440,1480,,2269,precipitacao_prevista_1h,14.58,mm,10/21/40 mm,Previsão meteorológica simulada para a próxima hora.
4441,1481,20422,,nivel_agua_percentagem,56.21,%,70/85/90%,Leitura máxima de nível de água na área.
4442,1481,,,precipitacao_acumulada_6h,30.06,mm,30/41/60 mm,Precipitação acumulada calculada sobre as últimas 6 horas.
4443,1481,,2270,precipitacao_prevista_1h,24.75,mm,10/21/40 mm,Previsão meteorológica simulada para a próxima hora.
4444,1482,20431,,nivel_agua_percentagem,100,%,70/85/90%,Leitura máxima de nível de água na área.
4445,1482,,,precipitacao_acumulada_6h,102.35,mm,30/41/60 mm,Precipitação acumulada calculada sobre as últimas 6 horas.
4446,1482,,2271,precipitacao_prevista_1h,18.25,mm,10/21/40 mm,Previsão meteorológica simulada para a próxima hora.
4447,1483,20452,,nivel_agua_percentagem,80.03,%,70/85/90%,Leitura máxima de nível de água na área.
4448,1483,,,precipitacao_acumulada_6h,50.78,mm,30/41/60 mm,Precipitação acumulada calculada sobre as últimas 6 horas.
4449,1483,,2273,precipitacao_prevista_1h,7.66,mm,10/21/40 mm,Previsão meteorológica simulada para a próxima hora.
4450,1484,20461,,nivel_agua_percentagem,61.78,%,70/85/90%,Leitura máxima de nível de água na área.
4451,1484,,,precipitacao_acumulada_6h,30.06,mm,30/41/60 mm,Precipitação acumulada calculada sobre as últimas 6 horas.
4452,1484,,2274,precipitacao_prevista_1h,8.04,mm,10/21/40 mm,Previsão meteorológica simulada para a próxima hora.
4453,1485,20467,,nivel_agua_percentagem,100,%,70/85/90%,Leitura máxima de nível de água na área.
4454,1485,,,precipitacao_acumulada_6h,102.64,mm,30/41/60 mm,Precipitação acumulada calculada sobre as últimas 6 horas.
4455,1485,,2275,precipitacao_prevista_1h,4.19,mm,10/21/40 mm,Previsão meteorológica simulada para a próxima hora.
4456,1486,20491,,nivel_agua_percentagem,80.26,%,70/85/90%,Leitura máxima de nível de água na área.
4457,1486,,,precipitacao_acumulada_6h,50.35,mm,30/41/60 mm,Precipitação acumulada calculada sobre as últimas 6 horas.
4458,1486,,2277,precipitacao_prevista_1h,18.81,mm,10/21/40 mm,Previsão meteorológica simulada para a próxima hora.
4459,1487,20494,,nivel_agua_percentagem,61.04,%,70/85/90%,Leitura máxima de nível de água na área.
4460,1487,,,precipitacao_acumulada_6h,28.94,mm,30/41/60 mm,Precipitação acumulada calculada sobre as últimas 6 horas.
4461,1487,,2278,precipitacao_prevista_1h,11.02,mm,10/21/40 mm,Previsão meteorológica simulada para a próxima hora.
4462,1488,20506,,nivel_agua_percentagem,78.73,%,70/85/90%,Leitura máxima de nível de água na área.
4463,1488,,,precipitacao_acumulada_6h,50.62,mm,30/41/60 mm,Precipitação acumulada calculada sobre as últimas 6 horas.
4464,1488,,2279,precipitacao_prevista_1h,4.88,mm,10/21/40 mm,Previsão meteorológica simulada para a próxima hora.
4465,1489,20518,,nivel_agua_percentagem,28.71,%,70/85/90%,Leitura máxima de nível de água na área.
4466,1489,,,precipitacao_acumulada_6h,0.15,mm,30/41/60 mm,Precipitação acumulada calculada sobre as últimas 6 horas.
4467,1489,,2280,precipitacao_prevista_1h,10.1,mm,10/21/40 mm,Previsão meteorológica simulada para a próxima hora.
4468,1490,20527,,nivel_agua_percentagem,70.97,%,70/85/90%,Leitura máxima de nível de água na área.
4469,1490,,,precipitacao_acumulada_6h,35.22,mm,30/41/60 mm,Precipitação acumulada calculada sobre as últimas 6 horas.
4470,1490,,2281,precipitacao_prevista_1h,4.72,mm,10/21/40 mm,Previsão meteorológica simulada para a próxima hora.
4471,1491,20545,,nivel_agua_percentagem,76.02,%,70/85/90%,Leitura máxima de nível de água na área.
4472,1491,,,precipitacao_acumulada_6h,51.3,mm,30/41/60 mm,Precipitação acumulada calculada sobre as últimas 6 horas.
4473,1491,,2283,precipitacao_prevista_1h,1.24,mm,10/21/40 mm,Previsão meteorológica simulada para a próxima hora.
4474,1492,20554,,nivel_agua_percentagem,29.26,%,70/85/90%,Leitura máxima de nível de água na área.
4475,1492,,,precipitacao_acumulada_6h,2.09,mm,30/41/60 mm,Precipitação acumulada calculada sobre as últimas 6 horas.
4476,1492,,2284,precipitacao_prevista_1h,12.44,mm,10/21/40 mm,Previsão meteorológica simulada para a próxima hora.
4477,1493,20560,,nivel_agua_percentagem,65.71,%,70/85/90%,Leitura máxima de nível de água na área.
4478,1493,,,precipitacao_acumulada_6h,34.9,mm,30/41/60 mm,Precipitação acumulada calculada sobre as últimas 6 horas.
4479,1493,,2285,precipitacao_prevista_1h,0.77,mm,10/21/40 mm,Previsão meteorológica simulada para a próxima hora.
4480,1494,20569,,nivel_agua_percentagem,37.88,%,70/85/90%,Leitura máxima de nível de água na área.
4481,1494,,,precipitacao_acumulada_6h,6.25,mm,30/41/60 mm,Precipitação acumulada calculada sobre as últimas 6 horas.
4482,1494,,2286,precipitacao_prevista_1h,11.35,mm,10/21/40 mm,Previsão meteorológica simulada para a próxima hora.
4483,1495,20575,,nivel_agua_percentagem,69.96,%,70/85/90%,Leitura máxima de nível de água na área.
4484,1495,,,precipitacao_acumulada_6h,51.15,mm,30/41/60 mm,Precipitação acumulada calculada sobre as últimas 6 horas.
4485,1495,,2287,precipitacao_prevista_1h,0,mm,10/21/40 mm,Previsão meteorológica simulada para a próxima hora.
4486,1496,20617,,nivel_agua_percentagem,36.37,%,70/85/90%,Leitura máxima de nível de água na área.
4487,1496,,,precipitacao_acumulada_6h,3.4,mm,30/41/60 mm,Precipitação acumulada calculada sobre as últimas 6 horas.
4488,1496,,2291,precipitacao_prevista_1h,19.85,mm,10/21/40 mm,Previsão meteorológica simulada para a próxima hora.
4489,1497,20632,,nivel_agua_percentagem,40.52,%,70/85/90%,Leitura máxima de nível de água na área.
4490,1497,,,precipitacao_acumulada_6h,5.62,mm,30/41/60 mm,Precipitação acumulada calculada sobre as últimas 6 horas.
4491,1497,,2293,precipitacao_prevista_1h,27.49,mm,10/21/40 mm,Previsão meteorológica simulada para a próxima hora.
4492,1498,20647,,nivel_agua_percentagem,35.19,%,70/85/90%,Leitura máxima de nível de água na área.
4493,1498,,,precipitacao_acumulada_6h,2.79,mm,30/41/60 mm,Precipitação acumulada calculada sobre as últimas 6 horas.
4494,1498,,2295,precipitacao_prevista_1h,10.39,mm,10/21/40 mm,Previsão meteorológica simulada para a próxima hora.
4495,1499,20713,,nivel_agua_percentagem,65.04,%,70/85/90%,Leitura máxima de nível de água na área.
4496,1499,,,precipitacao_acumulada_6h,39.68,mm,30/41/60 mm,Precipitação acumulada calculada sobre as últimas 6 horas.
4497,1499,,2302,precipitacao_prevista_1h,33.22,mm,10/21/40 mm,Previsão meteorológica simulada para a próxima hora.
4498,1500,20746,,nivel_agua_percentagem,66.14,%,70/85/90%,Leitura máxima de nível de água na área.
4499,1500,,,precipitacao_acumulada_6h,39.68,mm,30/41/60 mm,Precipitação acumulada calculada sobre as últimas 6 horas.
4500,1500,,2306,precipitacao_prevista_1h,21.88,mm,10/21/40 mm,Previsão meteorológica simulada para a próxima hora.
4501,1501,20761,,nivel_agua_percentagem,34.55,%,70/85/90%,Leitura máxima de nível de água na área.
4502,1501,,,precipitacao_acumulada_6h,2.29,mm,30/41/60 mm,Precipitação acumulada calculada sobre as últimas 6 horas.
4503,1501,,2307,precipitacao_prevista_1h,19.68,mm,10/21/40 mm,Previsão meteorológica simulada para a próxima hora.
4504,1502,20776,,nivel_agua_percentagem,69.2,%,70/85/90%,Leitura máxima de nível de água na área.
4505,1502,,,precipitacao_acumulada_6h,35.69,mm,30/41/60 mm,Precipitação acumulada calculada sobre as últimas 6 horas.
4506,1502,,2309,precipitacao_prevista_1h,44.03,mm,10/21/40 mm,Previsão meteorológica simulada para a próxima hora.
4507,1503,20782,,nivel_agua_percentagem,70.83,%,70/85/90%,Leitura máxima de nível de água na área.
4508,1503,,,precipitacao_acumulada_6h,38.07,mm,30/41/60 mm,Precipitação acumulada calculada sobre as últimas 6 horas.
4509,1503,,2310,precipitacao_prevista_1h,4.59,mm,10/21/40 mm,Previsão meteorológica simulada para a próxima hora.
4510,1504,20809,,nivel_agua_percentagem,100,%,70/85/90%,Leitura máxima de nível de água na área.
4511,1504,,,precipitacao_acumulada_6h,98.83,mm,30/41/60 mm,Precipitação acumulada calculada sobre as últimas 6 horas.
4512,1504,,2313,precipitacao_prevista_1h,69.01,mm,10/21/40 mm,Previsão meteorológica simulada para a próxima hora.
4513,1505,20824,,nivel_agua_percentagem,65.92,%,70/85/90%,Leitura máxima de nível de água na área.
4514,1505,,,precipitacao_acumulada_6h,35.31,mm,30/41/60 mm,Precipitação acumulada calculada sobre as últimas 6 horas.
4515,1505,,2314,precipitacao_prevista_1h,17.82,mm,10/21/40 mm,Previsão meteorológica simulada para a próxima hora.
4516,1506,20827,,nivel_agua_percentagem,61.75,%,70/85/90%,Leitura máxima de nível de água na área.
4517,1506,,,precipitacao_acumulada_6h,39.07,mm,30/41/60 mm,Precipitação acumulada calculada sobre as últimas 6 horas.
4518,1506,,2315,precipitacao_prevista_1h,32.49,mm,10/21/40 mm,Previsão meteorológica simulada para a próxima hora.
4519,1507,20839,,nivel_agua_percentagem,32.52,%,70/85/90%,Leitura máxima de nível de água na área.
4520,1507,,,precipitacao_acumulada_6h,3.61,mm,30/41/60 mm,Precipitação acumulada calculada sobre as últimas 6 horas.
4521,1507,,2316,precipitacao_prevista_1h,22.2,mm,10/21/40 mm,Previsão meteorológica simulada para a próxima hora.
4522,1508,20845,,nivel_agua_percentagem,100,%,70/85/90%,Leitura máxima de nível de água na área.
4523,1508,,,precipitacao_acumulada_6h,98.49,mm,30/41/60 mm,Precipitação acumulada calculada sobre as últimas 6 horas.
4524,1508,,2317,precipitacao_prevista_1h,4.62,mm,10/21/40 mm,Previsão meteorológica simulada para a próxima hora.
4525,1509,20860,,nivel_agua_percentagem,64.25,%,70/85/90%,Leitura máxima de nível de água na área.
4526,1509,,,precipitacao_acumulada_6h,35.31,mm,30/41/60 mm,Precipitação acumulada calculada sobre as últimas 6 horas.
4527,1509,,2318,precipitacao_prevista_1h,6.55,mm,10/21/40 mm,Previsão meteorológica simulada para a próxima hora.
4528,1510,20866,,nivel_agua_percentagem,99.75,%,70/85/90%,Leitura máxima de nível de água na área.
4529,1510,,,precipitacao_acumulada_6h,83.4,mm,30/41/60 mm,Precipitação acumulada calculada sobre as últimas 6 horas.
4530,1510,,2319,precipitacao_prevista_1h,44.24,mm,10/21/40 mm,Previsão meteorológica simulada para a próxima hora.
4531,1511,20875,,nivel_agua_percentagem,49.72,%,70/85/90%,Leitura máxima de nível de água na área.
4532,1511,,,precipitacao_acumulada_6h,33.17,mm,30/41/60 mm,Precipitação acumulada calculada sobre as últimas 6 horas.
4533,1511,,2320,precipitacao_prevista_1h,33.73,mm,10/21/40 mm,Previsão meteorológica simulada para a próxima hora.
4534,1512,20881,,nivel_agua_percentagem,100,%,70/85/90%,Leitura máxima de nível de água na área.
4535,1512,,,precipitacao_acumulada_6h,100.79,mm,30/41/60 mm,Precipitação acumulada calculada sobre as últimas 6 horas.
4536,1512,,2321,precipitacao_prevista_1h,24.71,mm,10/21/40 mm,Previsão meteorológica simulada para a próxima hora.
4537,1513,20893,,nivel_agua_percentagem,63.7,%,70/85/90%,Leitura máxima de nível de água na área.
4538,1513,,,precipitacao_acumulada_6h,33.34,mm,30/41/60 mm,Precipitação acumulada calculada sobre as últimas 6 horas.
4539,1513,,2322,precipitacao_prevista_1h,28.53,mm,10/21/40 mm,Previsão meteorológica simulada para a próxima hora.
4540,1514,20899,,nivel_agua_percentagem,100,%,70/85/90%,Leitura máxima de nível de água na área.
4541,1514,,,precipitacao_acumulada_6h,83.4,mm,30/41/60 mm,Precipitação acumulada calculada sobre as últimas 6 horas.
4542,1514,,2323,precipitacao_prevista_1h,0,mm,10/21/40 mm,Previsão meteorológica simulada para a próxima hora.
4543,1515,20914,,nivel_agua_percentagem,60.81,%,70/85/90%,Leitura máxima de nível de água na área.
4544,1515,,,precipitacao_acumulada_6h,44.04,mm,30/41/60 mm,Precipitação acumulada calculada sobre as últimas 6 horas.
4545,1515,,2324,precipitacao_prevista_1h,8.14,mm,10/21/40 mm,Previsão meteorológica simulada para a próxima hora.
4546,1516,20917,,nivel_agua_percentagem,100,%,70/85/90%,Leitura máxima de nível de água na área.
4547,1516,,,precipitacao_acumulada_6h,100.89,mm,30/41/60 mm,Precipitação acumulada calculada sobre as últimas 6 horas.
4548,1516,,2325,precipitacao_prevista_1h,0,mm,10/21/40 mm,Previsão meteorológica simulada para a próxima hora.
4549,1517,20932,,nivel_agua_percentagem,44.04,%,70/85/90%,Leitura máxima de nível de água na área.
4550,1517,,,precipitacao_acumulada_6h,0.8,mm,30/41/60 mm,Precipitação acumulada calculada sobre as últimas 6 horas.
4551,1517,,2326,precipitacao_prevista_1h,10.19,mm,10/21/40 mm,Previsão meteorológica simulada para a próxima hora.
4552,1518,20935,,nivel_agua_percentagem,100,%,70/85/90%,Leitura máxima de nível de água na área.
4553,1518,,,precipitacao_acumulada_6h,83.56,mm,30/41/60 mm,Precipitação acumulada calculada sobre as últimas 6 horas.
4554,1518,,2327,precipitacao_prevista_1h,0,mm,10/21/40 mm,Previsão meteorológica simulada para a próxima hora.
4555,1519,20947,,nivel_agua_percentagem,64.59,%,70/85/90%,Leitura máxima de nível de água na área.
4556,1519,,,precipitacao_acumulada_6h,44.27,mm,30/41/60 mm,Precipitação acumulada calculada sobre as últimas 6 horas.
4557,1519,,2328,precipitacao_prevista_1h,0,mm,10/21/40 mm,Previsão meteorológica simulada para a próxima hora.
4558,1520,20953,,nivel_agua_percentagem,100,%,70/85/90%,Leitura máxima de nível de água na área.
4559,1520,,,precipitacao_acumulada_6h,100.89,mm,30/41/60 mm,Precipitação acumulada calculada sobre as últimas 6 horas.
4560,1520,,2329,precipitacao_prevista_1h,6.21,mm,10/21/40 mm,Previsão meteorológica simulada para a próxima hora.
4561,1521,20971,,nivel_agua_percentagem,100,%,70/85/90%,Leitura máxima de nível de água na área.
4562,1521,,,precipitacao_acumulada_6h,129.12,mm,30/41/60 mm,Precipitação acumulada calculada sobre as últimas 6 horas.
4563,1521,,2331,precipitacao_prevista_1h,35.22,mm,10/21/40 mm,Previsão meteorológica simulada para a próxima hora.
4564,1522,20980,,nivel_agua_percentagem,67.26,%,70/85/90%,Leitura máxima de nível de água na área.
4565,1522,,,precipitacao_acumulada_6h,45.19,mm,30/41/60 mm,Precipitação acumulada calculada sobre as últimas 6 horas.
4566,1522,,2332,precipitacao_prevista_1h,3.4,mm,10/21/40 mm,Previsão meteorológica simulada para a próxima hora.
4567,1523,20989,,nivel_agua_percentagem,99.06,%,70/85/90%,Leitura máxima de nível de água na área.
4568,1523,,,precipitacao_acumulada_6h,69.18,mm,30/41/60 mm,Precipitação acumulada calculada sobre as últimas 6 horas.
4569,1523,,2333,precipitacao_prevista_1h,14.14,mm,10/21/40 mm,Previsão meteorológica simulada para a próxima hora.
4570,1524,20998,,nivel_agua_percentagem,40.05,%,70/85/90%,Leitura máxima de nível de água na área.
4571,1524,,,precipitacao_acumulada_6h,1.9,mm,30/41/60 mm,Precipitação acumulada calculada sobre as últimas 6 horas.
4572,1524,,2334,precipitacao_prevista_1h,10.66,mm,10/21/40 mm,Previsão meteorológica simulada para a próxima hora.
4573,1525,21007,,nivel_agua_percentagem,100,%,70/85/90%,Leitura máxima de nível de água na área.
4574,1525,,,precipitacao_acumulada_6h,126.95,mm,30/41/60 mm,Precipitação acumulada calculada sobre as últimas 6 horas.
4575,1525,,2335,precipitacao_prevista_1h,0,mm,10/21/40 mm,Previsão meteorológica simulada para a próxima hora.
4576,1526,21019,,nivel_agua_percentagem,66.51,%,70/85/90%,Leitura máxima de nível de água na área.
4577,1526,,,precipitacao_acumulada_6h,45.53,mm,30/41/60 mm,Precipitação acumulada calculada sobre as últimas 6 horas.
4578,1526,,2336,precipitacao_prevista_1h,7.69,mm,10/21/40 mm,Previsão meteorológica simulada para a próxima hora.
4579,1527,21034,,nivel_agua_percentagem,38.28,%,70/85/90%,Leitura máxima de nível de água na área.
4580,1527,,,precipitacao_acumulada_6h,1.9,mm,30/41/60 mm,Precipitação acumulada calculada sobre as últimas 6 horas.
4581,1527,,2338,precipitacao_prevista_1h,13.3,mm,10/21/40 mm,Previsão meteorológica simulada para a próxima hora.
4582,1528,21046,,nivel_agua_percentagem,100,%,70/85/90%,Leitura máxima de nível de água na área.
4583,1528,,,precipitacao_acumulada_6h,92.99,mm,30/41/60 mm,Precipitação acumulada calculada sobre as últimas 6 horas.
4584,1528,,2339,precipitacao_prevista_1h,11.59,mm,10/21/40 mm,Previsão meteorológica simulada para a próxima hora.
4585,1529,21055,,nivel_agua_percentagem,86.37,%,70/85/90%,Leitura máxima de nível de água na área.
4586,1529,,,precipitacao_acumulada_6h,61.95,mm,30/41/60 mm,Precipitação acumulada calculada sobre as últimas 6 horas.
4587,1529,,2340,precipitacao_prevista_1h,9.8,mm,10/21/40 mm,Previsão meteorológica simulada para a próxima hora.
4588,1530,21079,,nivel_agua_percentagem,72.92,%,70/85/90%,Leitura máxima de nível de água na área.
4589,1530,,,precipitacao_acumulada_6h,47.32,mm,30/41/60 mm,Precipitação acumulada calculada sobre as últimas 6 horas.
4590,1530,,2343,precipitacao_prevista_1h,9.66,mm,10/21/40 mm,Previsão meteorológica simulada para a próxima hora.
4591,1531,21094,,nivel_agua_percentagem,56.13,%,70/85/90%,Leitura máxima de nível de água na área.
4592,1531,,,precipitacao_acumulada_6h,33.98,mm,30/41/60 mm,Precipitação acumulada calculada sobre as últimas 6 horas.
4593,1531,,2344,precipitacao_prevista_1h,5.83,mm,10/21/40 mm,Previsão meteorológica simulada para a próxima hora.
4594,1532,21121,,nivel_agua_percentagem,73.86,%,70/85/90%,Leitura máxima de nível de água na área.
4595,1532,,,precipitacao_acumulada_6h,47.32,mm,30/41/60 mm,Precipitação acumulada calculada sobre as últimas 6 horas.
4596,1532,,2347,precipitacao_prevista_1h,0.85,mm,10/21/40 mm,Previsão meteorológica simulada para a próxima hora.
4597,1533,21136,,nivel_agua_percentagem,40.43,%,70/85/90%,Leitura máxima de nível de água na área.
4598,1533,,,precipitacao_acumulada_6h,1.74,mm,30/41/60 mm,Precipitação acumulada calculada sobre as últimas 6 horas.
4599,1533,,2349,precipitacao_prevista_1h,21.6,mm,10/21/40 mm,Previsão meteorológica simulada para a próxima hora.
4600,1534,21148,,nivel_agua_percentagem,37.47,%,70/85/90%,Leitura máxima de nível de água na área.
4601,1534,,,precipitacao_acumulada_6h,3.41,mm,30/41/60 mm,Precipitação acumulada calculada sobre as últimas 6 horas.
4602,1534,,2350,precipitacao_prevista_1h,18.35,mm,10/21/40 mm,Previsão meteorológica simulada para a próxima hora.
4603,1535,21151,,nivel_agua_percentagem,71.56,%,70/85/90%,Leitura máxima de nível de água na área.
4604,1535,,,precipitacao_acumulada_6h,47.44,mm,30/41/60 mm,Precipitação acumulada calculada sobre as últimas 6 horas.
4605,1535,,2351,precipitacao_prevista_1h,0,mm,10/21/40 mm,Previsão meteorológica simulada para a próxima hora.
4606,1536,21196,,nivel_agua_percentagem,50.66,%,70/85/90%,Leitura máxima de nível de água na área.
4607,1536,,,precipitacao_acumulada_6h,24.63,mm,30/41/60 mm,Precipitação acumulada calculada sobre as últimas 6 horas.
4608,1536,,2356,precipitacao_prevista_1h,23.39,mm,10/21/40 mm,Previsão meteorológica simulada para a próxima hora.
4609,1537,21256,,nivel_agua_percentagem,34.46,%,70/85/90%,Leitura máxima de nível de água na área.
4610,1537,,,precipitacao_acumulada_6h,2.06,mm,30/41/60 mm,Precipitação acumulada calculada sobre as últimas 6 horas.
4611,1537,,2362,precipitacao_prevista_1h,10.29,mm,10/21/40 mm,Previsão meteorológica simulada para a próxima hora.
4612,1538,21274,,nivel_agua_percentagem,36.11,%,70/85/90%,Leitura máxima de nível de água na área.
4613,1538,,,precipitacao_acumulada_6h,8.06,mm,30/41/60 mm,Precipitação acumulada calculada sobre as últimas 6 horas.
4614,1538,,2364,precipitacao_prevista_1h,26.95,mm,10/21/40 mm,Previsão meteorológica simulada para a próxima hora.
4615,1539,21280,,nivel_agua_percentagem,38.16,%,70/85/90%,Leitura máxima de nível de água na área.
4616,1539,,,precipitacao_acumulada_6h,1.11,mm,30/41/60 mm,Precipitação acumulada calculada sobre as últimas 6 horas.
4617,1539,,2365,precipitacao_prevista_1h,12.43,mm,10/21/40 mm,Previsão meteorológica simulada para a próxima hora.
4618,1540,21295,,nivel_agua_percentagem,30.91,%,70/85/90%,Leitura máxima de nível de água na área.
4619,1540,,,precipitacao_acumulada_6h,1.76,mm,30/41/60 mm,Precipitação acumulada calculada sobre as últimas 6 horas.
4620,1540,,2367,precipitacao_prevista_1h,20.67,mm,10/21/40 mm,Previsão meteorológica simulada para a próxima hora.
4621,1541,21310,,nivel_agua_percentagem,33.93,%,70/85/90%,Leitura máxima de nível de água na área.
4622,1541,,,precipitacao_acumulada_6h,4.55,mm,30/41/60 mm,Precipitação acumulada calculada sobre as últimas 6 horas.
4623,1541,,2368,precipitacao_prevista_1h,14.49,mm,10/21/40 mm,Previsão meteorológica simulada para a próxima hora.
4624,1542,21328,,nivel_agua_percentagem,28.24,%,70/85/90%,Leitura máxima de nível de água na área.
4625,1542,,,precipitacao_acumulada_6h,1.38,mm,30/41/60 mm,Precipitação acumulada calculada sobre as últimas 6 horas.
4626,1542,,2370,precipitacao_prevista_1h,10.48,mm,10/21/40 mm,Previsão meteorológica simulada para a próxima hora.
4627,1543,21331,,nivel_agua_percentagem,32.66,%,70/85/90%,Leitura máxima de nível de água na área.
4628,1543,,,precipitacao_acumulada_6h,3.31,mm,30/41/60 mm,Precipitação acumulada calculada sobre as últimas 6 horas.
4629,1543,,2371,precipitacao_prevista_1h,29.02,mm,10/21/40 mm,Previsão meteorológica simulada para a próxima hora.
4630,1544,21349,,nivel_agua_percentagem,43.33,%,70/85/90%,Leitura máxima de nível de água na área.
4631,1544,,,precipitacao_acumulada_6h,3.44,mm,30/41/60 mm,Precipitação acumulada calculada sobre as últimas 6 horas.
4632,1544,,2373,precipitacao_prevista_1h,16.5,mm,10/21/40 mm,Previsão meteorológica simulada para a próxima hora.
4633,1545,21364,,nivel_agua_percentagem,34.23,%,70/85/90%,Leitura máxima de nível de água na área.
4634,1545,,,precipitacao_acumulada_6h,2.77,mm,30/41/60 mm,Precipitação acumulada calculada sobre as últimas 6 horas.
4635,1545,,2374,precipitacao_prevista_1h,11.14,mm,10/21/40 mm,Previsão meteorológica simulada para a próxima hora.
4636,1546,21382,,nivel_agua_percentagem,45.21,%,70/85/90%,Leitura máxima de nível de água na área.
4637,1546,,,precipitacao_acumulada_6h,24.24,mm,30/41/60 mm,Precipitação acumulada calculada sobre as últimas 6 horas.
4638,1546,,2376,precipitacao_prevista_1h,15.44,mm,10/21/40 mm,Previsão meteorológica simulada para a próxima hora.
4639,1547,21385,,nivel_agua_percentagem,39.33,%,70/85/90%,Leitura máxima de nível de água na área.
4640,1547,,,precipitacao_acumulada_6h,2.49,mm,30/41/60 mm,Precipitação acumulada calculada sobre as últimas 6 horas.
4641,1547,,2377,precipitacao_prevista_1h,10.44,mm,10/21/40 mm,Previsão meteorológica simulada para a próxima hora.
4642,1548,21403,,nivel_agua_percentagem,33.15,%,70/85/90%,Leitura máxima de nível de água na área.
4643,1548,,,precipitacao_acumulada_6h,2.48,mm,30/41/60 mm,Precipitação acumulada calculada sobre as últimas 6 horas.
4644,1548,,2379,precipitacao_prevista_1h,10.37,mm,10/21/40 mm,Previsão meteorológica simulada para a próxima hora.
4645,1549,21415,,nivel_agua_percentagem,48.59,%,70/85/90%,Leitura máxima de nível de água na área.
4646,1549,,,precipitacao_acumulada_6h,22.97,mm,30/41/60 mm,Precipitação acumulada calculada sobre as últimas 6 horas.
4647,1549,,2380,precipitacao_prevista_1h,13.13,mm,10/21/40 mm,Previsão meteorológica simulada para a próxima hora.
4648,1550,21454,,nivel_agua_percentagem,49.8,%,70/85/90%,Leitura máxima de nível de água na área.
4649,1550,,,precipitacao_acumulada_6h,22.62,mm,30/41/60 mm,Precipitação acumulada calculada sobre as últimas 6 horas.
4650,1550,,2384,precipitacao_prevista_1h,9.46,mm,10/21/40 mm,Previsão meteorológica simulada para a próxima hora.
4651,1551,21463,,nivel_agua_percentagem,54.02,%,70/85/90%,Leitura máxima de nível de água na área.
4652,1551,,,precipitacao_acumulada_6h,20.55,mm,30/41/60 mm,Precipitação acumulada calculada sobre as últimas 6 horas.
4653,1551,,2385,precipitacao_prevista_1h,15.7,mm,10/21/40 mm,Previsão meteorológica simulada para a próxima hora.
4654,1552,21499,,nivel_agua_percentagem,50.46,%,70/85/90%,Leitura máxima de nível de água na área.
4655,1552,,,precipitacao_acumulada_6h,20.42,mm,30/41/60 mm,Precipitação acumulada calculada sobre as últimas 6 horas.
4656,1552,,2389,precipitacao_prevista_1h,12.03,mm,10/21/40 mm,Previsão meteorológica simulada para a próxima hora.
4657,1553,21547,,nivel_agua_percentagem,38.87,%,70/85/90%,Leitura máxima de nível de água na área.
4658,1553,,,precipitacao_acumulada_6h,2.71,mm,30/41/60 mm,Precipitação acumulada calculada sobre as últimas 6 horas.
4659,1553,,2395,precipitacao_prevista_1h,11.21,mm,10/21/40 mm,Previsão meteorológica simulada para a próxima hora.
4660,1554,21562,,nivel_agua_percentagem,47.18,%,70/85/90%,Leitura máxima de nível de água na área.
4661,1554,,,precipitacao_acumulada_6h,21.76,mm,30/41/60 mm,Precipitação acumulada calculada sobre as últimas 6 horas.
4662,1554,,2396,precipitacao_prevista_1h,15.37,mm,10/21/40 mm,Previsão meteorológica simulada para a próxima hora.
4663,1555,21583,,nivel_agua_percentagem,54.21,%,70/85/90%,Leitura máxima de nível de água na área.
4664,1555,,,precipitacao_acumulada_6h,30.42,mm,30/41/60 mm,Precipitação acumulada calculada sobre as últimas 6 horas.
4665,1555,,2399,precipitacao_prevista_1h,20.99,mm,10/21/40 mm,Previsão meteorológica simulada para a próxima hora.
4666,1556,21592,,nivel_agua_percentagem,30.21,%,70/85/90%,Leitura máxima de nível de água na área.
4667,1556,,,precipitacao_acumulada_6h,4.67,mm,30/41/60 mm,Precipitação acumulada calculada sobre as últimas 6 horas.
4668,1556,,2400,precipitacao_prevista_1h,15.11,mm,10/21/40 mm,Previsão meteorológica simulada para a próxima hora.
4669,1557,21625,,nivel_agua_percentagem,70.23,%,70/85/90%,Leitura máxima de nível de água na área.
4670,1557,,,precipitacao_acumulada_6h,44.95,mm,30/41/60 mm,Precipitação acumulada calculada sobre as últimas 6 horas.
4671,1557,,2403,precipitacao_prevista_1h,2.06,mm,10/21/40 mm,Previsão meteorológica simulada para a próxima hora.
4672,1558,21652,,nivel_agua_percentagem,36.95,%,70/85/90%,Leitura máxima de nível de água na área.
4673,1558,,,precipitacao_acumulada_6h,6.87,mm,30/41/60 mm,Precipitação acumulada calculada sobre as últimas 6 horas.
4674,1558,,2406,precipitacao_prevista_1h,17.39,mm,10/21/40 mm,Previsão meteorológica simulada para a próxima hora.
4675,1559,21655,,nivel_agua_percentagem,68.8,%,70/85/90%,Leitura máxima de nível de água na área.
4676,1559,,,precipitacao_acumulada_6h,45.04,mm,30/41/60 mm,Precipitação acumulada calculada sobre as últimas 6 horas.
4677,1559,,2407,precipitacao_prevista_1h,10.67,mm,10/21/40 mm,Previsão meteorológica simulada para a próxima hora.
4678,1560,21679,,nivel_agua_percentagem,35.81,%,70/85/90%,Leitura máxima de nível de água na área.
4679,1560,,,precipitacao_acumulada_6h,2.13,mm,30/41/60 mm,Precipitação acumulada calculada sobre as últimas 6 horas.
4680,1560,,2409,precipitacao_prevista_1h,10.54,mm,10/21/40 mm,Previsão meteorológica simulada para a próxima hora.
4681,1561,21688,,nivel_agua_percentagem,44.11,%,70/85/90%,Leitura máxima de nível de água na área.
4682,1561,,,precipitacao_acumulada_6h,5.15,mm,30/41/60 mm,Precipitação acumulada calculada sobre as últimas 6 horas.
4683,1561,,2410,precipitacao_prevista_1h,12.58,mm,10/21/40 mm,Previsão meteorológica simulada para a próxima hora.
4684,1562,21697,,nivel_agua_percentagem,67.38,%,70/85/90%,Leitura máxima de nível de água na área.
4685,1562,,,precipitacao_acumulada_6h,45.04,mm,30/41/60 mm,Precipitação acumulada calculada sobre as últimas 6 horas.
4686,1562,,2411,precipitacao_prevista_1h,3.1,mm,10/21/40 mm,Previsão meteorológica simulada para a próxima hora.
4687,1563,21703,,nivel_agua_percentagem,37.55,%,70/85/90%,Leitura máxima de nível de água na área.
4688,1563,,,precipitacao_acumulada_6h,8.09,mm,30/41/60 mm,Precipitação acumulada calculada sobre as últimas 6 horas.
4689,1563,,2412,precipitacao_prevista_1h,0,mm,10/21/40 mm,Previsão meteorológica simulada para a próxima hora.
4690,1564,21727,,nivel_agua_percentagem,95.63,%,70/85/90%,Leitura máxima de nível de água na área.
4691,1564,,,precipitacao_acumulada_6h,79.42,mm,30/41/60 mm,Precipitação acumulada calculada sobre as últimas 6 horas.
4692,1564,,2415,precipitacao_prevista_1h,38.65,mm,10/21/40 mm,Previsão meteorológica simulada para a próxima hora.
4693,1565,21748,,nivel_agua_percentagem,34.98,%,70/85/90%,Leitura máxima de nível de água na área.
4694,1565,,,precipitacao_acumulada_6h,1.45,mm,30/41/60 mm,Precipitação acumulada calculada sobre as últimas 6 horas.
4695,1565,,2417,precipitacao_prevista_1h,16.99,mm,10/21/40 mm,Previsão meteorológica simulada para a próxima hora.
4696,1566,21757,,nivel_agua_percentagem,45.72,%,70/85/90%,Leitura máxima de nível de água na área.
4697,1566,,,precipitacao_acumulada_6h,18.78,mm,30/41/60 mm,Precipitação acumulada calculada sobre as últimas 6 horas.
4698,1566,,2418,precipitacao_prevista_1h,32.62,mm,10/21/40 mm,Previsão meteorológica simulada para a próxima hora.
4699,1567,21769,,nivel_agua_percentagem,95.94,%,70/85/90%,Leitura máxima de nível de água na área.
4700,1567,,,precipitacao_acumulada_6h,78.9,mm,30/41/60 mm,Precipitação acumulada calculada sobre as últimas 6 horas.
4701,1567,,2419,precipitacao_prevista_1h,1.75,mm,10/21/40 mm,Previsão meteorológica simulada para a próxima hora.
4702,1568,21805,,nivel_agua_percentagem,75.84,%,70/85/90%,Leitura máxima de nível de água na área.
4703,1568,,,precipitacao_acumulada_6h,51.55,mm,30/41/60 mm,Precipitação acumulada calculada sobre as últimas 6 horas.
4704,1568,,2423,precipitacao_prevista_1h,0,mm,10/21/40 mm,Previsão meteorológica simulada para a próxima hora.
4705,1569,21838,,nivel_agua_percentagem,65.09,%,70/85/90%,Leitura máxima de nível de água na área.
4706,1569,,,precipitacao_acumulada_6h,37.02,mm,30/41/60 mm,Precipitação acumulada calculada sobre as últimas 6 horas.
4707,1569,,2427,precipitacao_prevista_1h,0.77,mm,10/21/40 mm,Previsão meteorológica simulada para a próxima hora.
4708,1570,21853,,nivel_agua_percentagem,44.78,%,70/85/90%,Leitura máxima de nível de água na área.
4709,1570,,,precipitacao_acumulada_6h,6.52,mm,30/41/60 mm,Precipitação acumulada calculada sobre as últimas 6 horas.
4710,1570,,2429,precipitacao_prevista_1h,18.2,mm,10/21/40 mm,Previsão meteorológica simulada para a próxima hora.
4711,1571,21862,,nivel_agua_percentagem,49.82,%,70/85/90%,Leitura máxima de nível de água na área.
4712,1571,,,precipitacao_acumulada_6h,18.38,mm,30/41/60 mm,Precipitação acumulada calculada sobre as últimas 6 horas.
4713,1571,,2430,precipitacao_prevista_1h,22.08,mm,10/21/40 mm,Previsão meteorológica simulada para a próxima hora.
4714,1572,21874,,nivel_agua_percentagem,62.45,%,70/85/90%,Leitura máxima de nível de água na área.
4715,1572,,,precipitacao_acumulada_6h,39.12,mm,30/41/60 mm,Precipitação acumulada calculada sobre as últimas 6 horas.
4716,1572,,2431,precipitacao_prevista_1h,0.25,mm,10/21/40 mm,Previsão meteorológica simulada para a próxima hora.
4717,1573,21913,,nivel_agua_percentagem,62.32,%,70/85/90%,Leitura máxima de nível de água na área.
4718,1573,,,precipitacao_acumulada_6h,39.12,mm,30/41/60 mm,Precipitação acumulada calculada sobre as últimas 6 horas.
4719,1573,,2435,precipitacao_prevista_1h,0,mm,10/21/40 mm,Previsão meteorológica simulada para a próxima hora.
4720,1574,21925,,nivel_agua_percentagem,60.53,%,70/85/90%,Leitura máxima de nível de água na área.
4721,1574,,,precipitacao_acumulada_6h,32.65,mm,30/41/60 mm,Precipitação acumulada calculada sobre as últimas 6 horas.
4722,1574,,2437,precipitacao_prevista_1h,37.86,mm,10/21/40 mm,Previsão meteorológica simulada para a próxima hora.
4723,1575,21967,,nivel_agua_percentagem,67.22,%,70/85/90%,Leitura máxima de nível de água na área.
4724,1575,,,precipitacao_acumulada_6h,32.65,mm,30/41/60 mm,Precipitação acumulada calculada sobre as últimas 6 horas.
4725,1575,,2441,precipitacao_prevista_1h,7.14,mm,10/21/40 mm,Previsão meteorológica simulada para a próxima hora.
4726,1576,21976,,nivel_agua_percentagem,37.03,%,70/85/90%,Leitura máxima de nível de água na área.
4727,1576,,,precipitacao_acumulada_6h,3.86,mm,30/41/60 mm,Precipitação acumulada calculada sobre as últimas 6 horas.
4728,1576,,2442,precipitacao_prevista_1h,10.83,mm,10/21/40 mm,Previsão meteorológica simulada para a próxima hora.
4729,1577,21994,,nivel_agua_percentagem,29.58,%,70/85/90%,Leitura máxima de nível de água na área.
4730,1577,,,precipitacao_acumulada_6h,8.38,mm,30/41/60 mm,Precipitação acumulada calculada sobre as últimas 6 horas.
4731,1577,,2444,precipitacao_prevista_1h,11.21,mm,10/21/40 mm,Previsão meteorológica simulada para a próxima hora.
4732,1578,22000,,nivel_agua_percentagem,65.53,%,70/85/90%,Leitura máxima de nível de água na área.
4733,1578,,,precipitacao_acumulada_6h,31.5,mm,30/41/60 mm,Precipitação acumulada calculada sobre as últimas 6 horas.
4734,1578,,2445,precipitacao_prevista_1h,16.72,mm,10/21/40 mm,Previsão meteorológica simulada para a próxima hora.
4735,1579,22015,,nivel_agua_percentagem,32,%,70/85/90%,Leitura máxima de nível de água na área.
4736,1579,,,precipitacao_acumulada_6h,3.88,mm,30/41/60 mm,Precipitação acumulada calculada sobre as últimas 6 horas.
4737,1579,,2447,precipitacao_prevista_1h,0,mm,10/21/40 mm,Previsão meteorológica simulada para a próxima hora.
4738,1580,22024,,nivel_agua_percentagem,33.92,%,70/85/90%,Leitura máxima de nível de água na área.
4739,1580,,,precipitacao_acumulada_6h,7.83,mm,30/41/60 mm,Precipitação acumulada calculada sobre as últimas 6 horas.
4740,1580,,2448,precipitacao_prevista_1h,17.36,mm,10/21/40 mm,Previsão meteorológica simulada para a próxima hora.
4741,1581,22033,,nivel_agua_percentagem,68.36,%,70/85/90%,Leitura máxima de nível de água na área.
4742,1581,,,precipitacao_acumulada_6h,32.08,mm,30/41/60 mm,Precipitação acumulada calculada sobre as últimas 6 horas.
4743,1581,,2449,precipitacao_prevista_1h,16.68,mm,10/21/40 mm,Previsão meteorológica simulada para a próxima hora.
4744,1582,22066,,nivel_agua_percentagem,52.15,%,70/85/90%,Leitura máxima de nível de água na área.
4745,1582,,,precipitacao_acumulada_6h,32.09,mm,30/41/60 mm,Precipitação acumulada calculada sobre as últimas 6 horas.
4746,1582,,2452,precipitacao_prevista_1h,39.26,mm,10/21/40 mm,Previsão meteorológica simulada para a próxima hora.
4747,1583,22075,,nivel_agua_percentagem,64.05,%,70/85/90%,Leitura máxima de nível de água na área.
4748,1583,,,precipitacao_acumulada_6h,30.19,mm,30/41/60 mm,Precipitação acumulada calculada sobre as últimas 6 horas.
4749,1583,,2453,precipitacao_prevista_1h,9.75,mm,10/21/40 mm,Previsão meteorológica simulada para a próxima hora.
4750,1584,22096,,nivel_agua_percentagem,51.21,%,70/85/90%,Leitura máxima de nível de água na área.
4751,1584,,,precipitacao_acumulada_6h,30.42,mm,30/41/60 mm,Precipitação acumulada calculada sobre as últimas 6 horas.
4752,1584,,2456,precipitacao_prevista_1h,14.35,mm,10/21/40 mm,Previsão meteorológica simulada para a próxima hora.
4753,1585,22111,,nivel_agua_percentagem,61.59,%,70/85/90%,Leitura máxima de nível de água na área.
4754,1585,,,precipitacao_acumulada_6h,30.19,mm,30/41/60 mm,Precipitação acumulada calculada sobre as últimas 6 horas.
4755,1585,,2457,precipitacao_prevista_1h,0,mm,10/21/40 mm,Previsão meteorológica simulada para a próxima hora.
4756,1586,22126,,nivel_agua_percentagem,34.08,%,70/85/90%,Leitura máxima de nível de água na área.
4757,1586,,,precipitacao_acumulada_6h,5.18,mm,30/41/60 mm,Precipitação acumulada calculada sobre as últimas 6 horas.
4758,1586,,2459,precipitacao_prevista_1h,20.69,mm,10/21/40 mm,Previsão meteorológica simulada para a próxima hora.
4759,1587,22135,,nivel_agua_percentagem,53.45,%,70/85/90%,Leitura máxima de nível de água na área.
4760,1587,,,precipitacao_acumulada_6h,30.12,mm,30/41/60 mm,Precipitação acumulada calculada sobre as últimas 6 horas.
4761,1587,,2460,precipitacao_prevista_1h,14.55,mm,10/21/40 mm,Previsão meteorológica simulada para a próxima hora.
4762,1588,22147,,nivel_agua_percentagem,45.14,%,70/85/90%,Leitura máxima de nível de água na área.
4763,1588,,,precipitacao_acumulada_6h,4.07,mm,30/41/60 mm,Precipitação acumulada calculada sobre as últimas 6 horas.
4764,1588,,2461,precipitacao_prevista_1h,19.62,mm,10/21/40 mm,Previsão meteorológica simulada para a próxima hora.
4765,1589,22156,,nivel_agua_percentagem,32.64,%,70/85/90%,Leitura máxima de nível de água na área.
4766,1589,,,precipitacao_acumulada_6h,2.55,mm,30/41/60 mm,Precipitação acumulada calculada sobre as últimas 6 horas.
4767,1589,,2462,precipitacao_prevista_1h,13.12,mm,10/21/40 mm,Previsão meteorológica simulada para a próxima hora.
4768,1590,22183,,nivel_agua_percentagem,42.88,%,70/85/90%,Leitura máxima de nível de água na área.
4769,1590,,,precipitacao_acumulada_6h,4.07,mm,30/41/60 mm,Precipitação acumulada calculada sobre as últimas 6 horas.
4770,1590,,2465,precipitacao_prevista_1h,19.43,mm,10/21/40 mm,Previsão meteorológica simulada para a próxima hora.
4771,1591,22192,,nivel_agua_percentagem,41.39,%,70/85/90%,Leitura máxima de nível de água na área.
4772,1591,,,precipitacao_acumulada_6h,3.45,mm,30/41/60 mm,Precipitação acumulada calculada sobre as últimas 6 horas.
4773,1591,,2466,precipitacao_prevista_1h,15.5,mm,10/21/40 mm,Previsão meteorológica simulada para a próxima hora.
4774,1592,22204,,nivel_agua_percentagem,79.01,%,70/85/90%,Leitura máxima de nível de água na área.
4775,1592,,,precipitacao_acumulada_6h,60.62,mm,30/41/60 mm,Precipitação acumulada calculada sobre as últimas 6 horas.
4776,1592,,2468,precipitacao_prevista_1h,42.77,mm,10/21/40 mm,Previsão meteorológica simulada para a próxima hora.
4777,1593,22216,,nivel_agua_percentagem,94.88,%,70/85/90%,Leitura máxima de nível de água na área.
4778,1593,,,precipitacao_acumulada_6h,71.01,mm,30/41/60 mm,Precipitação acumulada calculada sobre as últimas 6 horas.
4779,1593,,2469,precipitacao_prevista_1h,70,mm,10/21/40 mm,Previsão meteorológica simulada para a próxima hora.
4780,1594,22222,,nivel_agua_percentagem,41.07,%,70/85/90%,Leitura máxima de nível de água na área.
4781,1594,,,precipitacao_acumulada_6h,4.79,mm,30/41/60 mm,Precipitação acumulada calculada sobre as últimas 6 horas.
4782,1594,,2470,precipitacao_prevista_1h,12.85,mm,10/21/40 mm,Previsão meteorológica simulada para a próxima hora.
4783,1595,22237,,nivel_agua_percentagem,43.29,%,70/85/90%,Leitura máxima de nível de água na área.
4784,1595,,,precipitacao_acumulada_6h,12.87,mm,30/41/60 mm,Precipitação acumulada calculada sobre as últimas 6 horas.
4785,1595,,2471,precipitacao_prevista_1h,22.62,mm,10/21/40 mm,Previsão meteorológica simulada para a próxima hora.
4786,1596,22240,,nivel_agua_percentagem,76.09,%,70/85/90%,Leitura máxima de nível de água na área.
4787,1596,,,precipitacao_acumulada_6h,59.09,mm,30/41/60 mm,Precipitação acumulada calculada sobre as últimas 6 horas.
4788,1596,,2472,precipitacao_prevista_1h,0,mm,10/21/40 mm,Previsão meteorológica simulada para a próxima hora.
4789,1597,22249,,nivel_agua_percentagem,96.6,%,70/85/90%,Leitura máxima de nível de água na área.
4790,1597,,,precipitacao_acumulada_6h,70.43,mm,30/41/60 mm,Precipitação acumulada calculada sobre as últimas 6 horas.
4791,1597,,2473,precipitacao_prevista_1h,5.62,mm,10/21/40 mm,Previsão meteorológica simulada para a próxima hora.
4792,1598,22261,,nivel_agua_percentagem,63.89,%,70/85/90%,Leitura máxima de nível de água na área.
4793,1598,,,precipitacao_acumulada_6h,34.75,mm,30/41/60 mm,Precipitação acumulada calculada sobre as últimas 6 horas.
4794,1598,,2474,precipitacao_prevista_1h,33.09,mm,10/21/40 mm,Previsão meteorológica simulada para a próxima hora.
4795,1599,22270,,nivel_agua_percentagem,52.11,%,70/85/90%,Leitura máxima de nível de água na área.
4796,1599,,,precipitacao_acumulada_6h,26.24,mm,30/41/60 mm,Precipitação acumulada calculada sobre as últimas 6 horas.
4797,1599,,2475,precipitacao_prevista_1h,29.98,mm,10/21/40 mm,Previsão meteorológica simulada para a próxima hora.
4798,1600,22276,,nivel_agua_percentagem,59.29,%,70/85/90%,Leitura máxima de nível de água na área.
4799,1600,,,precipitacao_acumulada_6h,33.36,mm,30/41/60 mm,Precipitação acumulada calculada sobre as últimas 6 horas.
4800,1600,,2476,precipitacao_prevista_1h,7.09,mm,10/21/40 mm,Previsão meteorológica simulada para a próxima hora.
4801,1601,22291,,nivel_agua_percentagem,100,%,70/85/90%,Leitura máxima de nível de água na área.
4802,1601,,,precipitacao_acumulada_6h,70.75,mm,30/41/60 mm,Precipitação acumulada calculada sobre as últimas 6 horas.
4803,1601,,2477,precipitacao_prevista_1h,0,mm,10/21/40 mm,Previsão meteorológica simulada para a próxima hora.
4804,1602,22300,,nivel_agua_percentagem,69.53,%,70/85/90%,Leitura máxima de nível de água na área.
4805,1602,,,precipitacao_acumulada_6h,37.03,mm,30/41/60 mm,Precipitação acumulada calculada sobre as últimas 6 horas.
4806,1602,,2478,precipitacao_prevista_1h,20.67,mm,10/21/40 mm,Previsão meteorológica simulada para a próxima hora.
4807,1603,22306,,nivel_agua_percentagem,54.64,%,70/85/90%,Leitura máxima de nível de água na área.
4808,1603,,,precipitacao_acumulada_6h,25.62,mm,30/41/60 mm,Precipitação acumulada calculada sobre as últimas 6 horas.
4809,1603,,2479,precipitacao_prevista_1h,17.25,mm,10/21/40 mm,Previsão meteorológica simulada para a próxima hora.
4810,1604,22312,,nivel_agua_percentagem,51.98,%,70/85/90%,Leitura máxima de nível de água na área.
4811,1604,,,precipitacao_acumulada_6h,32.84,mm,30/41/60 mm,Precipitação acumulada calculada sobre as últimas 6 horas.
4812,1604,,2480,precipitacao_prevista_1h,20.5,mm,10/21/40 mm,Previsão meteorológica simulada para a próxima hora.
4813,1605,22321,,nivel_agua_percentagem,100,%,70/85/90%,Leitura máxima de nível de água na área.
4814,1605,,,precipitacao_acumulada_6h,71.59,mm,30/41/60 mm,Precipitação acumulada calculada sobre as últimas 6 horas.
4815,1605,,2481,precipitacao_prevista_1h,7.48,mm,10/21/40 mm,Previsão meteorológica simulada para a próxima hora.
4816,1606,22336,,nivel_agua_percentagem,68.98,%,70/85/90%,Leitura máxima de nível de água na área.
4817,1606,,,precipitacao_acumulada_6h,40.36,mm,30/41/60 mm,Precipitação acumulada calculada sobre as últimas 6 horas.
4818,1606,,2482,precipitacao_prevista_1h,0.52,mm,10/21/40 mm,Previsão meteorológica simulada para a próxima hora.
4819,1607,22342,,nivel_agua_percentagem,52.9,%,70/85/90%,Leitura máxima de nível de água na área.
4820,1607,,,precipitacao_acumulada_6h,25.62,mm,30/41/60 mm,Precipitação acumulada calculada sobre as últimas 6 horas.
4821,1607,,2483,precipitacao_prevista_1h,20.73,mm,10/21/40 mm,Previsão meteorológica simulada para a próxima hora.
4822,1608,22348,,nivel_agua_percentagem,53.24,%,70/85/90%,Leitura máxima de nível de água na área.
4823,1608,,,precipitacao_acumulada_6h,31.61,mm,30/41/60 mm,Precipitação acumulada calculada sobre as últimas 6 horas.
4824,1608,,2484,precipitacao_prevista_1h,15.59,mm,10/21/40 mm,Previsão meteorológica simulada para a próxima hora.
4825,1609,22360,,nivel_agua_percentagem,99.85,%,70/85/90%,Leitura máxima de nível de água na área.
4826,1609,,,precipitacao_acumulada_6h,71.67,mm,30/41/60 mm,Precipitação acumulada calculada sobre as últimas 6 horas.
4827,1609,,2485,precipitacao_prevista_1h,8.92,mm,10/21/40 mm,Previsão meteorológica simulada para a próxima hora.
4828,1610,22372,,nivel_agua_percentagem,69.36,%,70/85/90%,Leitura máxima de nível de água na área.
4829,1610,,,precipitacao_acumulada_6h,41.21,mm,30/41/60 mm,Precipitação acumulada calculada sobre as últimas 6 horas.
4830,1610,,2486,precipitacao_prevista_1h,0,mm,10/21/40 mm,Previsão meteorológica simulada para a próxima hora.
4831,1611,22387,,nivel_agua_percentagem,51.21,%,70/85/90%,Leitura máxima de nível de água na área.
4832,1611,,,precipitacao_acumulada_6h,32.18,mm,30/41/60 mm,Precipitação acumulada calculada sobre as últimas 6 horas.
4833,1611,,2488,precipitacao_prevista_1h,5.34,mm,10/21/40 mm,Previsão meteorológica simulada para a próxima hora.
4834,1612,22399,,nivel_agua_percentagem,100,%,70/85/90%,Leitura máxima de nível de água na área.
4835,1612,,,precipitacao_acumulada_6h,73.25,mm,30/41/60 mm,Precipitação acumulada calculada sobre as últimas 6 horas.
4836,1612,,2489,precipitacao_prevista_1h,2.89,mm,10/21/40 mm,Previsão meteorológica simulada para a próxima hora.
4837,1613,22408,,nivel_agua_percentagem,70.28,%,70/85/90%,Leitura máxima de nível de água na área.
4838,1613,,,precipitacao_acumulada_6h,41.28,mm,30/41/60 mm,Precipitação acumulada calculada sobre as últimas 6 horas.
4839,1613,,2490,precipitacao_prevista_1h,0,mm,10/21/40 mm,Previsão meteorológica simulada para a próxima hora.
4840,1614,22411,,nivel_agua_percentagem,49.82,%,70/85/90%,Leitura máxima de nível de água na área.
4841,1614,,,precipitacao_acumulada_6h,21.18,mm,30/41/60 mm,Precipitação acumulada calculada sobre as últimas 6 horas.
4842,1614,,2491,precipitacao_prevista_1h,11.23,mm,10/21/40 mm,Previsão meteorológica simulada para a próxima hora.
4843,1615,22444,,nivel_agua_percentagem,72.03,%,70/85/90%,Leitura máxima de nível de água na área.
4844,1615,,,precipitacao_acumulada_6h,40.6,mm,30/41/60 mm,Precipitação acumulada calculada sobre as últimas 6 horas.
4845,1615,,2494,precipitacao_prevista_1h,2.4,mm,10/21/40 mm,Previsão meteorológica simulada para a próxima hora.
4846,1616,22495,,nivel_agua_percentagem,42.29,%,70/85/90%,Leitura máxima de nível de água na área.
4847,1616,,,precipitacao_acumulada_6h,18.48,mm,30/41/60 mm,Precipitação acumulada calculada sobre as últimas 6 horas.
4848,1616,,2500,precipitacao_prevista_1h,26.66,mm,10/21/40 mm,Previsão meteorológica simulada para a próxima hora.
4849,1617,22537,,nivel_agua_percentagem,76.59,%,70/85/90%,Leitura máxima de nível de água na área.
4850,1617,,,precipitacao_acumulada_6h,50,mm,30/41/60 mm,Precipitação acumulada calculada sobre as últimas 6 horas.
4851,1617,,2505,precipitacao_prevista_1h,47.32,mm,10/21/40 mm,Previsão meteorológica simulada para a próxima hora.
4852,1618,22576,,nivel_agua_percentagem,77.53,%,70/85/90%,Leitura máxima de nível de água na área.
4853,1618,,,precipitacao_acumulada_6h,51.53,mm,30/41/60 mm,Precipitação acumulada calculada sobre as últimas 6 horas.
4854,1618,,2509,precipitacao_prevista_1h,0,mm,10/21/40 mm,Previsão meteorológica simulada para a próxima hora.
4855,1619,22594,,nivel_agua_percentagem,32.41,%,70/85/90%,Leitura máxima de nível de água na área.
4856,1619,,,precipitacao_acumulada_6h,6.55,mm,30/41/60 mm,Precipitação acumulada calculada sobre as últimas 6 horas.
4857,1619,,2511,precipitacao_prevista_1h,10.78,mm,10/21/40 mm,Previsão meteorológica simulada para a próxima hora.
4858,1620,22609,,nivel_agua_percentagem,84,%,70/85/90%,Leitura máxima de nível de água na área.
4859,1620,,,precipitacao_acumulada_6h,49.95,mm,30/41/60 mm,Precipitação acumulada calculada sobre as últimas 6 horas.
4860,1620,,2513,precipitacao_prevista_1h,8.59,mm,10/21/40 mm,Previsão meteorológica simulada para a próxima hora.
4861,1621,22630,,nivel_agua_percentagem,64.75,%,70/85/90%,Leitura máxima de nível de água na área.
4862,1621,,,precipitacao_acumulada_6h,43,mm,30/41/60 mm,Precipitação acumulada calculada sobre as últimas 6 horas.
4863,1621,,2515,precipitacao_prevista_1h,48.42,mm,10/21/40 mm,Previsão meteorológica simulada para a próxima hora.
4864,1622,22651,,nivel_agua_percentagem,97.58,%,70/85/90%,Leitura máxima de nível de água na área.
4865,1622,,,precipitacao_acumulada_6h,70.79,mm,30/41/60 mm,Precipitação acumulada calculada sobre as últimas 6 horas.
4866,1622,,2517,precipitacao_prevista_1h,17.63,mm,10/21/40 mm,Previsão meteorológica simulada para a próxima hora.
4867,1623,22663,,nivel_agua_percentagem,66.16,%,70/85/90%,Leitura máxima de nível de água na área.
4868,1623,,,precipitacao_acumulada_6h,43.13,mm,30/41/60 mm,Precipitação acumulada calculada sobre as últimas 6 horas.
4869,1623,,2519,precipitacao_prevista_1h,16.02,mm,10/21/40 mm,Previsão meteorológica simulada para a próxima hora.
4870,1624,22684,,nivel_agua_percentagem,96.37,%,70/85/90%,Leitura máxima de nível de água na área.
4871,1624,,,precipitacao_acumulada_6h,70.34,mm,30/41/60 mm,Precipitação acumulada calculada sobre as últimas 6 horas.
4872,1624,,2521,precipitacao_prevista_1h,1.64,mm,10/21/40 mm,Previsão meteorológica simulada para a próxima hora.
4873,1625,22696,,nivel_agua_percentagem,40.28,%,70/85/90%,Leitura máxima de nível de água na área.
4874,1625,,,precipitacao_acumulada_6h,4.86,mm,30/41/60 mm,Precipitação acumulada calculada sobre as últimas 6 horas.
4875,1625,,2522,precipitacao_prevista_1h,11.67,mm,10/21/40 mm,Previsão meteorológica simulada para a próxima hora.
4876,1626,22699,,nivel_agua_percentagem,67.78,%,70/85/90%,Leitura máxima de nível de água na área.
4877,1626,,,precipitacao_acumulada_6h,42.19,mm,30/41/60 mm,Precipitação acumulada calculada sobre as últimas 6 horas.
4878,1626,,2523,precipitacao_prevista_1h,14.89,mm,10/21/40 mm,Previsão meteorológica simulada para a próxima hora.
4879,1627,22717,,nivel_agua_percentagem,100,%,70/85/90%,Leitura máxima de nível de água na área.
4880,1627,,,precipitacao_acumulada_6h,72.35,mm,30/41/60 mm,Precipitação acumulada calculada sobre as últimas 6 horas.
4881,1627,,2525,precipitacao_prevista_1h,6.79,mm,10/21/40 mm,Previsão meteorológica simulada para a próxima hora.
4882,1628,22741,,nivel_agua_percentagem,66.68,%,70/85/90%,Leitura máxima de nível de água na área.
4883,1628,,,precipitacao_acumulada_6h,40.08,mm,30/41/60 mm,Precipitação acumulada calculada sobre as últimas 6 horas.
4884,1628,,2527,precipitacao_prevista_1h,4.9,mm,10/21/40 mm,Previsão meteorológica simulada para a próxima hora.
4885,1629,22762,,nivel_agua_percentagem,43.76,%,70/85/90%,Leitura máxima de nível de água na área.
4886,1629,,,precipitacao_acumulada_6h,10.2,mm,30/41/60 mm,Precipitação acumulada calculada sobre as últimas 6 horas.
4887,1629,,2530,precipitacao_prevista_1h,10.58,mm,10/21/40 mm,Previsão meteorológica simulada para a próxima hora.
4888,1630,22774,,nivel_agua_percentagem,67.24,%,70/85/90%,Leitura máxima de nível de água na área.
4889,1630,,,precipitacao_acumulada_6h,41.75,mm,30/41/60 mm,Precipitação acumulada calculada sobre as últimas 6 horas.
4890,1630,,2531,precipitacao_prevista_1h,13.53,mm,10/21/40 mm,Previsão meteorológica simulada para a próxima hora.
4891,1631,22795,,nivel_agua_percentagem,71.65,%,70/85/90%,Leitura máxima de nível de água na área.
4892,1631,,,precipitacao_acumulada_6h,36.02,mm,30/41/60 mm,Precipitação acumulada calculada sobre as últimas 6 horas.
4893,1631,,2533,precipitacao_prevista_1h,4.13,mm,10/21/40 mm,Previsão meteorológica simulada para a próxima hora.
4894,1632,22801,,nivel_agua_percentagem,44.88,%,70/85/90%,Leitura máxima de nível de água na área.
4895,1632,,,precipitacao_acumulada_6h,11,mm,30/41/60 mm,Precipitação acumulada calculada sobre as últimas 6 horas.
4896,1632,,2534,precipitacao_prevista_1h,0,mm,10/21/40 mm,Previsão meteorológica simulada para a próxima hora.
4897,1633,22807,,nivel_agua_percentagem,64.39,%,70/85/90%,Leitura máxima de nível de água na área.
4898,1633,,,precipitacao_acumulada_6h,42.18,mm,30/41/60 mm,Precipitação acumulada calculada sobre as últimas 6 horas.
4899,1633,,2535,precipitacao_prevista_1h,1.22,mm,10/21/40 mm,Previsão meteorológica simulada para a próxima hora.
4900,1634,22831,,nivel_agua_percentagem,68.72,%,70/85/90%,Leitura máxima de nível de água na área.
4901,1634,,,precipitacao_acumulada_6h,38.66,mm,30/41/60 mm,Precipitação acumulada calculada sobre as últimas 6 horas.
4902,1634,,2537,precipitacao_prevista_1h,27.34,mm,10/21/40 mm,Previsão meteorológica simulada para a próxima hora.
4903,1635,22837,,nivel_agua_percentagem,87.52,%,70/85/90%,Leitura máxima de nível de água na área.
4904,1635,,,precipitacao_acumulada_6h,64.65,mm,30/41/60 mm,Precipitação acumulada calculada sobre as últimas 6 horas.
4905,1635,,2538,precipitacao_prevista_1h,57.03,mm,10/21/40 mm,Previsão meteorológica simulada para a próxima hora.
4906,1636,22870,,nivel_agua_percentagem,91.13,%,70/85/90%,Leitura máxima de nível de água na área.
4907,1636,,,precipitacao_acumulada_6h,67.49,mm,30/41/60 mm,Precipitação acumulada calculada sobre as últimas 6 horas.
4908,1636,,2542,precipitacao_prevista_1h,16.17,mm,10/21/40 mm,Previsão meteorológica simulada para a próxima hora.
4909,1637,22909,,nivel_agua_percentagem,92.88,%,70/85/90%,Leitura máxima de nível de água na área.
4910,1637,,,precipitacao_acumulada_6h,68.42,mm,30/41/60 mm,Precipitação acumulada calculada sobre as últimas 6 horas.
4911,1637,,2546,precipitacao_prevista_1h,15.79,mm,10/21/40 mm,Previsão meteorológica simulada para a próxima hora.
4912,1638,22921,,nivel_agua_percentagem,36.14,%,70/85/90%,Leitura máxima de nível de água na área.
4913,1638,,,precipitacao_acumulada_6h,9.09,mm,30/41/60 mm,Precipitação acumulada calculada sobre as últimas 6 horas.
4914,1638,,2547,precipitacao_prevista_1h,2.49,mm,10/21/40 mm,Previsão meteorológica simulada para a próxima hora.
4915,1639,22945,,nivel_agua_percentagem,82.61,%,70/85/90%,Leitura máxima de nível de água na área.
4916,1639,,,precipitacao_acumulada_6h,58.27,mm,30/41/60 mm,Precipitação acumulada calculada sobre as últimas 6 horas.
4917,1639,,2550,precipitacao_prevista_1h,17.96,mm,10/21/40 mm,Previsão meteorológica simulada para a próxima hora.
4918,1640,22951,,nivel_agua_percentagem,37.59,%,70/85/90%,Leitura máxima de nível de água na área.
4919,1640,,,precipitacao_acumulada_6h,8.63,mm,30/41/60 mm,Precipitação acumulada calculada sobre as últimas 6 horas.
4920,1640,,2551,precipitacao_prevista_1h,16.12,mm,10/21/40 mm,Previsão meteorológica simulada para a próxima hora.
4921,1641,22969,,nivel_agua_percentagem,48.84,%,70/85/90%,Leitura máxima de nível de água na área.
4922,1641,,,precipitacao_acumulada_6h,18.22,mm,30/41/60 mm,Precipitação acumulada calculada sobre as últimas 6 horas.
4923,1641,,2553,precipitacao_prevista_1h,18.29,mm,10/21/40 mm,Previsão meteorológica simulada para a próxima hora.
4924,1642,22984,,nivel_agua_percentagem,89.94,%,70/85/90%,Leitura máxima de nível de água na área.
4925,1642,,,precipitacao_acumulada_6h,58.27,mm,30/41/60 mm,Precipitação acumulada calculada sobre as últimas 6 horas.
4926,1642,,2554,precipitacao_prevista_1h,0.27,mm,10/21/40 mm,Previsão meteorológica simulada para a próxima hora.
4927,1643,22990,,nivel_agua_percentagem,32.14,%,70/85/90%,Leitura máxima de nível de água na área.
4928,1643,,,precipitacao_acumulada_6h,6.97,mm,30/41/60 mm,Precipitação acumulada calculada sobre as últimas 6 horas.
4929,1643,,2555,precipitacao_prevista_1h,17.12,mm,10/21/40 mm,Previsão meteorológica simulada para a próxima hora.
4930,1644,23014,,nivel_agua_percentagem,87.3,%,70/85/90%,Leitura máxima de nível de água na área.
4931,1644,,,precipitacao_acumulada_6h,59.9,mm,30/41/60 mm,Precipitação acumulada calculada sobre as últimas 6 horas.
4932,1644,,2558,precipitacao_prevista_1h,19.49,mm,10/21/40 mm,Previsão meteorológica simulada para a próxima hora.
4933,1645,23035,,nivel_agua_percentagem,27.09,%,70/85/90%,Leitura máxima de nível de água na área.
4934,1645,,,precipitacao_acumulada_6h,4.76,mm,30/41/60 mm,Precipitação acumulada calculada sobre as últimas 6 horas.
4935,1645,,2560,precipitacao_prevista_1h,17.9,mm,10/21/40 mm,Previsão meteorológica simulada para a próxima hora.
4936,1646,23050,,nivel_agua_percentagem,49.6,%,70/85/90%,Leitura máxima de nível de água na área.
4937,1646,,,precipitacao_acumulada_6h,8.46,mm,30/41/60 mm,Precipitação acumulada calculada sobre as últimas 6 horas.
4938,1646,,2562,precipitacao_prevista_1h,12.82,mm,10/21/40 mm,Previsão meteorológica simulada para a próxima hora.
4939,1647,23077,,nivel_agua_percentagem,43.06,%,70/85/90%,Leitura máxima de nível de água na área.
4940,1647,,,precipitacao_acumulada_6h,3.44,mm,30/41/60 mm,Precipitação acumulada calculada sobre as últimas 6 horas.
4941,1647,,2565,precipitacao_prevista_1h,19.32,mm,10/21/40 mm,Previsão meteorológica simulada para a próxima hora.
4942,1648,23092,,nivel_agua_percentagem,41.77,%,70/85/90%,Leitura máxima de nível de água na área.
4943,1648,,,precipitacao_acumulada_6h,5.62,mm,30/41/60 mm,Precipitação acumulada calculada sobre as últimas 6 horas.
4944,1648,,2566,precipitacao_prevista_1h,13.26,mm,10/21/40 mm,Previsão meteorológica simulada para a próxima hora.
4945,1649,23098,,nivel_agua_percentagem,41.4,%,70/85/90%,Leitura máxima de nível de água na área.
4946,1649,,,precipitacao_acumulada_6h,8.05,mm,30/41/60 mm,Precipitação acumulada calculada sobre as últimas 6 horas.
4947,1649,,2567,precipitacao_prevista_1h,13.38,mm,10/21/40 mm,Previsão meteorológica simulada para a próxima hora.
4948,1650,23128,,nivel_agua_percentagem,85.36,%,70/85/90%,Leitura máxima de nível de água na área.
4949,1650,,,precipitacao_acumulada_6h,64.86,mm,30/41/60 mm,Precipitação acumulada calculada sobre as últimas 6 horas.
4950,1650,,2570,precipitacao_prevista_1h,42.81,mm,10/21/40 mm,Previsão meteorológica simulada para a próxima hora.
4951,1651,23143,,nivel_agua_percentagem,33.06,%,70/85/90%,Leitura máxima de nível de água na área.
4952,1651,,,precipitacao_acumulada_6h,6.85,mm,30/41/60 mm,Precipitação acumulada calculada sobre as últimas 6 horas.
4953,1651,,2572,precipitacao_prevista_1h,12.87,mm,10/21/40 mm,Previsão meteorológica simulada para a próxima hora.
4954,1652,23152,,nivel_agua_percentagem,38.83,%,70/85/90%,Leitura máxima de nível de água na área.
4955,1652,,,precipitacao_acumulada_6h,2.47,mm,30/41/60 mm,Precipitação acumulada calculada sobre as últimas 6 horas.
4956,1652,,2573,precipitacao_prevista_1h,16.37,mm,10/21/40 mm,Previsão meteorológica simulada para a próxima hora.
4957,1653,23164,,nivel_agua_percentagem,90.68,%,70/85/90%,Leitura máxima de nível de água na área.
4958,1653,,,precipitacao_acumulada_6h,65.68,mm,30/41/60 mm,Precipitação acumulada calculada sobre as últimas 6 horas.
4959,1653,,2574,precipitacao_prevista_1h,0,mm,10/21/40 mm,Previsão meteorológica simulada para a próxima hora.
4960,1654,23170,,nivel_agua_percentagem,39,%,70/85/90%,Leitura máxima de nível de água na área.
4961,1654,,,precipitacao_acumulada_6h,10.6,mm,30/41/60 mm,Precipitação acumulada calculada sobre as últimas 6 horas.
4962,1654,,2575,precipitacao_prevista_1h,15.2,mm,10/21/40 mm,Previsão meteorológica simulada para a próxima hora.
4963,1655,23182,,nivel_agua_percentagem,35.01,%,70/85/90%,Leitura máxima de nível de água na área.
4964,1655,,,precipitacao_acumulada_6h,7.03,mm,30/41/60 mm,Precipitação acumulada calculada sobre as últimas 6 horas.
4965,1655,,2576,precipitacao_prevista_1h,15.04,mm,10/21/40 mm,Previsão meteorológica simulada para a próxima hora.
4966,1656,23185,,nivel_agua_percentagem,43.57,%,70/85/90%,Leitura máxima de nível de água na área.
4967,1656,,,precipitacao_acumulada_6h,3.13,mm,30/41/60 mm,Precipitação acumulada calculada sobre as últimas 6 horas.
4968,1656,,2577,precipitacao_prevista_1h,14.05,mm,10/21/40 mm,Previsão meteorológica simulada para a próxima hora.
4969,1657,23194,,nivel_agua_percentagem,95.93,%,70/85/90%,Leitura máxima de nível de água na área.
4970,1657,,,precipitacao_acumulada_6h,65.68,mm,30/41/60 mm,Precipitação acumulada calculada sobre as últimas 6 horas.
4971,1657,,2578,precipitacao_prevista_1h,0,mm,10/21/40 mm,Previsão meteorológica simulada para a próxima hora.
4972,1658,23209,,nivel_agua_percentagem,40.68,%,70/85/90%,Leitura máxima de nível de água na área.
4973,1658,,,precipitacao_acumulada_6h,11.99,mm,30/41/60 mm,Precipitação acumulada calculada sobre as últimas 6 horas.
4974,1658,,2579,precipitacao_prevista_1h,13.68,mm,10/21/40 mm,Previsão meteorológica simulada para a próxima hora.
4975,1659,23227,,nivel_agua_percentagem,42.47,%,70/85/90%,Leitura máxima de nível de água na área.
4976,1659,,,precipitacao_acumulada_6h,3.13,mm,30/41/60 mm,Precipitação acumulada calculada sobre as últimas 6 horas.
4977,1659,,2581,precipitacao_prevista_1h,26.02,mm,10/21/40 mm,Previsão meteorológica simulada para a próxima hora.
4978,1660,23236,,nivel_agua_percentagem,88.62,%,70/85/90%,Leitura máxima de nível de água na área.
4979,1660,,,precipitacao_acumulada_6h,64.01,mm,30/41/60 mm,Precipitação acumulada calculada sobre as últimas 6 horas.
4980,1660,,2582,precipitacao_prevista_1h,10.31,mm,10/21/40 mm,Previsão meteorológica simulada para a próxima hora.
4981,1661,23257,,nivel_agua_percentagem,45.95,%,70/85/90%,Leitura máxima de nível de água na área.
4982,1661,,,precipitacao_acumulada_6h,2.23,mm,30/41/60 mm,Precipitação acumulada calculada sobre as últimas 6 horas.
4983,1661,,2585,precipitacao_prevista_1h,14.52,mm,10/21/40 mm,Previsão meteorológica simulada para a próxima hora.
4984,1662,23272,,nivel_agua_percentagem,88.12,%,70/85/90%,Leitura máxima de nível de água na área.
4985,1662,,,precipitacao_acumulada_6h,61.9,mm,30/41/60 mm,Precipitação acumulada calculada sobre as últimas 6 horas.
4986,1662,,2586,precipitacao_prevista_1h,2.32,mm,10/21/40 mm,Previsão meteorológica simulada para a próxima hora.
4987,1663,23290,,nivel_agua_percentagem,33.24,%,70/85/90%,Leitura máxima de nível de água na área.
4988,1663,,,precipitacao_acumulada_6h,9.19,mm,30/41/60 mm,Precipitação acumulada calculada sobre as últimas 6 horas.
4989,1663,,2588,precipitacao_prevista_1h,10.23,mm,10/21/40 mm,Previsão meteorológica simulada para a próxima hora.
4990,1664,23302,,nivel_agua_percentagem,87.27,%,70/85/90%,Leitura máxima de nível de água na área.
4991,1664,,,precipitacao_acumulada_6h,62.32,mm,30/41/60 mm,Precipitação acumulada calculada sobre as últimas 6 horas.
4992,1664,,2590,precipitacao_prevista_1h,3.18,mm,10/21/40 mm,Previsão meteorológica simulada para a próxima hora.
4993,1665,23359,,nivel_agua_percentagem,54.35,%,70/85/90%,Leitura máxima de nível de água na área.
4994,1665,,,precipitacao_acumulada_6h,30.5,mm,30/41/60 mm,Precipitação acumulada calculada sobre as últimas 6 horas.
4995,1665,,2596,precipitacao_prevista_1h,21.83,mm,10/21/40 mm,Previsão meteorológica simulada para a próxima hora.
4996,1666,23386,,nivel_agua_percentagem,34.07,%,70/85/90%,Leitura máxima de nível de água na área.
4997,1666,,,precipitacao_acumulada_6h,7.38,mm,30/41/60 mm,Precipitação acumulada calculada sobre as últimas 6 horas.
4998,1666,,2599,precipitacao_prevista_1h,12.47,mm,10/21/40 mm,Previsão meteorológica simulada para a próxima hora.
4999,1667,23395,,nivel_agua_percentagem,51.2,%,70/85/90%,Leitura máxima de nível de água na área.
5000,1667,,,precipitacao_acumulada_6h,30.56,mm,30/41/60 mm,Precipitação acumulada calculada sobre as últimas 6 horas.
5001,1667,,2600,precipitacao_prevista_1h,15.06,mm,10/21/40 mm,Previsão meteorológica simulada para a próxima hora.
5002,1668,23416,,nivel_agua_percentagem,39.97,%,70/85/90%,Leitura máxima de nível de água na área.
5003,1668,,,precipitacao_acumulada_6h,6.83,mm,30/41/60 mm,Precipitação acumulada calculada sobre as últimas 6 horas.
5004,1668,,2602,precipitacao_prevista_1h,10.01,mm,10/21/40 mm,Previsão meteorológica simulada para a próxima hora.
5005,1669,23422,,nivel_agua_percentagem,58.04,%,70/85/90%,Leitura máxima de nível de água na área.
5006,1669,,,precipitacao_acumulada_6h,28.11,mm,30/41/60 mm,Precipitação acumulada calculada sobre as últimas 6 horas.
5007,1669,,2603,precipitacao_prevista_1h,10.54,mm,10/21/40 mm,Previsão meteorológica simulada para a próxima hora.
5008,1670,23434,,nivel_agua_percentagem,51.55,%,70/85/90%,Leitura máxima de nível de água na área.
5009,1670,,,precipitacao_acumulada_6h,27.82,mm,30/41/60 mm,Precipitação acumulada calculada sobre as últimas 6 horas.
5010,1670,,2604,precipitacao_prevista_1h,11.55,mm,10/21/40 mm,Previsão meteorológica simulada para a próxima hora.
5011,1671,23443,,nivel_agua_percentagem,48.79,%,70/85/90%,Leitura máxima de nível de água na área.
5012,1671,,,precipitacao_acumulada_6h,9.75,mm,30/41/60 mm,Precipitação acumulada calculada sobre as últimas 6 horas.
5013,1671,,2605,precipitacao_prevista_1h,15.13,mm,10/21/40 mm,Previsão meteorológica simulada para a próxima hora.
5014,1672,23473,,nivel_agua_percentagem,51.29,%,70/85/90%,Leitura máxima de nível de água na área.
5015,1672,,,precipitacao_acumulada_6h,13.95,mm,30/41/60 mm,Precipitação acumulada calculada sobre as últimas 6 horas.
5016,1672,,2609,precipitacao_prevista_1h,23.07,mm,10/21/40 mm,Previsão meteorológica simulada para a próxima hora.
5017,1673,23506,,nivel_agua_percentagem,49.37,%,70/85/90%,Leitura máxima de nível de água na área.
5018,1673,,,precipitacao_acumulada_6h,26.22,mm,30/41/60 mm,Precipitação acumulada calculada sobre as últimas 6 horas.
5019,1673,,2612,precipitacao_prevista_1h,0,mm,10/21/40 mm,Previsão meteorológica simulada para a próxima hora.
5020,1674,23518,,nivel_agua_percentagem,66.93,%,70/85/90%,Leitura máxima de nível de água na área.
5021,1674,,,precipitacao_acumulada_6h,42.87,mm,30/41/60 mm,Precipitação acumulada calculada sobre as últimas 6 horas.
5022,1674,,2614,precipitacao_prevista_1h,37.54,mm,10/21/40 mm,Previsão meteorológica simulada para a próxima hora.
5023,1675,23542,,nivel_agua_percentagem,74.83,%,70/85/90%,Leitura máxima de nível de água na área.
5024,1675,,,precipitacao_acumulada_6h,58.68,mm,30/41/60 mm,Precipitação acumulada calculada sobre as últimas 6 horas.
5025,1675,,2616,precipitacao_prevista_1h,37.23,mm,10/21/40 mm,Previsão meteorológica simulada para a próxima hora.
5026,1676,23545,,nivel_agua_percentagem,49.16,%,70/85/90%,Leitura máxima de nível de água na área.
5027,1676,,,precipitacao_acumulada_6h,14.13,mm,30/41/60 mm,Precipitação acumulada calculada sobre as últimas 6 horas.
5028,1676,,2617,precipitacao_prevista_1h,15.79,mm,10/21/40 mm,Previsão meteorológica simulada para a próxima hora.
5029,1677,23560,,nivel_agua_percentagem,66.92,%,70/85/90%,Leitura máxima de nível de água na área.
5030,1677,,,precipitacao_acumulada_6h,40.38,mm,30/41/60 mm,Precipitação acumulada calculada sobre as últimas 6 horas.
5031,1677,,2618,precipitacao_prevista_1h,10.77,mm,10/21/40 mm,Previsão meteorológica simulada para a próxima hora.
5032,1678,23563,,nivel_agua_percentagem,56.27,%,70/85/90%,Leitura máxima de nível de água na área.
5033,1678,,,precipitacao_acumulada_6h,30.12,mm,30/41/60 mm,Precipitação acumulada calculada sobre as últimas 6 horas.
5034,1678,,2619,precipitacao_prevista_1h,0,mm,10/21/40 mm,Previsão meteorológica simulada para a próxima hora.
5035,1679,23578,,nivel_agua_percentagem,64.25,%,70/85/90%,Leitura máxima de nível de água na área.
5036,1679,,,precipitacao_acumulada_6h,37.85,mm,30/41/60 mm,Precipitação acumulada calculada sobre as últimas 6 horas.
5037,1679,,2620,precipitacao_prevista_1h,12.33,mm,10/21/40 mm,Previsão meteorológica simulada para a próxima hora.
5038,1680,23584,,nivel_agua_percentagem,63.17,%,70/85/90%,Leitura máxima de nível de água na área.
5039,1680,,,precipitacao_acumulada_6h,30.76,mm,30/41/60 mm,Precipitação acumulada calculada sobre as últimas 6 horas.
5040,1680,,2621,precipitacao_prevista_1h,26.25,mm,10/21/40 mm,Previsão meteorológica simulada para a próxima hora.
5041,1681,23590,,nivel_agua_percentagem,80.93,%,70/85/90%,Leitura máxima de nível de água na área.
5042,1681,,,precipitacao_acumulada_6h,62.45,mm,30/41/60 mm,Precipitação acumulada calculada sobre as últimas 6 horas.
5043,1681,,2622,precipitacao_prevista_1h,25.26,mm,10/21/40 mm,Previsão meteorológica simulada para a próxima hora.
5044,1682,23602,,nivel_agua_percentagem,52.73,%,70/85/90%,Leitura máxima de nível de água na área.
5045,1682,,,precipitacao_acumulada_6h,28.51,mm,30/41/60 mm,Precipitação acumulada calculada sobre as últimas 6 horas.
5046,1682,,2623,precipitacao_prevista_1h,0,mm,10/21/40 mm,Previsão meteorológica simulada para a próxima hora.
5047,1683,23608,,nivel_agua_percentagem,62.48,%,70/85/90%,Leitura máxima de nível de água na área.
5048,1683,,,precipitacao_acumulada_6h,40.03,mm,30/41/60 mm,Precipitação acumulada calculada sobre as últimas 6 horas.
5049,1683,,2624,precipitacao_prevista_1h,22.35,mm,10/21/40 mm,Previsão meteorológica simulada para a próxima hora.
5050,1684,23620,,nivel_agua_percentagem,65.19,%,70/85/90%,Leitura máxima de nível de água na área.
5051,1684,,,precipitacao_acumulada_6h,32.05,mm,30/41/60 mm,Precipitação acumulada calculada sobre as últimas 6 horas.
5052,1684,,2625,precipitacao_prevista_1h,0,mm,10/21/40 mm,Previsão meteorológica simulada para a próxima hora.
5053,1685,23632,,nivel_agua_percentagem,84.2,%,70/85/90%,Leitura máxima de nível de água na área.
5054,1685,,,precipitacao_acumulada_6h,62.45,mm,30/41/60 mm,Precipitação acumulada calculada sobre as últimas 6 horas.
5055,1685,,2626,precipitacao_prevista_1h,10.04,mm,10/21/40 mm,Previsão meteorológica simulada para a próxima hora.
5056,1686,23644,,nivel_agua_percentagem,59.92,%,70/85/90%,Leitura máxima de nível de água na área.
5057,1686,,,precipitacao_acumulada_6h,40.13,mm,30/41/60 mm,Precipitação acumulada calculada sobre as últimas 6 horas.
5058,1686,,2628,precipitacao_prevista_1h,6.1,mm,10/21/40 mm,Previsão meteorológica simulada para a próxima hora.
5059,1687,23656,,nivel_agua_percentagem,67.4,%,70/85/90%,Leitura máxima de nível de água na área.
5060,1687,,,precipitacao_acumulada_6h,30.72,mm,30/41/60 mm,Precipitação acumulada calculada sobre as últimas 6 horas.
5061,1687,,2629,precipitacao_prevista_1h,5.81,mm,10/21/40 mm,Previsão meteorológica simulada para a próxima hora.
5062,1688,23668,,nivel_agua_percentagem,95.24,%,70/85/90%,Leitura máxima de nível de água na área.
5063,1688,,,precipitacao_acumulada_6h,69.75,mm,30/41/60 mm,Precipitação acumulada calculada sobre as últimas 6 horas.
5064,1688,,2630,precipitacao_prevista_1h,4.05,mm,10/21/40 mm,Previsão meteorológica simulada para a próxima hora.
5065,1689,23677,,nivel_agua_percentagem,49.42,%,70/85/90%,Leitura máxima de nível de água na área.
5066,1689,,,precipitacao_acumulada_6h,26.68,mm,30/41/60 mm,Precipitação acumulada calculada sobre as últimas 6 horas.
5067,1689,,2631,precipitacao_prevista_1h,17.55,mm,10/21/40 mm,Previsão meteorológica simulada para a próxima hora.
5068,1690,23683,,nivel_agua_percentagem,56.71,%,70/85/90%,Leitura máxima de nível de água na área.
5069,1690,,,precipitacao_acumulada_6h,39.77,mm,30/41/60 mm,Precipitação acumulada calculada sobre as últimas 6 horas.
5070,1690,,2632,precipitacao_prevista_1h,12.35,mm,10/21/40 mm,Previsão meteorológica simulada para a próxima hora.
5071,1691,23689,,nivel_agua_percentagem,100,%,70/85/90%,Leitura máxima de nível de água na área.
5072,1691,,,precipitacao_acumulada_6h,92.12,mm,30/41/60 mm,Precipitação acumulada calculada sobre as últimas 6 horas.
5073,1691,,2633,precipitacao_prevista_1h,66.21,mm,10/21/40 mm,Previsão meteorológica simulada para a próxima hora.
5074,1692,23701,,nivel_agua_percentagem,95.12,%,70/85/90%,Leitura máxima de nível de água na área.
5075,1692,,,precipitacao_acumulada_6h,69.77,mm,30/41/60 mm,Precipitação acumulada calculada sobre as últimas 6 horas.
5076,1692,,2634,precipitacao_prevista_1h,0,mm,10/21/40 mm,Previsão meteorológica simulada para a próxima hora.
5077,1693,23707,,nivel_agua_percentagem,57.34,%,70/85/90%,Leitura máxima de nível de água na área.
5078,1693,,,precipitacao_acumulada_6h,27.85,mm,30/41/60 mm,Precipitação acumulada calculada sobre as últimas 6 horas.
5079,1693,,2635,precipitacao_prevista_1h,13.97,mm,10/21/40 mm,Previsão meteorológica simulada para a próxima hora.
5080,1694,23722,,nivel_agua_percentagem,61.82,%,70/85/90%,Leitura máxima de nível de água na área.
5081,1694,,,precipitacao_acumulada_6h,40,mm,30/41/60 mm,Precipitação acumulada calculada sobre as últimas 6 horas.
5082,1694,,2636,precipitacao_prevista_1h,0.16,mm,10/21/40 mm,Previsão meteorológica simulada para a próxima hora.
5083,1695,23725,,nivel_agua_percentagem,100,%,70/85/90%,Leitura máxima de nível de água na área.
5084,1695,,,precipitacao_acumulada_6h,96.14,mm,30/41/60 mm,Precipitação acumulada calculada sobre as últimas 6 horas.
5085,1695,,2637,precipitacao_prevista_1h,9.99,mm,10/21/40 mm,Previsão meteorológica simulada para a próxima hora.
5086,1696,23734,,nivel_agua_percentagem,65.73,%,70/85/90%,Leitura máxima de nível de água na área.
5087,1696,,,precipitacao_acumulada_6h,35.64,mm,30/41/60 mm,Precipitação acumulada calculada sobre as últimas 6 horas.
5088,1696,,2638,precipitacao_prevista_1h,7.51,mm,10/21/40 mm,Previsão meteorológica simulada para a próxima hora.
5089,1697,23764,,nivel_agua_percentagem,100,%,70/85/90%,Leitura máxima de nível de água na área.
5090,1697,,,precipitacao_acumulada_6h,94.66,mm,30/41/60 mm,Precipitação acumulada calculada sobre as últimas 6 horas.
5091,1697,,2641,precipitacao_prevista_1h,0,mm,10/21/40 mm,Previsão meteorológica simulada para a próxima hora.
5092,1698,23776,,nivel_agua_percentagem,62.05,%,70/85/90%,Leitura máxima de nível de água na área.
5093,1698,,,precipitacao_acumulada_6h,35.53,mm,30/41/60 mm,Precipitação acumulada calculada sobre as últimas 6 horas.
5094,1698,,2642,precipitacao_prevista_1h,6.87,mm,10/21/40 mm,Previsão meteorológica simulada para a próxima hora.
5095,1699,23785,,nivel_agua_percentagem,57.7,%,70/85/90%,Leitura máxima de nível de água na área.
5096,1699,,,precipitacao_acumulada_6h,27.74,mm,30/41/60 mm,Precipitação acumulada calculada sobre as últimas 6 horas.
5097,1699,,2643,precipitacao_prevista_1h,18.88,mm,10/21/40 mm,Previsão meteorológica simulada para a próxima hora.
5098,1700,23788,,nivel_agua_percentagem,29.99,%,70/85/90%,Leitura máxima de nível de água na área.
5099,1700,,,precipitacao_acumulada_6h,5.86,mm,30/41/60 mm,Precipitação acumulada calculada sobre as últimas 6 horas.
5100,1700,,2644,precipitacao_prevista_1h,0,mm,10/21/40 mm,Previsão meteorológica simulada para a próxima hora.
5101,1701,23797,,nivel_agua_percentagem,100,%,70/85/90%,Leitura máxima de nível de água na área.
5102,1701,,,precipitacao_acumulada_6h,131.86,mm,30/41/60 mm,Precipitação acumulada calculada sobre as últimas 6 horas.
5103,1701,,2645,precipitacao_prevista_1h,55.16,mm,10/21/40 mm,Previsão meteorológica simulada para a próxima hora.
5104,1702,23830,,nivel_agua_percentagem,33.65,%,70/85/90%,Leitura máxima de nível de água na área.
5105,1702,,,precipitacao_acumulada_6h,3.01,mm,30/41/60 mm,Precipitação acumulada calculada sobre as últimas 6 horas.
5106,1702,,2648,precipitacao_prevista_1h,12.01,mm,10/21/40 mm,Previsão meteorológica simulada para a próxima hora.
5107,1703,23833,,nivel_agua_percentagem,100,%,70/85/90%,Leitura máxima de nível de água na área.
5108,1703,,,precipitacao_acumulada_6h,131.24,mm,30/41/60 mm,Precipitação acumulada calculada sobre as últimas 6 horas.
5109,1703,,2649,precipitacao_prevista_1h,0,mm,10/21/40 mm,Previsão meteorológica simulada para a próxima hora.
5110,1704,23845,,nivel_agua_percentagem,44.6,%,70/85/90%,Leitura máxima de nível de água na área.
5111,1704,,,precipitacao_acumulada_6h,16.13,mm,30/41/60 mm,Precipitação acumulada calculada sobre as últimas 6 horas.
5112,1704,,2650,precipitacao_prevista_1h,12.39,mm,10/21/40 mm,Previsão meteorológica simulada para a próxima hora.
5113,1705,23851,,nivel_agua_percentagem,61.79,%,70/85/90%,Leitura máxima de nível de água na área.
5114,1705,,,precipitacao_acumulada_6h,29.44,mm,30/41/60 mm,Precipitação acumulada calculada sobre as últimas 6 horas.
5115,1705,,2651,precipitacao_prevista_1h,15.4,mm,10/21/40 mm,Previsão meteorológica simulada para a próxima hora.
5116,1706,23869,,nivel_agua_percentagem,100,%,70/85/90%,Leitura máxima de nível de água na área.
5117,1706,,,precipitacao_acumulada_6h,128.07,mm,30/41/60 mm,Precipitação acumulada calculada sobre as últimas 6 horas.
5118,1706,,2653,precipitacao_prevista_1h,0,mm,10/21/40 mm,Previsão meteorológica simulada para a próxima hora.
5119,1707,23899,,nivel_agua_percentagem,28.71,%,70/85/90%,Leitura máxima de nível de água na área.
5120,1707,,,precipitacao_acumulada_6h,2.89,mm,30/41/60 mm,Precipitação acumulada calculada sobre as últimas 6 horas.
5121,1707,,2656,precipitacao_prevista_1h,13.62,mm,10/21/40 mm,Previsão meteorológica simulada para a próxima hora.
5122,1708,23911,,nivel_agua_percentagem,95.77,%,70/85/90%,Leitura máxima de nível de água na área.
5123,1708,,,precipitacao_acumulada_6h,62.37,mm,30/41/60 mm,Precipitação acumulada calculada sobre as últimas 6 horas.
5124,1708,,2657,precipitacao_prevista_1h,14.71,mm,10/21/40 mm,Previsão meteorológica simulada para a próxima hora.
5125,1709,23914,,nivel_agua_percentagem,38.84,%,70/85/90%,Leitura máxima de nível de água na área.
5126,1709,,,precipitacao_acumulada_6h,9.76,mm,30/41/60 mm,Precipitação acumulada calculada sobre as últimas 6 horas.
5127,1709,,2658,precipitacao_prevista_1h,14.32,mm,10/21/40 mm,Previsão meteorológica simulada para a próxima hora.
5128,1710,23926,,nivel_agua_percentagem,43.29,%,70/85/90%,Leitura máxima de nível de água na área.
5129,1710,,,precipitacao_acumulada_6h,20.06,mm,30/41/60 mm,Precipitação acumulada calculada sobre as últimas 6 horas.
5130,1710,,2659,precipitacao_prevista_1h,13.76,mm,10/21/40 mm,Previsão meteorológica simulada para a próxima hora.
5131,1711,23947,,nivel_agua_percentagem,94.61,%,70/85/90%,Leitura máxima de nível de água na área.
5132,1711,,,precipitacao_acumulada_6h,61.34,mm,30/41/60 mm,Precipitação acumulada calculada sobre as últimas 6 horas.
5133,1711,,2661,precipitacao_prevista_1h,7.25,mm,10/21/40 mm,Previsão meteorológica simulada para a próxima hora.
5134,1712,23956,,nivel_agua_percentagem,42.33,%,70/85/90%,Leitura máxima de nível de água na área.
5135,1712,,,precipitacao_acumulada_6h,11.04,mm,30/41/60 mm,Precipitação acumulada calculada sobre as últimas 6 horas.
5136,1712,,2662,precipitacao_prevista_1h,15.95,mm,10/21/40 mm,Previsão meteorológica simulada para a próxima hora.
5137,1713,23977,,nivel_agua_percentagem,90.22,%,70/85/90%,Leitura máxima de nível de água na área.
5138,1713,,,precipitacao_acumulada_6h,64.48,mm,30/41/60 mm,Precipitação acumulada calculada sobre as últimas 6 horas.
5139,1713,,2665,precipitacao_prevista_1h,3.13,mm,10/21/40 mm,Previsão meteorológica simulada para a próxima hora.
5140,1714,24010,,nivel_agua_percentagem,29.67,%,70/85/90%,Leitura máxima de nível de água na área.
5141,1714,,,precipitacao_acumulada_6h,2.31,mm,30/41/60 mm,Precipitação acumulada calculada sobre as últimas 6 horas.
5142,1714,,2668,precipitacao_prevista_1h,10.18,mm,10/21/40 mm,Previsão meteorológica simulada para a próxima hora.
5143,1715,24043,,nivel_agua_percentagem,26.7,%,70/85/90%,Leitura máxima de nível de água na área.
5144,1715,,,precipitacao_acumulada_6h,2.78,mm,30/41/60 mm,Precipitação acumulada calculada sobre as últimas 6 horas.
5145,1715,,2672,precipitacao_prevista_1h,16.54,mm,10/21/40 mm,Previsão meteorológica simulada para a próxima hora.
5146,1716,24049,,nivel_agua_percentagem,43.01,%,70/85/90%,Leitura máxima de nível de água na área.
5147,1716,,,precipitacao_acumulada_6h,8.56,mm,30/41/60 mm,Precipitação acumulada calculada sobre as últimas 6 horas.
5148,1716,,2673,precipitacao_prevista_1h,11.17,mm,10/21/40 mm,Previsão meteorológica simulada para a próxima hora.
5149,1717,24061,,nivel_agua_percentagem,38.58,%,70/85/90%,Leitura máxima de nível de água na área.
5150,1717,,,precipitacao_acumulada_6h,7.18,mm,30/41/60 mm,Precipitação acumulada calculada sobre as últimas 6 horas.
5151,1717,,2674,precipitacao_prevista_1h,14.01,mm,10/21/40 mm,Previsão meteorológica simulada para a próxima hora.
5152,1718,24073,,nivel_agua_percentagem,45.02,%,70/85/90%,Leitura máxima de nível de água na área.
5153,1718,,,precipitacao_acumulada_6h,19.63,mm,30/41/60 mm,Precipitação acumulada calculada sobre as últimas 6 horas.
5154,1718,,2675,precipitacao_prevista_1h,13.93,mm,10/21/40 mm,Previsão meteorológica simulada para a próxima hora.
5155,1719,24091,,nivel_agua_percentagem,69.46,%,70/85/90%,Leitura máxima de nível de água na área.
5156,1719,,,precipitacao_acumulada_6h,41.77,mm,30/41/60 mm,Precipitação acumulada calculada sobre as últimas 6 horas.
5157,1719,,2677,precipitacao_prevista_1h,49.71,mm,10/21/40 mm,Previsão meteorológica simulada para a próxima hora.
5158,1720,24103,,nivel_agua_percentagem,64.81,%,70/85/90%,Leitura máxima de nível de água na área.
5159,1720,,,precipitacao_acumulada_6h,38.91,mm,30/41/60 mm,Precipitação acumulada calculada sobre as últimas 6 horas.
5160,1720,,2679,precipitacao_prevista_1h,31.51,mm,10/21/40 mm,Previsão meteorológica simulada para a próxima hora.
5161,1721,24127,,nivel_agua_percentagem,73.05,%,70/85/90%,Leitura máxima de nível de água na área.
5162,1721,,,precipitacao_acumulada_6h,41.77,mm,30/41/60 mm,Precipitação acumulada calculada sobre as últimas 6 horas.
5163,1721,,2681,precipitacao_prevista_1h,0,mm,10/21/40 mm,Previsão meteorológica simulada para a próxima hora.
5164,1722,24154,,nivel_agua_percentagem,30.15,%,70/85/90%,Leitura máxima de nível de água na área.
5165,1722,,,precipitacao_acumulada_6h,3.75,mm,30/41/60 mm,Precipitação acumulada calculada sobre as últimas 6 horas.
5166,1722,,2684,precipitacao_prevista_1h,24.45,mm,10/21/40 mm,Previsão meteorológica simulada para a próxima hora.
5167,1723,24160,,nivel_agua_percentagem,73.89,%,70/85/90%,Leitura máxima de nível de água na área.
5168,1723,,,precipitacao_acumulada_6h,41.69,mm,30/41/60 mm,Precipitação acumulada calculada sobre as últimas 6 horas.
5169,1723,,2685,precipitacao_prevista_1h,0.47,mm,10/21/40 mm,Previsão meteorológica simulada para a próxima hora.
5170,1724,24169,,nivel_agua_percentagem,35.7,%,70/85/90%,Leitura máxima de nível de água na área.
5171,1724,,,precipitacao_acumulada_6h,5.05,mm,30/41/60 mm,Precipitação acumulada calculada sobre as últimas 6 horas.
5172,1724,,2686,precipitacao_prevista_1h,14.22,mm,10/21/40 mm,Previsão meteorológica simulada para a próxima hora.
5173,1725,24193,,nivel_agua_percentagem,70.79,%,70/85/90%,Leitura máxima de nível de água na área.
5174,1725,,,precipitacao_acumulada_6h,39.52,mm,30/41/60 mm,Precipitação acumulada calculada sobre as últimas 6 horas.
5175,1725,,2689,precipitacao_prevista_1h,17.59,mm,10/21/40 mm,Previsão meteorológica simulada para a próxima hora.
5176,1726,24223,,nivel_agua_percentagem,35.21,%,70/85/90%,Leitura máxima de nível de água na área.
5177,1726,,,precipitacao_acumulada_6h,8.19,mm,30/41/60 mm,Precipitação acumulada calculada sobre as últimas 6 horas.
5178,1726,,2692,precipitacao_prevista_1h,10.9,mm,10/21/40 mm,Previsão meteorológica simulada para a próxima hora.
5179,1727,24232,,nivel_agua_percentagem,100,%,70/85/90%,Leitura máxima de nível de água na área.
5180,1727,,,precipitacao_acumulada_6h,73.78,mm,30/41/60 mm,Precipitação acumulada calculada sobre as últimas 6 horas.
5181,1727,,2693,precipitacao_prevista_1h,29.42,mm,10/21/40 mm,Previsão meteorológica simulada para a próxima hora.
5182,1728,24241,,nivel_agua_percentagem,38.48,%,70/85/90%,Leitura máxima de nível de água na área.
5183,1728,,,precipitacao_acumulada_6h,6.6,mm,30/41/60 mm,Precipitação acumulada calculada sobre as últimas 6 horas.
5184,1728,,2694,precipitacao_prevista_1h,15.99,mm,10/21/40 mm,Previsão meteorológica simulada para a próxima hora.
5185,1729,24247,,nivel_agua_percentagem,62.56,%,70/85/90%,Leitura máxima de nível de água na área.
5186,1729,,,precipitacao_acumulada_6h,31.55,mm,30/41/60 mm,Precipitação acumulada calculada sobre as últimas 6 horas.
5187,1729,,2695,precipitacao_prevista_1h,14.45,mm,10/21/40 mm,Previsão meteorológica simulada para a próxima hora.
5188,1730,24268,,nivel_agua_percentagem,100,%,70/85/90%,Leitura máxima de nível de água na área.
5189,1730,,,precipitacao_acumulada_6h,73.6,mm,30/41/60 mm,Precipitação acumulada calculada sobre as últimas 6 horas.
5190,1730,,2697,precipitacao_prevista_1h,16.24,mm,10/21/40 mm,Previsão meteorológica simulada para a próxima hora.
5191,1731,24286,,nivel_agua_percentagem,57.45,%,70/85/90%,Leitura máxima de nível de água na área.
5192,1731,,,precipitacao_acumulada_6h,32.25,mm,30/41/60 mm,Precipitação acumulada calculada sobre as últimas 6 horas.
5193,1731,,2699,precipitacao_prevista_1h,5.15,mm,10/21/40 mm,Previsão meteorológica simulada para a próxima hora.
5194,1732,24298,,nivel_agua_percentagem,33.48,%,70/85/90%,Leitura máxima de nível de água na área.
5195,1732,,,precipitacao_acumulada_6h,8.33,mm,30/41/60 mm,Precipitação acumulada calculada sobre as últimas 6 horas.
5196,1732,,2700,precipitacao_prevista_1h,13.78,mm,10/21/40 mm,Previsão meteorológica simulada para a próxima hora.
5197,1733,24304,,nivel_agua_percentagem,76.39,%,70/85/90%,Leitura máxima de nível de água na área.
5198,1733,,,precipitacao_acumulada_6h,39.99,mm,30/41/60 mm,Precipitação acumulada calculada sobre as últimas 6 horas.
5199,1733,,2701,precipitacao_prevista_1h,3.74,mm,10/21/40 mm,Previsão meteorológica simulada para a próxima hora.
5200,1734,24340,,nivel_agua_percentagem,100,%,70/85/90%,Leitura máxima de nível de água na área.
5201,1734,,,precipitacao_acumulada_6h,76.79,mm,30/41/60 mm,Precipitação acumulada calculada sobre as últimas 6 horas.
5202,1734,,2705,precipitacao_prevista_1h,59.61,mm,10/21/40 mm,Previsão meteorológica simulada para a próxima hora.
5203,1735,24349,,nivel_agua_percentagem,45.41,%,70/85/90%,Leitura máxima de nível de água na área.
5204,1735,,,precipitacao_acumulada_6h,8.14,mm,30/41/60 mm,Precipitação acumulada calculada sobre as últimas 6 horas.
5205,1735,,2706,precipitacao_prevista_1h,0.67,mm,10/21/40 mm,Previsão meteorológica simulada para a próxima hora.
5206,1736,24370,,nivel_agua_percentagem,33.69,%,70/85/90%,Leitura máxima de nível de água na área.
5207,1736,,,precipitacao_acumulada_6h,12.65,mm,30/41/60 mm,Precipitação acumulada calculada sobre as últimas 6 horas.
5208,1736,,2708,precipitacao_prevista_1h,11.9,mm,10/21/40 mm,Previsão meteorológica simulada para a próxima hora.
5209,1737,24379,,nivel_agua_percentagem,100,%,70/85/90%,Leitura máxima de nível de água na área.
5210,1737,,,precipitacao_acumulada_6h,75.74,mm,30/41/60 mm,Precipitação acumulada calculada sobre as últimas 6 horas.
5211,1737,,2709,precipitacao_prevista_1h,6.7,mm,10/21/40 mm,Previsão meteorológica simulada para a próxima hora.
5212,1738,24382,,nivel_agua_percentagem,40.99,%,70/85/90%,Leitura máxima de nível de água na área.
5213,1738,,,precipitacao_acumulada_6h,8.2,mm,30/41/60 mm,Precipitação acumulada calculada sobre as últimas 6 horas.
5214,1738,,2710,precipitacao_prevista_1h,15.51,mm,10/21/40 mm,Previsão meteorológica simulada para a próxima hora.
5215,1739,24412,,nivel_agua_percentagem,100,%,70/85/90%,Leitura máxima de nível de água na área.
5216,1739,,,precipitacao_acumulada_6h,76.62,mm,30/41/60 mm,Precipitação acumulada calculada sobre as últimas 6 horas.
5217,1739,,2713,precipitacao_prevista_1h,0,mm,10/21/40 mm,Previsão meteorológica simulada para a próxima hora.
5218,1740,24433,,nivel_agua_percentagem,37.83,%,70/85/90%,Leitura máxima de nível de água na área.
5219,1740,,,precipitacao_acumulada_6h,12.78,mm,30/41/60 mm,Precipitação acumulada calculada sobre as últimas 6 horas.
5220,1740,,2715,precipitacao_prevista_1h,25.74,mm,10/21/40 mm,Previsão meteorológica simulada para a próxima hora.
5221,1741,24448,,nivel_agua_percentagem,83.25,%,70/85/90%,Leitura máxima de nível de água na área.
5222,1741,,,precipitacao_acumulada_6h,43.93,mm,30/41/60 mm,Precipitação acumulada calculada sobre as últimas 6 horas.
5223,1741,,2717,precipitacao_prevista_1h,1.66,mm,10/21/40 mm,Previsão meteorológica simulada para a próxima hora.
5224,1742,24460,,nivel_agua_percentagem,84.2,%,70/85/90%,Leitura máxima de nível de água na área.
5225,1742,,,precipitacao_acumulada_6h,68.13,mm,30/41/60 mm,Precipitação acumulada calculada sobre as últimas 6 horas.
5226,1742,,2718,precipitacao_prevista_1h,70,mm,10/21/40 mm,Previsão meteorológica simulada para a próxima hora.
5227,1743,24478,,nivel_agua_percentagem,44.77,%,70/85/90%,Leitura máxima de nível de água na área.
5228,1743,,,precipitacao_acumulada_6h,16.7,mm,30/41/60 mm,Precipitação acumulada calculada sobre as últimas 6 horas.
5229,1743,,2720,precipitacao_prevista_1h,32.7,mm,10/21/40 mm,Previsão meteorológica simulada para a próxima hora.
5230,1744,24481,,nivel_agua_percentagem,85.25,%,70/85/90%,Leitura máxima de nível de água na área.
5231,1744,,,precipitacao_acumulada_6h,49.68,mm,30/41/60 mm,Precipitação acumulada calculada sobre as últimas 6 horas.
5232,1744,,2721,precipitacao_prevista_1h,9.61,mm,10/21/40 mm,Previsão meteorológica simulada para a próxima hora.
5233,1745,24490,,nivel_agua_percentagem,100,%,70/85/90%,Leitura máxima de nível de água na área.
5234,1745,,,precipitacao_acumulada_6h,96.19,mm,30/41/60 mm,Precipitação acumulada calculada sobre as últimas 6 horas.
5235,1745,,2722,precipitacao_prevista_1h,38.89,mm,10/21/40 mm,Previsão meteorológica simulada para a próxima hora.
5236,1746,24520,,nivel_agua_percentagem,79.77,%,70/85/90%,Leitura máxima de nível de água na área.
5237,1746,,,precipitacao_acumulada_6h,48.93,mm,30/41/60 mm,Precipitação acumulada calculada sobre as últimas 6 horas.
5238,1746,,2725,precipitacao_prevista_1h,0,mm,10/21/40 mm,Previsão meteorológica simulada para a próxima hora.
5239,1747,24526,,nivel_agua_percentagem,100,%,70/85/90%,Leitura máxima de nível de água na área.
5240,1747,,,precipitacao_acumulada_6h,98.37,mm,30/41/60 mm,Precipitação acumulada calculada sobre as últimas 6 horas.
5241,1747,,2726,precipitacao_prevista_1h,26.99,mm,10/21/40 mm,Previsão meteorológica simulada para a próxima hora.
5242,1748,24562,,nivel_agua_percentagem,100,%,70/85/90%,Leitura máxima de nível de água na área.
5243,1748,,,precipitacao_acumulada_6h,99.95,mm,30/41/60 mm,Precipitação acumulada calculada sobre as últimas 6 horas.
5244,1748,,2730,precipitacao_prevista_1h,0,mm,10/21/40 mm,Previsão meteorológica simulada para a próxima hora.
5245,1749,24571,,nivel_agua_percentagem,41.93,%,70/85/90%,Leitura máxima de nível de água na área.
5246,1749,,,precipitacao_acumulada_6h,10,mm,30/41/60 mm,Precipitação acumulada calculada sobre as últimas 6 horas.
5247,1749,,2731,precipitacao_prevista_1h,15.06,mm,10/21/40 mm,Previsão meteorológica simulada para a próxima hora.
5248,1750,24589,,nivel_agua_percentagem,51.22,%,70/85/90%,Leitura máxima de nível de água na área.
5249,1750,,,precipitacao_acumulada_6h,13.56,mm,30/41/60 mm,Precipitação acumulada calculada sobre as últimas 6 horas.
5250,1750,,2733,precipitacao_prevista_1h,26.57,mm,10/21/40 mm,Previsão meteorológica simulada para a próxima hora.
5251,1751,24598,,nivel_agua_percentagem,100,%,70/85/90%,Leitura máxima de nível de água na área.
5252,1751,,,precipitacao_acumulada_6h,100.94,mm,30/41/60 mm,Precipitação acumulada calculada sobre as últimas 6 horas.
5253,1751,,2734,precipitacao_prevista_1h,0,mm,10/21/40 mm,Previsão meteorológica simulada para a próxima hora.
5254,1752,24625,,nivel_agua_percentagem,74.86,%,70/85/90%,Leitura máxima de nível de água na área.
5255,1752,,,precipitacao_acumulada_6h,43.5,mm,30/41/60 mm,Precipitação acumulada calculada sobre as últimas 6 horas.
5256,1752,,2737,precipitacao_prevista_1h,47.39,mm,10/21/40 mm,Previsão meteorológica simulada para a próxima hora.
5257,1753,24634,,nivel_agua_percentagem,100,%,70/85/90%,Leitura máxima de nível de água na área.
5258,1753,,,precipitacao_acumulada_6h,103.56,mm,30/41/60 mm,Precipitação acumulada calculada sobre as últimas 6 horas.
5259,1753,,2738,precipitacao_prevista_1h,18.84,mm,10/21/40 mm,Previsão meteorológica simulada para a próxima hora.
5260,1754,24664,,nivel_agua_percentagem,75.74,%,70/85/90%,Leitura máxima de nível de água na área.
5261,1754,,,precipitacao_acumulada_6h,42.02,mm,30/41/60 mm,Precipitação acumulada calculada sobre as últimas 6 horas.
5262,1754,,2741,precipitacao_prevista_1h,0,mm,10/21/40 mm,Previsão meteorológica simulada para a próxima hora.
5263,1755,24673,,nivel_agua_percentagem,75.34,%,70/85/90%,Leitura máxima de nível de água na área.
5264,1755,,,precipitacao_acumulada_6h,42.53,mm,30/41/60 mm,Precipitação acumulada calculada sobre as últimas 6 horas.
5265,1755,,2742,precipitacao_prevista_1h,0.23,mm,10/21/40 mm,Previsão meteorológica simulada para a próxima hora.
5266,1756,24685,,nivel_agua_percentagem,36.47,%,70/85/90%,Leitura máxima de nível de água na área.
5267,1756,,,precipitacao_acumulada_6h,7.43,mm,30/41/60 mm,Precipitação acumulada calculada sobre as últimas 6 horas.
5268,1756,,2743,precipitacao_prevista_1h,26.03,mm,10/21/40 mm,Previsão meteorológica simulada para a próxima hora.
5269,1757,24688,,nivel_agua_percentagem,41.61,%,70/85/90%,Leitura máxima de nível de água na área.
5270,1757,,,precipitacao_acumulada_6h,16.1,mm,30/41/60 mm,Precipitação acumulada calculada sobre as últimas 6 horas.
5271,1757,,2744,precipitacao_prevista_1h,12.29,mm,10/21/40 mm,Previsão meteorológica simulada para a próxima hora.
5272,1758,24697,,nivel_agua_percentagem,71.08,%,70/85/90%,Leitura máxima de nível de água na área.
5273,1758,,,precipitacao_acumulada_6h,38.42,mm,30/41/60 mm,Precipitação acumulada calculada sobre as últimas 6 horas.
5274,1758,,2745,precipitacao_prevista_1h,3.96,mm,10/21/40 mm,Previsão meteorológica simulada para a próxima hora.
5275,1759,24718,,nivel_agua_percentagem,59.13,%,70/85/90%,Leitura máxima de nível de água na área.
5276,1759,,,precipitacao_acumulada_6h,36.6,mm,30/41/60 mm,Precipitação acumulada calculada sobre as últimas 6 horas.
5277,1759,,2747,precipitacao_prevista_1h,35.48,mm,10/21/40 mm,Previsão meteorológica simulada para a próxima hora.
5278,1760,24739,,nivel_agua_percentagem,71.65,%,70/85/90%,Leitura máxima de nível de água na área.
5279,1760,,,precipitacao_acumulada_6h,40.42,mm,30/41/60 mm,Precipitação acumulada calculada sobre as últimas 6 horas.
5280,1760,,2749,precipitacao_prevista_1h,0,mm,10/21/40 mm,Previsão meteorológica simulada para a próxima hora.
5281,1761,24742,,nivel_agua_percentagem,46.94,%,70/85/90%,Leitura máxima de nível de água na área.
5282,1761,,,precipitacao_acumulada_6h,12.92,mm,30/41/60 mm,Precipitação acumulada calculada sobre as últimas 6 horas.
5283,1761,,2750,precipitacao_prevista_1h,10.68,mm,10/21/40 mm,Previsão meteorológica simulada para a próxima hora.
5284,1762,24751,,nivel_agua_percentagem,61.47,%,70/85/90%,Leitura máxima de nível de água na área.
5285,1762,,,precipitacao_acumulada_6h,34.75,mm,30/41/60 mm,Precipitação acumulada calculada sobre as últimas 6 horas.
5286,1762,,2751,precipitacao_prevista_1h,0,mm,10/21/40 mm,Previsão meteorológica simulada para a próxima hora.
5287,1763,24775,,nivel_agua_percentagem,75.09,%,70/85/90%,Leitura máxima de nível de água na área.
5288,1763,,,precipitacao_acumulada_6h,42.71,mm,30/41/60 mm,Precipitação acumulada calculada sobre as últimas 6 horas.
5289,1763,,2753,precipitacao_prevista_1h,0,mm,10/21/40 mm,Previsão meteorológica simulada para a próxima hora.
5290,1764,24778,,nivel_agua_percentagem,42.07,%,70/85/90%,Leitura máxima de nível de água na área.
5291,1764,,,precipitacao_acumulada_6h,10.69,mm,30/41/60 mm,Precipitação acumulada calculada sobre as últimas 6 horas.
5292,1764,,2754,precipitacao_prevista_1h,12.8,mm,10/21/40 mm,Previsão meteorológica simulada para a próxima hora.
5293,1765,24787,,nivel_agua_percentagem,59.91,%,70/85/90%,Leitura máxima de nível de água na área.
5294,1765,,,precipitacao_acumulada_6h,36.94,mm,30/41/60 mm,Precipitação acumulada calculada sobre as últimas 6 horas.
5295,1765,,2755,precipitacao_prevista_1h,10.66,mm,10/21/40 mm,Previsão meteorológica simulada para a próxima hora.
5296,1766,24805,,nivel_agua_percentagem,72.65,%,70/85/90%,Leitura máxima de nível de água na área.
5297,1766,,,precipitacao_acumulada_6h,40.01,mm,30/41/60 mm,Precipitação acumulada calculada sobre as últimas 6 horas.
5298,1766,,2757,precipitacao_prevista_1h,0.08,mm,10/21/40 mm,Previsão meteorológica simulada para a próxima hora.
5299,1767,24820,,nivel_agua_percentagem,43.24,%,70/85/90%,Leitura máxima de nível de água na área.
5300,1767,,,precipitacao_acumulada_6h,11.81,mm,30/41/60 mm,Precipitação acumulada calculada sobre as últimas 6 horas.
5301,1767,,2758,precipitacao_prevista_1h,11.51,mm,10/21/40 mm,Previsão meteorológica simulada para a próxima hora.
5302,1768,24823,,nivel_agua_percentagem,62.34,%,70/85/90%,Leitura máxima de nível de água na área.
5303,1768,,,precipitacao_acumulada_6h,37.88,mm,30/41/60 mm,Precipitação acumulada calculada sobre as últimas 6 horas.
5304,1768,,2759,precipitacao_prevista_1h,1.8,mm,10/21/40 mm,Previsão meteorológica simulada para a próxima hora.
5305,1769,24841,,nivel_agua_percentagem,49.85,%,70/85/90%,Leitura máxima de nível de água na área.
5306,1769,,,precipitacao_acumulada_6h,10.18,mm,30/41/60 mm,Precipitação acumulada calculada sobre as últimas 6 horas.
5307,1769,,2761,precipitacao_prevista_1h,21.11,mm,10/21/40 mm,Previsão meteorológica simulada para a próxima hora.
5308,1770,24853,,nivel_agua_percentagem,38.82,%,70/85/90%,Leitura máxima de nível de água na área.
5309,1770,,,precipitacao_acumulada_6h,10.08,mm,30/41/60 mm,Precipitação acumulada calculada sobre as últimas 6 horas.
5310,1770,,2762,precipitacao_prevista_1h,13.45,mm,10/21/40 mm,Previsão meteorológica simulada para a próxima hora.
5311,1771,24859,,nivel_agua_percentagem,62.21,%,70/85/90%,Leitura máxima de nível de água na área.
5312,1771,,,precipitacao_acumulada_6h,39.6,mm,30/41/60 mm,Precipitação acumulada calculada sobre as últimas 6 horas.
5313,1771,,2763,precipitacao_prevista_1h,9.86,mm,10/21/40 mm,Previsão meteorológica simulada para a próxima hora.
5314,1772,24874,,nivel_agua_percentagem,31.24,%,70/85/90%,Leitura máxima de nível de água na área.
5315,1772,,,precipitacao_acumulada_6h,5.34,mm,30/41/60 mm,Precipitação acumulada calculada sobre as últimas 6 horas.
5316,1772,,2764,precipitacao_prevista_1h,10.59,mm,10/21/40 mm,Previsão meteorológica simulada para a próxima hora.
5317,1773,24895,,nivel_agua_percentagem,69.24,%,70/85/90%,Leitura máxima de nível de água na área.
5318,1773,,,precipitacao_acumulada_6h,42.57,mm,30/41/60 mm,Precipitação acumulada calculada sobre as últimas 6 horas.
5319,1773,,2767,precipitacao_prevista_1h,4.8,mm,10/21/40 mm,Previsão meteorológica simulada para a próxima hora.
5320,1774,24913,,nivel_agua_percentagem,44.56,%,70/85/90%,Leitura máxima de nível de água na área.
5321,1774,,,precipitacao_acumulada_6h,10.84,mm,30/41/60 mm,Precipitação acumulada calculada sobre as últimas 6 horas.
5322,1774,,2769,precipitacao_prevista_1h,11.96,mm,10/21/40 mm,Previsão meteorológica simulada para a próxima hora.
5323,1775,24922,,nivel_agua_percentagem,41.79,%,70/85/90%,Leitura máxima de nível de água na área.
5324,1775,,,precipitacao_acumulada_6h,9.45,mm,30/41/60 mm,Precipitação acumulada calculada sobre as últimas 6 horas.
5325,1775,,2770,precipitacao_prevista_1h,35.34,mm,10/21/40 mm,Previsão meteorológica simulada para a próxima hora.
5326,1776,24946,,nivel_agua_percentagem,36.77,%,70/85/90%,Leitura máxima de nível de água na área.
5327,1776,,,precipitacao_acumulada_6h,6.23,mm,30/41/60 mm,Precipitação acumulada calculada sobre as últimas 6 horas.
5328,1776,,2772,precipitacao_prevista_1h,10.56,mm,10/21/40 mm,Previsão meteorológica simulada para a próxima hora.
5329,1777,24964,,nivel_agua_percentagem,45.48,%,70/85/90%,Leitura máxima de nível de água na área.
5330,1777,,,precipitacao_acumulada_6h,9.78,mm,30/41/60 mm,Precipitação acumulada calculada sobre as últimas 6 horas.
5331,1777,,2774,precipitacao_prevista_1h,14.2,mm,10/21/40 mm,Previsão meteorológica simulada para a próxima hora.
5332,1778,24991,,nivel_agua_percentagem,51.28,%,70/85/90%,Leitura máxima de nível de água na área.
5333,1778,,,precipitacao_acumulada_6h,11.41,mm,30/41/60 mm,Precipitação acumulada calculada sobre as últimas 6 horas.
5334,1778,,2777,precipitacao_prevista_1h,13.47,mm,10/21/40 mm,Previsão meteorológica simulada para a próxima hora.
5335,1779,24994,,nivel_agua_percentagem,65.2,%,70/85/90%,Leitura máxima de nível de água na área.
5336,1779,,,precipitacao_acumulada_6h,33.79,mm,30/41/60 mm,Precipitação acumulada calculada sobre as últimas 6 horas.
5337,1779,,2778,precipitacao_prevista_1h,31.02,mm,10/21/40 mm,Previsão meteorológica simulada para a próxima hora.
5338,1780,25030,,nivel_agua_percentagem,67.29,%,70/85/90%,Leitura máxima de nível de água na área.
5339,1780,,,precipitacao_acumulada_6h,33.6,mm,30/41/60 mm,Precipitação acumulada calculada sobre as últimas 6 horas.
5340,1780,,2782,precipitacao_prevista_1h,14.99,mm,10/21/40 mm,Previsão meteorológica simulada para a próxima hora.
5341,1781,25054,,nivel_agua_percentagem,36.68,%,70/85/90%,Leitura máxima de nível de água na área.
5342,1781,,,precipitacao_acumulada_6h,13.25,mm,30/41/60 mm,Precipitação acumulada calculada sobre as últimas 6 horas.
5343,1781,,2784,precipitacao_prevista_1h,10.58,mm,10/21/40 mm,Previsão meteorológica simulada para a próxima hora.
5344,1782,25069,,nivel_agua_percentagem,64.2,%,70/85/90%,Leitura máxima de nível de água na área.
5345,1782,,,precipitacao_acumulada_6h,33.75,mm,30/41/60 mm,Precipitação acumulada calculada sobre as últimas 6 horas.
5346,1782,,2786,precipitacao_prevista_1h,1.96,mm,10/21/40 mm,Previsão meteorológica simulada para a próxima hora.
5347,1783,25093,,nivel_agua_percentagem,50.37,%,70/85/90%,Leitura máxima de nível de água na área.
5348,1783,,,precipitacao_acumulada_6h,14.71,mm,30/41/60 mm,Precipitação acumulada calculada sobre as últimas 6 horas.
5349,1783,,2789,precipitacao_prevista_1h,12.99,mm,10/21/40 mm,Previsão meteorológica simulada para a próxima hora.
5350,1784,25105,,nivel_agua_percentagem,62.45,%,70/85/90%,Leitura máxima de nível de água na área.
5351,1784,,,precipitacao_acumulada_6h,34.68,mm,30/41/60 mm,Precipitação acumulada calculada sobre as últimas 6 horas.
5352,1784,,2790,precipitacao_prevista_1h,4.37,mm,10/21/40 mm,Previsão meteorológica simulada para a próxima hora.
5353,1785,25123,,nivel_agua_percentagem,65.94,%,70/85/90%,Leitura máxima de nível de água na área.
5354,1785,,,precipitacao_acumulada_6h,54.45,mm,30/41/60 mm,Precipitação acumulada calculada sobre as últimas 6 horas.
5355,1785,,2792,precipitacao_prevista_1h,44.63,mm,10/21/40 mm,Previsão meteorológica simulada para a próxima hora.
5356,1786,25141,,nivel_agua_percentagem,61.38,%,70/85/90%,Leitura máxima de nível de água na área.
5357,1786,,,precipitacao_acumulada_6h,34.67,mm,30/41/60 mm,Precipitação acumulada calculada sobre as últimas 6 horas.
5358,1786,,2794,precipitacao_prevista_1h,10.69,mm,10/21/40 mm,Previsão meteorológica simulada para a próxima hora.
5359,1787,25156,,nivel_agua_percentagem,70.52,%,70/85/90%,Leitura máxima de nível de água na área.
5360,1787,,,precipitacao_acumulada_6h,53.17,mm,30/41/60 mm,Precipitação acumulada calculada sobre as últimas 6 horas.
5361,1787,,2796,precipitacao_prevista_1h,3.71,mm,10/21/40 mm,Previsão meteorológica simulada para a próxima hora.
5362,1788,25177,,nivel_agua_percentagem,66,%,70/85/90%,Leitura máxima de nível de água na área.
5363,1788,,,precipitacao_acumulada_6h,33.61,mm,30/41/60 mm,Precipitação acumulada calculada sobre as últimas 6 horas.
5364,1788,,2798,precipitacao_prevista_1h,17.54,mm,10/21/40 mm,Previsão meteorológica simulada para a próxima hora.
5365,1789,25195,,nivel_agua_percentagem,70.81,%,70/85/90%,Leitura máxima de nível de água na área.
5366,1789,,,precipitacao_acumulada_6h,53.93,mm,30/41/60 mm,Precipitação acumulada calculada sobre as últimas 6 horas.
5367,1789,,2800,precipitacao_prevista_1h,6.12,mm,10/21/40 mm,Previsão meteorológica simulada para a próxima hora.
5368,1790,25210,,nivel_agua_percentagem,44.45,%,70/85/90%,Leitura máxima de nível de água na área.
5369,1790,,,precipitacao_acumulada_6h,12.11,mm,30/41/60 mm,Precipitação acumulada calculada sobre as últimas 6 horas.
5370,1790,,2802,precipitacao_prevista_1h,17.31,mm,10/21/40 mm,Previsão meteorológica simulada para a próxima hora.
5371,1791,25225,,nivel_agua_percentagem,42.81,%,70/85/90%,Leitura máxima de nível de água na área.
5372,1791,,,precipitacao_acumulada_6h,12.65,mm,30/41/60 mm,Precipitação acumulada calculada sobre as últimas 6 horas.
5373,1791,,2803,precipitacao_prevista_1h,12.13,mm,10/21/40 mm,Previsão meteorológica simulada para a próxima hora.
5374,1792,25228,,nivel_agua_percentagem,71.92,%,70/85/90%,Leitura máxima de nível de água na área.
5375,1792,,,precipitacao_acumulada_6h,55.34,mm,30/41/60 mm,Precipitação acumulada calculada sobre as últimas 6 horas.
5376,1792,,2804,precipitacao_prevista_1h,7.51,mm,10/21/40 mm,Previsão meteorológica simulada para a próxima hora.
5377,1793,25237,,nivel_agua_percentagem,51.09,%,70/85/90%,Leitura máxima de nível de água na área.
5378,1793,,,precipitacao_acumulada_6h,11.99,mm,30/41/60 mm,Precipitação acumulada calculada sobre as últimas 6 horas.
5379,1793,,2805,precipitacao_prevista_1h,18.8,mm,10/21/40 mm,Previsão meteorológica simulada para a próxima hora.
5380,1794,25255,,nivel_agua_percentagem,68.83,%,70/85/90%,Leitura máxima de nível de água na área.
5381,1794,,,precipitacao_acumulada_6h,47.22,mm,30/41/60 mm,Precipitação acumulada calculada sobre as últimas 6 horas.
5382,1794,,2807,precipitacao_prevista_1h,46.14,mm,10/21/40 mm,Previsão meteorológica simulada para a próxima hora.
5383,1795,25267,,nivel_agua_percentagem,69.99,%,70/85/90%,Leitura máxima de nível de água na área.
5384,1795,,,precipitacao_acumulada_6h,53.84,mm,30/41/60 mm,Precipitação acumulada calculada sobre as últimas 6 horas.
5385,1795,,2808,precipitacao_prevista_1h,12.77,mm,10/21/40 mm,Previsão meteorológica simulada para a próxima hora.
5386,1796,25297,,nivel_agua_percentagem,70.87,%,70/85/90%,Leitura máxima de nível de água na área.
5387,1796,,,precipitacao_acumulada_6h,46.52,mm,30/41/60 mm,Precipitação acumulada calculada sobre as últimas 6 horas.
5388,1796,,2811,precipitacao_prevista_1h,0.43,mm,10/21/40 mm,Previsão meteorológica simulada para a próxima hora.
5389,1797,25300,,nivel_agua_percentagem,76.1,%,70/85/90%,Leitura máxima de nível de água na área.
5390,1797,,,precipitacao_acumulada_6h,55.52,mm,30/41/60 mm,Precipitação acumulada calculada sobre as últimas 6 horas.
5391,1797,,2812,precipitacao_prevista_1h,8.35,mm,10/21/40 mm,Previsão meteorológica simulada para a próxima hora.
5392,1798,25318,,nivel_agua_percentagem,44.86,%,70/85/90%,Leitura máxima de nível de água na área.
5393,1798,,,precipitacao_acumulada_6h,10.8,mm,30/41/60 mm,Precipitação acumulada calculada sobre as últimas 6 horas.
5394,1798,,2814,precipitacao_prevista_1h,23.74,mm,10/21/40 mm,Previsão meteorológica simulada para a próxima hora.
5395,1799,25327,,nivel_agua_percentagem,69.82,%,70/85/90%,Leitura máxima de nível de água na área.
5396,1799,,,precipitacao_acumulada_6h,45,mm,30/41/60 mm,Precipitação acumulada calculada sobre as últimas 6 horas.
5397,1799,,2815,precipitacao_prevista_1h,6.8,mm,10/21/40 mm,Previsão meteorológica simulada para a próxima hora.
5398,1800,25360,,nivel_agua_percentagem,46.37,%,70/85/90%,Leitura máxima de nível de água na área.
5399,1800,,,precipitacao_acumulada_6h,9.22,mm,30/41/60 mm,Precipitação acumulada calculada sobre as últimas 6 horas.
5400,1800,,2818,precipitacao_prevista_1h,15.75,mm,10/21/40 mm,Previsão meteorológica simulada para a próxima hora.
5401,1801,25366,,nivel_agua_percentagem,69.57,%,70/85/90%,Leitura máxima de nível de água na área.
5402,1801,,,precipitacao_acumulada_6h,44.81,mm,30/41/60 mm,Precipitação acumulada calculada sobre as últimas 6 horas.
5403,1801,,2819,precipitacao_prevista_1h,0,mm,10/21/40 mm,Previsão meteorológica simulada para a próxima hora.
5404,1802,25375,,nivel_agua_percentagem,57.24,%,70/85/90%,Leitura máxima de nível de água na área.
5405,1802,,,precipitacao_acumulada_6h,29.73,mm,30/41/60 mm,Precipitação acumulada calculada sobre as últimas 6 horas.
5406,1802,,2820,precipitacao_prevista_1h,34.89,mm,10/21/40 mm,Previsão meteorológica simulada para a próxima hora.
5407,1803,25384,,nivel_agua_percentagem,51.35,%,70/85/90%,Leitura máxima de nível de água na área.
5408,1803,,,precipitacao_acumulada_6h,13.24,mm,30/41/60 mm,Precipitação acumulada calculada sobre as últimas 6 horas.
5409,1803,,2821,precipitacao_prevista_1h,21.01,mm,10/21/40 mm,Previsão meteorológica simulada para a próxima hora.
5410,1804,25396,,nivel_agua_percentagem,37,%,70/85/90%,Leitura máxima de nível de água na área.
5411,1804,,,precipitacao_acumulada_6h,10.03,mm,30/41/60 mm,Precipitação acumulada calculada sobre as últimas 6 horas.
5412,1804,,2822,precipitacao_prevista_1h,14.4,mm,10/21/40 mm,Previsão meteorológica simulada para a próxima hora.
5413,1805,25405,,nivel_agua_percentagem,72.88,%,70/85/90%,Leitura máxima de nível de água na área.
5414,1805,,,precipitacao_acumulada_6h,45.6,mm,30/41/60 mm,Precipitação acumulada calculada sobre as últimas 6 horas.
5415,1805,,2823,precipitacao_prevista_1h,13.59,mm,10/21/40 mm,Previsão meteorológica simulada para a próxima hora.
5416,1806,25441,,nivel_agua_percentagem,71.55,%,70/85/90%,Leitura máxima de nível de água na área.
5417,1806,,,precipitacao_acumulada_6h,54.7,mm,30/41/60 mm,Precipitação acumulada calculada sobre as últimas 6 horas.
5418,1806,,2827,precipitacao_prevista_1h,22.31,mm,10/21/40 mm,Previsão meteorológica simulada para a próxima hora.
5419,1807,25447,,nivel_agua_percentagem,53.31,%,70/85/90%,Leitura máxima de nível de água na área.
5420,1807,,,precipitacao_acumulada_6h,29.32,mm,30/41/60 mm,Precipitação acumulada calculada sobre as últimas 6 horas.
5421,1807,,2828,precipitacao_prevista_1h,16.06,mm,10/21/40 mm,Previsão meteorológica simulada para a próxima hora.
5422,1808,25453,,nivel_agua_percentagem,48.86,%,70/85/90%,Leitura máxima de nível de água na área.
5423,1808,,,precipitacao_acumulada_6h,13.42,mm,30/41/60 mm,Precipitação acumulada calculada sobre as últimas 6 horas.
5424,1808,,2829,precipitacao_prevista_1h,13.42,mm,10/21/40 mm,Previsão meteorológica simulada para a próxima hora.
5425,1809,25465,,nivel_agua_percentagem,43.43,%,70/85/90%,Leitura máxima de nível de água na área.
5426,1809,,,precipitacao_acumulada_6h,8.73,mm,30/41/60 mm,Precipitação acumulada calculada sobre as últimas 6 horas.
5427,1809,,2830,precipitacao_prevista_1h,10.81,mm,10/21/40 mm,Previsão meteorológica simulada para a próxima hora.
5428,1810,25471,,nivel_agua_percentagem,50.77,%,70/85/90%,Leitura máxima de nível de água na área.
5429,1810,,,precipitacao_acumulada_6h,17.99,mm,30/41/60 mm,Precipitação acumulada calculada sobre as últimas 6 horas.
5430,1810,,2831,precipitacao_prevista_1h,13.45,mm,10/21/40 mm,Previsão meteorológica simulada para a próxima hora.
5431,1811,25480,,nivel_agua_percentagem,53.53,%,70/85/90%,Leitura máxima de nível de água na área.
5432,1811,,,precipitacao_acumulada_6h,31.38,mm,30/41/60 mm,Precipitação acumulada calculada sobre as últimas 6 horas.
5433,1811,,2832,precipitacao_prevista_1h,14.73,mm,10/21/40 mm,Previsão meteorológica simulada para a próxima hora.
5434,1812,25519,,nivel_agua_percentagem,51.35,%,70/85/90%,Leitura máxima de nível de água na área.
5435,1812,,,precipitacao_acumulada_6h,30.02,mm,30/41/60 mm,Precipitação acumulada calculada sobre as últimas 6 horas.
5436,1812,,2836,precipitacao_prevista_1h,1.6,mm,10/21/40 mm,Previsão meteorológica simulada para a próxima hora.
5437,1813,25552,,nivel_agua_percentagem,71.67,%,70/85/90%,Leitura máxima de nível de água na área.
5438,1813,,,precipitacao_acumulada_6h,57.35,mm,30/41/60 mm,Precipitação acumulada calculada sobre as últimas 6 horas.
5439,1813,,2840,precipitacao_prevista_1h,24.01,mm,10/21/40 mm,Previsão meteorológica simulada para a próxima hora.
5440,1814,25594,,nivel_agua_percentagem,67.94,%,70/85/90%,Leitura máxima de nível de água na área.
5441,1814,,,precipitacao_acumulada_6h,41.95,mm,30/41/60 mm,Precipitação acumulada calculada sobre as últimas 6 horas.
5442,1814,,2844,precipitacao_prevista_1h,9.61,mm,10/21/40 mm,Previsão meteorológica simulada para a próxima hora.
5443,1815,25609,,nivel_agua_percentagem,41.52,%,70/85/90%,Leitura máxima de nível de água na área.
5444,1815,,,precipitacao_acumulada_6h,11.61,mm,30/41/60 mm,Precipitação acumulada calculada sobre as últimas 6 horas.
5445,1815,,2846,precipitacao_prevista_1h,19.76,mm,10/21/40 mm,Previsão meteorológica simulada para a próxima hora.
5446,1816,25621,,nivel_agua_percentagem,41.94,%,70/85/90%,Leitura máxima de nível de água na área.
5447,1816,,,precipitacao_acumulada_6h,19.05,mm,30/41/60 mm,Precipitação acumulada calculada sobre as últimas 6 horas.
5448,1816,,2847,precipitacao_prevista_1h,15.55,mm,10/21/40 mm,Previsão meteorológica simulada para a próxima hora.
5449,1817,25630,,nivel_agua_percentagem,66.81,%,70/85/90%,Leitura máxima de nível de água na área.
5450,1817,,,precipitacao_acumulada_6h,41.17,mm,30/41/60 mm,Precipitação acumulada calculada sobre as últimas 6 horas.
5451,1817,,2848,precipitacao_prevista_1h,0,mm,10/21/40 mm,Previsão meteorológica simulada para a próxima hora.
5452,1818,25657,,nivel_agua_percentagem,41.83,%,70/85/90%,Leitura máxima de nível de água na área.
5453,1818,,,precipitacao_acumulada_6h,12.23,mm,30/41/60 mm,Precipitação acumulada calculada sobre as últimas 6 horas.
5454,1818,,2851,precipitacao_prevista_1h,14.29,mm,10/21/40 mm,Previsão meteorológica simulada para a próxima hora.
5455,1819,25666,,nivel_agua_percentagem,63.29,%,70/85/90%,Leitura máxima de nível de água na área.
5456,1819,,,precipitacao_acumulada_6h,38.48,mm,30/41/60 mm,Precipitação acumulada calculada sobre as últimas 6 horas.
5457,1819,,2852,precipitacao_prevista_1h,2.31,mm,10/21/40 mm,Previsão meteorológica simulada para a próxima hora.
5458,1820,25675,,nivel_agua_percentagem,51.24,%,70/85/90%,Leitura máxima de nível de água na área.
5459,1820,,,precipitacao_acumulada_6h,11.24,mm,30/41/60 mm,Precipitação acumulada calculada sobre as últimas 6 horas.
5460,1820,,2853,precipitacao_prevista_1h,11.76,mm,10/21/40 mm,Previsão meteorológica simulada para a próxima hora.
5461,1821,25687,,nivel_agua_percentagem,38.44,%,70/85/90%,Leitura máxima de nível de água na área.
5462,1821,,,precipitacao_acumulada_6h,12.38,mm,30/41/60 mm,Precipitação acumulada calculada sobre as últimas 6 horas.
5463,1821,,2855,precipitacao_prevista_1h,11.31,mm,10/21/40 mm,Previsão meteorológica simulada para a próxima hora.
5464,1822,25702,,nivel_agua_percentagem,62.6,%,70/85/90%,Leitura máxima de nível de água na área.
5465,1822,,,precipitacao_acumulada_6h,35.51,mm,30/41/60 mm,Precipitação acumulada calculada sobre as últimas 6 horas.
5466,1822,,2856,precipitacao_prevista_1h,0,mm,10/21/40 mm,Previsão meteorológica simulada para a próxima hora.
5467,1823,25714,,nivel_agua_percentagem,46.39,%,70/85/90%,Leitura máxima de nível de água na área.
5468,1823,,,precipitacao_acumulada_6h,8.96,mm,30/41/60 mm,Precipitação acumulada calculada sobre as últimas 6 horas.
5469,1823,,2858,precipitacao_prevista_1h,11.31,mm,10/21/40 mm,Previsão meteorológica simulada para a próxima hora.
5470,1824,25738,,nivel_agua_percentagem,76.51,%,70/85/90%,Leitura máxima de nível de água na área.
5471,1824,,,precipitacao_acumulada_6h,57.13,mm,30/41/60 mm,Precipitação acumulada calculada sobre as últimas 6 horas.
5472,1824,,2860,precipitacao_prevista_1h,22.26,mm,10/21/40 mm,Previsão meteorológica simulada para a próxima hora.
5473,1825,25747,,nivel_agua_percentagem,44.77,%,70/85/90%,Leitura máxima de nível de água na área.
5474,1825,,,precipitacao_acumulada_6h,14.17,mm,30/41/60 mm,Precipitação acumulada calculada sobre as últimas 6 horas.
5475,1825,,2861,precipitacao_prevista_1h,7.07,mm,10/21/40 mm,Previsão meteorológica simulada para a próxima hora.
5476,1826,25750,,nivel_agua_percentagem,44.33,%,70/85/90%,Leitura máxima de nível de água na área.
5477,1826,,,precipitacao_acumulada_6h,7.69,mm,30/41/60 mm,Precipitação acumulada calculada sobre as últimas 6 horas.
5478,1826,,2862,precipitacao_prevista_1h,17.12,mm,10/21/40 mm,Previsão meteorológica simulada para a próxima hora.
5479,1827,25762,,nivel_agua_percentagem,42.09,%,70/85/90%,Leitura máxima de nível de água na área.
5480,1827,,,precipitacao_acumulada_6h,12.22,mm,30/41/60 mm,Precipitação acumulada calculada sobre as últimas 6 horas.
5481,1827,,2863,precipitacao_prevista_1h,11.3,mm,10/21/40 mm,Previsão meteorológica simulada para a próxima hora.
5482,1828,25768,,nivel_agua_percentagem,58.66,%,70/85/90%,Leitura máxima de nível de água na área.
5483,1828,,,precipitacao_acumulada_6h,30.98,mm,30/41/60 mm,Precipitação acumulada calculada sobre as últimas 6 horas.
5484,1828,,2864,precipitacao_prevista_1h,0.28,mm,10/21/40 mm,Previsão meteorológica simulada para a próxima hora.
5485,1829,25792,,nivel_agua_percentagem,43.71,%,70/85/90%,Leitura máxima de nível de água na área.
5486,1829,,,precipitacao_acumulada_6h,8.56,mm,30/41/60 mm,Precipitação acumulada calculada sobre as últimas 6 horas.
5487,1829,,2866,precipitacao_prevista_1h,15.21,mm,10/21/40 mm,Previsão meteorológica simulada para a próxima hora.
5488,1830,25810,,nivel_agua_percentagem,55.02,%,70/85/90%,Leitura máxima de nível de água na área.
5489,1830,,,precipitacao_acumulada_6h,30.07,mm,30/41/60 mm,Precipitação acumulada calculada sobre as últimas 6 horas.
5490,1830,,2868,precipitacao_prevista_1h,0,mm,10/21/40 mm,Previsão meteorológica simulada para a próxima hora.
5491,1831,25816,,nivel_agua_percentagem,54.05,%,70/85/90%,Leitura máxima de nível de água na área.
5492,1831,,,precipitacao_acumulada_6h,14.5,mm,30/41/60 mm,Precipitação acumulada calculada sobre as últimas 6 horas.
5493,1831,,2869,precipitacao_prevista_1h,16.26,mm,10/21/40 mm,Previsão meteorológica simulada para a próxima hora.
5494,1832,25822,,nivel_agua_percentagem,63.78,%,70/85/90%,Leitura máxima de nível de água na área.
5495,1832,,,precipitacao_acumulada_6h,35.82,mm,30/41/60 mm,Precipitação acumulada calculada sobre as últimas 6 horas.
5496,1832,,2870,precipitacao_prevista_1h,34.69,mm,10/21/40 mm,Previsão meteorológica simulada para a próxima hora.
5497,1833,25837,,nivel_agua_percentagem,39.05,%,70/85/90%,Leitura máxima de nível de água na área.
5498,1833,,,precipitacao_acumulada_6h,11.06,mm,30/41/60 mm,Precipitação acumulada calculada sobre as últimas 6 horas.
5499,1833,,2871,precipitacao_prevista_1h,15.09,mm,10/21/40 mm,Previsão meteorológica simulada para a próxima hora.
5500,1834,25840,,nivel_agua_percentagem,52.65,%,70/85/90%,Leitura máxima de nível de água na área.
5501,1834,,,precipitacao_acumulada_6h,31.34,mm,30/41/60 mm,Precipitação acumulada calculada sobre as últimas 6 horas.
5502,1834,,2872,precipitacao_prevista_1h,19.7,mm,10/21/40 mm,Previsão meteorológica simulada para a próxima hora.
5503,1835,25849,,nivel_agua_percentagem,46.11,%,70/85/90%,Leitura máxima de nível de água na área.
5504,1835,,,precipitacao_acumulada_6h,11.21,mm,30/41/60 mm,Precipitação acumulada calculada sobre as últimas 6 horas.
5505,1835,,2873,precipitacao_prevista_1h,17.06,mm,10/21/40 mm,Previsão meteorológica simulada para a próxima hora.
5506,1836,25861,,nivel_agua_percentagem,69,%,70/85/90%,Leitura máxima de nível de água na área.
5507,1836,,,precipitacao_acumulada_6h,36.8,mm,30/41/60 mm,Precipitação acumulada calculada sobre as últimas 6 horas.
5508,1836,,2874,precipitacao_prevista_1h,10.59,mm,10/21/40 mm,Previsão meteorológica simulada para a próxima hora.
5509,1837,25873,,nivel_agua_percentagem,38.92,%,70/85/90%,Leitura máxima de nível de água na área.
5510,1837,,,precipitacao_acumulada_6h,11.07,mm,30/41/60 mm,Precipitação acumulada calculada sobre as últimas 6 horas.
5511,1837,,2875,precipitacao_prevista_1h,13.58,mm,10/21/40 mm,Previsão meteorológica simulada para a próxima hora.
5512,1838,25879,,nivel_agua_percentagem,49.69,%,70/85/90%,Leitura máxima de nível de água na área.
5513,1838,,,precipitacao_acumulada_6h,30.17,mm,30/41/60 mm,Precipitação acumulada calculada sobre as últimas 6 horas.
5514,1838,,2876,precipitacao_prevista_1h,0,mm,10/21/40 mm,Previsão meteorológica simulada para a próxima hora.
5515,1839,25900,,nivel_agua_percentagem,70.79,%,70/85/90%,Leitura máxima de nível de água na área.
5516,1839,,,precipitacao_acumulada_6h,40.64,mm,30/41/60 mm,Precipitação acumulada calculada sobre as últimas 6 horas.
5517,1839,,2878,precipitacao_prevista_1h,11.25,mm,10/21/40 mm,Previsão meteorológica simulada para a próxima hora.
5518,1840,25918,,nivel_agua_percentagem,52.46,%,70/85/90%,Leitura máxima de nível de água na área.
5519,1840,,,precipitacao_acumulada_6h,32.79,mm,30/41/60 mm,Precipitação acumulada calculada sobre as últimas 6 horas.
5520,1840,,2880,precipitacao_prevista_1h,16.26,mm,10/21/40 mm,Previsão meteorológica simulada para a próxima hora.
