idalerta,idnivel_alerta,idarea_risco,idinfraestrutura_urbana,data_alerta,descricao,score_risco,estado
1,4,3,8,2026-05-08 00:00:00,Alerta Vermelho na área Centro Urbano. Nível máximo de água: 67.49%. Precipitação acumulada 6h: 49.43 mm. Precipitação prevista 1h: 70.00 mm.,60.2,ativo
2,4,4,12,2026-05-08 00:00:00,Alerta Vermelho na área Zona Industrial. Nível máximo de água: 62.72%. Precipitação acumulada 6h: 49.29 mm. Precipitação prevista 1h: 40.60 mm.,53.16,ativo
3,2,2,4,2026-05-08 01:00:00,Alerta Amarelo na área Passagem Inferior. Nível máximo de água: 31.47%. Precipitação acumulada 6h: 2.51 mm. Precipitação prevista 1h: 10.82 mm.,17.62,registado
4,3,3,8,2026-05-08 01:00:00,Alerta Laranja na área Centro Urbano. Nível máximo de água: 72.46%. Precipitação acumulada 6h: 50.98 mm. Precipitação prevista 1h: 0.00 mm.,47.9,ativo
5,3,4,11,2026-05-08 01:00:00,Alerta Laranja na área Zona Industrial. Nível máximo de água: 69.95%. Precipitação acumulada 6h: 51.12 mm. Precipitação prevista 1h: 0.00 mm.,46.81,ativo
6,2,1,3,2026-05-08 02:00:00,Alerta Amarelo na área Zona Ribeirinha. Nível máximo de água: 45.65%. Precipitação acumulada 6h: 6.47 mm. Precipitação prevista 1h: 11.75 mm.,25.42,registado
7,3,3,9,2026-05-08 02:00:00,Alerta Laranja na área Centro Urbano. Nível máximo de água: 73.67%. Precipitação acumulada 6h: 52.09 mm. Precipitação prevista 1h: 0.00 mm.,48.78,ativo
8,3,4,12,2026-05-08 02:00:00,Alerta Laranja na área Zona Industrial. Nível máximo de água: 73.19%. Precipitação acumulada 6h: 51.17 mm. Precipitação prevista 1h: 1.60 mm.,48.69,ativo
9,3,1,3,2026-05-08 03:00:00,Alerta Laranja na área Zona Ribeirinha. Nível máximo de água: 41.07%. Precipitação acumulada 6h: 9.18 mm. Precipitação prevista 1h: 22.02 mm.,26.74,ativo
10,3,3,7,2026-05-08 03:00:00,Alerta Laranja na área Centro Urbano. Nível máximo de água: 76.97%. Precipitação acumulada 6h: 52.66 mm. Precipitação prevista 1h: 11.22 mm.,53.24,ativo
11,4,4,12,2026-05-08 03:00:00,Alerta Vermelho na área Zona Industrial. Nível máximo de água: 89.30%. Precipitação acumulada 6h: 74.92 mm. Precipitação prevista 1h: 52.14 mm.,75.7,ativo
12,3,1,2,2026-05-08 04:00:00,Alerta Laranja na área Zona Ribeirinha. Nível máximo de água: 60.74%. Precipitação acumulada 6h: 30.90 mm. Precipitação prevista 1h: 22.40 mm.,42.2,ativo
13,3,3,8,2026-05-08 04:00:00,Alerta Laranja na área Centro Urbano. Nível máximo de água: 86.85%. Precipitação acumulada 6h: 54.81 mm. Precipitação prevista 1h: 7.40 mm.,57.38,ativo
14,4,4,11,2026-05-08 04:00:00,Alerta Vermelho na área Zona Industrial. Nível máximo de água: 89.78%. Precipitação acumulada 6h: 74.92 mm. Precipitação prevista 1h: 17.23 mm.,67.18,ativo
15,4,1,2,2026-05-08 05:00:00,Alerta Vermelho na área Zona Ribeirinha. Nível máximo de água: 93.96%. Precipitação acumulada 6h: 63.38 mm. Precipitação prevista 1h: 43.20 mm.,72.1,ativo
16,3,3,8,2026-05-08 05:00:00,Alerta Laranja na área Centro Urbano. Nível máximo de água: 79.96%. Precipitação acumulada 6h: 57.28 mm. Precipitação prevista 1h: 3.26 mm.,53.98,ativo
17,4,4,11,2026-05-08 05:00:00,Alerta Vermelho na área Zona Industrial. Nível máximo de água: 88.73%. Precipitação acumulada 6h: 76.60 mm. Precipitação prevista 1h: 0.00 mm.,62.91,ativo
18,4,1,3,2026-05-08 06:00:00,Alerta Vermelho na área Zona Ribeirinha. Nível máximo de água: 90.44%. Precipitação acumulada 6h: 64.26 mm. Precipitação prevista 1h: 3.16 mm.,60.77,ativo
19,3,2,4,2026-05-08 06:00:00,Alerta Laranja na área Passagem Inferior. Nível máximo de água: 40.34%. Precipitação acumulada 6h: 10.09 mm. Precipitação prevista 1h: 23.45 mm.,27.04,ativo
20,2,3,8,2026-05-08 06:00:00,Alerta Amarelo na área Centro Urbano. Nível máximo de água: 44.82%. Precipitação acumulada 6h: 7.85 mm. Precipitação prevista 1h: 20.43 mm.,27.63,registado
21,2,4,10,2026-05-08 06:00:00,Alerta Amarelo na área Zona Industrial. Nível máximo de água: 58.15%. Precipitação acumulada 6h: 30.38 mm. Precipitação prevista 1h: 0.00 mm.,35.28,registado
22,4,1,2,2026-05-08 07:00:00,Alerta Vermelho na área Zona Ribeirinha. Nível máximo de água: 93.41%. Precipitação acumulada 6h: 64.57 mm. Precipitação prevista 1h: 0.00 mm.,61.41,ativo
23,2,2,6,2026-05-08 07:00:00,Alerta Amarelo na área Passagem Inferior. Nível máximo de água: 45.98%. Precipitação acumulada 6h: 14.59 mm. Precipitação prevista 1h: 12.28 mm.,28.14,registado
24,2,3,9,2026-05-08 07:00:00,Alerta Amarelo na área Centro Urbano. Nível máximo de água: 38.68%. Precipitação acumulada 6h: 11.07 mm. Precipitação prevista 1h: 17.22 mm.,25.03,registado
25,3,4,12,2026-05-08 07:00:00,Alerta Laranja na área Zona Industrial. Nível máximo de água: 58.37%. Precipitação acumulada 6h: 33.67 mm. Precipitação prevista 1h: 19.66 mm.,41.28,ativo
26,4,1,3,2026-05-08 08:00:00,Alerta Vermelho na área Zona Ribeirinha. Nível máximo de água: 92.52%. Precipitação acumulada 6h: 64.65 mm. Precipitação prevista 1h: 9.90 mm.,63.5,ativo
27,2,3,7,2026-05-08 08:00:00,Alerta Amarelo na área Centro Urbano. Nível máximo de água: 45.86%. Precipitação acumulada 6h: 14.52 mm. Precipitação prevista 1h: 15.03 mm.,28.75,registado
28,3,4,10,2026-05-08 08:00:00,Alerta Laranja na área Zona Industrial. Nível máximo de água: 59.44%. Precipitação acumulada 6h: 36.09 mm. Precipitação prevista 1h: 15.18 mm.,41.37,ativo
29,4,1,2,2026-05-08 09:00:00,Alerta Vermelho na área Zona Ribeirinha. Nível máximo de água: 90.28%. Precipitação acumulada 6h: 65.74 mm. Precipitação prevista 1h: 10.25 mm.,62.91,ativo
30,2,2,6,2026-05-08 09:00:00,Alerta Amarelo na área Passagem Inferior. Nível máximo de água: 53.20%. Precipitação acumulada 6h: 16.29 mm. Precipitação prevista 1h: 13.31 mm.,32.15,registado
31,4,3,9,2026-05-08 09:00:00,Alerta Vermelho na área Centro Urbano. Nível máximo de água: 92.79%. Precipitação acumulada 6h: 76.89 mm. Precipitação prevista 1h: 58.94 mm.,79.56,ativo
32,3,1,1,2026-05-08 10:00:00,Alerta Laranja na área Zona Ribeirinha. Nível máximo de água: 75.43%. Precipitação acumulada 6h: 45.34 mm. Precipitação prevista 1h: 8.64 mm.,49.71,ativo
33,4,3,7,2026-05-08 10:00:00,Alerta Vermelho na área Centro Urbano. Nível máximo de água: 100.00%. Precipitação acumulada 6h: 78.31 mm. Precipitação prevista 1h: 19.03 mm.,73.25,ativo
34,1,4,11,2026-05-08 10:00:00,Alerta Verde na área Zona Industrial. Nível máximo de água: 41.82%. Precipitação acumulada 6h: 16.36 mm. Precipitação prevista 1h: 6.52 mm.,25.36,registado
35,2,1,2,2026-05-08 11:00:00,Alerta Amarelo na área Zona Ribeirinha. Nível máximo de água: 50.60%. Precipitação acumulada 6h: 14.83 mm. Precipitação prevista 1h: 13.41 mm.,30.57,registado
36,3,2,4,2026-05-08 11:00:00,Alerta Laranja na área Passagem Inferior. Nível máximo de água: 79.75%. Precipitação acumulada 6h: 53.28 mm. Precipitação prevista 1h: 32.72 mm.,60.05,ativo
37,4,3,8,2026-05-08 11:00:00,Alerta Vermelho na área Centro Urbano. Nível máximo de água: 98.43%. Precipitação acumulada 6h: 78.63 mm. Precipitação prevista 1h: 0.00 mm.,67.88,ativo
38,2,1,2,2026-05-08 12:00:00,Alerta Amarelo na área Zona Ribeirinha. Nível máximo de água: 62.42%. Precipitação acumulada 6h: 26.54 mm. Precipitação prevista 1h: 20.47 mm.,41.17,registado
39,3,2,6,2026-05-08 12:00:00,Alerta Laranja na área Passagem Inferior. Nível máximo de água: 77.72%. Precipitação acumulada 6h: 52.86 mm. Precipitação prevista 1h: 0.00 mm.,50.83,ativo
40,4,3,8,2026-05-08 12:00:00,Alerta Vermelho na área Centro Urbano. Nível máximo de água: 98.72%. Precipitação acumulada 6h: 80.59 mm. Precipitação prevista 1h: 13.27 mm.,71.74,ativo
41,3,2,5,2026-05-08 13:00:00,Alerta Laranja na área Passagem Inferior. Nível máximo de água: 79.56%. Precipitação acumulada 6h: 50.96 mm. Precipitação prevista 1h: 14.28 mm.,54.66,ativo
42,4,3,7,2026-05-08 13:00:00,Alerta Vermelho na área Centro Urbano. Nível máximo de água: 100.00%. Precipitação acumulada 6h: 80.67 mm. Precipitação prevista 1h: 0.00 mm.,69,ativo
43,3,2,6,2026-05-08 14:00:00,Alerta Laranja na área Passagem Inferior. Nível máximo de água: 79.59%. Precipitação acumulada 6h: 49.37 mm. Precipitação prevista 1h: 15.02 mm.,54.38,ativo
44,4,3,7,2026-05-08 14:00:00,Alerta Vermelho na área Centro Urbano. Nível máximo de água: 98.04%. Precipitação acumulada 6h: 77.78 mm. Precipitação prevista 1h: 8.85 mm.,69.66,ativo
45,3,2,6,2026-05-08 15:00:00,Alerta Laranja na área Passagem Inferior. Nível máximo de água: 76.71%. Precipitação acumulada 6h: 51.37 mm. Precipitação prevista 1h: 0.20 mm.,49.98,ativo
46,3,3,7,2026-05-08 15:00:00,Alerta Laranja na área Centro Urbano. Nível máximo de água: 69.13%. Precipitação acumulada 6h: 40.90 mm. Precipitação prevista 1h: 22.29 mm.,48.95,ativo
47,3,4,10,2026-05-08 15:00:00,Alerta Laranja na área Zona Industrial. Nível máximo de água: 30.76%. Precipitação acumulada 6h: 7.11 mm. Precipitação prevista 1h: 24.11 mm.,22,ativo
48,2,1,3,2026-05-08 16:00:00,Alerta Amarelo na área Zona Ribeirinha. Nível máximo de água: 60.28%. Precipitação acumulada 6h: 28.68 mm. Precipitação prevista 1h: 19.01 mm.,40.48,registado
49,3,2,4,2026-05-08 16:00:00,Alerta Laranja na área Passagem Inferior. Nível máximo de água: 79.99%. Precipitação acumulada 6h: 54.36 mm. Precipitação prevista 1h: 2.35 mm.,52.89,ativo
50,2,3,7,2026-05-08 16:00:00,Alerta Amarelo na área Centro Urbano. Nível máximo de água: 64.30%. Precipitação acumulada 6h: 39.46 mm. Precipitação prevista 1h: 9.11 mm.,43.05,registado
51,2,4,12,2026-05-08 16:00:00,Alerta Amarelo na área Zona Industrial. Nível máximo de água: 34.72%. Precipitação acumulada 6h: 7.85 mm. Precipitação prevista 1h: 19.88 mm.,22.95,registado
52,3,3,8,2026-05-08 17:00:00,Alerta Laranja na área Centro Urbano. Nível máximo de água: 64.17%. Precipitação acumulada 6h: 40.12 mm. Precipitação prevista 1h: 23.64 mm.,46.82,ativo
53,2,2,4,2026-05-08 18:00:00,Alerta Amarelo na área Passagem Inferior. Nível máximo de água: 45.38%. Precipitação acumulada 6h: 14.35 mm. Precipitação prevista 1h: 19.03 mm.,29.48,registado
54,2,3,9,2026-05-08 18:00:00,Alerta Amarelo na área Centro Urbano. Nível máximo de água: 62.24%. Precipitação acumulada 6h: 38.50 mm. Precipitação prevista 1h: 8.43 mm.,41.67,registado
55,2,1,2,2026-05-08 19:00:00,Alerta Amarelo na área Zona Ribeirinha. Nível máximo de água: 52.35%. Precipitação acumulada 6h: 15.30 mm. Precipitação prevista 1h: 14.11 mm.,31.68,registado
56,2,3,9,2026-05-08 19:00:00,Alerta Amarelo na área Centro Urbano. Nível máximo de água: 63.18%. Precipitação acumulada 6h: 37.81 mm. Precipitação prevista 1h: 4.88 mm.,40.99,registado
57,3,4,10,2026-05-08 19:00:00,Alerta Laranja na área Zona Industrial. Nível máximo de água: 47.68%. Precipitação acumulada 6h: 31.76 mm. Precipitação prevista 1h: 32.94 mm.,39.22,ativo
58,2,3,8,2026-05-08 20:00:00,Alerta Amarelo na área Centro Urbano. Nível máximo de água: 60.56%. Precipitação acumulada 6h: 39.63 mm. Precipitação prevista 1h: 8.57 mm.,41.28,registado
59,3,4,12,2026-05-08 20:00:00,Alerta Laranja na área Zona Industrial. Nível máximo de água: 50.08%. Precipitação acumulada 6h: 31.89 mm. Precipitação prevista 1h: 12.70 mm.,35.28,ativo
60,2,1,1,2026-05-08 21:00:00,Alerta Amarelo na área Zona Ribeirinha. Nível máximo de água: 53.53%. Precipitação acumulada 6h: 14.84 mm. Precipitação prevista 1h: 18.02 mm.,33.05,registado
61,2,3,9,2026-05-08 21:00:00,Alerta Amarelo na área Centro Urbano. Nível máximo de água: 46.78%. Precipitação acumulada 6h: 17.24 mm. Precipitação prevista 1h: 19.89 mm.,31.2,registado
62,3,4,12,2026-05-08 21:00:00,Alerta Laranja na área Zona Industrial. Nível máximo de água: 59.70%. Precipitação acumulada 6h: 35.58 mm. Precipitação prevista 1h: 27.27 mm.,44.36,ativo
63,1,1,2,2026-05-08 22:00:00,Alerta Verde na área Zona Ribeirinha. Nível máximo de água: 48.67%. Precipitação acumulada 6h: 9.78 mm. Precipitação prevista 1h: 0.00 mm.,24.84,registado
64,2,2,4,2026-05-08 22:00:00,Alerta Amarelo na área Passagem Inferior. Nível máximo de água: 47.85%. Precipitação acumulada 6h: 13.19 mm. Precipitação prevista 1h: 14.66 mm.,29.15,registado
65,3,4,12,2026-05-08 22:00:00,Alerta Laranja na área Zona Industrial. Nível máximo de água: 53.62%. Precipitação acumulada 6h: 34.70 mm. Precipitação prevista 1h: 10.33 mm.,37.12,ativo
66,4,1,3,2026-05-08 23:00:00,Alerta Vermelho na área Zona Ribeirinha. Nível máximo de água: 69.73%. Precipitação acumulada 6h: 43.30 mm. Precipitação prevista 1h: 40.43 mm.,54.48,ativo
67,2,4,12,2026-05-08 23:00:00,Alerta Amarelo na área Zona Industrial. Nível máximo de água: 56.01%. Precipitação acumulada 6h: 34.18 mm. Precipitação prevista 1h: 9.26 mm.,37.77,registado
68,3,1,1,2026-05-09 00:00:00,Alerta Laranja na área Zona Ribeirinha. Nível máximo de água: 72.32%. Precipitação acumulada 6h: 44.58 mm. Precipitação prevista 1h: 22.42 mm.,51.52,ativo
69,2,3,8,2026-05-09 00:00:00,Alerta Amarelo na área Centro Urbano. Nível máximo de água: 44.64%. Precipitação acumulada 6h: 18.52 mm. Precipitação prevista 1h: 17.24 mm.,29.95,registado
70,2,4,11,2026-05-09 00:00:00,Alerta Amarelo na área Zona Industrial. Nível máximo de água: 51.45%. Precipitação acumulada 6h: 34.26 mm. Precipitação prevista 1h: 0.00 mm.,33.43,registado
71,3,1,3,2026-05-09 01:00:00,Alerta Laranja na área Zona Ribeirinha. Nível máximo de água: 70.11%. Precipitação acumulada 6h: 41.27 mm. Precipitação prevista 1h: 9.21 mm.,46.23,ativo
72,3,1,3,2026-05-09 02:00:00,Alerta Laranja na área Zona Ribeirinha. Nível máximo de água: 76.14%. Precipitação acumulada 6h: 39.44 mm. Precipitação prevista 1h: 0.00 mm.,46.1,ativo
73,1,2,4,2026-05-09 02:00:00,Alerta Verde na área Passagem Inferior. Nível máximo de água: 45.37%. Precipitação acumulada 6h: 10.65 mm. Precipitação prevista 1h: 2.83 mm.,24.32,registado
74,2,1,2,2026-05-09 03:00:00,Alerta Amarelo na área Zona Ribeirinha. Nível máximo de água: 65.27%. Precipitação acumulada 6h: 39.45 mm. Precipitação prevista 1h: 1.39 mm.,41.55,registado
75,2,2,5,2026-05-09 03:00:00,Alerta Amarelo na área Passagem Inferior. Nível máximo de água: 45.48%. Precipitação acumulada 6h: 12.46 mm. Precipitação prevista 1h: 10.31 mm.,26.78,registado
76,3,3,9,2026-05-09 03:00:00,Alerta Laranja na área Centro Urbano. Nível máximo de água: 49.78%. Precipitação acumulada 6h: 17.31 mm. Precipitação prevista 1h: 21.13 mm.,32.88,ativo
77,4,1,3,2026-05-09 04:00:00,Alerta Vermelho na área Zona Ribeirinha. Nível máximo de água: 98.54%. Precipitação acumulada 6h: 82.31 mm. Precipitação prevista 1h: 52.33 mm.,81.43,ativo
78,1,2,5,2026-05-09 04:00:00,Alerta Verde na área Passagem Inferior. Nível máximo de água: 40.08%. Precipitação acumulada 6h: 11.38 mm. Precipitação prevista 1h: 0.00 mm.,21.45,registado
79,2,3,9,2026-05-09 04:00:00,Alerta Amarelo na área Centro Urbano. Nível máximo de água: 46.65%. Precipitação acumulada 6h: 18.49 mm. Precipitação prevista 1h: 16.53 mm.,30.67,registado
80,3,4,12,2026-05-09 04:00:00,Alerta Laranja na área Zona Industrial. Nível máximo de água: 51.63%. Precipitação acumulada 6h: 35.14 mm. Precipitação prevista 1h: 24.80 mm.,39.98,ativo
81,3,1,3,2026-05-09 05:00:00,Alerta Laranja na área Zona Ribeirinha. Nível máximo de água: 84.92%. Precipitação acumulada 6h: 50.17 mm. Precipitação prevista 1h: 15.61 mm.,57.17,ativo
82,2,4,10,2026-05-09 05:00:00,Alerta Amarelo na área Zona Industrial. Nível máximo de água: 55.25%. Precipitação acumulada 6h: 35.77 mm. Precipitação prevista 1h: 0.00 mm.,35.59,registado
83,3,1,3,2026-05-09 06:00:00,Alerta Laranja na área Zona Ribeirinha. Nível máximo de água: 83.54%. Precipitação acumulada 6h: 51.36 mm. Precipitação prevista 1h: 2.54 mm.,53.64,ativo
84,1,2,5,2026-05-09 06:00:00,Alerta Verde na área Passagem Inferior. Nível máximo de água: 45.41%. Precipitação acumulada 6h: 9.53 mm. Precipitação prevista 1h: 7.91 mm.,25.27,registado
85,3,3,9,2026-05-09 06:00:00,Alerta Laranja na área Centro Urbano. Nível máximo de água: 47.84%. Precipitação acumulada 6h: 20.67 mm. Precipitação prevista 1h: 32.56 mm.,35.87,ativo
86,2,4,11,2026-05-09 06:00:00,Alerta Amarelo na área Zona Industrial. Nível máximo de água: 61.76%. Precipitação acumulada 6h: 35.62 mm. Precipitação prevista 1h: 0.39 mm.,38.58,registado
87,3,1,1,2026-05-09 07:00:00,Alerta Laranja na área Zona Ribeirinha. Nível máximo de água: 81.08%. Precipitação acumulada 6h: 51.66 mm. Precipitação prevista 1h: 1.06 mm.,52.25,ativo
88,2,2,6,2026-05-09 07:00:00,Alerta Amarelo na área Passagem Inferior. Nível máximo de água: 43.15%. Precipitação acumulada 6h: 12.05 mm. Precipitação prevista 1h: 18.14 mm.,27.57,registado
89,2,3,9,2026-05-09 07:00:00,Alerta Amarelo na área Centro Urbano. Nível máximo de água: 51.56%. Precipitação acumulada 6h: 23.01 mm. Precipitação prevista 1h: 10.99 mm.,32.85,registado
90,2,4,11,2026-05-09 07:00:00,Alerta Amarelo na área Zona Industrial. Nível máximo de água: 53.44%. Precipitação acumulada 6h: 35.71 mm. Precipitação prevista 1h: 0.00 mm.,34.76,registado
91,4,1,2,2026-05-09 08:00:00,Alerta Vermelho na área Zona Ribeirinha. Nível máximo de água: 96.43%. Precipitação acumulada 6h: 73.96 mm. Precipitação prevista 1h: 21.14 mm.,70.87,ativo
92,2,4,12,2026-05-09 08:00:00,Alerta Amarelo na área Zona Industrial. Nível máximo de água: 52.46%. Precipitação acumulada 6h: 33.21 mm. Precipitação prevista 1h: 0.00 mm.,33.57,registado
93,4,1,1,2026-05-09 09:00:00,Alerta Vermelho na área Zona Ribeirinha. Nível máximo de água: 100.00%. Precipitação acumulada 6h: 75.58 mm. Precipitação prevista 1h: 0.00 mm.,67.67,ativo
94,2,2,6,2026-05-09 09:00:00,Alerta Amarelo na área Passagem Inferior. Nível máximo de água: 44.08%. Precipitação acumulada 6h: 12.87 mm. Precipitação prevista 1h: 12.24 mm.,26.76,registado
95,2,4,10,2026-05-09 09:00:00,Alerta Amarelo na área Zona Industrial. Nível máximo de água: 51.77%. Precipitação acumulada 6h: 31.54 mm. Precipitação prevista 1h: 9.77 mm.,35.2,registado
96,3,1,3,2026-05-09 10:00:00,Alerta Laranja na área Zona Ribeirinha. Nível máximo de água: 67.61%. Precipitação acumulada 6h: 31.79 mm. Precipitação prevista 1h: 15.60 mm.,43.86,ativo
97,2,4,12,2026-05-09 10:00:00,Alerta Amarelo na área Zona Industrial. Nível máximo de água: 44.39%. Precipitação acumulada 6h: 16.16 mm. Precipitação prevista 1h: 10.25 mm.,27.39,registado
98,2,1,1,2026-05-09 11:00:00,Alerta Amarelo na área Zona Ribeirinha. Nível máximo de água: 68.80%. Precipitação acumulada 6h: 35.86 mm. Precipitação prevista 1h: 0.76 mm.,41.91,registado
99,2,4,11,2026-05-09 11:00:00,Alerta Amarelo na área Zona Industrial. Nível máximo de água: 42.25%. Precipitação acumulada 6h: 15.59 mm. Precipitação prevista 1h: 16.54 mm.,27.82,registado
100,3,1,1,2026-05-09 12:00:00,Alerta Laranja na área Zona Ribeirinha. Nível máximo de água: 65.20%. Precipitação acumulada 6h: 32.53 mm. Precipitação prevista 1h: 16.76 mm.,43.29,ativo
101,3,3,9,2026-05-09 12:00:00,Alerta Laranja na área Centro Urbano. Nível máximo de água: 44.80%. Precipitação acumulada 6h: 15.95 mm. Precipitação prevista 1h: 21.82 mm.,30.4,ativo
102,3,1,1,2026-05-09 13:00:00,Alerta Laranja na área Zona Ribeirinha. Nível máximo de água: 71.83%. Precipitação acumulada 6h: 34.85 mm. Precipitação prevista 1h: 8.47 mm.,44.9,ativo
103,2,2,4,2026-05-09 13:00:00,Alerta Amarelo na área Passagem Inferior. Nível máximo de água: 50.59%. Precipitação acumulada 6h: 13.84 mm. Precipitação prevista 1h: 13.36 mm.,30.26,registado
104,1,1,1,2026-05-09 14:00:00,Alerta Verde na área Zona Ribeirinha. Nível máximo de água: 56.03%. Precipitação acumulada 6h: 15.10 mm. Precipitação prevista 1h: 9.51 mm.,32.12,registado
105,2,1,3,2026-05-09 15:00:00,Alerta Amarelo na área Zona Ribeirinha. Nível máximo de água: 50.28%. Precipitação acumulada 6h: 15.31 mm. Precipitação prevista 1h: 13.11 mm.,30.5,registado
106,2,3,9,2026-05-09 15:00:00,Alerta Amarelo na área Centro Urbano. Nível máximo de água: 42.92%. Precipitação acumulada 6h: 16.68 mm. Precipitação prevista 1h: 17.52 mm.,28.7,registado
107,2,2,5,2026-05-09 16:00:00,Alerta Amarelo na área Passagem Inferior. Nível máximo de água: 53.53%. Precipitação acumulada 6h: 15.27 mm. Precipitação prevista 1h: 18.46 mm.,33.28,registado
108,3,3,8,2026-05-09 17:00:00,Alerta Laranja na área Centro Urbano. Nível máximo de água: 55.63%. Precipitação acumulada 6h: 27.36 mm. Precipitação prevista 1h: 28.74 mm.,40.43,ativo
109,3,4,10,2026-05-09 17:00:00,Alerta Laranja na área Zona Industrial. Nível máximo de água: 30.32%. Precipitação acumulada 6h: 6.62 mm. Precipitação prevista 1h: 25.01 mm.,21.88,ativo
110,2,2,6,2026-05-09 18:00:00,Alerta Amarelo na área Passagem Inferior. Nível máximo de água: 52.37%. Precipitação acumulada 6h: 18.33 mm. Precipitação prevista 1h: 12.43 mm.,32.17,registado
111,2,3,9,2026-05-09 18:00:00,Alerta Amarelo na área Centro Urbano. Nível máximo de água: 54.27%. Precipitação acumulada 6h: 25.99 mm. Precipitação prevista 1h: 12.56 mm.,35.36,registado
112,3,4,11,2026-05-09 18:00:00,Alerta Laranja na área Zona Industrial. Nível máximo de água: 52.65%. Precipitação acumulada 6h: 32.07 mm. Precipitação prevista 1h: 11.19 mm.,36.11,ativo
113,4,1,1,2026-05-09 19:00:00,Alerta Vermelho na área Zona Ribeirinha. Nível máximo de água: 71.73%. Precipitação acumulada 6h: 47.18 mm. Precipitação prevista 1h: 52.87 mm.,59.65,ativo
114,2,3,8,2026-05-09 19:00:00,Alerta Amarelo na área Centro Urbano. Nível máximo de água: 54.59%. Precipitação acumulada 6h: 26.85 mm. Precipitação prevista 1h: 15.32 mm.,36.45,registado
115,2,4,10,2026-05-09 19:00:00,Alerta Amarelo na área Zona Industrial. Nível máximo de água: 61.41%. Precipitação acumulada 6h: 32.89 mm. Precipitação prevista 1h: 4.39 mm.,38.6,registado
116,3,1,1,2026-05-09 20:00:00,Alerta Laranja na área Zona Ribeirinha. Nível máximo de água: 82.60%. Precipitação acumulada 6h: 48.62 mm. Precipitação prevista 1h: 9.03 mm.,54.01,ativo
117,2,2,5,2026-05-09 20:00:00,Alerta Amarelo na área Passagem Inferior. Nível máximo de água: 54.61%. Precipitação acumulada 6h: 22.52 mm. Precipitação prevista 1h: 14.18 mm.,34.88,registado
118,2,4,11,2026-05-09 20:00:00,Alerta Amarelo na área Zona Industrial. Nível máximo de água: 52.07%. Precipitação acumulada 6h: 34.44 mm. Precipitação prevista 1h: 5.08 mm.,35.03,registado
119,3,1,2,2026-05-09 21:00:00,Alerta Laranja na área Zona Ribeirinha. Nível máximo de água: 82.46%. Precipitação acumulada 6h: 48.82 mm. Precipitação prevista 1h: 4.52 mm.,52.88,ativo
120,3,4,11,2026-05-09 21:00:00,Alerta Laranja na área Zona Industrial. Nível máximo de água: 59.06%. Precipitação acumulada 6h: 37.20 mm. Precipitação prevista 1h: 25.51 mm.,44.11,ativo
121,3,1,3,2026-05-09 22:00:00,Alerta Laranja na área Zona Ribeirinha. Nível máximo de água: 80.15%. Precipitação acumulada 6h: 53.38 mm. Precipitação prevista 1h: 0.00 mm.,52.08,ativo
122,2,2,4,2026-05-09 22:00:00,Alerta Amarelo na área Passagem Inferior. Nível máximo de água: 60.85%. Precipitação acumulada 6h: 26.96 mm. Precipitação prevista 1h: 17.69 mm.,39.89,registado
123,2,3,7,2026-05-09 22:00:00,Alerta Amarelo na área Centro Urbano. Nível máximo de água: 58.17%. Precipitação acumulada 6h: 24.63 mm. Precipitação prevista 1h: 10.72 mm.,36.25,registado
124,2,4,10,2026-05-09 22:00:00,Alerta Amarelo na área Zona Industrial. Nível máximo de água: 58.41%. Precipitação acumulada 6h: 37.07 mm. Precipitação prevista 1h: 0.00 mm.,37.41,registado
125,3,1,3,2026-05-09 23:00:00,Alerta Laranja na área Zona Ribeirinha. Nível máximo de água: 82.90%. Precipitação acumulada 6h: 55.60 mm. Precipitação prevista 1h: 11.78 mm.,56.93,ativo
126,3,4,11,2026-05-09 23:00:00,Alerta Laranja na área Zona Industrial. Nível máximo de água: 64.60%. Precipitação acumulada 6h: 37.68 mm. Precipitação prevista 1h: 18.38 mm.,44.97,ativo
127,3,1,3,2026-05-10 00:00:00,Alerta Laranja na área Zona Ribeirinha. Nível máximo de água: 84.51%. Precipitação acumulada 6h: 56.62 mm. Precipitação prevista 1h: 0.00 mm.,55.02,ativo
128,2,2,4,2026-05-10 00:00:00,Alerta Amarelo na área Passagem Inferior. Nível máximo de água: 51.82%. Precipitação acumulada 6h: 22.83 mm. Precipitação prevista 1h: 15.35 mm.,34.01,registado
129,2,4,12,2026-05-10 00:00:00,Alerta Amarelo na área Zona Industrial. Nível máximo de água: 42.91%. Precipitação acumulada 6h: 12.33 mm. Precipitação prevista 1h: 17.85 mm.,27.47,registado
130,2,1,3,2026-05-10 01:00:00,Alerta Amarelo na área Zona Ribeirinha. Nível máximo de água: 64.24%. Precipitação acumulada 6h: 26.36 mm. Precipitação prevista 1h: 14.03 mm.,40.32,registado
131,2,3,9,2026-05-10 01:00:00,Alerta Amarelo na área Centro Urbano. Nível máximo de água: 50.31%. Precipitação acumulada 6h: 15.93 mm. Precipitação prevista 1h: 15.15 mm.,31.21,registado
132,2,4,10,2026-05-10 01:00:00,Alerta Amarelo na área Zona Industrial. Nível máximo de água: 36.54%. Precipitação acumulada 6h: 13.55 mm. Precipitação prevista 1h: 20.08 mm.,25.53,registado
133,2,1,3,2026-05-10 02:00:00,Alerta Amarelo na área Zona Ribeirinha. Nível máximo de água: 57.76%. Precipitação acumulada 6h: 21.09 mm. Precipitação prevista 1h: 13.10 mm.,35.59,registado
134,3,3,7,2026-05-10 02:00:00,Alerta Laranja na área Centro Urbano. Nível máximo de água: 45.58%. Precipitação acumulada 6h: 19.16 mm. Precipitação prevista 1h: 26.37 mm.,32.85,ativo
135,2,4,10,2026-05-10 02:00:00,Alerta Amarelo na área Zona Industrial. Nível máximo de água: 30.07%. Precipitação acumulada 6h: 11.20 mm. Precipitação prevista 1h: 10.86 mm.,19.61,registado
136,2,1,3,2026-05-10 03:00:00,Alerta Amarelo na área Zona Ribeirinha. Nível máximo de água: 58.11%. Precipitação acumulada 6h: 21.53 mm. Precipitação prevista 1h: 14.68 mm.,36.28,registado
137,3,4,12,2026-05-10 03:00:00,Alerta Laranja na área Zona Industrial. Nível máximo de água: 36.76%. Precipitação acumulada 6h: 10.01 mm. Precipitação prevista 1h: 23.06 mm.,25.31,ativo
138,2,1,3,2026-05-10 04:00:00,Alerta Amarelo na área Zona Ribeirinha. Nível máximo de água: 60.79%. Precipitação acumulada 6h: 18.08 mm. Precipitação prevista 1h: 15.51 mm.,36.66,registado
139,3,2,5,2026-05-10 04:00:00,Alerta Laranja na área Passagem Inferior. Nível máximo de água: 71.22%. Precipitação acumulada 6h: 43.78 mm. Precipitação prevista 1h: 30.64 mm.,52.84,ativo
140,3,2,5,2026-05-10 05:00:00,Alerta Laranja na área Passagem Inferior. Nível máximo de água: 72.30%. Precipitação acumulada 6h: 43.91 mm. Precipitação prevista 1h: 11.16 mm.,48.5,ativo
141,2,3,9,2026-05-10 05:00:00,Alerta Amarelo na área Centro Urbano. Nível máximo de água: 47.68%. Precipitação acumulada 6h: 21.65 mm. Precipitação prevista 1h: 12.37 mm.,31.04,registado
142,3,2,6,2026-05-10 06:00:00,Alerta Laranja na área Passagem Inferior. Nível máximo de água: 71.12%. Precipitação acumulada 6h: 44.62 mm. Precipitação prevista 1h: 8.39 mm.,47.49,ativo
143,3,4,12,2026-05-10 06:00:00,Alerta Laranja na área Zona Industrial. Nível máximo de água: 34.31%. Precipitação acumulada 6h: 11.12 mm. Precipitação prevista 1h: 21.88 mm.,24.25,ativo
144,4,1,2,2026-05-10 07:00:00,Alerta Vermelho na área Zona Ribeirinha. Nível máximo de água: 73.47%. Precipitação acumulada 6h: 52.59 mm. Precipitação prevista 1h: 47.28 mm.,60.66,ativo
145,3,2,6,2026-05-10 07:00:00,Alerta Laranja na área Passagem Inferior. Nível máximo de água: 72.11%. Precipitação acumulada 6h: 43.73 mm. Precipitação prevista 1h: 7.18 mm.,47.36,ativo
146,3,3,9,2026-05-10 07:00:00,Alerta Laranja na área Centro Urbano. Nível máximo de água: 51.12%. Precipitação acumulada 6h: 22.38 mm. Precipitação prevista 1h: 29.34 mm.,37.05,ativo
147,1,4,12,2026-05-10 07:00:00,Alerta Verde na área Zona Industrial. Nível máximo de água: 40.99%. Precipitação acumulada 6h: 11.35 mm. Precipitação prevista 1h: 0.00 mm.,21.85,registado
148,3,1,2,2026-05-10 08:00:00,Alerta Laranja na área Zona Ribeirinha. Nível máximo de água: 84.59%. Precipitação acumulada 6h: 57.33 mm. Precipitação prevista 1h: 5.45 mm.,56.63,ativo
149,3,2,5,2026-05-10 08:00:00,Alerta Laranja na área Passagem Inferior. Nível máximo de água: 68.66%. Precipitação acumulada 6h: 42.67 mm. Precipitação prevista 1h: 0.00 mm.,43.7,ativo
150,2,4,12,2026-05-10 08:00:00,Alerta Amarelo na área Zona Industrial. Nível máximo de água: 43.56%. Precipitação acumulada 6h: 24.96 mm. Precipitação prevista 1h: 15.07 mm.,30.86,registado
151,3,1,2,2026-05-10 09:00:00,Alerta Laranja na área Zona Ribeirinha. Nível máximo de água: 87.43%. Precipitação acumulada 6h: 59.98 mm. Precipitação prevista 1h: 20.19 mm.,62.39,ativo
152,3,2,4,2026-05-10 09:00:00,Alerta Laranja na área Passagem Inferior. Nível máximo de água: 73.46%. Precipitação acumulada 6h: 42.07 mm. Precipitação prevista 1h: 12.35 mm.,48.77,ativo
153,1,3,8,2026-05-10 09:00:00,Alerta Verde na área Centro Urbano. Nível máximo de água: 50.35%. Precipitação acumulada 6h: 21.90 mm. Precipitação prevista 1h: 4.84 mm.,30.44,registado
154,2,4,12,2026-05-10 09:00:00,Alerta Amarelo na área Zona Industrial. Nível máximo de água: 50.67%. Precipitação acumulada 6h: 25.28 mm. Precipitação prevista 1h: 16.87 mm.,34.6,registado
155,4,1,1,2026-05-10 10:00:00,Alerta Vermelho na área Zona Ribeirinha. Nível máximo de água: 83.93%. Precipitação acumulada 6h: 61.07 mm. Precipitação prevista 1h: 0.00 mm.,56.09,ativo
156,2,2,4,2026-05-10 10:00:00,Alerta Amarelo na área Passagem Inferior. Nível máximo de água: 50.76%. Precipitação acumulada 6h: 15.94 mm. Precipitação prevista 1h: 17.46 mm.,31.99,registado
157,2,3,8,2026-05-10 10:00:00,Alerta Amarelo na área Centro Urbano. Nível máximo de água: 52.46%. Precipitação acumulada 6h: 20.41 mm. Precipitação prevista 1h: 11.15 mm.,32.52,registado
158,2,4,11,2026-05-10 10:00:00,Alerta Amarelo na área Zona Industrial. Nível máximo de água: 47.40%. Precipitação acumulada 6h: 26.01 mm. Precipitação prevista 1h: 10.59 mm.,31.78,registado
159,4,1,1,2026-05-10 11:00:00,Alerta Vermelho na área Zona Ribeirinha. Nível máximo de água: 86.90%. Precipitação acumulada 6h: 61.35 mm. Precipitação prevista 1h: 22.72 mm.,63.19,ativo
160,2,2,4,2026-05-10 11:00:00,Alerta Amarelo na área Passagem Inferior. Nível máximo de água: 51.97%. Precipitação acumulada 6h: 17.83 mm. Precipitação prevista 1h: 10.55 mm.,31.37,registado
161,1,3,7,2026-05-10 11:00:00,Alerta Verde na área Centro Urbano. Nível máximo de água: 42.51%. Precipitação acumulada 6h: 16.35 mm. Precipitação prevista 1h: 3.05 mm.,24.8,registado
162,2,4,12,2026-05-10 11:00:00,Alerta Amarelo na área Zona Industrial. Nível máximo de água: 49.68%. Precipitação acumulada 6h: 25.93 mm. Precipitação prevista 1h: 17.40 mm.,34.49,registado
163,4,1,2,2026-05-10 12:00:00,Alerta Vermelho na área Zona Ribeirinha. Nível máximo de água: 93.32%. Precipitação acumulada 6h: 61.15 mm. Precipitação prevista 1h: 7.11 mm.,62.12,ativo
164,2,3,7,2026-05-10 12:00:00,Alerta Amarelo na área Centro Urbano. Nível máximo de água: 46.85%. Precipitação acumulada 6h: 18.94 mm. Precipitação prevista 1h: 19.24 mm.,31.57,registado
165,2,4,11,2026-05-10 12:00:00,Alerta Amarelo na área Zona Industrial. Nível máximo de água: 52.36%. Precipitação acumulada 6h: 28.14 mm. Precipitação prevista 1h: 14.57 mm.,35.65,registado
166,2,2,4,2026-05-10 13:00:00,Alerta Amarelo na área Passagem Inferior. Nível máximo de água: 54.32%. Precipitação acumulada 6h: 17.57 mm. Precipitação prevista 1h: 12.08 mm.,32.74,registado
167,2,1,3,2026-05-10 14:00:00,Alerta Amarelo na área Zona Ribeirinha. Nível máximo de água: 52.23%. Precipitação acumulada 6h: 21.87 mm. Precipitação prevista 1h: 18.02 mm.,34.57,registado
168,3,1,1,2026-05-10 15:00:00,Alerta Laranja na área Zona Ribeirinha. Nível máximo de água: 73.33%. Precipitação acumulada 6h: 43.87 mm. Precipitação prevista 1h: 24.71 mm.,52.34,ativo
169,3,2,6,2026-05-10 15:00:00,Alerta Laranja na área Passagem Inferior. Nível máximo de água: 52.71%. Precipitação acumulada 6h: 22.84 mm. Precipitação prevista 1h: 25.90 mm.,37.05,ativo
170,3,3,9,2026-05-10 15:00:00,Alerta Laranja na área Centro Urbano. Nível máximo de água: 47.76%. Precipitação acumulada 6h: 17.10 mm. Precipitação prevista 1h: 27.62 mm.,33.53,ativo
171,3,4,10,2026-05-10 15:00:00,Alerta Laranja na área Zona Industrial. Nível máximo de água: 61.34%. Precipitação acumulada 6h: 43.75 mm. Precipitação prevista 1h: 36.85 mm.,49.94,ativo
172,3,1,3,2026-05-10 16:00:00,Alerta Laranja na área Zona Ribeirinha. Nível máximo de água: 76.87%. Precipitação acumulada 6h: 45.06 mm. Precipitação prevista 1h: 13.95 mm.,51.6,ativo
173,3,4,11,2026-05-10 16:00:00,Alerta Laranja na área Zona Industrial. Nível máximo de água: 63.05%. Precipitação acumulada 6h: 42.10 mm. Precipitação prevista 1h: 16.31 mm.,45.08,ativo
174,3,1,2,2026-05-10 17:00:00,Alerta Laranja na área Zona Ribeirinha. Nível máximo de água: 79.49%. Precipitação acumulada 6h: 46.25 mm. Precipitação prevista 1h: 11.29 mm.,52.47,ativo
175,2,2,4,2026-05-10 17:00:00,Alerta Amarelo na área Passagem Inferior. Nível máximo de água: 50.72%. Precipitação acumulada 6h: 21.09 mm. Precipitação prevista 1h: 17.81 mm.,33.6,registado
176,2,4,10,2026-05-10 17:00:00,Alerta Amarelo na área Zona Industrial. Nível máximo de água: 66.96%. Precipitação acumulada 6h: 40.83 mm. Precipitação prevista 1h: 0.00 mm.,42.38,registado
177,3,1,2,2026-05-10 18:00:00,Alerta Laranja na área Zona Ribeirinha. Nível máximo de água: 79.88%. Precipitação acumulada 6h: 44.25 mm. Precipitação prevista 1h: 14.03 mm.,52.73,ativo
178,2,3,9,2026-05-10 18:00:00,Alerta Amarelo na área Centro Urbano. Nível máximo de água: 50.05%. Precipitação acumulada 6h: 16.11 mm. Precipitação prevista 1h: 14.03 mm.,30.86,registado
179,3,4,10,2026-05-10 18:00:00,Alerta Laranja na área Zona Industrial. Nível máximo de água: 63.48%. Precipitação acumulada 6h: 41.33 mm. Precipitação prevista 1h: 0.00 mm.,40.97,ativo
180,3,1,1,2026-05-10 19:00:00,Alerta Laranja na área Zona Ribeirinha. Nível máximo de água: 80.53%. Precipitação acumulada 6h: 46.51 mm. Precipitação prevista 1h: 29.59 mm.,57.59,ativo
181,3,4,11,2026-05-10 19:00:00,Alerta Laranja na área Zona Industrial. Nível máximo de água: 61.45%. Precipitação acumulada 6h: 41.88 mm. Precipitação prevista 1h: 0.00 mm.,40.22,ativo
182,3,1,1,2026-05-10 20:00:00,Alerta Laranja na área Zona Ribeirinha. Nível máximo de água: 77.07%. Precipitação acumulada 6h: 45.53 mm. Precipitação prevista 1h: 11.48 mm.,51.21,ativo
183,4,2,6,2026-05-10 20:00:00,Alerta Vermelho na área Passagem Inferior. Nível máximo de água: 95.49%. Precipitação acumulada 6h: 81.58 mm. Precipitação prevista 1h: 59.26 mm.,81.79,ativo
184,3,4,11,2026-05-10 20:00:00,Alerta Laranja na área Zona Industrial. Nível máximo de água: 65.37%. Precipitação acumulada 6h: 45.73 mm. Precipitação prevista 1h: 5.28 mm.,44.46,ativo
185,4,2,4,2026-05-10 21:00:00,Alerta Vermelho na área Passagem Inferior. Nível máximo de água: 100.00%. Precipitação acumulada 6h: 81.12 mm. Precipitação prevista 1h: 10.81 mm.,71.7,ativo
186,2,3,7,2026-05-10 21:00:00,Alerta Amarelo na área Centro Urbano. Nível máximo de água: 45.04%. Precipitação acumulada 6h: 19.33 mm. Precipitação prevista 1h: 10.21 mm.,28.62,registado
187,3,4,11,2026-05-10 21:00:00,Alerta Laranja na área Zona Industrial. Nível máximo de água: 40.83%. Precipitação acumulada 6h: 13.24 mm. Precipitação prevista 1h: 28.15 mm.,29.38,ativo
188,3,1,3,2026-05-10 22:00:00,Alerta Laranja na área Zona Ribeirinha. Nível máximo de água: 69.82%. Precipitação acumulada 6h: 41.96 mm. Precipitação prevista 1h: 29.05 mm.,51.27,ativo
189,4,2,4,2026-05-10 22:00:00,Alerta Vermelho na área Passagem Inferior. Nível máximo de água: 100.00%. Precipitação acumulada 6h: 83.74 mm. Precipitação prevista 1h: 10.34 mm.,71.58,ativo
190,2,3,7,2026-05-10 22:00:00,Alerta Amarelo na área Centro Urbano. Nível máximo de água: 47.75%. Precipitação acumulada 6h: 16.85 mm. Precipitação prevista 1h: 10.52 mm.,29.17,registado
191,2,4,12,2026-05-10 22:00:00,Alerta Amarelo na área Zona Industrial. Nível máximo de água: 38.68%. Precipitação acumulada 6h: 13.74 mm. Precipitação prevista 1h: 16.73 mm.,25.71,registado
192,2,1,3,2026-05-10 23:00:00,Alerta Amarelo na área Zona Ribeirinha. Nível máximo de água: 66.93%. Precipitação acumulada 6h: 38.78 mm. Precipitação prevista 1h: 1.84 mm.,42.21,registado
193,4,2,6,2026-05-10 23:00:00,Alerta Vermelho na área Passagem Inferior. Nível máximo de água: 98.94%. Precipitação acumulada 6h: 80.45 mm. Precipitação prevista 1h: 14.05 mm.,72.04,ativo
194,3,3,9,2026-05-10 23:00:00,Alerta Laranja na área Centro Urbano. Nível máximo de água: 72.39%. Precipitação acumulada 6h: 51.70 mm. Precipitação prevista 1h: 26.53 mm.,54.72,ativo
195,2,1,1,2026-05-11 00:00:00,Alerta Amarelo na área Zona Ribeirinha. Nível máximo de água: 66.16%. Precipitação acumulada 6h: 38.40 mm. Precipitação prevista 1h: 9.97 mm.,43.78,registado
196,4,2,5,2026-05-11 00:00:00,Alerta Vermelho na área Passagem Inferior. Nível máximo de água: 100.00%. Precipitação acumulada 6h: 79.35 mm. Precipitação prevista 1h: 0.56 mm.,68.94,ativo
197,3,3,9,2026-05-11 00:00:00,Alerta Laranja na área Centro Urbano. Nível máximo de água: 75.19%. Precipitação acumulada 6h: 52.37 mm. Precipitação prevista 1h: 17.44 mm.,53.91,ativo
198,2,4,12,2026-05-11 00:00:00,Alerta Amarelo na área Zona Industrial. Nível máximo de água: 39.09%. Precipitação acumulada 6h: 13.75 mm. Precipitação prevista 1h: 15.72 mm.,25.65,registado
199,3,1,1,2026-05-11 01:00:00,Alerta Laranja na área Zona Ribeirinha. Nível máximo de água: 75.18%. Precipitação acumulada 6h: 40.03 mm. Precipitação prevista 1h: 0.00 mm.,45.84,ativo
200,4,2,4,2026-05-11 01:00:00,Alerta Vermelho na área Passagem Inferior. Nível máximo de água: 100.00%. Precipitação acumulada 6h: 81.78 mm. Precipitação prevista 1h: 0.00 mm.,69,ativo
201,3,3,8,2026-05-11 01:00:00,Alerta Laranja na área Centro Urbano. Nível máximo de água: 73.62%. Precipitação acumulada 6h: 54.42 mm. Precipitação prevista 1h: 12.35 mm.,52.54,ativo
202,2,1,2,2026-05-11 02:00:00,Alerta Amarelo na área Zona Ribeirinha. Nível máximo de água: 67.08%. Precipitação acumulada 6h: 39.91 mm. Precipitação prevista 1h: 0.00 mm.,42.16,registado
203,3,3,8,2026-05-11 02:00:00,Alerta Laranja na área Centro Urbano. Nível máximo de água: 78.04%. Precipitação acumulada 6h: 55.55 mm. Precipitação prevista 1h: 5.64 mm.,53.19,ativo
204,3,1,2,2026-05-11 03:00:00,Alerta Laranja na área Zona Ribeirinha. Nível máximo de água: 70.78%. Precipitação acumulada 6h: 41.46 mm. Precipitação prevista 1h: 6.72 mm.,45.97,ativo
205,3,3,8,2026-05-11 03:00:00,Alerta Laranja na área Centro Urbano. Nível máximo de água: 81.09%. Precipitação acumulada 6h: 49.93 mm. Precipitação prevista 1h: 15.06 mm.,55.23,ativo
206,3,1,1,2026-05-11 04:00:00,Alerta Laranja na área Zona Ribeirinha. Nível máximo de água: 75.43%. Precipitação acumulada 6h: 42.20 mm. Precipitação prevista 1h: 19.38 mm.,51.45,ativo
207,2,2,4,2026-05-11 04:00:00,Alerta Amarelo na área Passagem Inferior. Nível máximo de água: 48.59%. Precipitação acumulada 6h: 21.05 mm. Precipitação prevista 1h: 10.31 mm.,30.76,registado
208,3,3,7,2026-05-11 04:00:00,Alerta Laranja na área Centro Urbano. Nível máximo de água: 75.68%. Precipitação acumulada 6h: 51.00 mm. Precipitação prevista 1h: 21.16 mm.,54.65,ativo
209,3,1,1,2026-05-11 05:00:00,Alerta Laranja na área Zona Ribeirinha. Nível máximo de água: 77.13%. Precipitação acumulada 6h: 43.56 mm. Precipitação prevista 1h: 12.03 mm.,50.78,ativo
210,1,2,6,2026-05-11 05:00:00,Alerta Verde na área Passagem Inferior. Nível máximo de água: 55.99%. Precipitação acumulada 6h: 24.16 mm. Precipitação prevista 1h: 0.00 mm.,32.44,registado
211,3,1,3,2026-05-11 06:00:00,Alerta Laranja na área Zona Ribeirinha. Nível máximo de água: 80.00%. Precipitação acumulada 6h: 44.08 mm. Precipitação prevista 1h: 21.05 mm.,54.49,ativo
212,2,3,8,2026-05-11 06:00:00,Alerta Amarelo na área Centro Urbano. Nível máximo de água: 55.56%. Precipitação acumulada 6h: 22.82 mm. Precipitação prevista 1h: 13.19 mm.,35.15,registado
213,3,1,2,2026-05-11 07:00:00,Alerta Laranja na área Zona Ribeirinha. Nível máximo de água: 74.00%. Precipitação acumulada 6h: 42.83 mm. Precipitação prevista 1h: 7.06 mm.,47.91,ativo
214,3,3,9,2026-05-11 07:00:00,Alerta Laranja na área Centro Urbano. Nível máximo de água: 57.75%. Precipitação acumulada 6h: 23.82 mm. Precipitação prevista 1h: 22.86 mm.,38.85,ativo
215,3,1,3,2026-05-11 08:00:00,Alerta Laranja na área Zona Ribeirinha. Nível máximo de água: 73.74%. Precipitação acumulada 6h: 44.50 mm. Precipitação prevista 1h: 4.53 mm.,47.67,ativo
216,2,2,5,2026-05-11 08:00:00,Alerta Amarelo na área Passagem Inferior. Nível máximo de água: 54.81%. Precipitação acumulada 6h: 25.37 mm. Precipitação prevista 1h: 11.08 mm.,35.05,registado
217,3,4,12,2026-05-11 08:00:00,Alerta Laranja na área Zona Industrial. Nível máximo de água: 39.49%. Precipitação acumulada 6h: 21.19 mm. Precipitação prevista 1h: 37.18 mm.,33.42,ativo
218,3,1,1,2026-05-11 09:00:00,Alerta Laranja na área Zona Ribeirinha. Nível máximo de água: 72.48%. Precipitação acumulada 6h: 42.05 mm. Precipitação prevista 1h: 0.00 mm.,45.23,ativo
219,3,2,4,2026-05-11 09:00:00,Alerta Laranja na área Passagem Inferior. Nível máximo de água: 62.71%. Precipitação acumulada 6h: 36.24 mm. Precipitação prevista 1h: 22.61 mm.,44.74,ativo
220,1,3,7,2026-05-11 09:00:00,Alerta Verde na área Centro Urbano. Nível máximo de água: 51.71%. Precipitação acumulada 6h: 25.74 mm. Precipitação prevista 1h: 6.75 mm.,32.68,registado
221,2,4,10,2026-05-11 09:00:00,Alerta Amarelo na área Zona Industrial. Nível máximo de água: 47.37%. Precipitação acumulada 6h: 22.70 mm. Precipitação prevista 1h: 14.56 mm.,31.77,registado
222,2,1,1,2026-05-11 10:00:00,Alerta Amarelo na área Zona Ribeirinha. Nível máximo de água: 51.77%. Precipitação acumulada 6h: 16.29 mm. Precipitação prevista 1h: 16.86 mm.,32.4,registado
223,3,2,5,2026-05-11 10:00:00,Alerta Laranja na área Passagem Inferior. Nível máximo de água: 64.03%. Precipitação acumulada 6h: 36.70 mm. Precipitação prevista 1h: 11.45 mm.,42.69,ativo
224,2,3,8,2026-05-11 10:00:00,Alerta Amarelo na área Centro Urbano. Nível máximo de água: 52.03%. Precipitação acumulada 6h: 27.06 mm. Precipitação prevista 1h: 10.23 mm.,34.09,registado
225,2,2,4,2026-05-11 11:00:00,Alerta Amarelo na área Passagem Inferior. Nível máximo de água: 66.45%. Precipitação acumulada 6h: 36.12 mm. Precipitação prevista 1h: 7.60 mm.,42.64,registado
226,2,3,7,2026-05-11 11:00:00,Alerta Amarelo na área Centro Urbano. Nível máximo de água: 52.79%. Precipitação acumulada 6h: 26.80 mm. Precipitação prevista 1h: 16.75 mm.,35.98,registado
227,2,1,2,2026-05-11 12:00:00,Alerta Amarelo na área Zona Ribeirinha. Nível máximo de água: 50.05%. Precipitação acumulada 6h: 20.34 mm. Precipitação prevista 1h: 10.62 mm.,31.28,registado
228,3,2,4,2026-05-11 12:00:00,Alerta Laranja na área Passagem Inferior. Nível máximo de água: 64.13%. Precipitação acumulada 6h: 37.91 mm. Precipitação prevista 1h: 17.62 mm.,44.64,ativo
229,2,4,11,2026-05-11 12:00:00,Alerta Amarelo na área Zona Industrial. Nível máximo de água: 39.50%. Precipitação acumulada 6h: 20.72 mm. Precipitação prevista 1h: 12.53 mm.,27.12,registado
230,2,2,6,2026-05-11 13:00:00,Alerta Amarelo na área Passagem Inferior. Nível máximo de água: 65.87%. Precipitação acumulada 6h: 38.06 mm. Precipitação prevista 1h: 0.00 mm.,41.06,registado
231,2,3,8,2026-05-11 13:00:00,Alerta Amarelo na área Centro Urbano. Nível máximo de água: 50.42%. Precipitação acumulada 6h: 27.69 mm. Precipitação prevista 1h: 12.91 mm.,34.22,registado
232,2,4,11,2026-05-11 13:00:00,Alerta Amarelo na área Zona Industrial. Nível máximo de água: 43.33%. Precipitação acumulada 6h: 21.21 mm. Precipitação prevista 1h: 13.77 mm.,29.3,registado
233,3,2,6,2026-05-11 14:00:00,Alerta Laranja na área Passagem Inferior. Nível máximo de água: 66.33%. Precipitação acumulada 6h: 34.12 mm. Precipitação prevista 1h: 25.97 mm.,46.58,ativo
234,2,4,11,2026-05-11 14:00:00,Alerta Amarelo na área Zona Industrial. Nível máximo de água: 49.92%. Precipitação acumulada 6h: 23.11 mm. Precipitação prevista 1h: 14.91 mm.,33.12,registado
235,3,2,4,2026-05-11 15:00:00,Alerta Laranja na área Passagem Inferior. Nível máximo de água: 56.26%. Precipitação acumulada 6h: 19.86 mm. Precipitação prevista 1h: 21.59 mm.,36.67,ativo
236,3,3,9,2026-05-11 15:00:00,Alerta Laranja na área Centro Urbano. Nível máximo de água: 48.06%. Precipitação acumulada 6h: 23.03 mm. Precipitação prevista 1h: 25.27 mm.,34.85,ativo
237,2,1,1,2026-05-11 16:00:00,Alerta Amarelo na área Zona Ribeirinha. Nível máximo de água: 63.74%. Precipitação acumulada 6h: 27.02 mm. Precipitação prevista 1h: 17.27 mm.,41.11,registado
238,3,4,11,2026-05-11 16:00:00,Alerta Laranja na área Zona Industrial. Nível máximo de água: 58.70%. Precipitação acumulada 6h: 39.15 mm. Precipitação prevista 1h: 23.60 mm.,44.06,ativo
239,4,2,6,2026-05-11 17:00:00,Alerta Vermelho na área Passagem Inferior. Nível máximo de água: 67.93%. Precipitação acumulada 6h: 41.49 mm. Precipitação prevista 1h: 41.82 mm.,53.47,ativo
240,2,3,7,2026-05-11 17:00:00,Alerta Amarelo na área Centro Urbano. Nível máximo de água: 53.40%. Precipitação acumulada 6h: 24.90 mm. Precipitação prevista 1h: 15.50 mm.,35.38,registado
241,2,4,10,2026-05-11 17:00:00,Alerta Amarelo na área Zona Industrial. Nível máximo de água: 62.77%. Precipitação acumulada 6h: 36.72 mm. Precipitação prevista 1h: 1.81 mm.,39.72,registado
242,2,1,1,2026-05-11 18:00:00,Alerta Amarelo na área Zona Ribeirinha. Nível máximo de água: 59.74%. Precipitação acumulada 6h: 23.44 mm. Precipitação prevista 1h: 10.70 mm.,36.59,registado
243,3,2,5,2026-05-11 18:00:00,Alerta Laranja na área Passagem Inferior. Nível máximo de água: 71.51%. Precipitação acumulada 6h: 40.69 mm. Precipitação prevista 1h: 5.48 mm.,45.76,ativo
244,2,3,7,2026-05-11 18:00:00,Alerta Amarelo na área Centro Urbano. Nível máximo de água: 54.49%. Precipitação acumulada 6h: 24.72 mm. Precipitação prevista 1h: 18.16 mm.,36.48,registado
245,2,4,12,2026-05-11 18:00:00,Alerta Amarelo na área Zona Industrial. Nível máximo de água: 54.99%. Precipitação acumulada 6h: 35.82 mm. Precipitação prevista 1h: 0.00 mm.,35.49,registado
246,3,2,6,2026-05-11 19:00:00,Alerta Laranja na área Passagem Inferior. Nível máximo de água: 72.73%. Precipitação acumulada 6h: 40.09 mm. Precipitação prevista 1h: 9.91 mm.,47.23,ativo
247,2,3,8,2026-05-11 19:00:00,Alerta Amarelo na área Centro Urbano. Nível máximo de água: 55.02%. Precipitação acumulada 6h: 23.22 mm. Precipitação prevista 1h: 11.57 mm.,34.62,registado
248,2,4,10,2026-05-11 19:00:00,Alerta Amarelo na área Zona Industrial. Nível máximo de água: 55.05%. Precipitação acumulada 6h: 37.04 mm. Precipitação prevista 1h: 0.16 mm.,35.92,registado
249,3,2,5,2026-05-11 20:00:00,Alerta Laranja na área Passagem Inferior. Nível máximo de água: 73.93%. Precipitação acumulada 6h: 45.65 mm. Precipitação prevista 1h: 11.82 mm.,49.92,ativo
250,3,4,11,2026-05-11 20:00:00,Alerta Laranja na área Zona Industrial. Nível máximo de água: 70.80%. Precipitação acumulada 6h: 52.36 mm. Precipitação prevista 1h: 22.15 mm.,53.11,ativo
251,3,2,4,2026-05-11 21:00:00,Alerta Laranja na área Passagem Inferior. Nível máximo de água: 78.09%. Precipitação acumulada 6h: 47.07 mm. Precipitação prevista 1h: 1.69 mm.,49.68,ativo
252,4,4,11,2026-05-11 21:00:00,Alerta Vermelho na área Zona Industrial. Nível máximo de água: 81.27%. Precipitação acumulada 6h: 65.53 mm. Precipitação prevista 1h: 20.66 mm.,61.4,ativo
253,2,1,3,2026-05-11 22:00:00,Alerta Amarelo na área Zona Ribeirinha. Nível máximo de água: 62.02%. Precipitação acumulada 6h: 24.31 mm. Precipitação prevista 1h: 13.24 mm.,38.51,registado
254,3,2,5,2026-05-11 22:00:00,Alerta Laranja na área Passagem Inferior. Nível máximo de água: 73.77%. Precipitação acumulada 6h: 47.59 mm. Precipitação prevista 1h: 7.87 mm.,49.44,ativo
255,3,4,11,2026-05-11 22:00:00,Alerta Laranja na área Zona Industrial. Nível máximo de água: 75.52%. Precipitação acumulada 6h: 50.61 mm. Precipitação prevista 1h: 10.39 mm.,51.76,ativo
256,2,2,6,2026-05-11 23:00:00,Alerta Amarelo na área Passagem Inferior. Nível máximo de água: 58.53%. Precipitação acumulada 6h: 24.56 mm. Precipitação prevista 1h: 16.00 mm.,37.71,registado
257,3,4,10,2026-05-11 23:00:00,Alerta Laranja na área Zona Industrial. Nível máximo de água: 72.72%. Precipitação acumulada 6h: 51.99 mm. Precipitação prevista 1h: 0.60 mm.,48.47,ativo
258,2,1,2,2026-05-12 00:00:00,Alerta Amarelo na área Zona Ribeirinha. Nível máximo de água: 66.42%. Precipitação acumulada 6h: 28.43 mm. Precipitação prevista 1h: 20.25 mm.,43.48,registado
259,4,3,8,2026-05-12 00:00:00,Alerta Vermelho na área Centro Urbano. Nível máximo de água: 68.22%. Precipitação acumulada 6h: 54.32 mm. Precipitação prevista 1h: 42.88 mm.,57.72,ativo
260,3,4,10,2026-05-12 00:00:00,Alerta Laranja na área Zona Industrial. Nível máximo de água: 72.85%. Precipitação acumulada 6h: 52.24 mm. Precipitação prevista 1h: 0.00 mm.,48.45,ativo
261,2,1,3,2026-05-12 01:00:00,Alerta Amarelo na área Zona Ribeirinha. Nível máximo de água: 59.76%. Precipitação acumulada 6h: 28.00 mm. Precipitação prevista 1h: 19.11 mm.,40.07,registado
262,4,2,5,2026-05-12 01:00:00,Alerta Vermelho na área Passagem Inferior. Nível máximo de água: 100.00%. Precipitação acumulada 6h: 82.40 mm. Precipitação prevista 1h: 70.00 mm.,84,ativo
263,3,3,9,2026-05-12 01:00:00,Alerta Laranja na área Centro Urbano. Nível máximo de água: 76.24%. Precipitação acumulada 6h: 53.93 mm. Precipitação prevista 1h: 2.08 mm.,51.01,ativo
264,3,4,11,2026-05-12 01:00:00,Alerta Laranja na área Zona Industrial. Nível máximo de água: 71.43%. Precipitação acumulada 6h: 52.08 mm. Precipitação prevista 1h: 9.92 mm.,50.25,ativo
265,4,2,4,2026-05-12 02:00:00,Alerta Vermelho na área Passagem Inferior. Nível máximo de água: 100.00%. Precipitação acumulada 6h: 111.50 mm. Precipitação prevista 1h: 34.70 mm.,77.68,ativo
266,3,3,7,2026-05-12 02:00:00,Alerta Laranja na área Centro Urbano. Nível máximo de água: 81.95%. Precipitação acumulada 6h: 57.17 mm. Precipitação prevista 1h: 2.91 mm.,54.76,ativo
267,2,4,10,2026-05-12 02:00:00,Alerta Amarelo na área Zona Industrial. Nível máximo de água: 56.25%. Precipitação acumulada 6h: 34.99 mm. Precipitação prevista 1h: 7.38 mm.,37.65,registado
268,4,2,4,2026-05-12 03:00:00,Alerta Vermelho na área Passagem Inferior. Nível máximo de água: 100.00%. Precipitação acumulada 6h: 111.84 mm. Precipitação prevista 1h: 9.55 mm.,71.39,ativo
269,3,3,8,2026-05-12 03:00:00,Alerta Laranja na área Centro Urbano. Nível máximo de água: 83.85%. Precipitação acumulada 6h: 59.07 mm. Precipitação prevista 1h: 9.14 mm.,57.74,ativo
270,2,4,10,2026-05-12 03:00:00,Alerta Amarelo na área Zona Industrial. Nível máximo de água: 43.27%. Precipitação acumulada 6h: 17.68 mm. Precipitação prevista 1h: 12.94 mm.,28.01,registado
271,4,2,4,2026-05-12 04:00:00,Alerta Vermelho na área Passagem Inferior. Nível máximo de água: 100.00%. Precipitação acumulada 6h: 114.22 mm. Precipitação prevista 1h: 0.54 mm.,69.14,ativo
272,4,3,7,2026-05-12 04:00:00,Alerta Vermelho na área Centro Urbano. Nível máximo de água: 81.09%. Precipitação acumulada 6h: 60.32 mm. Precipitação prevista 1h: 0.00 mm.,54.59,ativo
273,3,4,10,2026-05-12 04:00:00,Alerta Laranja na área Zona Industrial. Nível máximo de água: 63.96%. Precipitação acumulada 6h: 46.42 mm. Precipitação prevista 1h: 33.20 mm.,51.01,ativo
274,2,1,2,2026-05-12 05:00:00,Alerta Amarelo na área Zona Ribeirinha. Nível máximo de água: 69.10%. Precipitação acumulada 6h: 37.07 mm. Precipitação prevista 1h: 6.36 mm.,43.81,registado
275,4,2,4,2026-05-12 05:00:00,Alerta Vermelho na área Passagem Inferior. Nível máximo de água: 100.00%. Precipitação acumulada 6h: 113.76 mm. Precipitação prevista 1h: 20.89 mm.,74.22,ativo
276,4,3,8,2026-05-12 05:00:00,Alerta Vermelho na área Centro Urbano. Nível máximo de água: 87.97%. Precipitação acumulada 6h: 64.68 mm. Precipitação prevista 1h: 1.98 mm.,59.49,ativo
277,3,4,11,2026-05-12 05:00:00,Alerta Laranja na área Zona Industrial. Nível máximo de água: 67.62%. Precipitação acumulada 6h: 46.02 mm. Precipitação prevista 1h: 10.29 mm.,46.81,ativo
278,3,1,3,2026-05-12 06:00:00,Alerta Laranja na área Zona Ribeirinha. Nível máximo de água: 68.13%. Precipitação acumulada 6h: 36.26 mm. Precipitação prevista 1h: 12.40 mm.,44.64,ativo
279,4,2,4,2026-05-12 06:00:00,Alerta Vermelho na área Passagem Inferior. Nível máximo de água: 100.00%. Precipitação acumulada 6h: 112.23 mm. Precipitação prevista 1h: 10.49 mm.,71.62,ativo
280,2,3,8,2026-05-12 06:00:00,Alerta Amarelo na área Centro Urbano. Nível máximo de água: 56.41%. Precipitação acumulada 6h: 23.90 mm. Precipitação prevista 1h: 18.73 mm.,37.24,registado
281,3,4,12,2026-05-12 06:00:00,Alerta Laranja na área Zona Industrial. Nível máximo de água: 66.79%. Precipitação acumulada 6h: 45.69 mm. Precipitação prevista 1h: 0.00 mm.,43.76,ativo
282,3,1,1,2026-05-12 07:00:00,Alerta Laranja na área Zona Ribeirinha. Nível máximo de água: 71.43%. Precipitação acumulada 6h: 37.53 mm. Precipitação prevista 1h: 28.69 mm.,50.58,ativo
283,3,2,4,2026-05-12 07:00:00,Alerta Laranja na área Passagem Inferior. Nível máximo de água: 88.96%. Precipitação acumulada 6h: 54.34 mm. Precipitação prevista 1h: 0.55 mm.,56.47,ativo
284,3,4,10,2026-05-12 07:00:00,Alerta Laranja na área Zona Industrial. Nível máximo de água: 70.60%. Precipitação acumulada 6h: 46.60 mm. Precipitação prevista 1h: 0.00 mm.,45.75,ativo
285,3,1,3,2026-05-12 08:00:00,Alerta Laranja na área Zona Ribeirinha. Nível máximo de água: 76.18%. Precipitação acumulada 6h: 42.69 mm. Precipitação prevista 1h: 18.23 mm.,51.65,ativo
286,3,3,9,2026-05-12 08:00:00,Alerta Laranja na área Centro Urbano. Nível máximo de água: 51.74%. Precipitação acumulada 6h: 24.04 mm. Precipitação prevista 1h: 23.81 mm.,36.45,ativo
287,3,4,11,2026-05-12 08:00:00,Alerta Laranja na área Zona Industrial. Nível máximo de água: 67.19%. Precipitação acumulada 6h: 48.08 mm. Precipitação prevista 1h: 8.59 mm.,46.81,ativo
288,2,1,1,2026-05-12 09:00:00,Alerta Amarelo na área Zona Ribeirinha. Nível máximo de água: 69.41%. Precipitação acumulada 6h: 38.80 mm. Precipitação prevista 1h: 0.00 mm.,42.87,registado
289,2,2,5,2026-05-12 09:00:00,Alerta Amarelo na área Passagem Inferior. Nível máximo de água: 54.64%. Precipitação acumulada 6h: 19.75 mm. Precipitação prevista 1h: 11.50 mm.,33.39,registado
290,2,3,9,2026-05-12 09:00:00,Alerta Amarelo na área Centro Urbano. Nível máximo de água: 47.61%. Precipitação acumulada 6h: 20.26 mm. Precipitação prevista 1h: 10.39 mm.,30.1,registado
291,3,4,12,2026-05-12 09:00:00,Alerta Laranja na área Zona Industrial. Nível máximo de água: 68.92%. Precipitação acumulada 6h: 50.56 mm. Precipitação prevista 1h: 7.71 mm.,48.11,ativo
292,3,1,2,2026-05-12 10:00:00,Alerta Laranja na área Zona Ribeirinha. Nível máximo de água: 73.63%. Precipitação acumulada 6h: 39.78 mm. Precipitação prevista 1h: 22.65 mm.,50.73,ativo
293,2,3,8,2026-05-12 10:00:00,Alerta Amarelo na área Centro Urbano. Nível máximo de água: 50.76%. Precipitação acumulada 6h: 22.51 mm. Precipitação prevista 1h: 15.38 mm.,33.44,registado
294,4,1,2,2026-05-12 11:00:00,Alerta Vermelho na área Zona Ribeirinha. Nível máximo de água: 99.18%. Precipitação acumulada 6h: 71.35 mm. Precipitação prevista 1h: 54.57 mm.,79.68,ativo
295,1,3,7,2026-05-12 11:00:00,Alerta Verde na área Centro Urbano. Nível máximo de água: 45.74%. Precipitação acumulada 6h: 19.72 mm. Precipitação prevista 1h: 4.32 mm.,27.58,registado
296,2,4,10,2026-05-12 11:00:00,Alerta Amarelo na área Zona Industrial. Nível máximo de água: 48.82%. Precipitação acumulada 6h: 18.70 mm. Precipitação prevista 1h: 11.09 mm.,30.35,registado
297,4,1,1,2026-05-12 12:00:00,Alerta Vermelho na área Zona Ribeirinha. Nível máximo de água: 100.00%. Precipitação acumulada 6h: 75.94 mm. Precipitação prevista 1h: 15.98 mm.,71.78,ativo
298,3,3,9,2026-05-12 12:00:00,Alerta Laranja na área Centro Urbano. Nível máximo de água: 48.60%. Precipitação acumulada 6h: 21.04 mm. Precipitação prevista 1h: 26.82 mm.,34.89,ativo
299,2,4,10,2026-05-12 12:00:00,Alerta Amarelo na área Zona Industrial. Nível máximo de água: 45.85%. Precipitação acumulada 6h: 19.38 mm. Precipitação prevista 1h: 11.97 mm.,29.44,registado
300,4,1,1,2026-05-12 13:00:00,Alerta Vermelho na área Zona Ribeirinha. Nível máximo de água: 100.00%. Precipitação acumulada 6h: 79.20 mm. Precipitação prevista 1h: 20.28 mm.,73.83,ativo
301,3,3,9,2026-05-12 13:00:00,Alerta Laranja na área Centro Urbano. Nível máximo de água: 73.21%. Precipitação acumulada 6h: 46.49 mm. Precipitação prevista 1h: 27.36 mm.,53.73,ativo
302,4,1,1,2026-05-12 14:00:00,Alerta Vermelho na área Zona Ribeirinha. Nível máximo de água: 100.00%. Precipitação acumulada 6h: 78.22 mm. Precipitação prevista 1h: 20.79 mm.,73.66,ativo
303,3,3,7,2026-05-12 14:00:00,Alerta Laranja na área Centro Urbano. Nível máximo de água: 63.82%. Precipitação acumulada 6h: 45.36 mm. Precipitação prevista 1h: 0.00 mm.,42.33,ativo
304,2,4,11,2026-05-12 14:00:00,Alerta Amarelo na área Zona Industrial. Nível máximo de água: 36.21%. Precipitação acumulada 6h: 15.68 mm. Precipitação prevista 1h: 11.27 mm.,23.82,registado
305,4,1,1,2026-05-12 15:00:00,Alerta Vermelho na área Zona Ribeirinha. Nível máximo de água: 100.00%. Precipitação acumulada 6h: 82.08 mm. Precipitação prevista 1h: 8.30 mm.,71.08,ativo
306,2,2,5,2026-05-12 15:00:00,Alerta Amarelo na área Passagem Inferior. Nível máximo de água: 53.17%. Precipitação acumulada 6h: 24.10 mm. Precipitação prevista 1h: 11.73 mm.,34.09,registado
307,3,3,8,2026-05-12 15:00:00,Alerta Laranja na área Centro Urbano. Nível máximo de água: 64.29%. Precipitação acumulada 6h: 43.50 mm. Precipitação prevista 1h: 0.00 mm.,41.98,ativo
308,4,1,3,2026-05-12 16:00:00,Alerta Vermelho na área Zona Ribeirinha. Nível máximo de água: 100.00%. Precipitação acumulada 6h: 79.22 mm. Precipitação prevista 1h: 15.85 mm.,72.73,ativo
309,2,2,6,2026-05-12 16:00:00,Alerta Amarelo na área Passagem Inferior. Nível máximo de água: 55.12%. Precipitação acumulada 6h: 26.47 mm. Precipitação prevista 1h: 15.60 mm.,36.64,registado
310,3,3,9,2026-05-12 16:00:00,Alerta Laranja na área Centro Urbano. Nível máximo de água: 68.02%. Precipitação acumulada 6h: 42.69 mm. Precipitação prevista 1h: 8.64 mm.,45.58,ativo
311,3,1,1,2026-05-12 17:00:00,Alerta Laranja na área Zona Ribeirinha. Nível máximo de água: 80.50%. Precipitação acumulada 6h: 32.76 mm. Precipitação prevista 1h: 0.93 mm.,46.29,ativo
312,2,2,4,2026-05-12 17:00:00,Alerta Amarelo na área Passagem Inferior. Nível máximo de água: 57.05%. Precipitação acumulada 6h: 24.84 mm. Precipitação prevista 1h: 14.08 mm.,36.64,registado
313,3,3,8,2026-05-12 17:00:00,Alerta Laranja na área Centro Urbano. Nível máximo de água: 69.44%. Precipitação acumulada 6h: 45.19 mm. Precipitação prevista 1h: 0.00 mm.,44.81,ativo
314,2,4,11,2026-05-12 17:00:00,Alerta Amarelo na área Zona Industrial. Nível máximo de água: 43.45%. Precipitação acumulada 6h: 21.01 mm. Precipitação prevista 1h: 13.31 mm.,29.18,registado
315,2,1,1,2026-05-12 18:00:00,Alerta Amarelo na área Zona Ribeirinha. Nível máximo de água: 68.56%. Precipitação acumulada 6h: 29.98 mm. Precipitação prevista 1h: 14.43 mm.,43.45,registado
316,2,2,5,2026-05-12 18:00:00,Alerta Amarelo na área Passagem Inferior. Nível máximo de água: 55.76%. Precipitação acumulada 6h: 26.41 mm. Precipitação prevista 1h: 11.77 mm.,35.96,registado
317,3,3,9,2026-05-12 18:00:00,Alerta Laranja na área Centro Urbano. Nível máximo de água: 68.98%. Precipitação acumulada 6h: 44.54 mm. Precipitação prevista 1h: 9.00 mm.,46.65,ativo
318,2,1,2,2026-05-12 19:00:00,Alerta Amarelo na área Zona Ribeirinha. Nível máximo de água: 59.22%. Precipitação acumulada 6h: 25.17 mm. Precipitação prevista 1h: 19.74 mm.,39.14,registado
319,3,2,6,2026-05-12 19:00:00,Alerta Laranja na área Passagem Inferior. Nível máximo de água: 66.04%. Precipitação acumulada 6h: 37.02 mm. Precipitação prevista 1h: 16.48 mm.,44.94,ativo
320,3,3,9,2026-05-12 19:00:00,Alerta Laranja na área Centro Urbano. Nível máximo de água: 55.91%. Precipitação acumulada 6h: 29.16 mm. Precipitação prevista 1h: 22.52 mm.,39.54,ativo
321,2,1,2,2026-05-12 20:00:00,Alerta Amarelo na área Zona Ribeirinha. Nível máximo de água: 57.02%. Precipitação acumulada 6h: 22.36 mm. Precipitação prevista 1h: 10.03 mm.,34.87,registado
322,2,2,6,2026-05-12 20:00:00,Alerta Amarelo na área Passagem Inferior. Nível máximo de água: 67.16%. Precipitação acumulada 6h: 36.07 mm. Precipitação prevista 1h: 4.80 mm.,42.24,registado
323,2,3,9,2026-05-12 20:00:00,Alerta Amarelo na área Centro Urbano. Nível máximo de água: 55.71%. Precipitação acumulada 6h: 30.87 mm. Precipitação prevista 1h: 9.01 mm.,36.58,registado
324,2,4,10,2026-05-12 20:00:00,Alerta Amarelo na área Zona Industrial. Nível máximo de água: 40.66%. Precipitação acumulada 6h: 19.76 mm. Precipitação prevista 1h: 12.70 mm.,27.4,registado
325,2,1,2,2026-05-12 21:00:00,Alerta Amarelo na área Zona Ribeirinha. Nível máximo de água: 57.54%. Precipitação acumulada 6h: 25.27 mm. Precipitação prevista 1h: 12.77 mm.,36.67,registado
326,3,2,4,2026-05-12 21:00:00,Alerta Laranja na área Passagem Inferior. Nível máximo de água: 65.76%. Precipitação acumulada 6h: 34.15 mm. Precipitação prevista 1h: 13.96 mm.,43.33,ativo
327,3,3,7,2026-05-12 21:00:00,Alerta Laranja na área Centro Urbano. Nível máximo de água: 57.00%. Precipitação acumulada 6h: 33.74 mm. Precipitação prevista 1h: 16.97 mm.,40.01,ativo
328,2,4,12,2026-05-12 21:00:00,Alerta Amarelo na área Zona Industrial. Nível máximo de água: 40.84%. Precipitação acumulada 6h: 19.71 mm. Precipitação prevista 1h: 15.22 mm.,28.1,registado
329,2,2,6,2026-05-12 22:00:00,Alerta Amarelo na área Passagem Inferior. Nível máximo de água: 62.32%. Precipitação acumulada 6h: 32.88 mm. Precipitação prevista 1h: 0.00 mm.,37.91,registado
330,2,3,8,2026-05-12 22:00:00,Alerta Amarelo na área Centro Urbano. Nível máximo de água: 61.42%. Precipitação acumulada 6h: 32.26 mm. Precipitação prevista 1h: 2.67 mm.,37.98,registado
331,3,4,11,2026-05-12 22:00:00,Alerta Laranja na área Zona Industrial. Nível máximo de água: 45.20%. Precipitação acumulada 6h: 20.75 mm. Precipitação prevista 1h: 22.30 mm.,32.14,ativo
332,2,1,2,2026-05-12 23:00:00,Alerta Amarelo na área Zona Ribeirinha. Nível máximo de água: 56.09%. Precipitação acumulada 6h: 23.75 mm. Precipitação prevista 1h: 11.21 mm.,35.17,registado
333,3,2,5,2026-05-12 23:00:00,Alerta Laranja na área Passagem Inferior. Nível máximo de água: 60.93%. Precipitação acumulada 6h: 33.26 mm. Precipitação prevista 1h: 14.72 mm.,41.08,ativo
334,2,3,8,2026-05-12 23:00:00,Alerta Amarelo na área Centro Urbano. Nível máximo de água: 60.89%. Precipitação acumulada 6h: 30.83 mm. Precipitação prevista 1h: 5.24 mm.,37.96,registado
335,4,4,10,2026-05-12 23:00:00,Alerta Vermelho na área Zona Industrial. Nível máximo de água: 74.97%. Precipitação acumulada 6h: 60.38 mm. Precipitação prevista 1h: 50.65 mm.,64.51,ativo
336,2,1,1,2026-05-13 00:00:00,Alerta Amarelo na área Zona Ribeirinha. Nível máximo de água: 53.18%. Precipitação acumulada 6h: 21.51 mm. Precipitação prevista 1h: 17.99 mm.,34.88,registado
337,3,2,5,2026-05-13 00:00:00,Alerta Laranja na área Passagem Inferior. Nível máximo de água: 59.68%. Precipitação acumulada 6h: 33.01 mm. Precipitação prevista 1h: 25.32 mm.,43.09,ativo
338,3,4,12,2026-05-13 00:00:00,Alerta Laranja na área Zona Industrial. Nível máximo de água: 75.02%. Precipitação acumulada 6h: 59.73 mm. Precipitação prevista 1h: 12.81 mm.,54.88,ativo
339,3,1,1,2026-05-13 01:00:00,Alerta Laranja na área Zona Ribeirinha. Nível máximo de água: 64.25%. Precipitação acumulada 6h: 23.94 mm. Precipitação prevista 1h: 22.77 mm.,41.79,ativo
340,3,3,7,2026-05-13 01:00:00,Alerta Laranja na área Centro Urbano. Nível máximo de água: 64.53%. Precipitação acumulada 6h: 41.34 mm. Precipitação prevista 1h: 38.65 mm.,51.1,ativo
341,4,4,11,2026-05-13 01:00:00,Alerta Vermelho na área Zona Industrial. Nível máximo de água: 80.86%. Precipitação acumulada 6h: 60.84 mm. Precipitação prevista 1h: 0.00 mm.,54.64,ativo
342,1,2,5,2026-05-13 02:00:00,Alerta Verde na área Passagem Inferior. Nível máximo de água: 48.61%. Precipitação acumulada 6h: 22.05 mm. Precipitação prevista 1h: 8.95 mm.,30.73,registado
343,2,3,7,2026-05-13 02:00:00,Alerta Amarelo na área Centro Urbano. Nível máximo de água: 63.22%. Precipitação acumulada 6h: 40.04 mm. Precipitação prevista 1h: 7.65 mm.,42.37,registado
344,4,4,10,2026-05-13 02:00:00,Alerta Vermelho na área Zona Industrial. Nível máximo de água: 72.31%. Precipitação acumulada 6h: 62.19 mm. Precipitação prevista 1h: 12.34 mm.,54.28,ativo
345,3,3,8,2026-05-13 03:00:00,Alerta Laranja na área Centro Urbano. Nível máximo de água: 77.06%. Precipitação acumulada 6h: 57.01 mm. Precipitação prevista 1h: 24.24 mm.,57.84,ativo
346,4,4,12,2026-05-13 03:00:00,Alerta Vermelho na área Zona Industrial. Nível máximo de água: 80.09%. Precipitação acumulada 6h: 60.91 mm. Precipitação prevista 1h: 17.31 mm.,58.64,ativo
347,2,1,3,2026-05-13 04:00:00,Alerta Amarelo na área Zona Ribeirinha. Nível máximo de água: 58.27%. Precipitação acumulada 6h: 22.43 mm. Precipitação prevista 1h: 11.76 mm.,35.89,registado
348,3,3,7,2026-05-13 04:00:00,Alerta Laranja na área Centro Urbano. Nível máximo de água: 80.58%. Precipitação acumulada 6h: 58.49 mm. Precipitação prevista 1h: 6.74 mm.,55.49,ativo
349,4,4,10,2026-05-13 04:00:00,Alerta Vermelho na área Zona Industrial. Nível máximo de água: 100.00%. Precipitação acumulada 6h: 106.39 mm. Precipitação prevista 1h: 69.07 mm.,84,ativo
350,4,3,9,2026-05-13 05:00:00,Alerta Vermelho na área Centro Urbano. Nível máximo de água: 85.88%. Precipitação acumulada 6h: 61.47 mm. Precipitação prevista 1h: 9.98 mm.,59.58,ativo
351,4,4,12,2026-05-13 05:00:00,Alerta Vermelho na área Zona Industrial. Nível máximo de água: 84.40%. Precipitação acumulada 6h: 68.57 mm. Precipitação prevista 1h: 4.16 mm.,59.59,ativo
352,3,1,2,2026-05-13 06:00:00,Alerta Laranja na área Zona Ribeirinha. Nível máximo de água: 72.76%. Precipitação acumulada 6h: 44.81 mm. Precipitação prevista 1h: 27.20 mm.,52.99,ativo
353,2,2,6,2026-05-13 06:00:00,Alerta Amarelo na área Passagem Inferior. Nível máximo de água: 55.51%. Precipitação acumulada 6h: 23.14 mm. Precipitação prevista 1h: 13.15 mm.,35.21,registado
354,3,3,7,2026-05-13 06:00:00,Alerta Laranja na área Centro Urbano. Nível máximo de água: 81.34%. Precipitação acumulada 6h: 59.36 mm. Precipitação prevista 1h: 13.59 mm.,57.81,ativo
355,4,4,12,2026-05-13 06:00:00,Alerta Vermelho na área Zona Industrial. Nível máximo de água: 88.10%. Precipitação acumulada 6h: 66.32 mm. Precipitação prevista 1h: 5.72 mm.,60.97,ativo
356,3,1,2,2026-05-13 07:00:00,Alerta Laranja na área Zona Ribeirinha. Nível máximo de água: 76.77%. Precipitação acumulada 6h: 45.51 mm. Precipitação prevista 1h: 2.18 mm.,48.74,ativo
357,2,2,4,2026-05-13 07:00:00,Alerta Amarelo na área Passagem Inferior. Nível máximo de água: 54.97%. Precipitação acumulada 6h: 22.36 mm. Precipitação prevista 1h: 20.26 mm.,36.51,registado
358,2,3,7,2026-05-13 07:00:00,Alerta Amarelo na área Centro Urbano. Nível máximo de água: 67.17%. Precipitação acumulada 6h: 38.09 mm. Precipitação prevista 1h: 4.49 mm.,42.78,registado
359,4,4,11,2026-05-13 07:00:00,Alerta Vermelho na área Zona Industrial. Nível máximo de água: 84.17%. Precipitação acumulada 6h: 67.59 mm. Precipitação prevista 1h: 1.64 mm.,58.56,ativo
360,3,1,3,2026-05-13 08:00:00,Alerta Laranja na área Zona Ribeirinha. Nível máximo de água: 72.42%. Precipitação acumulada 6h: 45.63 mm. Precipitação prevista 1h: 0.00 mm.,46.28,ativo
361,3,3,7,2026-05-13 08:00:00,Alerta Laranja na área Centro Urbano. Nível máximo de água: 64.06%. Precipitação acumulada 6h: 40.71 mm. Precipitação prevista 1h: 10.99 mm.,43.79,ativo
362,4,4,11,2026-05-13 08:00:00,Alerta Vermelho na área Zona Industrial. Nível máximo de água: 87.56%. Precipitação acumulada 6h: 67.92 mm. Precipitação prevista 1h: 15.61 mm.,63.68,ativo
363,3,1,1,2026-05-13 09:00:00,Alerta Laranja na área Zona Ribeirinha. Nível máximo de água: 73.64%. Precipitação acumulada 6h: 42.76 mm. Precipitação prevista 1h: 11.36 mm.,48.81,ativo
364,2,2,4,2026-05-13 09:00:00,Alerta Amarelo na área Passagem Inferior. Nível máximo de água: 61.92%. Precipitação acumulada 6h: 27.09 mm. Precipitação prevista 1h: 15.33 mm.,39.82,registado
365,4,4,10,2026-05-13 09:00:00,Alerta Vermelho na área Zona Industrial. Nível máximo de água: 82.06%. Precipitação acumulada 6h: 69.30 mm. Precipitação prevista 1h: 5.33 mm.,59.05,ativo
366,3,1,2,2026-05-13 10:00:00,Alerta Laranja na área Zona Ribeirinha. Nível máximo de água: 75.60%. Precipitação acumulada 6h: 48.12 mm. Precipitação prevista 1h: 27.33 mm.,55.29,ativo
367,3,3,9,2026-05-13 10:00:00,Alerta Laranja na área Centro Urbano. Nível máximo de água: 63.52%. Precipitação acumulada 6h: 38.70 mm. Precipitação prevista 1h: 14.58 mm.,43.84,ativo
368,2,4,10,2026-05-13 10:00:00,Alerta Amarelo na área Zona Industrial. Nível máximo de água: 52.00%. Precipitação acumulada 6h: 23.39 mm. Precipitação prevista 1h: 14.69 mm.,34.09,registado
369,3,1,1,2026-05-13 11:00:00,Alerta Laranja na área Zona Ribeirinha. Nível máximo de água: 79.66%. Precipitação acumulada 6h: 47.92 mm. Precipitação prevista 1h: 1.76 mm.,50.66,ativo
370,3,2,6,2026-05-13 11:00:00,Alerta Laranja na área Passagem Inferior. Nível máximo de água: 65.75%. Precipitação acumulada 6h: 30.88 mm. Precipitação prevista 1h: 16.52 mm.,42.98,ativo
371,3,3,8,2026-05-13 11:00:00,Alerta Laranja na área Centro Urbano. Nível máximo de água: 59.38%. Precipitação acumulada 6h: 35.83 mm. Precipitação prevista 1h: 16.23 mm.,41.53,ativo
372,3,3,7,2026-05-13 12:00:00,Alerta Laranja na área Centro Urbano. Nível máximo de água: 77.68%. Precipitação acumulada 6h: 59.96 mm. Precipitação prevista 1h: 34.23 mm.,61.5,ativo
373,2,4,10,2026-05-13 12:00:00,Alerta Amarelo na área Zona Industrial. Nível máximo de água: 45.20%. Precipitação acumulada 6h: 26.00 mm. Precipitação prevista 1h: 15.35 mm.,31.98,registado
374,2,1,1,2026-05-13 13:00:00,Alerta Amarelo na área Zona Ribeirinha. Nível máximo de água: 60.69%. Precipitação acumulada 6h: 28.08 mm. Precipitação prevista 1h: 20.03 mm.,40.74,registado
375,3,2,5,2026-05-13 13:00:00,Alerta Laranja na área Passagem Inferior. Nível máximo de água: 79.72%. Precipitação acumulada 6h: 51.91 mm. Precipitação prevista 1h: 37.90 mm.,60.92,ativo
376,3,3,8,2026-05-13 13:00:00,Alerta Laranja na área Centro Urbano. Nível máximo de água: 79.70%. Precipitação acumulada 6h: 58.82 mm. Precipitação prevista 1h: 13.69 mm.,56.93,ativo
377,1,4,11,2026-05-13 13:00:00,Alerta Verde na área Zona Industrial. Nível máximo de água: 49.67%. Precipitação acumulada 6h: 24.67 mm. Precipitação prevista 1h: 0.00 mm.,29.75,registado
378,3,1,1,2026-05-13 14:00:00,Alerta Laranja na área Zona Ribeirinha. Nível máximo de água: 60.16%. Precipitação acumulada 6h: 27.61 mm. Precipitação prevista 1h: 31.91 mm.,43.33,ativo
379,3,2,5,2026-05-13 14:00:00,Alerta Laranja na área Passagem Inferior. Nível máximo de água: 80.77%. Precipitação acumulada 6h: 49.73 mm. Precipitação prevista 1h: 0.00 mm.,51.27,ativo
380,3,3,9,2026-05-13 14:00:00,Alerta Laranja na área Centro Urbano. Nível máximo de água: 75.81%. Precipitação acumulada 6h: 56.28 mm. Precipitação prevista 1h: 0.00 mm.,51,ativo
381,2,1,1,2026-05-13 15:00:00,Alerta Amarelo na área Zona Ribeirinha. Nível máximo de água: 66.28%. Precipitação acumulada 6h: 29.58 mm. Precipitação prevista 1h: 19.70 mm.,43.63,registado
382,3,2,5,2026-05-13 15:00:00,Alerta Laranja na área Passagem Inferior. Nível máximo de água: 71.99%. Precipitação acumulada 6h: 44.65 mm. Precipitação prevista 1h: 16.11 mm.,49.82,ativo
383,3,3,7,2026-05-13 15:00:00,Alerta Laranja na área Centro Urbano. Nível máximo de água: 76.87%. Precipitação acumulada 6h: 55.77 mm. Precipitação prevista 1h: 6.81 mm.,53.03,ativo
384,2,1,2,2026-05-13 16:00:00,Alerta Amarelo na área Zona Ribeirinha. Nível máximo de água: 57.42%. Precipitação acumulada 6h: 24.39 mm. Precipitação prevista 1h: 16.12 mm.,37.19,registado
385,3,2,6,2026-05-13 16:00:00,Alerta Laranja na área Passagem Inferior. Nível máximo de água: 72.10%. Precipitação acumulada 6h: 42.08 mm. Precipitação prevista 1h: 15.07 mm.,48.84,ativo
386,3,3,7,2026-05-13 16:00:00,Alerta Laranja na área Centro Urbano. Nível máximo de água: 67.65%. Precipitação acumulada 6h: 42.19 mm. Precipitação prevista 1h: 6.33 mm.,44.68,ativo
387,3,4,11,2026-05-13 16:00:00,Alerta Laranja na área Zona Industrial. Nível máximo de água: 63.99%. Precipitação acumulada 6h: 45.56 mm. Precipitação prevista 1h: 32.82 mm.,50.67,ativo
388,3,2,6,2026-05-13 17:00:00,Alerta Laranja na área Passagem Inferior. Nível máximo de água: 72.79%. Precipitação acumulada 6h: 40.05 mm. Precipitação prevista 1h: 19.35 mm.,49.61,ativo
389,3,3,7,2026-05-13 17:00:00,Alerta Laranja na área Centro Urbano. Nível máximo de água: 66.85%. Precipitação acumulada 6h: 43.21 mm. Precipitação prevista 1h: 6.48 mm.,44.67,ativo
390,3,4,12,2026-05-13 17:00:00,Alerta Laranja na área Zona Industrial. Nível máximo de água: 63.14%. Precipitação acumulada 6h: 47.28 mm. Precipitação prevista 1h: 0.00 mm.,42.6,ativo
391,2,1,3,2026-05-13 18:00:00,Alerta Amarelo na área Zona Ribeirinha. Nível máximo de água: 66.83%. Precipitação acumulada 6h: 29.77 mm. Precipitação prevista 1h: 15.25 mm.,42.82,registado
392,3,2,6,2026-05-13 18:00:00,Alerta Laranja na área Passagem Inferior. Nível máximo de água: 72.44%. Precipitação acumulada 6h: 41.75 mm. Precipitação prevista 1h: 0.00 mm.,45.12,ativo
393,4,4,10,2026-05-13 18:00:00,Alerta Vermelho na área Zona Industrial. Nível máximo de água: 86.80%. Precipitação acumulada 6h: 75.81 mm. Precipitação prevista 1h: 44.64 mm.,72.96,ativo
394,1,1,3,2026-05-13 19:00:00,Alerta Verde na área Zona Ribeirinha. Nível máximo de água: 67.33%. Precipitação acumulada 6h: 28.90 mm. Precipitação prevista 1h: 3.67 mm.,39.89,registado
395,4,4,11,2026-05-13 19:00:00,Alerta Vermelho na área Zona Industrial. Nível máximo de água: 95.31%. Precipitação acumulada 6h: 76.60 mm. Precipitação prevista 1h: 14.89 mm.,69.59,ativo
396,2,2,4,2026-05-13 20:00:00,Alerta Amarelo na área Passagem Inferior. Nível máximo de água: 49.53%. Precipitação acumulada 6h: 16.98 mm. Precipitação prevista 1h: 15.90 mm.,31.36,registado
397,2,3,7,2026-05-13 20:00:00,Alerta Amarelo na área Centro Urbano. Nível máximo de água: 56.72%. Precipitação acumulada 6h: 23.88 mm. Precipitação prevista 1h: 14.84 mm.,36.4,registado
398,4,4,10,2026-05-13 20:00:00,Alerta Vermelho na área Zona Industrial. Nível máximo de água: 100.00%. Precipitação acumulada 6h: 99.66 mm. Precipitação prevista 1h: 44.55 mm.,80.14,ativo
399,4,4,10,2026-05-13 21:00:00,Alerta Vermelho na área Zona Industrial. Nível máximo de água: 100.00%. Precipitação acumulada 6h: 99.72 mm. Precipitação prevista 1h: 10.15 mm.,71.54,ativo
400,3,1,1,2026-05-13 22:00:00,Alerta Laranja na área Zona Ribeirinha. Nível máximo de água: 59.12%. Precipitação acumulada 6h: 29.39 mm. Precipitação prevista 1h: 29.76 mm.,42.86,ativo
401,4,4,11,2026-05-13 22:00:00,Alerta Vermelho na área Zona Industrial. Nível máximo de água: 95.23%. Precipitação acumulada 6h: 78.26 mm. Precipitação prevista 1h: 15.25 mm.,70.14,ativo
402,2,3,7,2026-05-13 23:00:00,Alerta Amarelo na área Centro Urbano. Nível máximo de água: 44.39%. Precipitação acumulada 6h: 19.86 mm. Precipitação prevista 1h: 15.98 mm.,29.93,registado
403,4,4,12,2026-05-13 23:00:00,Alerta Vermelho na área Zona Industrial. Nível máximo de água: 96.55%. Precipitação acumulada 6h: 73.88 mm. Precipitação prevista 1h: 0.00 mm.,65.61,ativo
404,2,1,2,2026-05-14 00:00:00,Alerta Amarelo na área Zona Ribeirinha. Nível máximo de água: 56.67%. Precipitação acumulada 6h: 23.41 mm. Precipitação prevista 1h: 13.99 mm.,36.02,registado
405,2,3,9,2026-05-14 00:00:00,Alerta Amarelo na área Centro Urbano. Nível máximo de água: 41.90%. Precipitação acumulada 6h: 18.01 mm. Precipitação prevista 1h: 12.68 mm.,27.43,registado
406,3,4,12,2026-05-14 00:00:00,Alerta Laranja na área Zona Industrial. Nível máximo de água: 72.12%. Precipitação acumulada 6h: 44.05 mm. Precipitação prevista 1h: 6.52 mm.,47.3,ativo
407,3,1,2,2026-05-14 01:00:00,Alerta Laranja na área Zona Ribeirinha. Nível máximo de água: 63.28%. Precipitação acumulada 6h: 23.95 mm. Precipitação prevista 1h: 24.88 mm.,41.88,ativo
408,3,2,4,2026-05-14 01:00:00,Alerta Laranja na área Passagem Inferior. Nível máximo de água: 56.46%. Precipitação acumulada 6h: 30.37 mm. Precipitação prevista 1h: 13.20 mm.,37.82,ativo
409,4,4,10,2026-05-14 01:00:00,Alerta Vermelho na área Zona Industrial. Nível máximo de água: 86.44%. Precipitação acumulada 6h: 68.73 mm. Precipitação prevista 1h: 42.00 mm.,70.02,ativo
410,3,2,5,2026-05-14 02:00:00,Alerta Laranja na área Passagem Inferior. Nível máximo de água: 58.53%. Precipitação acumulada 6h: 32.14 mm. Precipitação prevista 1h: 20.15 mm.,41.02,ativo
411,2,3,9,2026-05-14 02:00:00,Alerta Amarelo na área Centro Urbano. Nível máximo de água: 57.94%. Precipitação acumulada 6h: 29.57 mm. Precipitação prevista 1h: 12.45 mm.,38.06,registado
412,3,4,10,2026-05-14 02:00:00,Alerta Laranja na área Zona Industrial. Nível máximo de água: 69.84%. Precipitação acumulada 6h: 44.59 mm. Precipitação prevista 1h: 12.18 mm.,47.85,ativo
413,2,2,4,2026-05-14 03:00:00,Alerta Amarelo na área Passagem Inferior. Nível máximo de água: 65.50%. Precipitação acumulada 6h: 33.95 mm. Precipitação prevista 1h: 2.22 mm.,40.22,registado
414,2,3,7,2026-05-14 03:00:00,Alerta Amarelo na área Centro Urbano. Nível máximo de água: 58.50%. Precipitação acumulada 6h: 28.87 mm. Precipitação prevista 1h: 15.64 mm.,38.9,registado
415,3,4,12,2026-05-14 03:00:00,Alerta Laranja na área Zona Industrial. Nível máximo de água: 64.58%. Precipitação acumulada 6h: 45.27 mm. Precipitação prevista 1h: 7.64 mm.,44.55,ativo
416,2,2,5,2026-05-14 04:00:00,Alerta Amarelo na área Passagem Inferior. Nível máximo de água: 61.49%. Precipitação acumulada 6h: 34.66 mm. Precipitação prevista 1h: 0.00 mm.,38.07,registado
417,3,3,7,2026-05-14 04:00:00,Alerta Laranja na área Centro Urbano. Nível máximo de água: 55.81%. Precipitação acumulada 6h: 30.15 mm. Precipitação prevista 1h: 20.21 mm.,39.21,ativo
418,3,4,12,2026-05-14 04:00:00,Alerta Laranja na área Zona Industrial. Nível máximo de água: 67.96%. Precipitação acumulada 6h: 47.81 mm. Precipitação prevista 1h: 5.09 mm.,46.2,ativo
419,2,2,4,2026-05-14 05:00:00,Alerta Amarelo na área Passagem Inferior. Nível máximo de água: 63.98%. Precipitação acumulada 6h: 32.33 mm. Precipitação prevista 1h: 4.81 mm.,39.69,registado
420,3,4,11,2026-05-14 05:00:00,Alerta Laranja na área Zona Industrial. Nível máximo de água: 65.37%. Precipitação acumulada 6h: 47.68 mm. Precipitação prevista 1h: 18.12 mm.,48.25,ativo
421,2,1,3,2026-05-14 06:00:00,Alerta Amarelo na área Zona Ribeirinha. Nível máximo de água: 59.37%. Precipitação acumulada 6h: 27.91 mm. Precipitação prevista 1h: 12.87 mm.,38.31,registado
422,3,2,4,2026-05-14 06:00:00,Alerta Laranja na área Passagem Inferior. Nível máximo de água: 61.41%. Precipitação acumulada 6h: 31.38 mm. Precipitação prevista 1h: 22.89 mm.,42.77,ativo
423,2,3,7,2026-05-14 06:00:00,Alerta Amarelo na área Centro Urbano. Nível máximo de água: 54.62%. Precipitação acumulada 6h: 29.38 mm. Precipitação prevista 1h: 12.57 mm.,36.54,registado
424,3,4,12,2026-05-14 06:00:00,Alerta Laranja na área Zona Industrial. Nível máximo de água: 66.82%. Precipitação acumulada 6h: 46.27 mm. Precipitação prevista 1h: 0.00 mm.,43.95,ativo
425,2,2,5,2026-05-14 07:00:00,Alerta Amarelo na área Passagem Inferior. Nível máximo de água: 59.88%. Precipitação acumulada 6h: 29.02 mm. Precipitação prevista 1h: 13.50 mm.,39.03,registado
426,3,3,8,2026-05-14 07:00:00,Alerta Laranja na área Centro Urbano. Nível máximo de água: 61.31%. Precipitação acumulada 6h: 31.81 mm. Precipitação prevista 1h: 17.34 mm.,41.47,ativo
427,2,4,12,2026-05-14 08:00:00,Alerta Amarelo na área Zona Industrial. Nível máximo de água: 46.51%. Precipitação acumulada 6h: 20.77 mm. Precipitação prevista 1h: 10.25 mm.,29.72,registado
428,2,1,2,2026-05-14 09:00:00,Alerta Amarelo na área Zona Ribeirinha. Nível máximo de água: 58.31%. Precipitação acumulada 6h: 27.27 mm. Precipitação prevista 1h: 12.03 mm.,37.43,registado
429,3,2,6,2026-05-14 09:00:00,Alerta Laranja na área Passagem Inferior. Nível máximo de água: 58.24%. Precipitação acumulada 6h: 30.03 mm. Precipitação prevista 1h: 23.94 mm.,41.2,ativo
430,3,3,7,2026-05-14 09:00:00,Alerta Laranja na área Centro Urbano. Nível máximo de água: 73.69%. Precipitação acumulada 6h: 56.61 mm. Precipitação prevista 1h: 35.17 mm.,58.94,ativo
431,1,4,10,2026-05-14 09:00:00,Alerta Verde na área Zona Industrial. Nível máximo de água: 45.76%. Precipitação acumulada 6h: 21.85 mm. Precipitação prevista 1h: 0.44 mm.,27.26,registado
432,3,3,9,2026-05-14 10:00:00,Alerta Laranja na área Centro Urbano. Nível máximo de água: 77.75%. Precipitação acumulada 6h: 57.25 mm. Precipitação prevista 1h: 0.00 mm.,52.16,ativo
433,2,4,11,2026-05-14 10:00:00,Alerta Amarelo na área Zona Industrial. Nível máximo de água: 40.71%. Precipitação acumulada 6h: 18.90 mm. Precipitação prevista 1h: 16.19 mm.,28.04,registado
434,2,1,3,2026-05-14 11:00:00,Alerta Amarelo na área Zona Ribeirinha. Nível máximo de água: 59.26%. Precipitação acumulada 6h: 27.74 mm. Precipitação prevista 1h: 10.16 mm.,37.53,registado
435,4,3,7,2026-05-14 11:00:00,Alerta Vermelho na área Centro Urbano. Nível máximo de água: 78.69%. Precipitação acumulada 6h: 60.71 mm. Precipitação prevista 1h: 24.79 mm.,59.82,ativo
436,2,4,10,2026-05-14 11:00:00,Alerta Amarelo na área Zona Industrial. Nível máximo de água: 48.87%. Precipitação acumulada 6h: 22.40 mm. Precipitação prevista 1h: 11.86 mm.,31.68,registado
437,2,1,1,2026-05-14 12:00:00,Alerta Amarelo na área Zona Ribeirinha. Nível máximo de água: 65.13%. Precipitação acumulada 6h: 26.48 mm. Precipitação prevista 1h: 13.86 mm.,40.72,registado
438,4,2,4,2026-05-14 12:00:00,Alerta Vermelho na área Passagem Inferior. Nível máximo de água: 90.24%. Precipitação acumulada 6h: 71.80 mm. Precipitação prevista 1h: 59.98 mm.,77.14,ativo
439,4,3,9,2026-05-14 12:00:00,Alerta Vermelho na área Centro Urbano. Nível máximo de água: 85.97%. Precipitação acumulada 6h: 60.84 mm. Precipitação prevista 1h: 14.44 mm.,60.55,ativo
440,3,4,12,2026-05-14 12:00:00,Alerta Laranja na área Zona Industrial. Nível máximo de água: 48.66%. Precipitação acumulada 6h: 25.90 mm. Precipitação prevista 1h: 22.44 mm.,35.28,ativo
441,4,2,5,2026-05-14 13:00:00,Alerta Vermelho na área Passagem Inferior. Nível máximo de água: 92.31%. Precipitação acumulada 6h: 73.49 mm. Precipitação prevista 1h: 10.80 mm.,66.29,ativo
442,4,3,7,2026-05-14 13:00:00,Alerta Vermelho na área Centro Urbano. Nível máximo de água: 100.00%. Precipitação acumulada 6h: 96.49 mm. Precipitação prevista 1h: 56.36 mm.,83.09,ativo
443,2,1,2,2026-05-14 14:00:00,Alerta Amarelo na área Zona Ribeirinha. Nível máximo de água: 64.54%. Precipitação acumulada 6h: 26.85 mm. Precipitação prevista 1h: 19.85 mm.,42.06,registado
444,4,2,4,2026-05-14 14:00:00,Alerta Vermelho na área Passagem Inferior. Nível máximo de água: 94.67%. Precipitação acumulada 6h: 71.53 mm. Precipitação prevista 1h: 11.43 mm.,66.92,ativo
445,4,3,7,2026-05-14 14:00:00,Alerta Vermelho na área Centro Urbano. Nível máximo de água: 100.00%. Precipitação acumulada 6h: 95.37 mm. Precipitação prevista 1h: 21.63 mm.,74.41,ativo
446,3,4,11,2026-05-14 14:00:00,Alerta Laranja na área Zona Industrial. Nível máximo de água: 52.40%. Precipitação acumulada 6h: 29.97 mm. Precipitação prevista 1h: 28.64 mm.,39.73,ativo
447,4,2,4,2026-05-14 15:00:00,Alerta Vermelho na área Passagem Inferior. Nível máximo de água: 88.39%. Precipitação acumulada 6h: 68.84 mm. Precipitação prevista 1h: 1.17 mm.,60.72,ativo
448,4,3,7,2026-05-14 15:00:00,Alerta Vermelho na área Centro Urbano. Nível máximo de água: 88.04%. Precipitação acumulada 6h: 61.53 mm. Precipitação prevista 1h: 7.95 mm.,60.06,ativo
449,4,2,4,2026-05-14 16:00:00,Alerta Vermelho na área Passagem Inferior. Nível máximo de água: 100.00%. Precipitação acumulada 6h: 69.69 mm. Precipitação prevista 1h: 0.00 mm.,65.91,ativo
450,4,3,7,2026-05-14 16:00:00,Alerta Vermelho na área Centro Urbano. Nível máximo de água: 83.12%. Precipitação acumulada 6h: 61.44 mm. Precipitação prevista 1h: 18.31 mm.,60.41,ativo
451,3,4,12,2026-05-14 16:00:00,Alerta Laranja na área Zona Industrial. Nível máximo de água: 61.93%. Precipitação acumulada 6h: 39.33 mm. Precipitação prevista 1h: 17.74 mm.,44.1,ativo
452,4,1,1,2026-05-14 17:00:00,Alerta Vermelho na área Zona Ribeirinha. Nível máximo de água: 94.87%. Precipitação acumulada 6h: 72.03 mm. Precipitação prevista 1h: 52.57 mm.,77.44,ativo
453,4,2,6,2026-05-14 17:00:00,Alerta Vermelho na área Passagem Inferior. Nível máximo de água: 93.67%. Precipitação acumulada 6h: 65.85 mm. Precipitação prevista 1h: 8.80 mm.,64.11,ativo
454,3,3,8,2026-05-14 17:00:00,Alerta Laranja na área Centro Urbano. Nível máximo de água: 80.23%. Precipitação acumulada 6h: 57.72 mm. Precipitação prevista 1h: 0.00 mm.,53.42,ativo
455,2,4,10,2026-05-14 17:00:00,Alerta Amarelo na área Zona Industrial. Nível máximo de água: 57.37%. Precipitação acumulada 6h: 36.30 mm. Precipitação prevista 1h: 1.65 mm.,37.12,registado
456,4,1,3,2026-05-14 18:00:00,Alerta Vermelho na área Zona Ribeirinha. Nível máximo de água: 96.83%. Precipitação acumulada 6h: 68.23 mm. Precipitação prevista 1h: 16.35 mm.,68.13,ativo
457,3,3,8,2026-05-14 18:00:00,Alerta Laranja na área Centro Urbano. Nível máximo de água: 74.67%. Precipitação acumulada 6h: 57.49 mm. Precipitação prevista 1h: 16.09 mm.,54.87,ativo
458,3,4,12,2026-05-14 18:00:00,Alerta Laranja na área Zona Industrial. Nível máximo de água: 51.51%. Precipitação acumulada 6h: 32.60 mm. Precipitação prevista 1h: 16.62 mm.,37.11,ativo
459,4,1,1,2026-05-14 19:00:00,Alerta Vermelho na área Zona Ribeirinha. Nível máximo de água: 100.00%. Precipitação acumulada 6h: 70.45 mm. Precipitação prevista 1h: 8.23 mm.,68.19,ativo
460,2,2,4,2026-05-14 19:00:00,Alerta Amarelo na área Passagem Inferior. Nível máximo de água: 48.85%. Precipitação acumulada 6h: 18.27 mm. Precipitação prevista 1h: 11.73 mm.,30.4,registado
461,2,3,9,2026-05-14 19:00:00,Alerta Amarelo na área Centro Urbano. Nível máximo de água: 57.38%. Precipitação acumulada 6h: 25.02 mm. Precipitação prevista 1h: 17.09 mm.,37.6,registado
462,4,1,1,2026-05-14 20:00:00,Alerta Vermelho na área Zona Ribeirinha. Nível máximo de água: 96.30%. Precipitação acumulada 6h: 70.48 mm. Precipitação prevista 1h: 0.00 mm.,64.48,ativo
463,2,3,8,2026-05-14 20:00:00,Alerta Amarelo na área Centro Urbano. Nível máximo de água: 55.46%. Precipitação acumulada 6h: 26.45 mm. Precipitação prevista 1h: 11.45 mm.,35.75,registado
464,2,4,11,2026-05-14 20:00:00,Alerta Amarelo na área Zona Industrial. Nível máximo de água: 51.55%. Precipitação acumulada 6h: 27.37 mm. Precipitação prevista 1h: 14.47 mm.,35.03,registado
465,4,1,1,2026-05-14 21:00:00,Alerta Vermelho na área Zona Ribeirinha. Nível máximo de água: 100.00%. Precipitação acumulada 6h: 72.66 mm. Precipitação prevista 1h: 30.98 mm.,74.54,ativo
466,2,2,6,2026-05-14 21:00:00,Alerta Amarelo na área Passagem Inferior. Nível máximo de água: 54.96%. Precipitação acumulada 6h: 21.93 mm. Precipitação prevista 1h: 16.37 mm.,35.4,registado
467,2,3,8,2026-05-14 21:00:00,Alerta Amarelo na área Centro Urbano. Nível máximo de água: 55.03%. Precipitação acumulada 6h: 24.83 mm. Precipitação prevista 1h: 18.78 mm.,36.91,registado
468,4,1,1,2026-05-14 22:00:00,Alerta Vermelho na área Zona Ribeirinha. Nível máximo de água: 100.00%. Precipitação acumulada 6h: 69.24 mm. Precipitação prevista 1h: 0.00 mm.,65.77,ativo
469,3,2,6,2026-05-14 22:00:00,Alerta Laranja na área Passagem Inferior. Nível máximo de água: 50.96%. Precipitação acumulada 6h: 23.87 mm. Precipitação prevista 1h: 24.13 mm.,36.13,ativo
470,2,3,9,2026-05-14 22:00:00,Alerta Amarelo na área Centro Urbano. Nível máximo de água: 49.62%. Precipitação acumulada 6h: 22.48 mm. Precipitação prevista 1h: 15.37 mm.,32.92,registado
471,2,1,3,2026-05-14 23:00:00,Alerta Amarelo na área Zona Ribeirinha. Nível máximo de água: 64.17%. Precipitação acumulada 6h: 27.20 mm. Precipitação prevista 1h: 11.23 mm.,39.84,registado
472,4,2,5,2026-05-14 23:00:00,Alerta Vermelho na área Passagem Inferior. Nível máximo de água: 84.16%. Precipitação acumulada 6h: 60.57 mm. Precipitação prevista 1h: 48.85 mm.,68.26,ativo
473,2,4,12,2026-05-14 23:00:00,Alerta Amarelo na área Zona Industrial. Nível máximo de água: 39.02%. Precipitação acumulada 6h: 14.44 mm. Precipitação prevista 1h: 13.48 mm.,25.26,registado
474,4,1,1,2026-05-15 00:00:00,Alerta Vermelho na área Zona Ribeirinha. Nível máximo de água: 100.00%. Precipitação acumulada 6h: 84.23 mm. Precipitação prevista 1h: 68.96 mm.,84,ativo
475,4,2,4,2026-05-15 00:00:00,Alerta Vermelho na área Passagem Inferior. Nível máximo de água: 100.00%. Precipitação acumulada 6h: 91.89 mm. Precipitação prevista 1h: 41.35 mm.,79.34,ativo
476,2,4,11,2026-05-15 00:00:00,Alerta Amarelo na área Zona Industrial. Nível máximo de água: 45.46%. Precipitação acumulada 6h: 17.99 mm. Precipitação prevista 1h: 16.23 mm.,29.91,registado
477,4,1,1,2026-05-15 01:00:00,Alerta Vermelho na área Zona Ribeirinha. Nível máximo de água: 100.00%. Precipitação acumulada 6h: 80.34 mm. Precipitação prevista 1h: 0.00 mm.,69,ativo
478,4,2,4,2026-05-15 01:00:00,Alerta Vermelho na área Passagem Inferior. Nível máximo de água: 100.00%. Precipitação acumulada 6h: 116.22 mm. Precipitação prevista 1h: 36.52 mm.,78.13,ativo
479,4,1,1,2026-05-15 02:00:00,Alerta Vermelho na área Zona Ribeirinha. Nível máximo de água: 100.00%. Precipitação acumulada 6h: 81.55 mm. Precipitação prevista 1h: 6.55 mm.,70.64,ativo
480,4,2,4,2026-05-15 02:00:00,Alerta Vermelho na área Passagem Inferior. Nível máximo de água: 100.00%. Precipitação acumulada 6h: 116.98 mm. Precipitação prevista 1h: 6.05 mm.,70.51,ativo
481,2,4,12,2026-05-15 02:00:00,Alerta Amarelo na área Zona Industrial. Nível máximo de água: 43.37%. Precipitação acumulada 6h: 18.89 mm. Precipitação prevista 1h: 13.69 mm.,28.61,registado
482,4,1,1,2026-05-15 03:00:00,Alerta Vermelho na área Zona Ribeirinha. Nível máximo de água: 100.00%. Precipitação acumulada 6h: 76.81 mm. Precipitação prevista 1h: 15.80 mm.,71.99,ativo
483,4,2,4,2026-05-15 03:00:00,Alerta Vermelho na área Passagem Inferior. Nível máximo de água: 100.00%. Precipitação acumulada 6h: 115.59 mm. Precipitação prevista 1h: 8.50 mm.,71.13,ativo
484,2,4,11,2026-05-15 03:00:00,Alerta Amarelo na área Zona Industrial. Nível máximo de água: 46.38%. Precipitação acumulada 6h: 19.94 mm. Precipitação prevista 1h: 11.87 mm.,29.82,registado
485,4,1,1,2026-05-15 04:00:00,Alerta Vermelho na área Zona Ribeirinha. Nível máximo de água: 100.00%. Precipitação acumulada 6h: 76.33 mm. Precipitação prevista 1h: 3.20 mm.,68.7,ativo
486,4,2,4,2026-05-15 04:00:00,Alerta Vermelho na área Passagem Inferior. Nível máximo de água: 100.00%. Precipitação acumulada 6h: 113.12 mm. Precipitação prevista 1h: 26.86 mm.,75.72,ativo
487,2,4,11,2026-05-15 04:00:00,Alerta Amarelo na área Zona Industrial. Nível máximo de água: 48.31%. Precipitação acumulada 6h: 19.93 mm. Precipitação prevista 1h: 17.92 mm.,32.2,registado
488,4,1,2,2026-05-15 05:00:00,Alerta Vermelho na área Zona Ribeirinha. Nível máximo de água: 100.00%. Precipitação acumulada 6h: 76.74 mm. Precipitação prevista 1h: 0.00 mm.,68.02,ativo
489,4,2,4,2026-05-15 05:00:00,Alerta Vermelho na área Passagem Inferior. Nível máximo de água: 100.00%. Precipitação acumulada 6h: 77.22 mm. Precipitação prevista 1h: 8.63 mm.,70.32,ativo
490,2,3,8,2026-05-15 05:00:00,Alerta Amarelo na área Centro Urbano. Nível máximo de água: 47.42%. Precipitação acumulada 6h: 21.21 mm. Precipitação prevista 1h: 17.68 mm.,32.12,registado
491,3,2,6,2026-05-15 06:00:00,Alerta Laranja na área Passagem Inferior. Nível máximo de água: 80.21%. Precipitação acumulada 6h: 44.62 mm. Precipitação prevista 1h: 0.00 mm.,49.48,ativo
492,3,1,3,2026-05-15 08:00:00,Alerta Laranja na área Zona Ribeirinha. Nível máximo de água: 75.24%. Precipitação acumulada 6h: 42.03 mm. Precipitação prevista 1h: 26.39 mm.,53.06,ativo
493,4,1,1,2026-05-15 09:00:00,Alerta Vermelho na área Zona Ribeirinha. Nível máximo de água: 100.00%. Precipitação acumulada 6h: 75.66 mm. Precipitação prevista 1h: 43.04 mm.,78.46,ativo
494,2,2,6,2026-05-15 09:00:00,Alerta Amarelo na área Passagem Inferior. Nível máximo de água: 52.13%. Precipitação acumulada 6h: 18.27 mm. Precipitação prevista 1h: 11.18 mm.,31.73,registado
495,3,3,8,2026-05-15 09:00:00,Alerta Laranja na área Centro Urbano. Nível máximo de água: 71.13%. Precipitação acumulada 6h: 51.26 mm. Precipitação prevista 1h: 24.82 mm.,53.59,ativo
496,2,4,10,2026-05-15 09:00:00,Alerta Amarelo na área Zona Industrial. Nível máximo de água: 39.40%. Precipitação acumulada 6h: 17.21 mm. Precipitação prevista 1h: 16.29 mm.,26.97,registado
497,4,1,1,2026-05-15 10:00:00,Alerta Vermelho na área Zona Ribeirinha. Nível máximo de água: 100.00%. Precipitação acumulada 6h: 78.76 mm. Precipitação prevista 1h: 8.14 mm.,70.66,ativo
498,3,2,5,2026-05-15 10:00:00,Alerta Laranja na área Passagem Inferior. Nível máximo de água: 51.85%. Precipitação acumulada 6h: 19.39 mm. Precipitação prevista 1h: 29.05 mm.,36.41,ativo
499,3,3,8,2026-05-15 10:00:00,Alerta Laranja na área Centro Urbano. Nível máximo de água: 71.66%. Precipitação acumulada 6h: 47.55 mm. Precipitação prevista 1h: 17.93 mm.,50.99,ativo
500,4,1,3,2026-05-15 11:00:00,Alerta Vermelho na área Zona Ribeirinha. Nível máximo de água: 99.65%. Precipitação acumulada 6h: 76.64 mm. Precipitação prevista 1h: 0.00 mm.,67.83,ativo
501,3,3,8,2026-05-15 11:00:00,Alerta Laranja na área Centro Urbano. Nível máximo de água: 70.38%. Precipitação acumulada 6h: 48.41 mm. Precipitação prevista 1h: 12.73 mm.,49.38,ativo
502,4,1,1,2026-05-15 12:00:00,Alerta Vermelho na área Zona Ribeirinha. Nível máximo de água: 100.00%. Precipitação acumulada 6h: 78.21 mm. Precipitação prevista 1h: 10.07 mm.,70.98,ativo
503,3,3,9,2026-05-15 12:00:00,Alerta Laranja na área Centro Urbano. Nível máximo de água: 77.75%. Precipitação acumulada 6h: 46.71 mm. Precipitação prevista 1h: 0.00 mm.,49,ativo
504,4,1,1,2026-05-15 13:00:00,Alerta Vermelho na área Zona Ribeirinha. Nível máximo de água: 100.00%. Precipitação acumulada 6h: 78.96 mm. Precipitação prevista 1h: 5.16 mm.,69.98,ativo
505,2,2,5,2026-05-15 13:00:00,Alerta Amarelo na área Passagem Inferior. Nível máximo de água: 51.89%. Precipitação acumulada 6h: 22.80 mm. Precipitação prevista 1h: 12.65 mm.,33.35,registado
506,3,3,9,2026-05-15 13:00:00,Alerta Laranja na área Centro Urbano. Nível máximo de água: 72.21%. Precipitação acumulada 6h: 49.52 mm. Precipitação prevista 1h: 1.59 mm.,47.75,ativo
507,4,1,3,2026-05-15 14:00:00,Alerta Vermelho na área Zona Ribeirinha. Nível máximo de água: 92.21%. Precipitação acumulada 6h: 60.81 mm. Precipitação prevista 1h: 35.43 mm.,68.6,ativo
508,2,2,5,2026-05-15 14:00:00,Alerta Amarelo na área Passagem Inferior. Nível máximo de água: 48.60%. Precipitação acumulada 6h: 22.00 mm. Precipitação prevista 1h: 12.57 mm.,31.61,registado
509,3,3,7,2026-05-15 14:00:00,Alerta Laranja na área Centro Urbano. Nível máximo de água: 72.94%. Precipitação acumulada 6h: 49.66 mm. Precipitação prevista 1h: 8.39 mm.,49.82,ativo
510,2,3,7,2026-05-15 15:00:00,Alerta Amarelo na área Centro Urbano. Nível máximo de água: 48.27%. Precipitação acumulada 6h: 21.14 mm. Precipitação prevista 1h: 17.88 mm.,32.53,registado
511,2,4,12,2026-05-15 15:00:00,Alerta Amarelo na área Zona Industrial. Nível máximo de água: 44.24%. Precipitação acumulada 6h: 23.25 mm. Precipitação prevista 1h: 11.16 mm.,29.67,registado
512,2,2,4,2026-05-15 16:00:00,Alerta Amarelo na área Passagem Inferior. Nível máximo de água: 52.96%. Precipitação acumulada 6h: 18.99 mm. Precipitação prevista 1h: 19.84 mm.,34.49,registado
513,2,3,7,2026-05-15 16:00:00,Alerta Amarelo na área Centro Urbano. Nível máximo de água: 60.71%. Precipitação acumulada 6h: 34.23 mm. Precipitação prevista 1h: 4.83 mm.,38.8,registado
514,2,4,12,2026-05-15 16:00:00,Alerta Amarelo na área Zona Industrial. Nível máximo de água: 50.56%. Precipitação acumulada 6h: 23.40 mm. Precipitação prevista 1h: 12.07 mm.,32.79,registado
515,3,1,1,2026-05-15 17:00:00,Alerta Laranja na área Zona Ribeirinha. Nível máximo de água: 65.80%. Precipitação acumulada 6h: 33.44 mm. Precipitação prevista 1h: 16.96 mm.,43.88,ativo
516,3,2,5,2026-05-15 17:00:00,Alerta Laranja na área Passagem Inferior. Nível máximo de água: 53.25%. Precipitação acumulada 6h: 19.44 mm. Precipitação prevista 1h: 21.39 mm.,35.14,ativo
517,3,3,7,2026-05-15 17:00:00,Alerta Laranja na área Centro Urbano. Nível máximo de água: 60.99%. Precipitação acumulada 6h: 33.91 mm. Precipitação prevista 1h: 11.80 mm.,40.57,ativo
518,3,1,2,2026-05-15 18:00:00,Alerta Laranja na área Zona Ribeirinha. Nível máximo de água: 65.27%. Precipitação acumulada 6h: 33.25 mm. Precipitação prevista 1h: 25.84 mm.,45.81,ativo
519,4,2,6,2026-05-15 18:00:00,Alerta Vermelho na área Passagem Inferior. Nível máximo de água: 96.30%. Precipitação acumulada 6h: 82.08 mm. Precipitação prevista 1h: 70.00 mm.,82.34,ativo
520,3,3,9,2026-05-15 18:00:00,Alerta Laranja na área Centro Urbano. Nível máximo de água: 61.86%. Precipitação acumulada 6h: 36.77 mm. Precipitação prevista 1h: 14.33 mm.,42.45,ativo
521,3,4,12,2026-05-15 18:00:00,Alerta Laranja na área Zona Industrial. Nível máximo de água: 43.54%. Precipitação acumulada 6h: 23.24 mm. Precipitação prevista 1h: 22.38 mm.,32.16,ativo
522,2,1,3,2026-05-15 19:00:00,Alerta Amarelo na área Zona Ribeirinha. Nível máximo de água: 66.65%. Precipitação acumulada 6h: 30.46 mm. Precipitação prevista 1h: 0.00 mm.,39.13,registado
523,4,2,4,2026-05-15 19:00:00,Alerta Vermelho na área Passagem Inferior. Nível máximo de água: 100.00%. Precipitação acumulada 6h: 84.71 mm. Precipitação prevista 1h: 0.00 mm.,69,ativo
524,2,3,8,2026-05-15 19:00:00,Alerta Amarelo na área Centro Urbano. Nível máximo de água: 61.54%. Precipitação acumulada 6h: 35.49 mm. Precipitação prevista 1h: 2.40 mm.,38.94,registado
525,2,4,12,2026-05-15 19:00:00,Alerta Amarelo na área Zona Industrial. Nível máximo de água: 46.99%. Precipitação acumulada 6h: 24.03 mm. Precipitação prevista 1h: 16.52 mm.,32.48,registado
526,4,2,4,2026-05-15 20:00:00,Alerta Vermelho na área Passagem Inferior. Nível máximo de água: 100.00%. Precipitação acumulada 6h: 88.24 mm. Precipitação prevista 1h: 18.97 mm.,73.74,ativo
527,2,3,9,2026-05-15 20:00:00,Alerta Amarelo na área Centro Urbano. Nível máximo de água: 59.89%. Precipitação acumulada 6h: 36.54 mm. Precipitação prevista 1h: 0.00 mm.,37.91,registado
528,2,1,2,2026-05-15 21:00:00,Alerta Amarelo na área Zona Ribeirinha. Nível máximo de água: 65.75%. Precipitação acumulada 6h: 30.22 mm. Precipitação prevista 1h: 1.55 mm.,39.04,registado
529,4,2,4,2026-05-15 21:00:00,Alerta Vermelho na área Passagem Inferior. Nível máximo de água: 100.00%. Precipitação acumulada 6h: 90.85 mm. Precipitação prevista 1h: 4.77 mm.,70.19,ativo
530,3,3,7,2026-05-15 21:00:00,Alerta Laranja na área Centro Urbano. Nível máximo de água: 64.33%. Precipitação acumulada 6h: 40.79 mm. Precipitação prevista 1h: 12.75 mm.,44.37,ativo
531,2,4,12,2026-05-15 21:00:00,Alerta Amarelo na área Zona Industrial. Nível máximo de água: 49.72%. Precipitação acumulada 6h: 23.02 mm. Precipitação prevista 1h: 10.64 mm.,31.94,registado
532,4,2,4,2026-05-15 22:00:00,Alerta Vermelho na área Passagem Inferior. Nível máximo de água: 100.00%. Precipitação acumulada 6h: 92.56 mm. Precipitação prevista 1h: 2.59 mm.,69.65,ativo
533,4,2,4,2026-05-15 23:00:00,Alerta Vermelho na área Passagem Inferior. Nível máximo de água: 100.00%. Precipitação acumulada 6h: 91.89 mm. Precipitação prevista 1h: 17.22 mm.,73.31,ativo
534,4,3,8,2026-05-15 23:00:00,Alerta Vermelho na área Centro Urbano. Nível máximo de água: 94.02%. Precipitação acumulada 6h: 76.76 mm. Precipitação prevista 1h: 68.29 mm.,80.34,ativo
535,2,4,11,2026-05-15 23:00:00,Alerta Amarelo na área Zona Industrial. Nível máximo de água: 42.84%. Precipitação acumulada 6h: 19.97 mm. Precipitação prevista 1h: 13.60 mm.,28.67,registado
536,4,1,2,2026-05-16 00:00:00,Alerta Vermelho na área Zona Ribeirinha. Nível máximo de água: 85.70%. Precipitação acumulada 6h: 58.97 mm. Precipitação prevista 1h: 46.45 mm.,67.87,ativo
537,3,2,4,2026-05-16 00:00:00,Alerta Laranja na área Passagem Inferior. Nível máximo de água: 74.61%. Precipitação acumulada 6h: 44.71 mm. Precipitação prevista 1h: 33.74 mm.,55.42,ativo
538,4,3,8,2026-05-16 00:00:00,Alerta Vermelho na área Centro Urbano. Nível máximo de água: 100.00%. Precipitação acumulada 6h: 74.98 mm. Precipitação prevista 1h: 12.35 mm.,70.58,ativo
539,3,1,3,2026-05-16 01:00:00,Alerta Laranja na área Zona Ribeirinha. Nível máximo de água: 89.15%. Precipitação acumulada 6h: 58.34 mm. Precipitação prevista 1h: 18.15 mm.,62.16,ativo
540,3,2,6,2026-05-16 01:00:00,Alerta Laranja na área Passagem Inferior. Nível máximo de água: 71.94%. Precipitação acumulada 6h: 42.56 mm. Precipitação prevista 1h: 0.00 mm.,45.14,ativo
541,4,3,9,2026-05-16 01:00:00,Alerta Vermelho na área Centro Urbano. Nível máximo de água: 95.66%. Precipitação acumulada 6h: 74.68 mm. Precipitação prevista 1h: 0.00 mm.,65.45,ativo
542,3,1,3,2026-05-16 02:00:00,Alerta Laranja na área Zona Ribeirinha. Nível máximo de água: 87.82%. Precipitação acumulada 6h: 58.99 mm. Precipitação prevista 1h: 1.88 mm.,57.69,ativo
543,2,2,5,2026-05-16 02:00:00,Alerta Amarelo na área Passagem Inferior. Nível máximo de água: 69.78%. Precipitação acumulada 6h: 40.16 mm. Precipitação prevista 1h: 0.00 mm.,43.45,registado
544,4,3,9,2026-05-16 02:00:00,Alerta Vermelho na área Centro Urbano. Nível máximo de água: 91.59%. Precipitação acumulada 6h: 70.98 mm. Precipitação prevista 1h: 6.50 mm.,64.13,ativo
545,3,1,2,2026-05-16 03:00:00,Alerta Laranja na área Zona Ribeirinha. Nível máximo de água: 87.75%. Precipitação acumulada 6h: 58.40 mm. Precipitação prevista 1h: 21.07 mm.,62.28,ativo
546,3,2,5,2026-05-16 03:00:00,Alerta Laranja na área Passagem Inferior. Nível máximo de água: 69.76%. Precipitação acumulada 6h: 37.49 mm. Precipitação prevista 1h: 25.52 mm.,49.02,ativo
547,4,3,7,2026-05-16 03:00:00,Alerta Vermelho na área Centro Urbano. Nível máximo de água: 89.98%. Precipitação acumulada 6h: 69.78 mm. Precipitação prevista 1h: 16.82 mm.,65.63,ativo
548,3,1,2,2026-05-16 04:00:00,Alerta Laranja na área Zona Ribeirinha. Nível máximo de água: 86.79%. Precipitação acumulada 6h: 57.93 mm. Precipitação prevista 1h: 2.28 mm.,57,ativo
549,3,2,6,2026-05-16 04:00:00,Alerta Laranja na área Passagem Inferior. Nível máximo de água: 70.76%. Precipitação acumulada 6h: 40.37 mm. Precipitação prevista 1h: 4.56 mm.,45.09,ativo
550,4,3,7,2026-05-16 04:00:00,Alerta Vermelho na área Centro Urbano. Nível máximo de água: 87.05%. Precipitação acumulada 6h: 70.75 mm. Precipitação prevista 1h: 7.55 mm.,62.29,ativo
551,4,1,2,2026-05-16 05:00:00,Alerta Vermelho na área Zona Ribeirinha. Nível máximo de água: 91.09%. Precipitação acumulada 6h: 55.82 mm. Precipitação prevista 1h: 28.08 mm.,64.76,ativo
552,3,2,5,2026-05-16 05:00:00,Alerta Laranja na área Passagem Inferior. Nível máximo de água: 79.05%. Precipitação acumulada 6h: 44.47 mm. Precipitação prevista 1h: 16.09 mm.,52.94,ativo
553,2,3,8,2026-05-16 05:00:00,Alerta Amarelo na área Centro Urbano. Nível máximo de água: 55.29%. Precipitação acumulada 6h: 19.80 mm. Precipitação prevista 1h: 19.63 mm.,35.73,registado
554,2,4,11,2026-05-16 05:00:00,Alerta Amarelo na área Zona Industrial. Nível máximo de água: 47.22%. Precipitação acumulada 6h: 22.53 mm. Precipitação prevista 1h: 15.36 mm.,31.85,registado
555,4,2,5,2026-05-16 06:00:00,Alerta Vermelho na área Passagem Inferior. Nível máximo de água: 93.80%. Precipitação acumulada 6h: 63.27 mm. Precipitação prevista 1h: 48.20 mm.,73.24,ativo
556,2,3,7,2026-05-16 06:00:00,Alerta Amarelo na área Centro Urbano. Nível máximo de água: 54.31%. Precipitação acumulada 6h: 18.49 mm. Precipitação prevista 1h: 12.43 mm.,33.09,registado
557,2,1,1,2026-05-16 07:00:00,Alerta Amarelo na área Zona Ribeirinha. Nível máximo de água: 58.87%. Precipitação acumulada 6h: 26.84 mm. Precipitação prevista 1h: 13.06 mm.,37.81,registado
558,4,2,5,2026-05-16 07:00:00,Alerta Vermelho na área Passagem Inferior. Nível máximo de água: 87.88%. Precipitação acumulada 6h: 66.20 mm. Precipitação prevista 1h: 14.50 mm.,63.03,ativo
559,2,3,9,2026-05-16 07:00:00,Alerta Amarelo na área Centro Urbano. Nível máximo de água: 41.85%. Precipitação acumulada 6h: 16.61 mm. Precipitação prevista 1h: 17.38 mm.,28.16,registado
560,2,4,12,2026-05-16 07:00:00,Alerta Amarelo na área Zona Industrial. Nível máximo de água: 48.36%. Precipitação acumulada 6h: 23.49 mm. Precipitação prevista 1h: 14.53 mm.,32.44,registado
561,4,2,4,2026-05-16 08:00:00,Alerta Vermelho na área Passagem Inferior. Nível máximo de água: 100.00%. Precipitação acumulada 6h: 126.91 mm. Precipitação prevista 1h: 56.76 mm.,83.19,ativo
562,4,3,9,2026-05-16 08:00:00,Alerta Vermelho na área Centro Urbano. Nível máximo de água: 88.61%. Precipitação acumulada 6h: 78.26 mm. Precipitação prevista 1h: 70.00 mm.,78.35,ativo
563,4,2,4,2026-05-16 09:00:00,Alerta Vermelho na área Passagem Inferior. Nível máximo de água: 100.00%. Precipitação acumulada 6h: 128.72 mm. Precipitação prevista 1h: 0.00 mm.,69,ativo
564,4,3,9,2026-05-16 09:00:00,Alerta Vermelho na área Centro Urbano. Nível máximo de água: 95.35%. Precipitação acumulada 6h: 78.95 mm. Precipitação prevista 1h: 10.61 mm.,69.25,ativo
565,2,4,12,2026-05-16 09:00:00,Alerta Amarelo na área Zona Industrial. Nível máximo de água: 42.71%. Precipitação acumulada 6h: 22.76 mm. Precipitação prevista 1h: 10.26 mm.,28.61,registado
566,4,2,4,2026-05-16 10:00:00,Alerta Vermelho na área Passagem Inferior. Nível máximo de água: 100.00%. Precipitação acumulada 6h: 129.80 mm. Precipitação prevista 1h: 9.30 mm.,71.33,ativo
567,4,3,7,2026-05-16 10:00:00,Alerta Vermelho na área Centro Urbano. Nível máximo de água: 99.87%. Precipitação acumulada 6h: 77.66 mm. Precipitação prevista 1h: 7.41 mm.,70.09,ativo
568,2,4,10,2026-05-16 10:00:00,Alerta Amarelo na área Zona Industrial. Nível máximo de água: 52.37%. Precipitação acumulada 6h: 26.33 mm. Precipitação prevista 1h: 17.68 mm.,35.89,registado
569,2,1,3,2026-05-16 11:00:00,Alerta Amarelo na área Zona Ribeirinha. Nível máximo de água: 55.77%. Precipitação acumulada 6h: 25.12 mm. Precipitação prevista 1h: 12.79 mm.,35.83,registado
570,4,2,4,2026-05-16 11:00:00,Alerta Vermelho na área Passagem Inferior. Nível máximo de água: 100.00%. Precipitação acumulada 6h: 128.20 mm. Precipitação prevista 1h: 9.51 mm.,71.38,ativo
571,4,3,8,2026-05-16 11:00:00,Alerta Vermelho na área Centro Urbano. Nível máximo de água: 100.00%. Precipitação acumulada 6h: 83.08 mm. Precipitação prevista 1h: 0.00 mm.,69,ativo
572,3,1,2,2026-05-16 12:00:00,Alerta Laranja na área Zona Ribeirinha. Nível máximo de água: 62.74%. Precipitação acumulada 6h: 23.97 mm. Precipitação prevista 1h: 25.18 mm.,41.72,ativo
573,4,2,4,2026-05-16 12:00:00,Alerta Vermelho na área Passagem Inferior. Nível máximo de água: 100.00%. Precipitação acumulada 6h: 97.17 mm. Precipitação prevista 1h: 5.54 mm.,70.39,ativo
574,4,3,7,2026-05-16 12:00:00,Alerta Vermelho na área Centro Urbano. Nível máximo de água: 100.00%. Precipitação acumulada 6h: 85.86 mm. Precipitação prevista 1h: 4.70 mm.,70.18,ativo
575,4,2,4,2026-05-16 13:00:00,Alerta Vermelho na área Passagem Inferior. Nível máximo de água: 100.00%. Precipitação acumulada 6h: 92.66 mm. Precipitação prevista 1h: 12.72 mm.,72.18,ativo
576,4,3,7,2026-05-16 13:00:00,Alerta Vermelho na área Centro Urbano. Nível máximo de água: 100.00%. Precipitação acumulada 6h: 89.71 mm. Precipitação prevista 1h: 20.55 mm.,74.14,ativo
577,3,4,10,2026-05-16 13:00:00,Alerta Laranja na área Zona Industrial. Nível máximo de água: 63.67%. Precipitação acumulada 6h: 46.80 mm. Precipitação prevista 1h: 28.80 mm.,49.89,ativo
578,4,2,4,2026-05-16 14:00:00,Alerta Vermelho na área Passagem Inferior. Nível máximo de água: 100.00%. Precipitação acumulada 6h: 78.25 mm. Precipitação prevista 1h: 52.76 mm.,81.66,ativo
579,2,3,9,2026-05-16 14:00:00,Alerta Amarelo na área Centro Urbano. Nível máximo de água: 57.14%. Precipitação acumulada 6h: 31.87 mm. Precipitação prevista 1h: 3.85 mm.,36.24,registado
580,3,4,10,2026-05-16 14:00:00,Alerta Laranja na área Zona Industrial. Nível máximo de água: 64.08%. Precipitação acumulada 6h: 45.92 mm. Precipitação prevista 1h: 0.00 mm.,42.61,ativo
581,4,2,5,2026-05-16 15:00:00,Alerta Vermelho na área Passagem Inferior. Nível máximo de água: 100.00%. Precipitação acumulada 6h: 77.78 mm. Precipitação prevista 1h: 24.66 mm.,74.5,ativo
582,3,3,8,2026-05-16 15:00:00,Alerta Laranja na área Centro Urbano. Nível máximo de água: 58.74%. Precipitação acumulada 6h: 33.47 mm. Precipitação prevista 1h: 20.57 mm.,41.62,ativo
583,3,4,12,2026-05-16 15:00:00,Alerta Laranja na área Zona Industrial. Nível máximo de água: 65.23%. Precipitação acumulada 6h: 46.86 mm. Precipitação prevista 1h: 0.00 mm.,43.41,ativo
584,1,1,1,2026-05-16 16:00:00,Alerta Verde na área Zona Ribeirinha. Nível máximo de água: 61.11%. Precipitação acumulada 6h: 26.78 mm. Precipitação prevista 1h: 6.23 mm.,37.09,registado
585,4,2,4,2026-05-16 16:00:00,Alerta Vermelho na área Passagem Inferior. Nível máximo de água: 100.00%. Precipitação acumulada 6h: 73.00 mm. Precipitação prevista 1h: 16.67 mm.,71.07,ativo
586,2,3,9,2026-05-16 16:00:00,Alerta Amarelo na área Centro Urbano. Nível máximo de água: 62.55%. Precipitação acumulada 6h: 35.76 mm. Precipitação prevista 1h: 5.82 mm.,40.33,registado
587,3,4,10,2026-05-16 16:00:00,Alerta Laranja na área Zona Industrial. Nível máximo de água: 62.78%. Precipitação acumulada 6h: 44.64 mm. Precipitação prevista 1h: 7.39 mm.,43.49,ativo
588,2,1,2,2026-05-16 17:00:00,Alerta Amarelo na área Zona Ribeirinha. Nível máximo de água: 55.65%. Precipitação acumulada 6h: 24.50 mm. Precipitação prevista 1h: 12.46 mm.,35.51,registado
589,4,2,5,2026-05-16 17:00:00,Alerta Vermelho na área Passagem Inferior. Nível máximo de água: 100.00%. Precipitação acumulada 6h: 72.49 mm. Precipitação prevista 1h: 7.62 mm.,68.65,ativo
590,2,3,8,2026-05-16 17:00:00,Alerta Amarelo na área Centro Urbano. Nível máximo de água: 60.35%. Precipitação acumulada 6h: 33.78 mm. Precipitação prevista 1h: 0.50 mm.,37.42,registado
591,3,4,12,2026-05-16 17:00:00,Alerta Laranja na área Zona Industrial. Nível máximo de água: 71.00%. Precipitação acumulada 6h: 47.15 mm. Precipitação prevista 1h: 18.50 mm.,50.72,ativo
592,2,1,3,2026-05-16 18:00:00,Alerta Amarelo na área Zona Ribeirinha. Nível máximo de água: 56.45%. Precipitação acumulada 6h: 25.13 mm. Precipitação prevista 1h: 11.79 mm.,35.89,registado
593,4,2,6,2026-05-16 18:00:00,Alerta Vermelho na área Passagem Inferior. Nível máximo de água: 99.94%. Precipitação acumulada 6h: 70.64 mm. Precipitação prevista 1h: 21.93 mm.,71.65,ativo
594,3,3,7,2026-05-16 18:00:00,Alerta Laranja na área Centro Urbano. Nível máximo de água: 62.67%. Precipitação acumulada 6h: 33.48 mm. Precipitação prevista 1h: 16.53 mm.,42.38,ativo
595,3,4,10,2026-05-16 18:00:00,Alerta Laranja na área Zona Industrial. Nível máximo de água: 67.70%. Precipitação acumulada 6h: 47.96 mm. Precipitação prevista 1h: 19.51 mm.,49.73,ativo
596,4,1,1,2026-05-16 19:00:00,Alerta Vermelho na área Zona Ribeirinha. Nível máximo de água: 98.61%. Precipitação acumulada 6h: 81.00 mm. Precipitação prevista 1h: 68.81 mm.,83.37,ativo
597,4,2,4,2026-05-16 19:00:00,Alerta Vermelho na área Passagem Inferior. Nível máximo de água: 96.33%. Precipitação acumulada 6h: 71.61 mm. Precipitação prevista 1h: 28.22 mm.,71.89,ativo
598,2,4,10,2026-05-16 19:00:00,Alerta Amarelo na área Zona Industrial. Nível máximo de água: 50.00%. Precipitação acumulada 6h: 24.54 mm. Precipitação prevista 1h: 15.78 mm.,33.81,registado
599,4,1,1,2026-05-16 20:00:00,Alerta Vermelho na área Zona Ribeirinha. Nível máximo de água: 100.00%. Precipitação acumulada 6h: 80.93 mm. Precipitação prevista 1h: 18.08 mm.,73.52,ativo
600,4,1,1,2026-05-16 21:00:00,Alerta Vermelho na área Zona Ribeirinha. Nível máximo de água: 100.00%. Precipitação acumulada 6h: 80.81 mm. Precipitação prevista 1h: 23.89 mm.,74.97,ativo
601,3,3,8,2026-05-16 21:00:00,Alerta Laranja na área Centro Urbano. Nível máximo de água: 50.29%. Precipitação acumulada 6h: 22.73 mm. Precipitação prevista 1h: 21.84 mm.,34.91,ativo
602,4,1,1,2026-05-16 22:00:00,Alerta Vermelho na área Zona Ribeirinha. Nível máximo de água: 100.00%. Precipitação acumulada 6h: 120.05 mm. Precipitação prevista 1h: 64.54 mm.,84,ativo
603,3,2,4,2026-05-16 22:00:00,Alerta Laranja na área Passagem Inferior. Nível máximo de água: 54.27%. Precipitação acumulada 6h: 28.13 mm. Precipitação prevista 1h: 21.03 mm.,38.12,ativo
604,2,3,8,2026-05-16 22:00:00,Alerta Amarelo na área Centro Urbano. Nível máximo de água: 54.70%. Precipitação acumulada 6h: 22.71 mm. Precipitação prevista 1h: 13.74 mm.,34.86,registado
605,3,4,11,2026-05-16 22:00:00,Alerta Laranja na área Zona Industrial. Nível máximo de água: 59.75%. Precipitação acumulada 6h: 40.36 mm. Precipitação prevista 1h: 20.22 mm.,44.05,ativo
606,4,1,1,2026-05-16 23:00:00,Alerta Vermelho na área Zona Ribeirinha. Nível máximo de água: 100.00%. Precipitação acumulada 6h: 122.11 mm. Precipitação prevista 1h: 11.25 mm.,71.81,ativo
607,2,2,4,2026-05-16 23:00:00,Alerta Amarelo na área Passagem Inferior. Nível máximo de água: 56.54%. Precipitação acumulada 6h: 28.05 mm. Precipitação prevista 1h: 17.48 mm.,38.23,registado
608,2,3,7,2026-05-16 23:00:00,Alerta Amarelo na área Centro Urbano. Nível máximo de água: 48.69%. Precipitação acumulada 6h: 25.08 mm. Precipitação prevista 1h: 14.37 mm.,33.03,registado
609,2,4,11,2026-05-16 23:00:00,Alerta Amarelo na área Zona Industrial. Nível máximo de água: 60.67%. Precipitação acumulada 6h: 37.37 mm. Precipitação prevista 1h: 9.10 mm.,40.79,registado
610,4,1,1,2026-05-17 00:00:00,Alerta Vermelho na área Zona Ribeirinha. Nível máximo de água: 100.00%. Precipitação acumulada 6h: 122.03 mm. Precipitação prevista 1h: 20.32 mm.,74.08,ativo
611,1,2,4,2026-05-17 00:00:00,Alerta Verde na área Passagem Inferior. Nível máximo de água: 58.14%. Precipitação acumulada 6h: 27.68 mm. Precipitação prevista 1h: 3.36 mm.,35.31,registado
612,2,4,11,2026-05-17 00:00:00,Alerta Amarelo na área Zona Industrial. Nível máximo de água: 56.61%. Precipitação acumulada 6h: 35.88 mm. Precipitação prevista 1h: 0.19 mm.,36.29,registado
613,4,1,3,2026-05-17 01:00:00,Alerta Vermelho na área Zona Ribeirinha. Nível máximo de água: 96.52%. Precipitação acumulada 6h: 68.38 mm. Precipitação prevista 1h: 5.10 mm.,65.22,ativo
614,2,2,5,2026-05-17 01:00:00,Alerta Amarelo na área Passagem Inferior. Nível máximo de água: 62.71%. Precipitação acumulada 6h: 29.67 mm. Precipitação prevista 1h: 13.98 mm.,40.62,registado
615,3,3,8,2026-05-17 01:00:00,Alerta Laranja na área Centro Urbano. Nível máximo de água: 65.79%. Precipitação acumulada 6h: 49.64 mm. Precipitação prevista 1h: 24.18 mm.,50.54,ativo
616,4,4,12,2026-05-17 01:00:00,Alerta Vermelho na área Zona Industrial. Nível máximo de água: 76.64%. Precipitação acumulada 6h: 60.40 mm. Precipitação prevista 1h: 16.41 mm.,56.71,ativo
617,4,1,1,2026-05-17 02:00:00,Alerta Vermelho na área Zona Ribeirinha. Nível máximo de água: 89.56%. Precipitação acumulada 6h: 71.62 mm. Precipitação prevista 1h: 9.68 mm.,64.21,ativo
618,3,3,9,2026-05-17 02:00:00,Alerta Laranja na área Centro Urbano. Nível máximo de água: 73.58%. Precipitação acumulada 6h: 47.48 mm. Precipitação prevista 1h: 0.00 mm.,47.36,ativo
619,4,4,12,2026-05-17 02:00:00,Alerta Vermelho na área Zona Industrial. Nível máximo de água: 77.19%. Precipitação acumulada 6h: 60.08 mm. Precipitação prevista 1h: 15.95 mm.,56.75,ativo
620,4,1,2,2026-05-17 03:00:00,Alerta Vermelho na área Zona Ribeirinha. Nível máximo de água: 95.65%. Precipitação acumulada 6h: 71.91 mm. Precipitação prevista 1h: 12.27 mm.,67.68,ativo
621,4,3,9,2026-05-17 03:00:00,Alerta Vermelho na área Centro Urbano. Nível máximo de água: 79.18%. Precipitação acumulada 6h: 64.68 mm. Precipitação prevista 1h: 30.46 mm.,62.65,ativo
622,4,4,10,2026-05-17 03:00:00,Alerta Vermelho na área Zona Industrial. Nível máximo de água: 80.50%. Precipitação acumulada 6h: 62.53 mm. Precipitação prevista 1h: 18.29 mm.,59.56,ativo
623,3,2,5,2026-05-17 04:00:00,Alerta Laranja na área Passagem Inferior. Nível máximo de água: 55.32%. Precipitação acumulada 6h: 27.36 mm. Precipitação prevista 1h: 27.24 mm.,39.91,ativo
624,4,3,8,2026-05-17 04:00:00,Alerta Vermelho na área Centro Urbano. Nível máximo de água: 85.16%. Precipitação acumulada 6h: 62.01 mm. Precipitação prevista 1h: 0.00 mm.,56.93,ativo
625,3,4,10,2026-05-17 04:00:00,Alerta Laranja na área Zona Industrial. Nível máximo de água: 69.63%. Precipitação acumulada 6h: 48.22 mm. Precipitação prevista 1h: 16.62 mm.,49.95,ativo
626,3,1,3,2026-05-17 05:00:00,Alerta Laranja na área Zona Ribeirinha. Nível máximo de água: 55.00%. Precipitação acumulada 6h: 30.01 mm. Precipitação prevista 1h: 14.99 mm.,37.5,ativo
627,3,3,9,2026-05-17 05:00:00,Alerta Laranja na área Centro Urbano. Nível máximo de água: 82.49%. Precipitação acumulada 6h: 59.41 mm. Precipitação prevista 1h: 10.39 mm.,57.54,ativo
628,3,4,12,2026-05-17 05:00:00,Alerta Laranja na área Zona Industrial. Nível máximo de água: 72.46%. Precipitação acumulada 6h: 49.82 mm. Precipitação prevista 1h: 10.89 mm.,50.28,ativo
629,2,1,1,2026-05-17 06:00:00,Alerta Amarelo na área Zona Ribeirinha. Nível máximo de água: 63.01%. Precipitação acumulada 6h: 30.24 mm. Precipitação prevista 1h: 5.57 mm.,38.82,registado
630,4,2,5,2026-05-17 06:00:00,Alerta Vermelho na área Passagem Inferior. Nível máximo de água: 88.71%. Precipitação acumulada 6h: 60.93 mm. Precipitação prevista 1h: 29.19 mm.,65.5,ativo
631,4,3,8,2026-05-17 06:00:00,Alerta Vermelho na área Centro Urbano. Nível máximo de água: 85.30%. Precipitação acumulada 6h: 62.60 mm. Precipitação prevista 1h: 0.00 mm.,57.17,ativo
632,3,4,11,2026-05-17 06:00:00,Alerta Laranja na área Zona Industrial. Nível máximo de água: 67.25%. Precipitação acumulada 6h: 49.14 mm. Precipitação prevista 1h: 3.58 mm.,45.9,ativo
633,3,1,1,2026-05-17 07:00:00,Alerta Laranja na área Zona Ribeirinha. Nível máximo de água: 61.74%. Precipitação acumulada 6h: 28.01 mm. Precipitação prevista 1h: 21.54 mm.,41.57,ativo
634,4,2,5,2026-05-17 07:00:00,Alerta Vermelho na área Passagem Inferior. Nível máximo de água: 87.15%. Precipitação acumulada 6h: 61.23 mm. Precipitação prevista 1h: 12.06 mm.,60.6,ativo
635,3,3,8,2026-05-17 07:00:00,Alerta Laranja na área Centro Urbano. Nível máximo de água: 70.89%. Precipitação acumulada 6h: 40.76 mm. Precipitação prevista 1h: 3.94 mm.,45.11,ativo
636,2,1,2,2026-05-17 08:00:00,Alerta Amarelo na área Zona Ribeirinha. Nível máximo de água: 56.67%. Precipitação acumulada 6h: 25.00 mm. Precipitação prevista 1h: 10.88 mm.,35.72,registado
637,4,2,6,2026-05-17 08:00:00,Alerta Vermelho na área Passagem Inferior. Nível máximo de água: 91.02%. Precipitação acumulada 6h: 63.78 mm. Precipitação prevista 1h: 17.63 mm.,64.5,ativo
638,3,3,8,2026-05-17 08:00:00,Alerta Laranja na área Centro Urbano. Nível máximo de água: 64.17%. Precipitação acumulada 6h: 41.11 mm. Precipitação prevista 1h: 9.92 mm.,43.69,ativo
639,2,4,10,2026-05-17 08:00:00,Alerta Amarelo na área Zona Industrial. Nível máximo de água: 44.70%. Precipitação acumulada 6h: 21.36 mm. Precipitação prevista 1h: 16.45 mm.,30.64,registado
640,3,1,1,2026-05-17 09:00:00,Alerta Laranja na área Zona Ribeirinha. Nível máximo de água: 67.32%. Precipitação acumulada 6h: 37.12 mm. Precipitação prevista 1h: 27.40 mm.,48.28,ativo
641,4,2,6,2026-05-17 09:00:00,Alerta Vermelho na área Passagem Inferior. Nível máximo de água: 86.03%. Precipitação acumulada 6h: 62.04 mm. Precipitação prevista 1h: 0.00 mm.,57.33,ativo
642,4,3,9,2026-05-17 09:00:00,Alerta Vermelho na área Centro Urbano. Nível máximo de água: 73.35%. Precipitação acumulada 6h: 50.23 mm. Precipitação prevista 1h: 40.20 mm.,58.13,ativo
643,2,4,10,2026-05-17 09:00:00,Alerta Amarelo na área Zona Industrial. Nível máximo de água: 42.37%. Precipitação acumulada 6h: 17.50 mm. Precipitação prevista 1h: 15.29 mm.,28.14,registado
644,3,1,1,2026-05-17 10:00:00,Alerta Laranja na área Zona Ribeirinha. Nível máximo de água: 72.36%. Precipitação acumulada 6h: 40.28 mm. Precipitação prevista 1h: 27.49 mm.,51.52,ativo
645,4,2,5,2026-05-17 10:00:00,Alerta Vermelho na área Passagem Inferior. Nível máximo de água: 87.29%. Precipitação acumulada 6h: 60.63 mm. Precipitação prevista 1h: 0.29 mm.,57.54,ativo
646,3,3,7,2026-05-17 10:00:00,Alerta Laranja na área Centro Urbano. Nível máximo de água: 76.57%. Precipitação acumulada 6h: 52.59 mm. Precipitação prevista 1h: 0.00 mm.,50.23,ativo
647,1,4,12,2026-05-17 10:00:00,Alerta Verde na área Zona Industrial. Nível máximo de água: 45.42%. Precipitação acumulada 6h: 18.04 mm. Precipitação prevista 1h: 8.06 mm.,27.87,registado
648,2,1,3,2026-05-17 11:00:00,Alerta Amarelo na área Zona Ribeirinha. Nível máximo de água: 69.16%. Precipitação acumulada 6h: 38.79 mm. Precipitação prevista 1h: 0.00 mm.,42.76,registado
649,3,2,5,2026-05-17 11:00:00,Alerta Laranja na área Passagem Inferior. Nível máximo de água: 87.10%. Precipitação acumulada 6h: 58.69 mm. Precipitação prevista 1h: 16.26 mm.,60.87,ativo
650,3,3,9,2026-05-17 11:00:00,Alerta Laranja na área Centro Urbano. Nível máximo de água: 78.93%. Precipitação acumulada 6h: 55.24 mm. Precipitação prevista 1h: 11.58 mm.,54.99,ativo
651,3,1,1,2026-05-17 12:00:00,Alerta Laranja na área Zona Ribeirinha. Nível máximo de água: 71.21%. Precipitação acumulada 6h: 40.77 mm. Precipitação prevista 1h: 14.13 mm.,47.81,ativo
652,3,3,7,2026-05-17 12:00:00,Alerta Laranja na área Centro Urbano. Nível máximo de água: 72.96%. Precipitação acumulada 6h: 52.56 mm. Precipitação prevista 1h: 1.73 mm.,49.03,ativo
653,4,4,10,2026-05-17 12:00:00,Alerta Vermelho na área Zona Industrial. Nível máximo de água: 84.18%. Precipitação acumulada 6h: 71.73 mm. Precipitação prevista 1h: 67.72 mm.,74.4,ativo
654,3,1,1,2026-05-17 13:00:00,Alerta Laranja na área Zona Ribeirinha. Nível máximo de água: 74.25%. Precipitação acumulada 6h: 41.66 mm. Precipitação prevista 1h: 1.92 mm.,46.39,ativo
655,3,2,6,2026-05-17 13:00:00,Alerta Laranja na área Passagem Inferior. Nível máximo de água: 63.91%. Precipitação acumulada 6h: 35.90 mm. Precipitação prevista 1h: 20.01 mm.,44.53,ativo
656,3,3,7,2026-05-17 13:00:00,Alerta Laranja na área Centro Urbano. Nível máximo de água: 76.00%. Precipitação acumulada 6h: 51.46 mm. Precipitação prevista 1h: 21.80 mm.,55.09,ativo
657,4,4,10,2026-05-17 13:00:00,Alerta Vermelho na área Zona Industrial. Nível máximo de água: 88.83%. Precipitação acumulada 6h: 72.26 mm. Precipitação prevista 1h: 5.75 mm.,63.09,ativo
658,3,1,1,2026-05-17 14:00:00,Alerta Laranja na área Zona Ribeirinha. Nível máximo de água: 70.02%. Precipitação acumulada 6h: 41.17 mm. Precipitação prevista 1h: 12.60 mm.,47.01,ativo
659,2,2,4,2026-05-17 14:00:00,Alerta Amarelo na área Passagem Inferior. Nível máximo de água: 67.17%. Precipitação acumulada 6h: 35.27 mm. Precipitação prevista 1h: 4.37 mm.,41.9,registado
660,3,3,9,2026-05-17 14:00:00,Alerta Laranja na área Centro Urbano. Nível máximo de água: 73.13%. Precipitação acumulada 6h: 48.66 mm. Precipitação prevista 1h: 0.00 mm.,47.51,ativo
661,4,4,10,2026-05-17 14:00:00,Alerta Vermelho na área Zona Industrial. Nível máximo de água: 89.88%. Precipitação acumulada 6h: 76.97 mm. Precipitação prevista 1h: 16.06 mm.,67.55,ativo
662,3,1,1,2026-05-17 15:00:00,Alerta Laranja na área Zona Ribeirinha. Nível máximo de água: 65.22%. Precipitação acumulada 6h: 30.15 mm. Precipitação prevista 1h: 27.72 mm.,45.32,ativo
663,2,2,4,2026-05-17 15:00:00,Alerta Amarelo na área Passagem Inferior. Nível máximo de água: 66.69%. Precipitação acumulada 6h: 36.97 mm. Precipitação prevista 1h: 5.13 mm.,42.38,registado
664,4,4,10,2026-05-17 15:00:00,Alerta Vermelho na área Zona Industrial. Nível máximo de água: 86.11%. Precipitação acumulada 6h: 77.30 mm. Precipitação prevista 1h: 8.84 mm.,64.15,ativo
665,2,1,3,2026-05-17 16:00:00,Alerta Amarelo na área Zona Ribeirinha. Nível máximo de água: 63.01%. Precipitação acumulada 6h: 28.85 mm. Precipitação prevista 1h: 20.94 mm.,42.24,registado
666,3,2,4,2026-05-17 16:00:00,Alerta Laranja na área Passagem Inferior. Nível máximo de água: 68.19%. Precipitação acumulada 6h: 41.07 mm. Precipitação prevista 1h: 10.88 mm.,45.73,ativo
667,3,3,7,2026-05-17 16:00:00,Alerta Laranja na área Centro Urbano. Nível máximo de água: 64.02%. Precipitação acumulada 6h: 35.45 mm. Precipitação prevista 1h: 10.64 mm.,42.1,ativo
668,4,4,10,2026-05-17 16:00:00,Alerta Vermelho na área Zona Industrial. Nível máximo de água: 92.57%. Precipitação acumulada 6h: 75.47 mm. Precipitação prevista 1h: 5.83 mm.,65.76,ativo
669,3,2,6,2026-05-17 17:00:00,Alerta Laranja na área Passagem Inferior. Nível máximo de água: 74.47%. Precipitação acumulada 6h: 42.00 mm. Precipitação prevista 1h: 0.00 mm.,46.11,ativo
670,2,3,7,2026-05-17 17:00:00,Alerta Amarelo na área Centro Urbano. Nível máximo de água: 58.52%. Precipitação acumulada 6h: 31.72 mm. Precipitação prevista 1h: 7.45 mm.,37.71,registado
671,4,4,10,2026-05-17 17:00:00,Alerta Vermelho na área Zona Industrial. Nível máximo de água: 89.93%. Precipitação acumulada 6h: 70.37 mm. Precipitação prevista 1h: 0.00 mm.,61.58,ativo
672,3,1,1,2026-05-17 18:00:00,Alerta Laranja na área Zona Ribeirinha. Nível máximo de água: 81.39%. Precipitação acumulada 6h: 47.62 mm. Precipitação prevista 1h: 23.77 mm.,56.85,ativo
673,3,2,5,2026-05-17 18:00:00,Alerta Laranja na área Passagem Inferior. Nível máximo de água: 67.06%. Precipitação acumulada 6h: 39.12 mm. Precipitação prevista 1h: 11.36 mm.,44.75,ativo
674,3,3,8,2026-05-17 18:00:00,Alerta Laranja na área Centro Urbano. Nível máximo de água: 60.28%. Precipitação acumulada 6h: 33.17 mm. Precipitação prevista 1h: 17.08 mm.,41.35,ativo
675,3,1,3,2026-05-17 19:00:00,Alerta Laranja na área Zona Ribeirinha. Nível máximo de água: 83.61%. Precipitação acumulada 6h: 52.94 mm. Precipitação prevista 1h: 15.32 mm.,57.34,ativo
676,2,3,9,2026-05-17 19:00:00,Alerta Amarelo na área Centro Urbano. Nível máximo de água: 56.49%. Precipitação acumulada 6h: 32.14 mm. Precipitação prevista 1h: 0.00 mm.,35.06,registado
677,2,4,12,2026-05-17 19:00:00,Alerta Amarelo na área Zona Industrial. Nível máximo de água: 45.65%. Precipitação acumulada 6h: 19.82 mm. Precipitação prevista 1h: 10.60 mm.,29.14,registado
678,3,1,1,2026-05-17 20:00:00,Alerta Laranja na área Zona Ribeirinha. Nível máximo de água: 80.09%. Precipitação acumulada 6h: 51.96 mm. Precipitação prevista 1h: 12.25 mm.,54.69,ativo
679,3,3,8,2026-05-17 20:00:00,Alerta Laranja na área Centro Urbano. Nível máximo de água: 67.13%. Precipitação acumulada 6h: 37.49 mm. Precipitação prevista 1h: 16.00 mm.,45.46,ativo
680,3,4,12,2026-05-17 20:00:00,Alerta Laranja na área Zona Industrial. Nível máximo de água: 70.14%. Precipitação acumulada 6h: 47.51 mm. Precipitação prevista 1h: 38.59 mm.,55.46,ativo
681,3,1,1,2026-05-17 21:00:00,Alerta Laranja na área Zona Ribeirinha. Nível máximo de água: 83.91%. Precipitação acumulada 6h: 47.87 mm. Precipitação prevista 1h: 17.49 mm.,56.49,ativo
682,1,2,6,2026-05-17 21:00:00,Alerta Verde na área Passagem Inferior. Nível máximo de água: 55.10%. Precipitação acumulada 6h: 25.67 mm. Precipitação prevista 1h: 8.70 mm.,34.67,registado
683,2,3,9,2026-05-17 21:00:00,Alerta Amarelo na área Centro Urbano. Nível máximo de água: 60.93%. Precipitação acumulada 6h: 40.70 mm. Precipitação prevista 1h: 7.63 mm.,41.54,registado
684,3,4,12,2026-05-17 21:00:00,Alerta Laranja na área Zona Industrial. Nível máximo de água: 76.24%. Precipitação acumulada 6h: 50.64 mm. Precipitação prevista 1h: 20.54 mm.,54.64,ativo
685,4,1,1,2026-05-17 22:00:00,Alerta Vermelho na área Zona Ribeirinha. Nível máximo de água: 100.00%. Precipitação acumulada 6h: 79.33 mm. Precipitação prevista 1h: 33.13 mm.,77.08,ativo
686,3,4,12,2026-05-17 22:00:00,Alerta Laranja na área Zona Industrial. Nível máximo de água: 75.78%. Precipitação acumulada 6h: 51.36 mm. Precipitação prevista 1h: 16.67 mm.,53.68,ativo
687,4,1,1,2026-05-17 23:00:00,Alerta Vermelho na área Zona Ribeirinha. Nível máximo de água: 100.00%. Precipitação acumulada 6h: 79.13 mm. Precipitação prevista 1h: 28.94 mm.,75.97,ativo
688,2,2,5,2026-05-17 23:00:00,Alerta Amarelo na área Passagem Inferior. Nível máximo de água: 55.76%. Precipitação acumulada 6h: 23.27 mm. Precipitação prevista 1h: 16.08 mm.,36.09,registado
689,2,3,7,2026-05-17 23:00:00,Alerta Amarelo na área Centro Urbano. Nível máximo de água: 59.05%. Precipitação acumulada 6h: 29.63 mm. Precipitação prevista 1h: 13.81 mm.,38.91,registado
690,3,4,11,2026-05-17 23:00:00,Alerta Laranja na área Zona Industrial. Nível máximo de água: 75.90%. Precipitação acumulada 6h: 54.34 mm. Precipitação prevista 1h: 0.00 mm.,50.46,ativo
691,3,1,1,2026-05-18 00:00:00,Alerta Laranja na área Zona Ribeirinha. Nível máximo de água: 88.31%. Precipitação acumulada 6h: 55.57 mm. Precipitação prevista 1h: 0.00 mm.,56.41,ativo
692,2,2,5,2026-05-18 00:00:00,Alerta Amarelo na área Passagem Inferior. Nível máximo de água: 57.43%. Precipitação acumulada 6h: 23.53 mm. Precipitação prevista 1h: 13.44 mm.,36.26,registado
693,3,4,10,2026-05-18 00:00:00,Alerta Laranja na área Zona Industrial. Nível máximo de água: 74.19%. Precipitação acumulada 6h: 54.55 mm. Precipitação prevista 1h: 13.38 mm.,53.1,ativo
694,3,1,2,2026-05-18 01:00:00,Alerta Laranja na área Zona Ribeirinha. Nível máximo de água: 81.63%. Precipitação acumulada 6h: 49.92 mm. Precipitação prevista 1h: 4.78 mm.,52.9,ativo
695,1,3,9,2026-05-18 01:00:00,Alerta Verde na área Centro Urbano. Nível máximo de água: 59.34%. Precipitação acumulada 6h: 28.31 mm. Precipitação prevista 1h: 1.70 mm.,35.62,registado
696,3,4,10,2026-05-18 01:00:00,Alerta Laranja na área Zona Industrial. Nível máximo de água: 70.64%. Precipitação acumulada 6h: 53.21 mm. Precipitação prevista 1h: 15.59 mm.,51.65,ativo
697,3,1,1,2026-05-18 02:00:00,Alerta Laranja na área Zona Ribeirinha. Nível máximo de água: 82.60%. Precipitação acumulada 6h: 50.88 mm. Precipitação prevista 1h: 7.05 mm.,54.2,ativo
698,3,3,8,2026-05-18 02:00:00,Alerta Laranja na área Centro Urbano. Nível máximo de água: 56.59%. Precipitação acumulada 6h: 28.75 mm. Precipitação prevista 1h: 22.79 mm.,39.79,ativo
699,3,1,1,2026-05-18 03:00:00,Alerta Laranja na área Zona Ribeirinha. Nível máximo de água: 79.40%. Precipitação acumulada 6h: 49.90 mm. Precipitação prevista 1h: 2.26 mm.,51.27,ativo
700,2,2,4,2026-05-18 03:00:00,Alerta Amarelo na área Passagem Inferior. Nível máximo de água: 54.31%. Precipitação acumulada 6h: 23.69 mm. Precipitação prevista 1h: 12.42 mm.,34.65,registado
701,2,3,9,2026-05-18 03:00:00,Alerta Amarelo na área Centro Urbano. Nível máximo de água: 48.17%. Precipitação acumulada 6h: 21.07 mm. Precipitação prevista 1h: 16.21 mm.,32.05,registado
702,2,1,2,2026-05-18 04:00:00,Alerta Amarelo na área Zona Ribeirinha. Nível máximo de água: 53.54%. Precipitação acumulada 6h: 17.22 mm. Precipitação prevista 1h: 14.73 mm.,32.94,registado
703,3,2,6,2026-05-18 05:00:00,Alerta Laranja na área Passagem Inferior. Nível máximo de água: 56.52%. Precipitação acumulada 6h: 23.58 mm. Precipitação prevista 1h: 22.40 mm.,38.11,ativo
704,2,4,11,2026-05-18 05:00:00,Alerta Amarelo na área Zona Industrial. Nível máximo de água: 46.76%. Precipitação acumulada 6h: 15.23 mm. Precipitação prevista 1h: 18.86 mm.,30.33,registado
705,2,1,3,2026-05-18 06:00:00,Alerta Amarelo na área Zona Ribeirinha. Nível máximo de água: 51.86%. Precipitação acumulada 6h: 18.47 mm. Precipitação prevista 1h: 18.38 mm.,33.47,registado
706,2,2,5,2026-05-18 06:00:00,Alerta Amarelo na área Passagem Inferior. Nível máximo de água: 52.71%. Precipitação acumulada 6h: 25.63 mm. Precipitação prevista 1h: 12.21 mm.,34.46,registado
707,3,1,3,2026-05-18 07:00:00,Alerta Laranja na área Zona Ribeirinha. Nível máximo de água: 50.20%. Precipitação acumulada 6h: 20.06 mm. Precipitação prevista 1h: 22.88 mm.,34.33,ativo
708,3,4,11,2026-05-18 07:00:00,Alerta Laranja na área Zona Industrial. Nível máximo de água: 43.54%. Precipitação acumulada 6h: 20.02 mm. Precipitação prevista 1h: 25.03 mm.,31.86,ativo
709,3,2,6,2026-05-18 08:00:00,Alerta Laranja na área Passagem Inferior. Nível máximo de água: 65.77%. Precipitação acumulada 6h: 39.64 mm. Precipitação prevista 1h: 15.48 mm.,45.36,ativo
710,2,3,9,2026-05-18 08:00:00,Alerta Amarelo na área Centro Urbano. Nível máximo de água: 49.91%. Precipitação acumulada 6h: 23.31 mm. Precipitação prevista 1h: 17.05 mm.,33.71,registado
711,2,1,2,2026-05-18 09:00:00,Alerta Amarelo na área Zona Ribeirinha. Nível máximo de água: 57.90%. Precipitação acumulada 6h: 21.49 mm. Precipitação prevista 1h: 19.90 mm.,37.48,registado
712,3,2,6,2026-05-18 09:00:00,Alerta Laranja na área Passagem Inferior. Nível máximo de água: 66.68%. Precipitação acumulada 6h: 42.13 mm. Precipitação prevista 1h: 19.98 mm.,47.64,ativo
713,3,3,7,2026-05-18 09:00:00,Alerta Laranja na área Centro Urbano. Nível máximo de água: 56.13%. Precipitação acumulada 6h: 25.81 mm. Precipitação prevista 1h: 32.06 mm.,41.02,ativo
714,3,1,3,2026-05-18 10:00:00,Alerta Laranja na área Zona Ribeirinha. Nível máximo de água: 72.94%. Precipitação acumulada 6h: 41.52 mm. Precipitação prevista 1h: 26.21 mm.,51.83,ativo
715,3,2,6,2026-05-18 10:00:00,Alerta Laranja na área Passagem Inferior. Nível máximo de água: 69.84%. Precipitação acumulada 6h: 42.31 mm. Precipitação prevista 1h: 4.20 mm.,45.17,ativo
716,1,3,8,2026-05-18 10:00:00,Alerta Verde na área Centro Urbano. Nível máximo de água: 49.58%. Precipitação acumulada 6h: 21.30 mm. Precipitação prevista 1h: 7.61 mm.,30.6,registado
717,3,1,2,2026-05-18 11:00:00,Alerta Laranja na área Zona Ribeirinha. Nível máximo de água: 71.91%. Precipitação acumulada 6h: 41.94 mm. Precipitação prevista 1h: 11.27 mm.,47.76,ativo
718,3,2,5,2026-05-18 11:00:00,Alerta Laranja na área Passagem Inferior. Nível máximo de água: 71.13%. Precipitação acumulada 6h: 42.24 mm. Precipitação prevista 1h: 5.66 mm.,46.1,ativo
719,3,1,2,2026-05-18 12:00:00,Alerta Laranja na área Zona Ribeirinha. Nível máximo de água: 74.67%. Precipitação acumulada 6h: 42.61 mm. Precipitação prevista 1h: 0.00 mm.,46.38,ativo
720,2,2,4,2026-05-18 12:00:00,Alerta Amarelo na área Passagem Inferior. Nível máximo de água: 68.59%. Precipitação acumulada 6h: 39.45 mm. Precipitação prevista 1h: 0.00 mm.,42.7,registado
721,3,1,1,2026-05-18 13:00:00,Alerta Laranja na área Zona Ribeirinha. Nível máximo de água: 82.67%. Precipitação acumulada 6h: 46.42 mm. Precipitação prevista 1h: 3.19 mm.,51.93,ativo
722,2,2,5,2026-05-18 13:00:00,Alerta Amarelo na área Passagem Inferior. Nível máximo de água: 64.91%. Precipitação acumulada 6h: 36.68 mm. Precipitação prevista 1h: 7.61 mm.,42.12,registado
723,2,4,12,2026-05-18 13:00:00,Alerta Amarelo na área Zona Industrial. Nível máximo de água: 49.52%. Precipitação acumulada 6h: 23.79 mm. Precipitação prevista 1h: 13.33 mm.,32.75,registado
724,3,1,1,2026-05-18 14:00:00,Alerta Laranja na área Zona Ribeirinha. Nível máximo de água: 79.46%. Precipitação acumulada 6h: 49.29 mm. Precipitação prevista 1h: 19.22 mm.,55.35,ativo
725,4,4,11,2026-05-18 14:00:00,Alerta Vermelho na área Zona Industrial. Nível máximo de água: 82.30%. Precipitação acumulada 6h: 69.32 mm. Precipitação prevista 1h: 49.84 mm.,70.29,ativo
726,3,1,3,2026-05-18 15:00:00,Alerta Laranja na área Zona Ribeirinha. Nível máximo de água: 83.12%. Precipitação acumulada 6h: 50.07 mm. Precipitação prevista 1h: 12.46 mm.,55.54,ativo
727,2,2,6,2026-05-18 15:00:00,Alerta Amarelo na área Passagem Inferior. Nível máximo de água: 48.54%. Precipitação acumulada 6h: 17.50 mm. Precipitação prevista 1h: 12.27 mm.,30.16,registado
728,4,4,12,2026-05-18 15:00:00,Alerta Vermelho na área Zona Industrial. Nível máximo de água: 92.64%. Precipitação acumulada 6h: 70.40 mm. Precipitação prevista 1h: 0.67 mm.,62.98,ativo
729,3,1,3,2026-05-18 16:00:00,Alerta Laranja na área Zona Ribeirinha. Nível máximo de água: 62.24%. Precipitação acumulada 6h: 30.96 mm. Precipitação prevista 1h: 16.03 mm.,41.3,ativo
730,3,2,4,2026-05-18 16:00:00,Alerta Laranja na área Passagem Inferior. Nível máximo de água: 73.60%. Precipitação acumulada 6h: 49.65 mm. Precipitação prevista 1h: 31.81 mm.,55.97,ativo
731,2,3,9,2026-05-18 16:00:00,Alerta Amarelo na área Centro Urbano. Nível máximo de água: 62.57%. Precipitação acumulada 6h: 37.30 mm. Precipitação prevista 1h: 9.28 mm.,41.67,registado
732,4,4,11,2026-05-18 16:00:00,Alerta Vermelho na área Zona Industrial. Nível máximo de água: 92.64%. Precipitação acumulada 6h: 70.95 mm. Precipitação prevista 1h: 18.97 mm.,67.72,ativo
733,2,1,2,2026-05-18 17:00:00,Alerta Amarelo na área Zona Ribeirinha. Nível máximo de água: 63.61%. Precipitação acumulada 6h: 30.11 mm. Precipitação prevista 1h: 2.07 mm.,38.17,registado
734,3,2,6,2026-05-18 17:00:00,Alerta Laranja na área Passagem Inferior. Nível máximo de água: 75.30%. Precipitação acumulada 6h: 45.71 mm. Precipitação prevista 1h: 0.00 mm.,47.6,ativo
735,3,3,7,2026-05-18 17:00:00,Alerta Laranja na área Centro Urbano. Nível máximo de água: 61.44%. Precipitação acumulada 6h: 38.63 mm. Precipitação prevista 1h: 22.76 mm.,44.93,ativo
736,4,4,11,2026-05-18 17:00:00,Alerta Vermelho na área Zona Industrial. Nível máximo de água: 86.89%. Precipitação acumulada 6h: 69.45 mm. Precipitação prevista 1h: 0.00 mm.,59.94,ativo
737,2,1,3,2026-05-18 18:00:00,Alerta Amarelo na área Zona Ribeirinha. Nível máximo de água: 66.72%. Precipitação acumulada 6h: 32.62 mm. Precipitação prevista 1h: 0.78 mm.,40.01,registado
738,3,2,5,2026-05-18 18:00:00,Alerta Laranja na área Passagem Inferior. Nível máximo de água: 76.64%. Precipitação acumulada 6h: 49.16 mm. Precipitação prevista 1h: 15.95 mm.,53.22,ativo
739,4,3,7,2026-05-18 18:00:00,Alerta Vermelho na área Centro Urbano. Nível máximo de água: 83.62%. Precipitação acumulada 6h: 66.01 mm. Precipitação prevista 1h: 39.26 mm.,67.25,ativo
740,4,4,12,2026-05-18 18:00:00,Alerta Vermelho na área Zona Industrial. Nível máximo de água: 88.37%. Precipitação acumulada 6h: 68.18 mm. Precipitação prevista 1h: 6.14 mm.,61.76,ativo
741,2,1,3,2026-05-18 19:00:00,Alerta Amarelo na área Zona Ribeirinha. Nível máximo de água: 66.76%. Precipitação acumulada 6h: 28.87 mm. Precipitação prevista 1h: 12.49 mm.,41.83,registado
742,3,2,6,2026-05-18 19:00:00,Alerta Laranja na área Passagem Inferior. Nível máximo de água: 78.28%. Precipitação acumulada 6h: 51.79 mm. Precipitação prevista 1h: 15.09 mm.,54.54,ativo
743,4,3,8,2026-05-18 19:00:00,Alerta Vermelho na área Centro Urbano. Nível máximo de água: 83.74%. Precipitação acumulada 6h: 64.58 mm. Precipitação prevista 1h: 0.00 mm.,57.06,ativo
744,4,4,10,2026-05-18 19:00:00,Alerta Vermelho na área Zona Industrial. Nível máximo de água: 95.68%. Precipitação acumulada 6h: 78.53 mm. Precipitação prevista 1h: 17.32 mm.,70.95,ativo
745,4,1,3,2026-05-18 20:00:00,Alerta Vermelho na área Zona Ribeirinha. Nível máximo de água: 81.89%. Precipitação acumulada 6h: 53.34 mm. Precipitação prevista 1h: 40.32 mm.,62.93,ativo
746,3,2,6,2026-05-18 20:00:00,Alerta Laranja na área Passagem Inferior. Nível máximo de água: 79.75%. Precipitação acumulada 6h: 53.68 mm. Precipitação prevista 1h: 19.25 mm.,56.8,ativo
747,4,3,8,2026-05-18 20:00:00,Alerta Vermelho na área Centro Urbano. Nível máximo de água: 82.31%. Precipitação acumulada 6h: 63.56 mm. Precipitação prevista 1h: 8.99 mm.,58.36,ativo
748,2,4,11,2026-05-18 20:00:00,Alerta Amarelo na área Zona Industrial. Nível máximo de água: 66.61%. Precipitação acumulada 6h: 36.18 mm. Precipitação prevista 1h: 8.67 mm.,43,registado
749,3,1,2,2026-05-18 21:00:00,Alerta Laranja na área Zona Ribeirinha. Nível máximo de água: 83.40%. Precipitação acumulada 6h: 49.58 mm. Precipitação prevista 1h: 0.00 mm.,52.4,ativo
750,3,2,5,2026-05-18 21:00:00,Alerta Laranja na área Passagem Inferior. Nível máximo de água: 80.24%. Precipitação acumulada 6h: 54.19 mm. Precipitação prevista 1h: 0.00 mm.,52.36,ativo
751,4,3,8,2026-05-18 21:00:00,Alerta Vermelho na área Centro Urbano. Nível máximo de água: 87.31%. Precipitação acumulada 6h: 62.85 mm. Precipitação prevista 1h: 3.77 mm.,59.09,ativo
752,3,4,11,2026-05-18 21:00:00,Alerta Laranja na área Zona Industrial. Nível máximo de água: 54.99%. Precipitação acumulada 6h: 32.99 mm. Precipitação prevista 1h: 17.20 mm.,38.94,ativo
753,3,1,1,2026-05-18 22:00:00,Alerta Laranja na área Zona Ribeirinha. Nível máximo de água: 82.17%. Precipitação acumulada 6h: 47.19 mm. Precipitação prevista 1h: 13.32 mm.,54.46,ativo
754,4,3,7,2026-05-18 22:00:00,Alerta Vermelho na área Centro Urbano. Nível máximo de água: 100.00%. Precipitação acumulada 6h: 102.96 mm. Precipitação prevista 1h: 58.81 mm.,83.7,ativo
755,3,4,10,2026-05-18 22:00:00,Alerta Laranja na área Zona Industrial. Nível máximo de água: 47.35%. Precipitação acumulada 6h: 32.64 mm. Precipitação prevista 1h: 20.82 mm.,36.3,ativo
756,3,1,3,2026-05-18 23:00:00,Alerta Laranja na área Zona Ribeirinha. Nível máximo de água: 80.61%. Precipitação acumulada 6h: 47.27 mm. Precipitação prevista 1h: 0.00 mm.,50.46,ativo
757,2,2,6,2026-05-18 23:00:00,Alerta Amarelo na área Passagem Inferior. Nível máximo de água: 56.59%. Precipitação acumulada 6h: 26.14 mm. Precipitação prevista 1h: 11.56 mm.,36.2,registado
758,4,3,7,2026-05-18 23:00:00,Alerta Vermelho na área Centro Urbano. Nível máximo de água: 100.00%. Precipitação acumulada 6h: 99.87 mm. Precipitação prevista 1h: 6.60 mm.,70.65,ativo
759,4,4,11,2026-05-18 23:00:00,Alerta Vermelho na área Zona Industrial. Nível máximo de água: 80.24%. Precipitação acumulada 6h: 64.44 mm. Precipitação prevista 1h: 33.97 mm.,63.93,ativo
760,3,1,1,2026-05-19 00:00:00,Alerta Laranja na área Zona Ribeirinha. Nível máximo de água: 77.30%. Precipitação acumulada 6h: 46.52 mm. Precipitação prevista 1h: 4.46 mm.,49.86,ativo
761,4,3,7,2026-05-19 00:00:00,Alerta Vermelho na área Centro Urbano. Nível máximo de água: 90.56%. Precipitação acumulada 6h: 73.46 mm. Precipitação prevista 1h: 14.51 mm.,66.42,ativo
762,4,4,12,2026-05-19 00:00:00,Alerta Vermelho na área Zona Industrial. Nível máximo de água: 94.31%. Precipitação acumulada 6h: 79.34 mm. Precipitação prevista 1h: 21.06 mm.,71.51,ativo
763,3,1,3,2026-05-19 01:00:00,Alerta Laranja na área Zona Ribeirinha. Nível máximo de água: 75.95%. Precipitação acumulada 6h: 44.44 mm. Precipitação prevista 1h: 7.34 mm.,49.34,ativo
764,4,3,9,2026-05-19 01:00:00,Alerta Vermelho na área Centro Urbano. Nível máximo de água: 89.87%. Precipitação acumulada 6h: 73.99 mm. Precipitação prevista 1h: 6.63 mm.,64.3,ativo
765,4,4,11,2026-05-19 01:00:00,Alerta Vermelho na área Zona Industrial. Nível máximo de água: 90.66%. Precipitação acumulada 6h: 69.79 mm. Precipitação prevista 1h: 4.20 mm.,62.78,ativo
766,2,2,5,2026-05-19 02:00:00,Alerta Amarelo na área Passagem Inferior. Nível máximo de água: 47.60%. Precipitação acumulada 6h: 20.44 mm. Precipitação prevista 1h: 10.92 mm.,30.28,registado
767,4,3,8,2026-05-19 02:00:00,Alerta Vermelho na área Centro Urbano. Nível máximo de água: 98.33%. Precipitação acumulada 6h: 77.98 mm. Precipitação prevista 1h: 9.75 mm.,70.08,ativo
768,4,4,10,2026-05-19 02:00:00,Alerta Vermelho na área Zona Industrial. Nível máximo de água: 86.93%. Precipitação acumulada 6h: 68.56 mm. Precipitação prevista 1h: 0.09 mm.,59.71,ativo
769,4,3,8,2026-05-19 03:00:00,Alerta Vermelho na área Centro Urbano. Nível máximo de água: 97.24%. Precipitação acumulada 6h: 77.20 mm. Precipitação prevista 1h: 19.80 mm.,71.87,ativo
770,4,4,10,2026-05-19 03:00:00,Alerta Vermelho na área Zona Industrial. Nível máximo de água: 86.41%. Precipitação acumulada 6h: 69.62 mm. Precipitação prevista 1h: 5.42 mm.,61.13,ativo
771,3,2,6,2026-05-19 04:00:00,Alerta Laranja na área Passagem Inferior. Nível máximo de água: 66.30%. Precipitação acumulada 6h: 36.38 mm. Precipitação prevista 1h: 35.34 mm.,49.58,ativo
772,4,4,11,2026-05-19 04:00:00,Alerta Vermelho na área Zona Industrial. Nível máximo de água: 86.09%. Precipitação acumulada 6h: 66.34 mm. Precipitação prevista 1h: 3.44 mm.,59.5,ativo
773,2,2,6,2026-05-19 05:00:00,Alerta Amarelo na área Passagem Inferior. Nível máximo de água: 66.81%. Precipitação acumulada 6h: 35.56 mm. Precipitação prevista 1h: 3.34 mm.,41.57,registado
774,3,4,11,2026-05-19 05:00:00,Alerta Laranja na área Zona Industrial. Nível máximo de água: 60.74%. Precipitação acumulada 6h: 32.41 mm. Precipitação prevista 1h: 11.27 mm.,39.87,ativo
775,2,1,3,2026-05-19 06:00:00,Alerta Amarelo na área Zona Ribeirinha. Nível máximo de água: 52.79%. Precipitação acumulada 6h: 13.65 mm. Precipitação prevista 1h: 15.30 mm.,31.68,registado
776,3,2,4,2026-05-19 06:00:00,Alerta Laranja na área Passagem Inferior. Nível máximo de água: 65.50%. Precipitação acumulada 6h: 36.63 mm. Precipitação prevista 1h: 12.01 mm.,43.47,ativo
777,2,2,6,2026-05-19 07:00:00,Alerta Amarelo na área Passagem Inferior. Nível máximo de água: 67.32%. Precipitação acumulada 6h: 39.07 mm. Precipitação prevista 1h: 0.00 mm.,42.02,registado
778,3,3,8,2026-05-19 07:00:00,Alerta Laranja na área Centro Urbano. Nível máximo de água: 64.17%. Precipitação acumulada 6h: 41.71 mm. Precipitação prevista 1h: 17.24 mm.,45.7,ativo
779,2,4,10,2026-05-19 07:00:00,Alerta Amarelo na área Zona Industrial. Nível máximo de água: 45.59%. Precipitação acumulada 6h: 22.11 mm. Precipitação prevista 1h: 14.58 mm.,30.79,registado
780,3,2,5,2026-05-19 08:00:00,Alerta Laranja na área Passagem Inferior. Nível máximo de água: 77.79%. Precipitação acumulada 6h: 44.66 mm. Precipitação prevista 1h: 10.25 mm.,50.97,ativo
781,2,3,7,2026-05-19 08:00:00,Alerta Amarelo na área Centro Urbano. Nível máximo de água: 65.08%. Precipitação acumulada 6h: 37.55 mm. Precipitação prevista 1h: 6.95 mm.,42.29,registado
782,2,4,10,2026-05-19 08:00:00,Alerta Amarelo na área Zona Industrial. Nível máximo de água: 40.61%. Precipitação acumulada 6h: 21.75 mm. Precipitação prevista 1h: 13.06 mm.,28.06,registado
783,3,2,6,2026-05-19 09:00:00,Alerta Laranja na área Passagem Inferior. Nível máximo de água: 72.85%. Precipitação acumulada 6h: 45.55 mm. Precipitação prevista 1h: 0.00 mm.,46.45,ativo
784,2,3,7,2026-05-19 09:00:00,Alerta Amarelo na área Centro Urbano. Nível máximo de água: 57.27%. Precipitação acumulada 6h: 35.99 mm. Precipitação prevista 1h: 0.00 mm.,36.57,registado
785,4,4,10,2026-05-19 09:00:00,Alerta Vermelho na área Zona Industrial. Nível máximo de água: 77.79%. Precipitação acumulada 6h: 63.64 mm. Precipitação prevista 1h: 37.47 mm.,63.47,ativo
786,2,1,1,2026-05-19 10:00:00,Alerta Amarelo na área Zona Ribeirinha. Nível máximo de água: 53.41%. Precipitação acumulada 6h: 20.68 mm. Precipitação prevista 1h: 15.03 mm.,34,registado
787,1,2,6,2026-05-19 10:00:00,Alerta Verde na área Passagem Inferior. Nível máximo de água: 56.80%. Precipitação acumulada 6h: 27.70 mm. Precipitação prevista 1h: 0.05 mm.,33.88,registado
788,2,3,7,2026-05-19 10:00:00,Alerta Amarelo na área Centro Urbano. Nível máximo de água: 62.19%. Precipitação acumulada 6h: 33.50 mm. Precipitação prevista 1h: 0.00 mm.,38.04,registado
789,4,4,10,2026-05-19 10:00:00,Alerta Vermelho na área Zona Industrial. Nível máximo de água: 85.45%. Precipitação acumulada 6h: 65.27 mm. Precipitação prevista 1h: 1.21 mm.,58.34,ativo
790,3,1,3,2026-05-19 11:00:00,Alerta Laranja na área Zona Ribeirinha. Nível máximo de água: 55.24%. Precipitação acumulada 6h: 20.76 mm. Precipitação prevista 1h: 24.63 mm.,37.24,ativo
791,3,3,7,2026-05-19 11:00:00,Alerta Laranja na área Centro Urbano. Nível máximo de água: 58.48%. Precipitação acumulada 6h: 31.81 mm. Precipitação prevista 1h: 14.89 mm.,39.58,ativo
792,4,4,11,2026-05-19 11:00:00,Alerta Vermelho na área Zona Industrial. Nível máximo de água: 81.50%. Precipitação acumulada 6h: 65.23 mm. Precipitação prevista 1h: 11.00 mm.,58.99,ativo
793,2,2,5,2026-05-19 12:00:00,Alerta Amarelo na área Passagem Inferior. Nível máximo de água: 56.30%. Precipitação acumulada 6h: 28.57 mm. Precipitação prevista 1h: 19.11 mm.,38.68,registado
794,2,3,8,2026-05-19 12:00:00,Alerta Amarelo na área Centro Urbano. Nível máximo de água: 65.03%. Precipitação acumulada 6h: 33.51 mm. Precipitação prevista 1h: 8.31 mm.,41.39,registado
795,4,4,10,2026-05-19 12:00:00,Alerta Vermelho na área Zona Industrial. Nível máximo de água: 84.46%. Precipitação acumulada 6h: 65.42 mm. Precipitação prevista 1h: 1.09 mm.,57.91,ativo
796,2,2,5,2026-05-19 13:00:00,Alerta Amarelo na área Passagem Inferior. Nível máximo de água: 54.86%. Precipitação acumulada 6h: 28.09 mm. Precipitação prevista 1h: 16.74 mm.,37.3,registado
797,3,4,10,2026-05-19 13:00:00,Alerta Laranja na área Zona Industrial. Nível máximo de água: 78.94%. Precipitação acumulada 6h: 59.70 mm. Precipitação prevista 1h: 27.67 mm.,60.35,ativo
798,2,3,9,2026-05-19 14:00:00,Alerta Amarelo na área Centro Urbano. Nível máximo de água: 51.49%. Precipitação acumulada 6h: 22.54 mm. Precipitação prevista 1h: 11.00 mm.,32.68,registado
799,3,4,10,2026-05-19 14:00:00,Alerta Laranja na área Zona Industrial. Nível máximo de água: 78.71%. Precipitação acumulada 6h: 59.82 mm. Precipitação prevista 1h: 0.94 mm.,53.6,ativo
800,3,1,3,2026-05-19 15:00:00,Alerta Laranja na área Zona Ribeirinha. Nível máximo de água: 55.50%. Precipitação acumulada 6h: 19.75 mm. Precipitação prevista 1h: 26.02 mm.,37.41,ativo
801,3,1,3,2026-05-19 16:00:00,Alerta Laranja na área Zona Ribeirinha. Nível máximo de água: 53.82%. Precipitação acumulada 6h: 19.44 mm. Precipitação prevista 1h: 21.55 mm.,35.44,ativo
802,3,4,10,2026-05-19 16:00:00,Alerta Laranja na área Zona Industrial. Nível máximo de água: 63.22%. Precipitação acumulada 6h: 37.52 mm. Precipitação prevista 1h: 20.86 mm.,44.92,ativo
803,2,4,11,2026-05-19 17:00:00,Alerta Amarelo na área Zona Industrial. Nível máximo de água: 60.22%. Precipitação acumulada 6h: 37.44 mm. Precipitação prevista 1h: 0.00 mm.,38.33,registado
804,2,2,5,2026-05-19 18:00:00,Alerta Amarelo na área Passagem Inferior. Nível máximo de água: 52.83%. Precipitação acumulada 6h: 20.44 mm. Precipitação prevista 1h: 12.95 mm.,33.14,registado
805,3,4,12,2026-05-19 18:00:00,Alerta Laranja na área Zona Industrial. Nível máximo de água: 67.60%. Precipitação acumulada 6h: 47.39 mm. Precipitação prevista 1h: 17.22 mm.,48.94,ativo
806,2,1,1,2026-05-19 19:00:00,Alerta Amarelo na área Zona Ribeirinha. Nível máximo de água: 52.64%. Precipitação acumulada 6h: 20.12 mm. Precipitação prevista 1h: 15.36 mm.,33.56,registado
807,2,2,5,2026-05-19 19:00:00,Alerta Amarelo na área Passagem Inferior. Nível máximo de água: 46.93%. Precipitação acumulada 6h: 17.21 mm. Precipitação prevista 1h: 20.37 mm.,31.37,registado
808,3,4,10,2026-05-19 19:00:00,Alerta Laranja na área Zona Industrial. Nível máximo de água: 65.39%. Precipitação acumulada 6h: 49.08 mm. Precipitação prevista 1h: 1.50 mm.,44.52,ativo
809,2,1,2,2026-05-19 20:00:00,Alerta Amarelo na área Zona Ribeirinha. Nível máximo de água: 61.51%. Precipitação acumulada 6h: 23.46 mm. Precipitação prevista 1h: 10.51 mm.,37.35,registado
810,3,2,5,2026-05-19 20:00:00,Alerta Laranja na área Passagem Inferior. Nível máximo de água: 47.19%. Precipitação acumulada 6h: 19.50 mm. Precipitação prevista 1h: 26.16 mm.,33.63,ativo
811,3,4,12,2026-05-19 20:00:00,Alerta Laranja na área Zona Industrial. Nível máximo de água: 69.94%. Precipitação acumulada 6h: 49.60 mm. Precipitação prevista 1h: 13.22 mm.,49.66,ativo
812,2,1,1,2026-05-19 21:00:00,Alerta Amarelo na área Zona Ribeirinha. Nível máximo de água: 57.14%. Precipitação acumulada 6h: 20.06 mm. Precipitação prevista 1h: 12.02 mm.,34.74,registado
813,2,3,9,2026-05-19 21:00:00,Alerta Amarelo na área Centro Urbano. Nível máximo de água: 49.28%. Precipitação acumulada 6h: 15.16 mm. Precipitação prevista 1h: 10.27 mm.,29.29,registado
814,3,4,12,2026-05-19 21:00:00,Alerta Laranja na área Zona Industrial. Nível máximo de água: 71.10%. Precipitação acumulada 6h: 50.58 mm. Precipitação prevista 1h: 0.00 mm.,47.17,ativo
815,1,3,7,2026-05-19 22:00:00,Alerta Verde na área Centro Urbano. Nível máximo de água: 44.08%. Precipitação acumulada 6h: 15.36 mm. Precipitação prevista 1h: 9.81 mm.,26.9,registado
816,2,2,6,2026-05-19 23:00:00,Alerta Amarelo na área Passagem Inferior. Nível máximo de água: 57.39%. Precipitação acumulada 6h: 28.45 mm. Precipitação prevista 1h: 17.13 mm.,38.64,registado
817,4,3,7,2026-05-19 23:00:00,Alerta Vermelho na área Centro Urbano. Nível máximo de água: 60.58%. Precipitação acumulada 6h: 44.48 mm. Precipitação prevista 1h: 40.02 mm.,50.61,ativo
818,2,4,11,2026-05-19 23:00:00,Alerta Amarelo na área Zona Industrial. Nível máximo de água: 54.97%. Precipitação acumulada 6h: 30.96 mm. Precipitação prevista 1h: 8.21 mm.,36.08,registado
819,2,2,6,2026-05-20 00:00:00,Alerta Amarelo na área Passagem Inferior. Nível máximo de água: 58.85%. Precipitação acumulada 6h: 30.38 mm. Precipitação prevista 1h: 2.05 mm.,36.11,registado
820,3,3,8,2026-05-20 00:00:00,Alerta Laranja na área Centro Urbano. Nível máximo de água: 66.04%. Precipitação acumulada 6h: 44.60 mm. Precipitação prevista 1h: 7.40 mm.,44.95,ativo
821,2,1,3,2026-05-20 01:00:00,Alerta Amarelo na área Zona Ribeirinha. Nível máximo de água: 56.27%. Precipitação acumulada 6h: 18.86 mm. Precipitação prevista 1h: 18.00 mm.,35.48,registado
822,2,2,6,2026-05-20 01:00:00,Alerta Amarelo na área Passagem Inferior. Nível máximo de água: 58.69%. Precipitação acumulada 6h: 31.57 mm. Precipitação prevista 1h: 0.00 mm.,35.88,registado
823,3,3,8,2026-05-20 01:00:00,Alerta Laranja na área Centro Urbano. Nível máximo de água: 70.56%. Precipitação acumulada 6h: 47.43 mm. Precipitação prevista 1h: 15.22 mm.,49.79,ativo
824,2,2,4,2026-05-20 02:00:00,Alerta Amarelo na área Passagem Inferior. Nível máximo de água: 61.46%. Precipitação acumulada 6h: 29.49 mm. Precipitação prevista 1h: 15.85 mm.,40.47,registado
825,3,3,8,2026-05-20 02:00:00,Alerta Laranja na área Centro Urbano. Nível máximo de água: 66.33%. Precipitação acumulada 6h: 50.18 mm. Precipitação prevista 1h: 10.63 mm.,47.56,ativo
826,3,2,4,2026-05-20 03:00:00,Alerta Laranja na área Passagem Inferior. Nível máximo de água: 66.04%. Precipitação acumulada 6h: 33.86 mm. Precipitação prevista 1h: 20.38 mm.,44.97,ativo
827,3,3,8,2026-05-20 03:00:00,Alerta Laranja na área Centro Urbano. Nível máximo de água: 75.77%. Precipitação acumulada 6h: 53.61 mm. Precipitação prevista 1h: 7.04 mm.,51.94,ativo
828,1,4,12,2026-05-20 03:00:00,Alerta Verde na área Zona Industrial. Nível máximo de água: 44.75%. Precipitação acumulada 6h: 16.72 mm. Precipitação prevista 1h: 0.00 mm.,25.15,registado
829,2,2,5,2026-05-20 04:00:00,Alerta Amarelo na área Passagem Inferior. Nível máximo de água: 57.31%. Precipitação acumulada 6h: 23.59 mm. Precipitação prevista 1h: 17.50 mm.,37.24,registado
830,3,3,8,2026-05-20 04:00:00,Alerta Laranja na área Centro Urbano. Nível máximo de água: 74.93%. Precipitação acumulada 6h: 53.26 mm. Precipitação prevista 1h: 6.44 mm.,51.31,ativo
831,2,4,11,2026-05-20 04:00:00,Alerta Amarelo na área Zona Industrial. Nível máximo de água: 45.63%. Precipitação acumulada 6h: 17.86 mm. Precipitação prevista 1h: 15.29 mm.,29.71,registado
832,3,1,2,2026-05-20 05:00:00,Alerta Laranja na área Zona Ribeirinha. Nível máximo de água: 50.25%. Precipitação acumulada 6h: 22.08 mm. Precipitação prevista 1h: 21.63 mm.,34.64,ativo
833,2,2,5,2026-05-20 05:00:00,Alerta Amarelo na área Passagem Inferior. Nível máximo de água: 58.24%. Precipitação acumulada 6h: 23.47 mm. Precipitação prevista 1h: 17.49 mm.,37.62,registado
834,2,3,9,2026-05-20 05:00:00,Alerta Amarelo na área Centro Urbano. Nível máximo de água: 56.04%. Precipitação acumulada 6h: 25.18 mm. Precipitação prevista 1h: 17.72 mm.,37.2,registado
835,2,1,1,2026-05-20 06:00:00,Alerta Amarelo na área Zona Ribeirinha. Nível máximo de água: 57.12%. Precipitação acumulada 6h: 20.15 mm. Precipitação prevista 1h: 11.14 mm.,34.53,registado
836,2,2,4,2026-05-20 06:00:00,Alerta Amarelo na área Passagem Inferior. Nível máximo de água: 54.38%. Precipitação acumulada 6h: 21.53 mm. Precipitação prevista 1h: 12.09 mm.,33.95,registado
837,2,4,11,2026-05-20 06:00:00,Alerta Amarelo na área Zona Industrial. Nível máximo de água: 43.30%. Precipitação acumulada 6h: 19.17 mm. Precipitação prevista 1h: 11.59 mm.,28.13,registado
838,2,4,10,2026-05-20 07:00:00,Alerta Amarelo na área Zona Industrial. Nível máximo de água: 43.87%. Precipitação acumulada 6h: 18.54 mm. Precipitação prevista 1h: 20.72 mm.,30.48,registado
839,4,1,2,2026-05-20 08:00:00,Alerta Vermelho na área Zona Ribeirinha. Nível máximo de água: 96.66%. Precipitação acumulada 6h: 71.35 mm. Precipitação prevista 1h: 61.48 mm.,79.9,ativo
840,2,2,5,2026-05-20 08:00:00,Alerta Amarelo na área Passagem Inferior. Nível máximo de água: 50.35%. Precipitação acumulada 6h: 22.15 mm. Precipitação prevista 1h: 11.94 mm.,32.29,registado
841,1,3,9,2026-05-20 08:00:00,Alerta Verde na área Centro Urbano. Nível máximo de água: 43.12%. Precipitação acumulada 6h: 16.08 mm. Precipitação prevista 1h: 0.00 mm.,24.23,registado
842,2,4,10,2026-05-20 08:00:00,Alerta Amarelo na área Zona Industrial. Nível máximo de água: 44.12%. Precipitação acumulada 6h: 16.42 mm. Precipitação prevista 1h: 17.83 mm.,29.24,registado
843,4,1,1,2026-05-20 09:00:00,Alerta Vermelho na área Zona Ribeirinha. Nível máximo de água: 96.55%. Precipitação acumulada 6h: 69.06 mm. Precipitação prevista 1h: 7.13 mm.,65.95,ativo
844,2,2,6,2026-05-20 09:00:00,Alerta Amarelo na área Passagem Inferior. Nível máximo de água: 48.30%. Precipitação acumulada 6h: 20.02 mm. Precipitação prevista 1h: 15.61 mm.,31.64,registado
845,2,4,12,2026-05-20 09:00:00,Alerta Amarelo na área Zona Industrial. Nível máximo de água: 45.97%. Precipitação acumulada 6h: 19.10 mm. Precipitação prevista 1h: 17.38 mm.,30.76,registado
846,4,1,1,2026-05-20 10:00:00,Alerta Vermelho na área Zona Ribeirinha. Nível máximo de água: 98.44%. Precipitação acumulada 6h: 67.56 mm. Precipitação prevista 1h: 0.00 mm.,64.57,ativo
847,1,2,6,2026-05-20 10:00:00,Alerta Verde na área Passagem Inferior. Nível máximo de água: 50.97%. Precipitação acumulada 6h: 21.70 mm. Precipitação prevista 1h: 2.48 mm.,30.07,registado
848,4,1,3,2026-05-20 11:00:00,Alerta Vermelho na área Zona Ribeirinha. Nível máximo de água: 100.00%. Precipitação acumulada 6h: 69.71 mm. Precipitação prevista 1h: 9.86 mm.,68.38,ativo
849,2,3,7,2026-05-20 11:00:00,Alerta Amarelo na área Centro Urbano. Nível máximo de água: 48.39%. Precipitação acumulada 6h: 15.73 mm. Precipitação prevista 1h: 17.22 mm.,30.8,registado
850,4,1,2,2026-05-20 12:00:00,Alerta Vermelho na área Zona Ribeirinha. Nível máximo de água: 98.70%. Precipitação acumulada 6h: 70.93 mm. Precipitação prevista 1h: 23.82 mm.,71.65,ativo
851,3,2,6,2026-05-20 12:00:00,Alerta Laranja na área Passagem Inferior. Nível máximo de água: 50.32%. Precipitação acumulada 6h: 21.68 mm. Precipitação prevista 1h: 22.78 mm.,34.84,ativo
852,3,3,9,2026-05-20 12:00:00,Alerta Laranja na área Centro Urbano. Nível máximo de água: 49.34%. Precipitação acumulada 6h: 17.74 mm. Precipitação prevista 1h: 22.36 mm.,33.12,ativo
853,4,1,2,2026-05-20 13:00:00,Alerta Vermelho na área Zona Ribeirinha. Nível máximo de água: 100.00%. Precipitação acumulada 6h: 75.32 mm. Precipitação prevista 1h: 7.83 mm.,69.55,ativo
854,2,2,5,2026-05-20 13:00:00,Alerta Amarelo na área Passagem Inferior. Nível máximo de água: 53.36%. Precipitação acumulada 6h: 24.62 mm. Precipitação prevista 1h: 11.99 mm.,34.4,registado
855,3,4,11,2026-05-20 13:00:00,Alerta Laranja na área Zona Industrial. Nível máximo de água: 41.55%. Precipitação acumulada 6h: 18.01 mm. Precipitação prevista 1h: 22.48 mm.,29.72,ativo
856,3,1,3,2026-05-20 14:00:00,Alerta Laranja na área Zona Ribeirinha. Nível máximo de água: 64.06%. Precipitação acumulada 6h: 22.57 mm. Precipitação prevista 1h: 21.95 mm.,41.09,ativo
857,2,3,9,2026-05-20 14:00:00,Alerta Amarelo na área Centro Urbano. Nível máximo de água: 49.23%. Precipitação acumulada 6h: 20.05 mm. Precipitação prevista 1h: 17.42 mm.,32.52,registado
858,3,1,1,2026-05-20 15:00:00,Alerta Laranja na área Zona Ribeirinha. Nível máximo de água: 64.55%. Precipitação acumulada 6h: 25.24 mm. Precipitação prevista 1h: 22.28 mm.,42.19,ativo
859,4,2,4,2026-05-20 15:00:00,Alerta Vermelho na área Passagem Inferior. Nível máximo de água: 77.06%. Precipitação acumulada 6h: 58.12 mm. Precipitação prevista 1h: 50.44 mm.,64.72,ativo
860,3,3,9,2026-05-20 15:00:00,Alerta Laranja na área Centro Urbano. Nível máximo de água: 60.38%. Precipitação acumulada 6h: 45.17 mm. Precipitação prevista 1h: 33.81 mm.,49.17,ativo
861,2,4,12,2026-05-20 15:00:00,Alerta Amarelo na área Zona Industrial. Nível máximo de água: 41.71%. Precipitação acumulada 6h: 20.10 mm. Precipitação prevista 1h: 14.16 mm.,28.34,registado
862,2,1,1,2026-05-20 16:00:00,Alerta Amarelo na área Zona Ribeirinha. Nível máximo de água: 59.14%. Precipitação acumulada 6h: 24.12 mm. Precipitação prevista 1h: 11.14 mm.,36.63,registado
863,3,2,5,2026-05-20 16:00:00,Alerta Laranja na área Passagem Inferior. Nível máximo de água: 83.14%. Precipitação acumulada 6h: 58.23 mm. Precipitação prevista 1h: 13.98 mm.,58.38,ativo
864,1,4,10,2026-05-20 16:00:00,Alerta Verde na área Zona Industrial. Nível máximo de água: 46.07%. Precipitação acumulada 6h: 20.74 mm. Precipitação prevista 1h: 3.51 mm.,27.83,registado
865,3,2,4,2026-05-20 17:00:00,Alerta Laranja na área Passagem Inferior. Nível máximo de água: 85.89%. Precipitação acumulada 6h: 57.55 mm. Precipitação prevista 1h: 12.39 mm.,59.01,ativo
866,3,3,9,2026-05-20 17:00:00,Alerta Laranja na área Centro Urbano. Nível máximo de água: 75.82%. Precipitação acumulada 6h: 54.08 mm. Precipitação prevista 1h: 10.37 mm.,52.94,ativo
867,2,4,10,2026-05-20 17:00:00,Alerta Amarelo na área Zona Industrial. Nível máximo de água: 45.41%. Precipitação acumulada 6h: 20.58 mm. Precipitação prevista 1h: 13.11 mm.,29.89,registado
868,2,1,2,2026-05-20 18:00:00,Alerta Amarelo na área Zona Ribeirinha. Nível máximo de água: 58.38%. Precipitação acumulada 6h: 27.17 mm. Precipitação prevista 1h: 16.85 mm.,38.63,registado
869,3,2,5,2026-05-20 18:00:00,Alerta Laranja na área Passagem Inferior. Nível máximo de água: 85.55%. Precipitação acumulada 6h: 55.07 mm. Precipitação prevista 1h: 0.00 mm.,55.02,ativo
870,3,3,8,2026-05-20 18:00:00,Alerta Laranja na área Centro Urbano. Nível máximo de água: 77.39%. Precipitação acumulada 6h: 56.42 mm. Precipitação prevista 1h: 10.14 mm.,54.29,ativo
871,2,4,10,2026-05-20 18:00:00,Alerta Amarelo na área Zona Industrial. Nível máximo de água: 46.57%. Precipitação acumulada 6h: 19.32 mm. Precipitação prevista 1h: 12.87 mm.,29.97,registado
872,3,2,5,2026-05-20 19:00:00,Alerta Laranja na área Passagem Inferior. Nível máximo de água: 81.17%. Precipitação acumulada 6h: 52.72 mm. Precipitação prevista 1h: 0.00 mm.,52.34,ativo
873,3,3,9,2026-05-20 19:00:00,Alerta Laranja na área Centro Urbano. Nível máximo de água: 81.83%. Precipitação acumulada 6h: 57.17 mm. Precipitação prevista 1h: 0.00 mm.,53.97,ativo
874,3,2,6,2026-05-20 20:00:00,Alerta Laranja na área Passagem Inferior. Nível máximo de água: 80.88%. Precipitação acumulada 6h: 50.05 mm. Precipitação prevista 1h: 1.65 mm.,51.82,ativo
875,3,3,8,2026-05-20 20:00:00,Alerta Laranja na área Centro Urbano. Nível máximo de água: 77.31%. Precipitação acumulada 6h: 56.61 mm. Precipitação prevista 1h: 0.00 mm.,51.77,ativo
876,3,4,10,2026-05-20 21:00:00,Alerta Laranja na área Zona Industrial. Nível máximo de água: 53.46%. Precipitação acumulada 6h: 24.42 mm. Precipitação prevista 1h: 28.27 mm.,38.45,ativo
877,2,1,1,2026-05-20 22:00:00,Alerta Amarelo na área Zona Ribeirinha. Nível máximo de água: 54.67%. Precipitação acumulada 6h: 23.47 mm. Precipitação prevista 1h: 15.27 mm.,35.46,registado
878,2,3,9,2026-05-20 22:00:00,Alerta Amarelo na área Centro Urbano. Nível máximo de água: 50.57%. Precipitação acumulada 6h: 22.11 mm. Precipitação prevista 1h: 17.20 mm.,33.69,registado
879,2,3,8,2026-05-20 23:00:00,Alerta Amarelo na área Centro Urbano. Nível máximo de água: 51.42%. Precipitação acumulada 6h: 22.53 mm. Precipitação prevista 1h: 11.85 mm.,32.86,registado
880,3,1,3,2026-05-21 00:00:00,Alerta Laranja na área Zona Ribeirinha. Nível máximo de água: 69.18%. Precipitação acumulada 6h: 38.08 mm. Precipitação prevista 1h: 24.94 mm.,48.79,ativo
881,3,1,3,2026-05-21 01:00:00,Alerta Laranja na área Zona Ribeirinha. Nível máximo de água: 74.01%. Precipitação acumulada 6h: 38.69 mm. Precipitação prevista 1h: 16.31 mm.,48.99,ativo
882,3,3,9,2026-05-21 01:00:00,Alerta Laranja na área Centro Urbano. Nível máximo de água: 42.56%. Precipitação acumulada 6h: 18.06 mm. Precipitação prevista 1h: 25.01 mm.,30.82,ativo
883,2,4,11,2026-05-21 01:00:00,Alerta Amarelo na área Zona Industrial. Nível máximo de água: 49.89%. Precipitação acumulada 6h: 27.47 mm. Precipitação prevista 1h: 10.56 mm.,33.33,registado
884,2,1,1,2026-05-21 02:00:00,Alerta Amarelo na área Zona Ribeirinha. Nível máximo de água: 65.63%. Precipitação acumulada 6h: 36.79 mm. Precipitação prevista 1h: 9.95 mm.,43.06,registado
885,1,2,5,2026-05-21 02:00:00,Alerta Verde na área Passagem Inferior. Nível máximo de água: 51.83%. Precipitação acumulada 6h: 22.06 mm. Precipitação prevista 1h: 0.00 mm.,29.94,registado
886,2,3,7,2026-05-21 02:00:00,Alerta Amarelo na área Centro Urbano. Nível máximo de água: 49.08%. Precipitação acumulada 6h: 16.53 mm. Precipitação prevista 1h: 10.00 mm.,29.55,registado
887,3,4,10,2026-05-21 02:00:00,Alerta Laranja na área Zona Industrial. Nível máximo de água: 50.72%. Precipitação acumulada 6h: 30.10 mm. Precipitação prevista 1h: 25.06 mm.,38.12,ativo
888,4,1,1,2026-05-21 03:00:00,Alerta Vermelho na área Zona Ribeirinha. Nível máximo de água: 100.00%. Precipitação acumulada 6h: 74.40 mm. Precipitação prevista 1h: 37.73 mm.,76.75,ativo
889,2,2,6,2026-05-21 03:00:00,Alerta Amarelo na área Passagem Inferior. Nível máximo de água: 50.52%. Precipitação acumulada 6h: 17.82 mm. Precipitação prevista 1h: 10.28 mm.,30.65,registado
890,2,4,12,2026-05-21 03:00:00,Alerta Amarelo na área Zona Industrial. Nível máximo de água: 43.70%. Precipitação acumulada 6h: 19.49 mm. Precipitação prevista 1h: 10.63 mm.,28.17,registado
891,4,1,2,2026-05-21 04:00:00,Alerta Vermelho na área Zona Ribeirinha. Nível máximo de água: 100.00%. Precipitação acumulada 6h: 74.35 mm. Precipitação prevista 1h: 0.00 mm.,67.3,ativo
892,2,3,9,2026-05-21 04:00:00,Alerta Amarelo na área Centro Urbano. Nível máximo de água: 40.69%. Precipitação acumulada 6h: 10.39 mm. Precipitação prevista 1h: 13.21 mm.,24.73,registado
893,3,4,10,2026-05-21 04:00:00,Alerta Laranja na área Zona Industrial. Nível máximo de água: 40.29%. Precipitação acumulada 6h: 19.57 mm. Precipitação prevista 1h: 23.37 mm.,29.84,ativo
894,4,1,2,2026-05-21 05:00:00,Alerta Vermelho na área Zona Ribeirinha. Nível máximo de água: 100.00%. Precipitação acumulada 6h: 72.20 mm. Precipitação prevista 1h: 0.00 mm.,66.66,ativo
895,2,3,9,2026-05-21 05:00:00,Alerta Amarelo na área Centro Urbano. Nível máximo de água: 40.31%. Precipitação acumulada 6h: 10.43 mm. Precipitação prevista 1h: 12.86 mm.,24.48,registado
896,3,1,2,2026-05-21 06:00:00,Alerta Laranja na área Zona Ribeirinha. Nível máximo de água: 86.32%. Precipitação acumulada 6h: 53.86 mm. Precipitação prevista 1h: 5.73 mm.,56.43,ativo
897,3,1,2,2026-05-21 07:00:00,Alerta Laranja na área Zona Ribeirinha. Nível máximo de água: 83.54%. Precipitação acumulada 6h: 54.00 mm. Precipitação prevista 1h: 1.33 mm.,54.13,ativo
898,3,1,1,2026-05-21 08:00:00,Alerta Laranja na área Zona Ribeirinha. Nível máximo de água: 89.75%. Precipitação acumulada 6h: 57.71 mm. Precipitação prevista 1h: 18.67 mm.,62.37,ativo
899,2,2,6,2026-05-21 09:00:00,Alerta Amarelo na área Passagem Inferior. Nível máximo de água: 54.03%. Precipitação acumulada 6h: 20.46 mm. Precipitação prevista 1h: 15.08 mm.,34.22,registado
900,2,4,10,2026-05-21 09:00:00,Alerta Amarelo na área Zona Industrial. Nível máximo de água: 41.97%. Precipitação acumulada 6h: 16.00 mm. Precipitação prevista 1h: 16.35 mm.,27.77,registado
901,4,1,3,2026-05-21 10:00:00,Alerta Vermelho na área Zona Ribeirinha. Nível máximo de água: 100.00%. Precipitação acumulada 6h: 74.76 mm. Precipitação prevista 1h: 53.14 mm.,80.71,ativo
902,3,2,5,2026-05-21 10:00:00,Alerta Laranja na área Passagem Inferior. Nível máximo de água: 55.81%. Precipitação acumulada 6h: 19.66 mm. Precipitação prevista 1h: 23.02 mm.,36.77,ativo
903,2,3,7,2026-05-21 10:00:00,Alerta Amarelo na área Centro Urbano. Nível máximo de água: 46.10%. Precipitação acumulada 6h: 17.74 mm. Precipitação prevista 1h: 10.72 mm.,28.75,registado
904,2,4,10,2026-05-21 10:00:00,Alerta Amarelo na área Zona Industrial. Nível máximo de água: 38.45%. Precipitação acumulada 6h: 13.99 mm. Precipitação prevista 1h: 13.22 mm.,24.8,registado
905,4,1,3,2026-05-21 11:00:00,Alerta Vermelho na área Zona Ribeirinha. Nível máximo de água: 99.98%. Precipitação acumulada 6h: 73.37 mm. Precipitação prevista 1h: 13.97 mm.,70.49,ativo
906,4,4,11,2026-05-21 11:00:00,Alerta Vermelho na área Zona Industrial. Nível máximo de água: 68.86%. Precipitação acumulada 6h: 52.37 mm. Precipitação prevista 1h: 44.70 mm.,57.87,ativo
907,4,1,2,2026-05-21 12:00:00,Alerta Vermelho na área Zona Ribeirinha. Nível máximo de água: 100.00%. Precipitação acumulada 6h: 72.48 mm. Precipitação prevista 1h: 7.67 mm.,68.66,ativo
908,3,3,7,2026-05-21 12:00:00,Alerta Laranja na área Centro Urbano. Nível máximo de água: 47.55%. Precipitação acumulada 6h: 15.58 mm. Precipitação prevista 1h: 22.99 mm.,31.82,ativo
909,3,4,11,2026-05-21 12:00:00,Alerta Laranja na área Zona Industrial. Nível máximo de água: 71.61%. Precipitação acumulada 6h: 51.43 mm. Precipitação prevista 1h: 0.00 mm.,47.65,ativo
910,4,1,1,2026-05-21 13:00:00,Alerta Vermelho na área Zona Ribeirinha. Nível máximo de água: 100.00%. Precipitação acumulada 6h: 73.55 mm. Precipitação prevista 1h: 16.07 mm.,71.08,ativo
911,2,2,5,2026-05-21 13:00:00,Alerta Amarelo na área Passagem Inferior. Nível máximo de água: 58.69%. Precipitação acumulada 6h: 23.85 mm. Precipitação prevista 1h: 10.06 mm.,36.08,registado
912,3,4,11,2026-05-21 13:00:00,Alerta Laranja na área Zona Industrial. Nível máximo de água: 82.81%. Precipitação acumulada 6h: 52.78 mm. Precipitação prevista 1h: 4.07 mm.,54.12,ativo
913,4,1,3,2026-05-21 14:00:00,Alerta Vermelho na área Zona Ribeirinha. Nível máximo de água: 99.94%. Precipitação acumulada 6h: 71.46 mm. Precipitação prevista 1h: 5.65 mm.,67.82,ativo
914,2,3,8,2026-05-21 14:00:00,Alerta Amarelo na área Centro Urbano. Nível máximo de água: 45.36%. Precipitação acumulada 6h: 12.57 mm. Precipitação prevista 1h: 14.74 mm.,27.87,registado
915,3,4,12,2026-05-21 14:00:00,Alerta Laranja na área Zona Industrial. Nível máximo de água: 73.54%. Precipitação acumulada 6h: 51.33 mm. Precipitação prevista 1h: 0.00 mm.,48.49,ativo
916,4,1,1,2026-05-21 15:00:00,Alerta Vermelho na área Zona Ribeirinha. Nível máximo de água: 100.00%. Precipitação acumulada 6h: 71.71 mm. Precipitação prevista 1h: 13.49 mm.,69.89,ativo
917,3,3,7,2026-05-21 15:00:00,Alerta Laranja na área Centro Urbano. Nível máximo de água: 60.00%. Precipitação acumulada 6h: 36.81 mm. Precipitação prevista 1h: 32.10 mm.,46.07,ativo
918,3,4,12,2026-05-21 15:00:00,Alerta Laranja na área Zona Industrial. Nível máximo de água: 72.68%. Precipitação acumulada 6h: 51.45 mm. Precipitação prevista 1h: 0.00 mm.,48.14,ativo
919,2,2,4,2026-05-21 16:00:00,Alerta Amarelo na área Passagem Inferior. Nível máximo de água: 53.63%. Precipitação acumulada 6h: 19.98 mm. Precipitação prevista 1h: 12.58 mm.,33.27,registado
920,2,3,7,2026-05-21 16:00:00,Alerta Amarelo na área Centro Urbano. Nível máximo de água: 63.11%. Precipitação acumulada 6h: 38.59 mm. Precipitação prevista 1h: 9.13 mm.,42.26,registado
921,3,4,10,2026-05-21 16:00:00,Alerta Laranja na área Zona Industrial. Nível máximo de água: 68.13%. Precipitação acumulada 6h: 50.48 mm. Precipitação prevista 1h: 13.02 mm.,49.06,ativo
922,2,1,3,2026-05-21 17:00:00,Alerta Amarelo na área Zona Ribeirinha. Nível máximo de água: 55.03%. Precipitação acumulada 6h: 22.22 mm. Precipitação prevista 1h: 12.31 mm.,34.51,registado
923,2,3,8,2026-05-21 17:00:00,Alerta Amarelo na área Centro Urbano. Nível máximo de água: 69.14%. Precipitação acumulada 6h: 39.24 mm. Precipitação prevista 1h: 7.30 mm.,44.71,registado
924,3,3,7,2026-05-21 18:00:00,Alerta Laranja na área Centro Urbano. Nível máximo de água: 60.33%. Precipitação acumulada 6h: 40.93 mm. Precipitação prevista 1h: 11.44 mm.,42.29,ativo
925,3,4,12,2026-05-21 18:00:00,Alerta Laranja na área Zona Industrial. Nível máximo de água: 35.39%. Precipitação acumulada 6h: 13.85 mm. Precipitação prevista 1h: 27.75 mm.,27.02,ativo
926,2,1,1,2026-05-21 19:00:00,Alerta Amarelo na área Zona Ribeirinha. Nível máximo de água: 55.05%. Precipitação acumulada 6h: 22.66 mm. Precipitação prevista 1h: 16.71 mm.,35.75,registado
927,3,3,9,2026-05-21 19:00:00,Alerta Laranja na área Centro Urbano. Nível máximo de água: 67.04%. Precipitação acumulada 6h: 42.28 mm. Precipitação prevista 1h: 0.00 mm.,42.85,ativo
928,1,4,11,2026-05-21 19:00:00,Alerta Verde na área Zona Industrial. Nível máximo de água: 36.55%. Precipitação acumulada 6h: 13.37 mm. Precipitação prevista 1h: 0.00 mm.,20.46,registado
929,2,1,1,2026-05-21 20:00:00,Alerta Amarelo na área Zona Ribeirinha. Nível máximo de água: 56.03%. Precipitação acumulada 6h: 21.27 mm. Precipitação prevista 1h: 15.99 mm.,35.59,registado
930,3,3,9,2026-05-21 20:00:00,Alerta Laranja na área Centro Urbano. Nível máximo de água: 67.14%. Precipitação acumulada 6h: 43.69 mm. Precipitação prevista 1h: 0.00 mm.,43.32,ativo
931,1,4,12,2026-05-21 20:00:00,Alerta Verde na área Zona Industrial. Nível máximo de água: 42.00%. Precipitação acumulada 6h: 13.60 mm. Precipitação prevista 1h: 3.59 mm.,23.88,registado
932,3,1,3,2026-05-21 21:00:00,Alerta Laranja na área Zona Ribeirinha. Nível máximo de água: 73.09%. Precipitação acumulada 6h: 49.73 mm. Precipitação prevista 1h: 29.50 mm.,55.18,ativo
933,2,2,4,2026-05-21 21:00:00,Alerta Amarelo na área Passagem Inferior. Nível máximo de água: 46.90%. Precipitação acumulada 6h: 13.41 mm. Precipitação prevista 1h: 13.87 mm.,28.6,registado
934,2,3,8,2026-05-21 21:00:00,Alerta Amarelo na área Centro Urbano. Nível máximo de água: 49.14%. Precipitação acumulada 6h: 21.40 mm. Precipitação prevista 1h: 20.52 mm.,33.66,registado
935,3,1,2,2026-05-21 22:00:00,Alerta Laranja na área Zona Ribeirinha. Nível máximo de água: 81.53%. Precipitação acumulada 6h: 51.49 mm. Precipitação prevista 1h: 14.02 mm.,55.64,ativo
936,3,1,1,2026-05-21 23:00:00,Alerta Laranja na área Zona Ribeirinha. Nível máximo de água: 84.92%. Precipitação acumulada 6h: 51.54 mm. Precipitação prevista 1h: 8.69 mm.,55.85,ativo
937,3,2,6,2026-05-21 23:00:00,Alerta Laranja na área Passagem Inferior. Nível máximo de água: 44.25%. Precipitação acumulada 6h: 14.54 mm. Precipitação prevista 1h: 30.71 mm.,31.95,ativo
938,3,4,10,2026-05-21 23:00:00,Alerta Laranja na área Zona Industrial. Nível máximo de água: 37.69%. Precipitação acumulada 6h: 12.13 mm. Precipitação prevista 1h: 38.25 mm.,30.16,ativo
939,3,1,1,2026-05-22 00:00:00,Alerta Laranja na área Zona Ribeirinha. Nível máximo de água: 81.30%. Precipitação acumulada 6h: 50.33 mm. Precipitação prevista 1h: 10.23 mm.,54.24,ativo
940,3,2,6,2026-05-22 00:00:00,Alerta Laranja na área Passagem Inferior. Nível máximo de água: 50.90%. Precipitação acumulada 6h: 13.91 mm. Precipitação prevista 1h: 23.82 mm.,33.03,ativo
941,2,4,10,2026-05-22 00:00:00,Alerta Amarelo na área Zona Industrial. Nível máximo de água: 41.89%. Precipitação acumulada 6h: 12.25 mm. Precipitação prevista 1h: 10.25 mm.,25.09,registado
942,3,1,1,2026-05-22 01:00:00,Alerta Laranja na área Zona Ribeirinha. Nível máximo de água: 74.57%. Precipitação acumulada 6h: 49.31 mm. Precipitação prevista 1h: 7.63 mm.,50.26,ativo
943,3,2,6,2026-05-22 01:00:00,Alerta Laranja na área Passagem Inferior. Nível máximo de água: 57.68%. Precipitação acumulada 6h: 25.73 mm. Precipitação prevista 1h: 29.18 mm.,40.97,ativo
944,3,1,3,2026-05-22 02:00:00,Alerta Laranja na área Zona Ribeirinha. Nível máximo de água: 82.81%. Precipitação acumulada 6h: 50.26 mm. Precipitação prevista 1h: 7.69 mm.,54.27,ativo
945,3,3,7,2026-05-22 02:00:00,Alerta Laranja na área Centro Urbano. Nível máximo de água: 77.22%. Precipitação acumulada 6h: 56.77 mm. Precipitação prevista 1h: 37.76 mm.,61.22,ativo
946,2,1,2,2026-05-22 03:00:00,Alerta Amarelo na área Zona Ribeirinha. Nível máximo de água: 64.86%. Precipitação acumulada 6h: 21.09 mm. Precipitação prevista 1h: 10.41 mm.,38.12,registado
947,3,3,8,2026-05-22 03:00:00,Alerta Laranja na área Centro Urbano. Nível máximo de água: 75.90%. Precipitação acumulada 6h: 53.52 mm. Precipitação prevista 1h: 8.36 mm.,52.3,ativo
948,2,1,1,2026-05-22 04:00:00,Alerta Amarelo na área Zona Ribeirinha. Nível máximo de água: 54.13%. Precipitação acumulada 6h: 18.46 mm. Precipitação prevista 1h: 20.38 mm.,34.99,registado
949,3,2,6,2026-05-22 04:00:00,Alerta Laranja na área Passagem Inferior. Nível máximo de água: 78.52%. Precipitação acumulada 6h: 54.53 mm. Precipitação prevista 1h: 28.56 mm.,58.83,ativo
950,3,3,7,2026-05-22 04:00:00,Alerta Laranja na área Centro Urbano. Nível máximo de água: 73.07%. Precipitação acumulada 6h: 51.07 mm. Precipitação prevista 1h: 20.42 mm.,53.31,ativo
951,2,4,10,2026-05-22 04:00:00,Alerta Amarelo na área Zona Industrial. Nível máximo de água: 35.65%. Precipitação acumulada 6h: 12.20 mm. Precipitação prevista 1h: 14.61 mm.,23.36,registado
952,4,1,2,2026-05-22 05:00:00,Alerta Vermelho na área Zona Ribeirinha. Nível máximo de água: 82.74%. Precipitação acumulada 6h: 54.07 mm. Precipitação prevista 1h: 47.10 mm.,65.23,ativo
953,3,2,6,2026-05-22 05:00:00,Alerta Laranja na área Passagem Inferior. Nível máximo de água: 78.09%. Precipitação acumulada 6h: 51.83 mm. Precipitação prevista 1h: 16.31 mm.,54.77,ativo
954,4,3,9,2026-05-22 05:00:00,Alerta Vermelho na área Centro Urbano. Nível máximo de água: 93.95%. Precipitação acumulada 6h: 75.95 mm. Precipitação prevista 1h: 23.50 mm.,70.94,ativo
955,4,1,2,2026-05-22 06:00:00,Alerta Vermelho na área Zona Ribeirinha. Nível máximo de água: 90.03%. Precipitação acumulada 6h: 53.73 mm. Precipitação prevista 1h: 0.00 mm.,56.63,ativo
956,3,2,6,2026-05-22 06:00:00,Alerta Laranja na área Passagem Inferior. Nível máximo de água: 80.45%. Precipitação acumulada 6h: 56.89 mm. Precipitação prevista 1h: 3.35 mm.,54.11,ativo
957,4,3,8,2026-05-22 06:00:00,Alerta Vermelho na área Centro Urbano. Nível máximo de água: 95.74%. Precipitação acumulada 6h: 74.01 mm. Precipitação prevista 1h: 11.29 mm.,68.11,ativo
958,4,1,3,2026-05-22 07:00:00,Alerta Vermelho na área Zona Ribeirinha. Nível máximo de água: 99.51%. Precipitação acumulada 6h: 73.97 mm. Precipitação prevista 1h: 26.85 mm.,73.68,ativo
959,3,2,4,2026-05-22 07:00:00,Alerta Laranja na área Passagem Inferior. Nível máximo de água: 72.65%. Precipitação acumulada 6h: 43.20 mm. Precipitação prevista 1h: 0.49 mm.,45.78,ativo
960,4,3,9,2026-05-22 07:00:00,Alerta Vermelho na área Centro Urbano. Nível máximo de água: 95.38%. Precipitação acumulada 6h: 73.12 mm. Precipitação prevista 1h: 12.60 mm.,68.01,ativo
961,4,1,2,2026-05-22 08:00:00,Alerta Vermelho na área Zona Ribeirinha. Nível máximo de água: 100.00%. Precipitação acumulada 6h: 74.46 mm. Precipitação prevista 1h: 7.83 mm.,69.3,ativo
962,3,2,4,2026-05-22 08:00:00,Alerta Laranja na área Passagem Inferior. Nível máximo de água: 72.58%. Precipitação acumulada 6h: 46.64 mm. Precipitação prevista 1h: 1.44 mm.,47.01,ativo
963,2,3,7,2026-05-22 08:00:00,Alerta Amarelo na área Centro Urbano. Nível máximo de água: 68.55%. Precipitação acumulada 6h: 38.28 mm. Precipitação prevista 1h: 3.85 mm.,43.29,registado
964,4,1,1,2026-05-22 09:00:00,Alerta Vermelho na área Zona Ribeirinha. Nível máximo de água: 100.00%. Precipitação acumulada 6h: 70.50 mm. Precipitação prevista 1h: 0.00 mm.,66.15,ativo
965,3,2,5,2026-05-22 09:00:00,Alerta Laranja na área Passagem Inferior. Nível máximo de água: 72.79%. Precipitação acumulada 6h: 45.66 mm. Precipitação prevista 1h: 2.22 mm.,47.01,ativo
966,3,3,9,2026-05-22 09:00:00,Alerta Laranja na área Centro Urbano. Nível máximo de água: 68.33%. Precipitação acumulada 6h: 41.44 mm. Precipitação prevista 1h: 4.97 mm.,44.42,ativo
967,4,1,2,2026-05-22 10:00:00,Alerta Vermelho na área Zona Ribeirinha. Nível máximo de água: 100.00%. Precipitação acumulada 6h: 72.04 mm. Precipitação prevista 1h: 3.54 mm.,67.5,ativo
968,2,2,6,2026-05-22 10:00:00,Alerta Amarelo na área Passagem Inferior. Nível máximo de água: 48.42%. Precipitação acumulada 6h: 17.18 mm. Precipitação prevista 1h: 16.96 mm.,31.18,registado
969,3,3,9,2026-05-22 10:00:00,Alerta Laranja na área Centro Urbano. Nível máximo de água: 67.03%. Precipitação acumulada 6h: 44.69 mm. Precipitação prevista 1h: 20.01 mm.,48.57,ativo
970,2,1,1,2026-05-22 11:00:00,Alerta Amarelo na área Zona Ribeirinha. Nível máximo de água: 68.83%. Precipitação acumulada 6h: 35.19 mm. Precipitação prevista 1h: 1.29 mm.,41.85,registado
971,2,2,6,2026-05-22 11:00:00,Alerta Amarelo na área Passagem Inferior. Nível máximo de água: 50.87%. Precipitação acumulada 6h: 19.50 mm. Precipitação prevista 1h: 11.35 mm.,31.58,registado
972,2,4,11,2026-05-22 11:00:00,Alerta Amarelo na área Zona Industrial. Nível máximo de água: 38.44%. Precipitação acumulada 6h: 11.46 mm. Precipitação prevista 1h: 14.98 mm.,24.48,registado
973,3,1,3,2026-05-22 12:00:00,Alerta Laranja na área Zona Ribeirinha. Nível máximo de água: 68.12%. Precipitação acumulada 6h: 35.77 mm. Precipitação prevista 1h: 14.77 mm.,45.08,ativo
974,3,4,12,2026-05-22 12:00:00,Alerta Laranja na área Zona Industrial. Nível máximo de água: 35.61%. Precipitação acumulada 6h: 9.62 mm. Precipitação prevista 1h: 21.48 mm.,24.28,ativo
975,3,1,1,2026-05-22 13:00:00,Alerta Laranja na área Zona Ribeirinha. Nível máximo de água: 72.14%. Precipitação acumulada 6h: 42.86 mm. Precipitação prevista 1h: 19.74 mm.,50.26,ativo
976,4,2,4,2026-05-22 13:00:00,Alerta Vermelho na área Passagem Inferior. Nível máximo de água: 82.75%. Precipitação acumulada 6h: 63.55 mm. Precipitação prevista 1h: 46.13 mm.,67.84,ativo
977,3,3,7,2026-05-22 13:00:00,Alerta Laranja na área Centro Urbano. Nível máximo de água: 60.55%. Precipitação acumulada 6h: 37.67 mm. Precipitação prevista 1h: 24.86 mm.,44.76,ativo
978,1,4,12,2026-05-22 13:00:00,Alerta Verde na área Zona Industrial. Nível máximo de água: 43.29%. Precipitação acumulada 6h: 12.74 mm. Precipitação prevista 1h: 4.43 mm.,24.41,registado
979,3,1,1,2026-05-22 14:00:00,Alerta Laranja na área Zona Ribeirinha. Nível máximo de água: 71.97%. Precipitação acumulada 6h: 43.67 mm. Precipitação prevista 1h: 0.00 mm.,45.49,ativo
980,4,2,4,2026-05-22 14:00:00,Alerta Vermelho na área Passagem Inferior. Nível máximo de água: 100.00%. Precipitação acumulada 6h: 95.73 mm. Precipitação prevista 1h: 43.72 mm.,79.93,ativo
981,3,3,7,2026-05-22 14:00:00,Alerta Laranja na área Centro Urbano. Nível máximo de água: 58.00%. Precipitação acumulada 6h: 34.43 mm. Precipitação prevista 1h: 13.44 mm.,39.79,ativo
982,3,1,1,2026-05-22 15:00:00,Alerta Laranja na área Zona Ribeirinha. Nível máximo de água: 78.13%. Precipitação acumulada 6h: 45.08 mm. Precipitação prevista 1h: 17.80 mm.,53.13,ativo
983,4,2,4,2026-05-22 15:00:00,Alerta Vermelho na área Passagem Inferior. Nível máximo de água: 100.00%. Precipitação acumulada 6h: 112.14 mm. Precipitação prevista 1h: 17.49 mm.,73.37,ativo
984,2,3,7,2026-05-22 15:00:00,Alerta Amarelo na área Centro Urbano. Nível máximo de água: 61.23%. Precipitação acumulada 6h: 32.26 mm. Precipitação prevista 1h: 2.74 mm.,37.92,registado
985,1,4,11,2026-05-22 15:00:00,Alerta Verde na área Zona Industrial. Nível máximo de água: 36.17%. Precipitação acumulada 6h: 9.41 mm. Precipitação prevista 1h: 6.13 mm.,20.63,registado
986,3,1,3,2026-05-22 16:00:00,Alerta Laranja na área Zona Ribeirinha. Nível máximo de água: 69.66%. Precipitação acumulada 6h: 43.13 mm. Precipitação prevista 1h: 2.93 mm.,45.02,ativo
987,4,2,4,2026-05-22 16:00:00,Alerta Vermelho na área Passagem Inferior. Nível máximo de água: 100.00%. Precipitação acumulada 6h: 111.80 mm. Precipitação prevista 1h: 1.69 mm.,69.42,ativo
988,2,3,9,2026-05-22 16:00:00,Alerta Amarelo na área Centro Urbano. Nível máximo de água: 59.91%. Precipitação acumulada 6h: 30.28 mm. Precipitação prevista 1h: 0.00 mm.,36.04,registado
989,2,4,12,2026-05-22 16:00:00,Alerta Amarelo na área Zona Industrial. Nível máximo de água: 37.75%. Precipitação acumulada 6h: 10.55 mm. Precipitação prevista 1h: 13.74 mm.,23.59,registado
990,4,1,2,2026-05-22 17:00:00,Alerta Vermelho na área Zona Ribeirinha. Nível máximo de água: 100.00%. Precipitação acumulada 6h: 86.23 mm. Precipitação prevista 1h: 55.78 mm.,82.95,ativo
991,4,2,4,2026-05-22 17:00:00,Alerta Vermelho na área Passagem Inferior. Nível máximo de água: 100.00%. Precipitação acumulada 6h: 112.24 mm. Precipitação prevista 1h: 2.14 mm.,69.54,ativo
992,3,3,7,2026-05-22 17:00:00,Alerta Laranja na área Centro Urbano. Nível máximo de água: 58.21%. Precipitação acumulada 6h: 30.96 mm. Precipitação prevista 1h: 10.67 mm.,38.15,ativo
993,3,4,11,2026-05-22 17:00:00,Alerta Laranja na área Zona Industrial. Nível máximo de água: 48.76%. Precipitação acumulada 6h: 34.14 mm. Precipitação prevista 1h: 24.71 mm.,38.36,ativo
994,4,1,1,2026-05-22 18:00:00,Alerta Vermelho na área Zona Ribeirinha. Nível máximo de água: 100.00%. Precipitação acumulada 6h: 87.23 mm. Precipitação prevista 1h: 5.54 mm.,70.39,ativo
995,4,2,4,2026-05-22 18:00:00,Alerta Vermelho na área Passagem Inferior. Nível máximo de água: 100.00%. Precipitação acumulada 6h: 111.02 mm. Precipitação prevista 1h: 3.68 mm.,69.92,ativo
996,3,3,9,2026-05-22 18:00:00,Alerta Laranja na área Centro Urbano. Nível máximo de água: 69.71%. Precipitação acumulada 6h: 46.64 mm. Precipitação prevista 1h: 23.13 mm.,51.14,ativo
997,3,4,11,2026-05-22 18:00:00,Alerta Laranja na área Zona Industrial. Nível máximo de água: 56.06%. Precipitação acumulada 6h: 34.53 mm. Precipitação prevista 1h: 21.25 mm.,40.9,ativo
998,4,1,2,2026-05-22 19:00:00,Alerta Vermelho na área Zona Ribeirinha. Nível máximo de água: 94.82%. Precipitação acumulada 6h: 60.77 mm. Precipitação prevista 1h: 0.00 mm.,60.9,ativo
999,4,2,5,2026-05-22 19:00:00,Alerta Vermelho na área Passagem Inferior. Nível máximo de água: 93.56%. Precipitação acumulada 6h: 65.60 mm. Precipitação prevista 1h: 19.52 mm.,66.66,ativo
1000,2,4,12,2026-05-22 19:00:00,Alerta Amarelo na área Zona Industrial. Nível máximo de água: 52.97%. Precipitação acumulada 6h: 32.43 mm. Precipitação prevista 1h: 1.67 mm.,33.98,registado
1001,3,1,2,2026-05-22 20:00:00,Alerta Laranja na área Zona Ribeirinha. Nível máximo de água: 84.76%. Precipitação acumulada 6h: 56.35 mm. Precipitação prevista 1h: 4.98 mm.,56.29,ativo
1002,2,2,6,2026-05-22 20:00:00,Alerta Amarelo na área Passagem Inferior. Nível máximo de água: 63.05%. Precipitação acumulada 6h: 31.97 mm. Precipitação prevista 1h: 3.44 mm.,38.82,registado
1003,2,4,12,2026-05-22 20:00:00,Alerta Amarelo na área Zona Industrial. Nível máximo de água: 57.38%. Precipitação acumulada 6h: 34.53 mm. Precipitação prevista 1h: 9.73 mm.,38.61,registado
1004,3,1,2,2026-05-22 21:00:00,Alerta Laranja na área Zona Ribeirinha. Nível máximo de água: 89.41%. Precipitação acumulada 6h: 59.38 mm. Precipitação prevista 1h: 8.50 mm.,60.17,ativo
1005,3,3,7,2026-05-22 21:00:00,Alerta Laranja na área Centro Urbano. Nível máximo de água: 57.69%. Precipitação acumulada 6h: 30.73 mm. Precipitação prevista 1h: 11.22 mm.,37.98,ativo
1006,2,4,11,2026-05-22 21:00:00,Alerta Amarelo na área Zona Industrial. Nível máximo de água: 59.94%. Precipitação acumulada 6h: 36.04 mm. Precipitação prevista 1h: 2.18 mm.,38.33,registado
1007,4,1,2,2026-05-22 22:00:00,Alerta Vermelho na área Zona Ribeirinha. Nível máximo de água: 92.14%. Precipitação acumulada 6h: 63.07 mm. Precipitação prevista 1h: 23.61 mm.,66.29,ativo
1008,4,2,6,2026-05-22 22:00:00,Alerta Vermelho na área Passagem Inferior. Nível máximo de água: 65.49%. Precipitação acumulada 6h: 40.36 mm. Precipitação prevista 1h: 41.33 mm.,51.91,ativo
1009,2,3,8,2026-05-22 22:00:00,Alerta Amarelo na área Centro Urbano. Nível máximo de água: 55.99%. Precipitação acumulada 6h: 28.88 mm. Precipitação prevista 1h: 14.08 mm.,37.38,registado
1010,3,4,10,2026-05-22 22:00:00,Alerta Laranja na área Zona Industrial. Nível máximo de água: 60.06%. Precipitação acumulada 6h: 35.68 mm. Precipitação prevista 1h: 10.06 mm.,40.25,ativo
1011,2,1,2,2026-05-22 23:00:00,Alerta Amarelo na área Zona Ribeirinha. Nível máximo de água: 58.69%. Precipitação acumulada 6h: 20.37 mm. Precipitação prevista 1h: 19.43 mm.,37.38,registado
1012,4,2,6,2026-05-22 23:00:00,Alerta Vermelho na área Passagem Inferior. Nível máximo de água: 82.49%. Precipitação acumulada 6h: 61.76 mm. Precipitação prevista 1h: 30.69 mm.,63.32,ativo
1013,2,4,10,2026-05-22 23:00:00,Alerta Amarelo na área Zona Industrial. Nível máximo de água: 41.46%. Precipitação acumulada 6h: 14.42 mm. Precipitação prevista 1h: 14.76 mm.,26.67,registado
1014,4,2,5,2026-05-23 00:00:00,Alerta Vermelho na área Passagem Inferior. Nível máximo de água: 85.95%. Precipitação acumulada 6h: 61.52 mm. Precipitação prevista 1h: 18.35 mm.,61.72,ativo
1015,2,3,8,2026-05-23 00:00:00,Alerta Amarelo na área Centro Urbano. Nível máximo de água: 41.49%. Precipitação acumulada 6h: 9.92 mm. Precipitação prevista 1h: 11.18 mm.,24.44,registado
1016,1,4,12,2026-05-23 00:00:00,Alerta Verde na área Zona Industrial. Nível máximo de água: 37.90%. Precipitação acumulada 6h: 13.94 mm. Precipitação prevista 1h: 2.50 mm.,21.86,registado
1017,4,1,2,2026-05-23 01:00:00,Alerta Vermelho na área Zona Ribeirinha. Nível máximo de água: 96.10%. Precipitação acumulada 6h: 71.48 mm. Precipitação prevista 1h: 61.25 mm.,79.69,ativo
1018,4,2,6,2026-05-23 01:00:00,Alerta Vermelho na área Passagem Inferior. Nível máximo de água: 85.22%. Precipitação acumulada 6h: 61.10 mm. Precipitação prevista 1h: 0.65 mm.,56.84,ativo
1019,4,1,2,2026-05-23 02:00:00,Alerta Vermelho na área Zona Ribeirinha. Nível máximo de água: 100.00%. Precipitação acumulada 6h: 75.16 mm. Precipitação prevista 1h: 6.62 mm.,69.2,ativo
1020,4,2,4,2026-05-23 02:00:00,Alerta Vermelho na área Passagem Inferior. Nível máximo de água: 89.95%. Precipitação acumulada 6h: 61.76 mm. Precipitação prevista 1h: 22.58 mm.,64.65,ativo
1021,2,3,9,2026-05-23 02:00:00,Alerta Amarelo na área Centro Urbano. Nível máximo de água: 39.88%. Precipitação acumulada 6h: 9.48 mm. Precipitação prevista 1h: 15.29 mm.,24.61,registado
1022,2,4,12,2026-05-23 02:00:00,Alerta Amarelo na área Zona Industrial. Nível máximo de água: 41.42%. Precipitação acumulada 6h: 16.41 mm. Precipitação prevista 1h: 18.32 mm.,28.14,registado
1023,4,1,1,2026-05-23 03:00:00,Alerta Vermelho na área Zona Ribeirinha. Nível máximo de água: 100.00%. Precipitação acumulada 6h: 94.89 mm. Precipitação prevista 1h: 32.35 mm.,77.09,ativo
1024,4,2,4,2026-05-23 03:00:00,Alerta Vermelho na área Passagem Inferior. Nível máximo de água: 90.30%. Precipitação acumulada 6h: 61.66 mm. Precipitação prevista 1h: 2.11 mm.,59.66,ativo
1025,2,3,7,2026-05-23 03:00:00,Alerta Amarelo na área Centro Urbano. Nível máximo de água: 34.04%. Precipitação acumulada 6h: 6.88 mm. Precipitação prevista 1h: 10.79 mm.,20.08,registado
1026,4,1,1,2026-05-23 04:00:00,Alerta Vermelho na área Zona Ribeirinha. Nível máximo de água: 100.00%. Precipitação acumulada 6h: 91.05 mm. Precipitação prevista 1h: 11.42 mm.,71.86,ativo
1027,2,2,5,2026-05-23 04:00:00,Alerta Amarelo na área Passagem Inferior. Nível máximo de água: 64.33%. Precipitação acumulada 6h: 32.90 mm. Precipitação prevista 1h: 0.00 mm.,38.82,registado
1028,3,4,12,2026-05-23 04:00:00,Alerta Laranja na área Zona Industrial. Nível máximo de água: 69.07%. Precipitação acumulada 6h: 48.60 mm. Precipitação prevista 1h: 26.27 mm.,52.23,ativo
1029,4,1,1,2026-05-23 05:00:00,Alerta Vermelho na área Zona Ribeirinha. Nível máximo de água: 100.00%. Precipitação acumulada 6h: 87.33 mm. Precipitação prevista 1h: 2.70 mm.,69.68,ativo
1030,2,3,8,2026-05-23 05:00:00,Alerta Amarelo na área Centro Urbano. Nível máximo de água: 39.06%. Precipitação acumulada 6h: 10.95 mm. Precipitação prevista 1h: 13.43 mm.,24.22,registado
1031,3,4,12,2026-05-23 05:00:00,Alerta Laranja na área Zona Industrial. Nível máximo de água: 68.08%. Precipitação acumulada 6h: 47.08 mm. Precipitação prevista 1h: 1.56 mm.,45.15,ativo
1032,4,1,1,2026-05-23 06:00:00,Alerta Vermelho na área Zona Ribeirinha. Nível máximo de água: 100.00%. Precipitação acumulada 6h: 88.16 mm. Precipitação prevista 1h: 8.06 mm.,71.02,ativo
1033,2,3,7,2026-05-23 06:00:00,Alerta Amarelo na área Centro Urbano. Nível máximo de água: 40.43%. Precipitação acumulada 6h: 11.79 mm. Precipitação prevista 1h: 13.23 mm.,25.04,registado
1034,3,4,11,2026-05-23 06:00:00,Alerta Laranja na área Zona Industrial. Nível máximo de água: 73.68%. Precipitação acumulada 6h: 47.39 mm. Precipitação prevista 1h: 16.99 mm.,51.62,ativo
1035,3,1,1,2026-05-23 07:00:00,Alerta Laranja na área Zona Ribeirinha. Nível máximo de água: 72.33%. Precipitação acumulada 6h: 35.26 mm. Precipitação prevista 1h: 0.00 mm.,43.13,ativo
1036,3,4,10,2026-05-23 07:00:00,Alerta Laranja na área Zona Industrial. Nível máximo de água: 65.54%. Precipitação acumulada 6h: 45.52 mm. Precipitação prevista 1h: 0.00 mm.,43.15,ativo
1037,3,1,1,2026-05-23 08:00:00,Alerta Laranja na área Zona Ribeirinha. Nível máximo de água: 67.46%. Precipitação acumulada 6h: 35.70 mm. Precipitação prevista 1h: 16.12 mm.,45.1,ativo
1038,2,2,5,2026-05-23 08:00:00,Alerta Amarelo na área Passagem Inferior. Nível máximo de água: 44.60%. Precipitação acumulada 6h: 13.51 mm. Precipitação prevista 1h: 13.17 mm.,27.42,registado
1039,2,3,7,2026-05-23 08:00:00,Alerta Amarelo na área Centro Urbano. Nível máximo de água: 36.00%. Precipitação acumulada 6h: 8.43 mm. Precipitação prevista 1h: 13.31 mm.,22.06,registado
1040,3,4,12,2026-05-23 08:00:00,Alerta Laranja na área Zona Industrial. Nível máximo de água: 69.51%. Precipitação acumulada 6h: 45.82 mm. Precipitação prevista 1h: 0.00 mm.,45.03,ativo
1041,3,2,5,2026-05-23 09:00:00,Alerta Laranja na área Passagem Inferior. Nível máximo de água: 40.05%. Precipitação acumulada 6h: 14.46 mm. Precipitação prevista 1h: 24.16 mm.,28.4,ativo
1042,3,4,11,2026-05-23 09:00:00,Alerta Laranja na área Zona Industrial. Nível máximo de água: 66.16%. Precipitação acumulada 6h: 43.89 mm. Precipitação prevista 1h: 0.00 mm.,42.94,ativo
1043,2,1,1,2026-05-23 10:00:00,Alerta Amarelo na área Zona Ribeirinha. Nível máximo de água: 53.45%. Precipitação acumulada 6h: 15.45 mm. Precipitação prevista 1h: 13.61 mm.,32.09,registado
1044,4,3,8,2026-05-23 10:00:00,Alerta Vermelho na área Centro Urbano. Nível máximo de água: 68.36%. Precipitação acumulada 6h: 49.20 mm. Precipitação prevista 1h: 64.86 mm.,60.52,ativo
1045,1,2,6,2026-05-23 11:00:00,Alerta Verde na área Passagem Inferior. Nível máximo de água: 41.39%. Precipitação acumulada 6h: 10.92 mm. Precipitação prevista 1h: 4.97 mm.,23.14,registado
1046,3,3,8,2026-05-23 11:00:00,Alerta Laranja na área Centro Urbano. Nível máximo de água: 70.65%. Precipitação acumulada 6h: 49.53 mm. Precipitação prevista 1h: 0.23 mm.,46.71,ativo
1047,2,1,1,2026-05-23 12:00:00,Alerta Amarelo na área Zona Ribeirinha. Nível máximo de água: 52.83%. Precipitação acumulada 6h: 13.88 mm. Precipitação prevista 1h: 13.97 mm.,31.43,registado
1048,3,3,8,2026-05-23 12:00:00,Alerta Laranja na área Centro Urbano. Nível máximo de água: 73.89%. Precipitação acumulada 6h: 51.28 mm. Precipitação prevista 1h: 19.38 mm.,53.48,ativo
1049,2,2,5,2026-05-23 13:00:00,Alerta Amarelo na área Passagem Inferior. Nível máximo de água: 41.54%. Precipitação acumulada 6h: 8.13 mm. Precipitação prevista 1h: 18.71 mm.,25.81,registado
1050,3,3,9,2026-05-23 13:00:00,Alerta Laranja na área Centro Urbano. Nível máximo de água: 77.69%. Precipitação acumulada 6h: 54.88 mm. Precipitação prevista 1h: 0.45 mm.,51.54,ativo
1051,3,4,11,2026-05-23 13:00:00,Alerta Laranja na área Zona Industrial. Nível máximo de água: 26.48%. Precipitação acumulada 6h: 9.44 mm. Precipitação prevista 1h: 27.58 mm.,21.64,ativo
1052,3,3,8,2026-05-23 14:00:00,Alerta Laranja na área Centro Urbano. Nível máximo de água: 78.73%. Precipitação acumulada 6h: 55.33 mm. Precipitação prevista 1h: 0.00 mm.,52.03,ativo
1053,1,4,12,2026-05-23 14:00:00,Alerta Verde na área Zona Industrial. Nível máximo de água: 31.45%. Precipitação acumulada 6h: 8.19 mm. Precipitação prevista 1h: 0.00 mm.,16.61,registado
1054,3,3,9,2026-05-23 15:00:00,Alerta Laranja na área Centro Urbano. Nível máximo de água: 79.04%. Precipitação acumulada 6h: 54.36 mm. Precipitação prevista 1h: 17.50 mm.,56.25,ativo
1055,2,1,2,2026-05-23 16:00:00,Alerta Amarelo na área Zona Ribeirinha. Nível máximo de água: 44.68%. Precipitação acumulada 6h: 9.32 mm. Precipitação prevista 1h: 13.38 mm.,26.25,registado
1056,1,2,6,2026-05-23 16:00:00,Alerta Verde na área Passagem Inferior. Nível máximo de água: 44.36%. Precipitação acumulada 6h: 7.32 mm. Precipitação prevista 1h: 7.78 mm.,24.1,registado
1057,4,3,8,2026-05-23 16:00:00,Alerta Vermelho na área Centro Urbano. Nível máximo de água: 65.55%. Precipitação acumulada 6h: 44.78 mm. Precipitação prevista 1h: 43.36 mm.,53.77,ativo
1058,2,1,2,2026-05-23 17:00:00,Alerta Amarelo na área Zona Ribeirinha. Nível máximo de água: 46.02%. Precipitação acumulada 6h: 8.59 mm. Precipitação prevista 1h: 18.52 mm.,27.92,registado
1059,3,3,8,2026-05-23 17:00:00,Alerta Laranja na área Centro Urbano. Nível máximo de água: 70.71%. Precipitação acumulada 6h: 45.13 mm. Precipitação prevista 1h: 7.77 mm.,47.3,ativo
1060,3,3,9,2026-05-23 18:00:00,Alerta Laranja na área Centro Urbano. Nível máximo de água: 61.63%. Precipitação acumulada 6h: 41.23 mm. Precipitação prevista 1h: 0.00 mm.,40.1,ativo
1061,3,1,2,2026-05-23 19:00:00,Alerta Laranja na área Zona Ribeirinha. Nível máximo de água: 39.82%. Precipitação acumulada 6h: 9.69 mm. Precipitação prevista 1h: 32.83 mm.,29.03,ativo
1062,2,2,4,2026-05-23 19:00:00,Alerta Amarelo na área Passagem Inferior. Nível máximo de água: 45.18%. Precipitação acumulada 6h: 9.60 mm. Precipitação prevista 1h: 16.61 mm.,27.36,registado
1063,2,3,8,2026-05-23 19:00:00,Alerta Amarelo na área Centro Urbano. Nível máximo de água: 57.34%. Precipitação acumulada 6h: 39.35 mm. Precipitação prevista 1h: 7.62 mm.,39.51,registado
1064,3,4,10,2026-05-23 19:00:00,Alerta Laranja na área Zona Industrial. Nível máximo de água: 56.67%. Precipitação acumulada 6h: 32.45 mm. Precipitação prevista 1h: 31.35 mm.,43.07,ativo
1065,3,2,4,2026-05-23 20:00:00,Alerta Laranja na área Passagem Inferior. Nível máximo de água: 64.22%. Precipitação acumulada 6h: 34.79 mm. Precipitação prevista 1h: 36.75 mm.,48.52,ativo
1066,3,3,7,2026-05-23 20:00:00,Alerta Laranja na área Centro Urbano. Nível máximo de água: 64.30%. Precipitação acumulada 6h: 40.22 mm. Precipitação prevista 1h: 15.49 mm.,44.87,ativo
1067,2,4,11,2026-05-23 20:00:00,Alerta Amarelo na área Zona Industrial. Nível máximo de água: 54.18%. Precipitação acumulada 6h: 31.97 mm. Precipitação prevista 1h: 8.62 mm.,36.13,registado
1068,3,2,4,2026-05-23 21:00:00,Alerta Laranja na área Passagem Inferior. Nível máximo de água: 70.51%. Precipitação acumulada 6h: 37.56 mm. Precipitação prevista 1h: 13.49 mm.,46.37,ativo
1069,3,3,9,2026-05-23 21:00:00,Alerta Laranja na área Centro Urbano. Nível máximo de água: 71.26%. Precipitação acumulada 6h: 38.37 mm. Precipitação prevista 1h: 7.58 mm.,45.47,ativo
1070,3,4,11,2026-05-23 21:00:00,Alerta Laranja na área Zona Industrial. Nível máximo de água: 54.89%. Precipitação acumulada 6h: 33.35 mm. Precipitação prevista 1h: 19.84 mm.,39.67,ativo
1071,2,1,1,2026-05-23 22:00:00,Alerta Amarelo na área Zona Ribeirinha. Nível máximo de água: 46.55%. Precipitação acumulada 6h: 7.99 mm. Precipitação prevista 1h: 11.71 mm.,26.27,registado
1072,4,2,5,2026-05-23 22:00:00,Alerta Vermelho na área Passagem Inferior. Nível máximo de água: 84.27%. Precipitação acumulada 6h: 62.06 mm. Precipitação prevista 1h: 28.42 mm.,63.64,ativo
1073,2,4,11,2026-05-23 22:00:00,Alerta Amarelo na área Zona Industrial. Nível máximo de água: 57.34%. Precipitação acumulada 6h: 31.51 mm. Precipitação prevista 1h: 0.00 mm.,35.26,registado
1074,4,2,5,2026-05-23 23:00:00,Alerta Vermelho na área Passagem Inferior. Nível máximo de água: 84.91%. Precipitação acumulada 6h: 60.65 mm. Precipitação prevista 1h: 0.00 mm.,56.4,ativo
1075,4,4,10,2026-05-23 23:00:00,Alerta Vermelho na área Zona Industrial. Nível máximo de água: 94.36%. Precipitação acumulada 6h: 84.68 mm. Precipitação prevista 1h: 64.90 mm.,81.46,ativo
1076,3,2,5,2026-05-24 00:00:00,Alerta Laranja na área Passagem Inferior. Nível máximo de água: 81.49%. Precipitação acumulada 6h: 59.28 mm. Precipitação prevista 1h: 5.31 mm.,55.78,ativo
1077,2,3,9,2026-05-24 00:00:00,Alerta Amarelo na área Centro Urbano. Nível máximo de água: 39.44%. Precipitação acumulada 6h: 10.10 mm. Precipitação prevista 1h: 18.64 mm.,25.44,registado
1078,4,4,11,2026-05-24 00:00:00,Alerta Vermelho na área Zona Industrial. Nível máximo de água: 98.72%. Precipitação acumulada 6h: 83.56 mm. Precipitação prevista 1h: 0.00 mm.,68.42,ativo
1079,3,2,6,2026-05-24 01:00:00,Alerta Laranja na área Passagem Inferior. Nível máximo de água: 86.94%. Precipitação acumulada 6h: 59.26 mm. Precipitação prevista 1h: 8.86 mm.,59.12,ativo
1080,3,4,12,2026-05-24 01:00:00,Alerta Laranja na área Zona Industrial. Nível máximo de água: 72.29%. Precipitação acumulada 6h: 56.59 mm. Precipitação prevista 1h: 0.00 mm.,49.51,ativo
1081,4,2,4,2026-05-24 02:00:00,Alerta Vermelho na área Passagem Inferior. Nível máximo de água: 100.00%. Precipitação acumulada 6h: 84.77 mm. Precipitação prevista 1h: 62.26 mm.,84,ativo
1082,1,3,8,2026-05-24 02:00:00,Alerta Verde na área Centro Urbano. Nível máximo de água: 37.19%. Precipitação acumulada 6h: 9.24 mm. Precipitação prevista 1h: 7.40 mm.,21.36,registado
1083,4,4,11,2026-05-24 02:00:00,Alerta Vermelho na área Zona Industrial. Nível máximo de água: 91.83%. Precipitação acumulada 6h: 79.24 mm. Precipitação prevista 1h: 23.59 mm.,70.99,ativo
1084,4,2,4,2026-05-24 03:00:00,Alerta Vermelho na área Passagem Inferior. Nível máximo de água: 100.00%. Precipitação acumulada 6h: 131.30 mm. Precipitação prevista 1h: 62.68 mm.,84,ativo
1085,4,4,10,2026-05-24 03:00:00,Alerta Vermelho na área Zona Industrial. Nível máximo de água: 100.00%. Precipitação acumulada 6h: 97.33 mm. Precipitação prevista 1h: 25.73 mm.,75.43,ativo
1086,4,2,4,2026-05-24 04:00:00,Alerta Vermelho na área Passagem Inferior. Nível máximo de água: 100.00%. Precipitação acumulada 6h: 107.36 mm. Precipitação prevista 1h: 7.93 mm.,70.98,ativo
1087,4,4,10,2026-05-24 04:00:00,Alerta Vermelho na área Zona Industrial. Nível máximo de água: 100.00%. Precipitação acumulada 6h: 100.66 mm. Precipitação prevista 1h: 5.10 mm.,70.28,ativo
1088,4,2,4,2026-05-24 05:00:00,Alerta Vermelho na área Passagem Inferior. Nível máximo de água: 100.00%. Precipitação acumulada 6h: 107.36 mm. Precipitação prevista 1h: 23.62 mm.,74.91,ativo
1089,4,3,9,2026-05-24 05:00:00,Alerta Vermelho na área Centro Urbano. Nível máximo de água: 67.75%. Precipitação acumulada 6h: 42.83 mm. Precipitação prevista 1h: 41.07 mm.,53.6,ativo
1090,3,4,10,2026-05-24 05:00:00,Alerta Laranja na área Zona Industrial. Nível máximo de água: 69.99%. Precipitação acumulada 6h: 47.29 mm. Precipitação prevista 1h: 3.80 mm.,46.63,ativo
1091,4,2,4,2026-05-24 06:00:00,Alerta Vermelho na área Passagem Inferior. Nível máximo de água: 100.00%. Precipitação acumulada 6h: 108.07 mm. Precipitação prevista 1h: 0.00 mm.,69,ativo
1092,3,3,9,2026-05-24 06:00:00,Alerta Laranja na área Centro Urbano. Nível máximo de água: 67.88%. Precipitação acumulada 6h: 42.51 mm. Precipitação prevista 1h: 8.45 mm.,45.41,ativo
1093,3,4,12,2026-05-24 06:00:00,Alerta Laranja na área Zona Industrial. Nível máximo de água: 70.65%. Precipitação acumulada 6h: 48.82 mm. Precipitação prevista 1h: 0.00 mm.,46.44,ativo
1094,3,1,3,2026-05-24 07:00:00,Alerta Laranja na área Zona Ribeirinha. Nível máximo de água: 47.77%. Precipitação acumulada 6h: 17.40 mm. Precipitação prevista 1h: 23.01 mm.,32.47,ativo
1095,4,2,4,2026-05-24 07:00:00,Alerta Vermelho na área Passagem Inferior. Nível máximo de água: 100.00%. Precipitação acumulada 6h: 106.12 mm. Precipitação prevista 1h: 18.23 mm.,73.56,ativo
1096,3,3,7,2026-05-24 07:00:00,Alerta Laranja na área Centro Urbano. Nível máximo de água: 66.62%. Precipitação acumulada 6h: 41.96 mm. Precipitação prevista 1h: 8.50 mm.,44.69,ativo
1097,4,4,10,2026-05-24 07:00:00,Alerta Vermelho na área Zona Industrial. Nível máximo de água: 76.91%. Precipitação acumulada 6h: 62.53 mm. Precipitação prevista 1h: 26.42 mm.,59.97,ativo
1098,3,2,5,2026-05-24 08:00:00,Alerta Laranja na área Passagem Inferior. Nível máximo de água: 80.32%. Precipitação acumulada 6h: 55.56 mm. Precipitação prevista 1h: 3.84 mm.,53.77,ativo
1099,3,3,8,2026-05-24 08:00:00,Alerta Laranja na área Centro Urbano. Nível máximo de água: 64.03%. Precipitação acumulada 6h: 41.48 mm. Precipitação prevista 1h: 28.76 mm.,48.45,ativo
1100,3,4,10,2026-05-24 08:00:00,Alerta Laranja na área Zona Industrial. Nível máximo de água: 60.27%. Precipitação acumulada 6h: 41.03 mm. Precipitação prevista 1h: 4.54 mm.,40.57,ativo
1101,2,1,3,2026-05-24 09:00:00,Alerta Amarelo na área Zona Ribeirinha. Nível máximo de água: 57.85%. Precipitação acumulada 6h: 17.37 mm. Precipitação prevista 1h: 17.37 mm.,35.59,registado
1102,2,3,8,2026-05-24 09:00:00,Alerta Amarelo na área Centro Urbano. Nível máximo de água: 66.99%. Precipitação acumulada 6h: 40.40 mm. Precipitação prevista 1h: 9.95 mm.,44.75,registado
1103,1,4,12,2026-05-24 09:00:00,Alerta Verde na área Zona Industrial. Nível máximo de água: 46.17%. Precipitação acumulada 6h: 20.80 mm. Precipitação prevista 1h: 4.63 mm.,28.17,registado
1104,2,3,9,2026-05-24 10:00:00,Alerta Amarelo na área Centro Urbano. Nível máximo de água: 66.67%. Precipitação acumulada 6h: 40.20 mm. Precipitação prevista 1h: 5.36 mm.,43.4,registado
1105,4,4,11,2026-05-24 10:00:00,Alerta Vermelho na área Zona Industrial. Nível máximo de água: 70.43%. Precipitação acumulada 6h: 56.06 mm. Precipitação prevista 1h: 47.42 mm.,60.37,ativo
1106,2,1,1,2026-05-24 11:00:00,Alerta Amarelo na área Zona Ribeirinha. Nível máximo de água: 54.71%. Precipitação acumulada 6h: 17.99 mm. Precipitação prevista 1h: 17.51 mm.,34.39,registado
1107,3,4,10,2026-05-24 11:00:00,Alerta Laranja na área Zona Industrial. Nível máximo de água: 66.06%. Precipitação acumulada 6h: 59.22 mm. Precipitação prevista 1h: 6.51 mm.,49.12,ativo
1108,4,4,11,2026-05-24 12:00:00,Alerta Vermelho na área Zona Industrial. Nível máximo de água: 80.41%. Precipitação acumulada 6h: 61.70 mm. Precipitação prevista 1h: 0.00 mm.,54.69,ativo
1109,2,1,2,2026-05-24 13:00:00,Alerta Amarelo na área Zona Ribeirinha. Nível máximo de água: 54.31%. Precipitação acumulada 6h: 16.85 mm. Precipitação prevista 1h: 12.25 mm.,32.56,registado
1110,2,2,6,2026-05-24 13:00:00,Alerta Amarelo na área Passagem Inferior. Nível máximo de água: 41.60%. Precipitação acumulada 6h: 9.53 mm. Precipitação prevista 1h: 20.78 mm.,26.77,registado
1111,3,4,12,2026-05-24 13:00:00,Alerta Laranja na área Zona Industrial. Nível máximo de água: 76.86%. Precipitação acumulada 6h: 48.36 mm. Precipitação prevista 1h: 0.00 mm.,49.1,ativo
1112,3,1,2,2026-05-24 14:00:00,Alerta Laranja na área Zona Ribeirinha. Nível máximo de água: 45.55%. Precipitação acumulada 6h: 15.45 mm. Precipitação prevista 1h: 24.96 mm.,31.37,ativo
1113,3,4,12,2026-05-24 14:00:00,Alerta Laranja na área Zona Industrial. Nível máximo de água: 70.57%. Precipitação acumulada 6h: 48.10 mm. Precipitação prevista 1h: 14.99 mm.,49.93,ativo
1114,3,1,3,2026-05-24 15:00:00,Alerta Laranja na área Zona Ribeirinha. Nível máximo de água: 66.17%. Precipitação acumulada 6h: 32.26 mm. Precipitação prevista 1h: 34.52 mm.,48.08,ativo
1115,1,2,5,2026-05-24 15:00:00,Alerta Verde na área Passagem Inferior. Nível máximo de água: 44.17%. Precipitação acumulada 6h: 10.40 mm. Precipitação prevista 1h: 0.00 mm.,23,registado
1116,2,3,8,2026-05-24 15:00:00,Alerta Amarelo na área Centro Urbano. Nível máximo de água: 44.02%. Precipitação acumulada 6h: 20.43 mm. Precipitação prevista 1h: 12.73 mm.,29.12,registado
1117,4,4,12,2026-05-24 15:00:00,Alerta Vermelho na área Zona Industrial. Nível máximo de água: 98.65%. Precipitação acumulada 6h: 82.04 mm. Precipitação prevista 1h: 35.34 mm.,77.23,ativo
1118,2,1,2,2026-05-24 16:00:00,Alerta Amarelo na área Zona Ribeirinha. Nível máximo de água: 65.28%. Precipitação acumulada 6h: 30.81 mm. Precipitação prevista 1h: 0.00 mm.,38.62,registado
1119,3,4,10,2026-05-24 16:00:00,Alerta Laranja na área Zona Industrial. Nível máximo de água: 69.22%. Precipitação acumulada 6h: 44.76 mm. Precipitação prevista 1h: 19.82 mm.,49.53,ativo
1120,2,3,7,2026-05-24 17:00:00,Alerta Amarelo na área Centro Urbano. Nível máximo de água: 59.65%. Precipitação acumulada 6h: 32.42 mm. Precipitação prevista 1h: 6.91 mm.,38.3,registado
1121,3,4,12,2026-05-24 17:00:00,Alerta Laranja na área Zona Industrial. Nível máximo de água: 59.00%. Precipitação acumulada 6h: 42.20 mm. Precipitação prevista 1h: 0.59 mm.,39.36,ativo
1122,2,3,7,2026-05-24 18:00:00,Alerta Amarelo na área Centro Urbano. Nível máximo de água: 60.89%. Precipitação acumulada 6h: 30.36 mm. Precipitação prevista 1h: 3.12 mm.,37.29,registado
1123,3,4,12,2026-05-24 18:00:00,Alerta Laranja na área Zona Industrial. Nível máximo de água: 63.17%. Precipitação acumulada 6h: 38.64 mm. Precipitação prevista 1h: 19.73 mm.,44.95,ativo
1124,2,2,4,2026-05-24 19:00:00,Alerta Amarelo na área Passagem Inferior. Nível máximo de água: 39.87%. Precipitação acumulada 6h: 7.44 mm. Precipitação prevista 1h: 16.25 mm.,24.24,registado
1125,3,3,9,2026-05-24 19:00:00,Alerta Laranja na área Centro Urbano. Nível máximo de água: 76.61%. Precipitação acumulada 6h: 52.06 mm. Precipitação prevista 1h: 26.43 mm.,56.7,ativo
1126,2,4,11,2026-05-24 19:00:00,Alerta Amarelo na área Zona Industrial. Nível máximo de água: 63.13%. Precipitação acumulada 6h: 39.75 mm. Precipitação prevista 1h: 9.05 mm.,42.6,registado
1127,1,2,5,2026-05-24 20:00:00,Alerta Verde na área Passagem Inferior. Nível máximo de água: 36.27%. Precipitação acumulada 6h: 6.70 mm. Precipitação prevista 1h: 0.00 mm.,18.33,registado
1128,3,3,7,2026-05-24 20:00:00,Alerta Laranja na área Centro Urbano. Nível máximo de água: 74.66%. Precipitação acumulada 6h: 52.45 mm. Precipitação prevista 1h: 0.82 mm.,49.54,ativo
1129,2,4,12,2026-05-24 20:00:00,Alerta Amarelo na área Zona Industrial. Nível máximo de água: 63.68%. Precipitação acumulada 6h: 40.17 mm. Precipitação prevista 1h: 1.86 mm.,41.17,registado
1130,2,3,9,2026-05-24 21:00:00,Alerta Amarelo na área Centro Urbano. Nível máximo de água: 62.10%. Precipitação acumulada 6h: 37.63 mm. Precipitação prevista 1h: 8.26 mm.,41.3,registado
1131,3,3,8,2026-05-24 22:00:00,Alerta Laranja na área Centro Urbano. Nível máximo de água: 63.45%. Precipitação acumulada 6h: 39.87 mm. Precipitação prevista 1h: 11.51 mm.,43.39,ativo
1132,2,4,10,2026-05-24 23:00:00,Alerta Amarelo na área Zona Industrial. Nível máximo de água: 41.63%. Precipitação acumulada 6h: 6.36 mm. Precipitação prevista 1h: 13.77 mm.,24.08,registado
1133,3,3,9,2026-05-25 00:00:00,Alerta Laranja na área Centro Urbano. Nível máximo de água: 54.54%. Precipitação acumulada 6h: 30.51 mm. Precipitação prevista 1h: 22.69 mm.,39.37,ativo
1134,2,2,6,2026-05-25 01:00:00,Alerta Amarelo na área Passagem Inferior. Nível máximo de água: 39.17%. Precipitação acumulada 6h: 8.55 mm. Precipitação prevista 1h: 11.64 mm.,23.1,registado
1135,2,4,10,2026-05-25 01:00:00,Alerta Amarelo na área Zona Industrial. Nível máximo de água: 27.44%. Precipitação acumulada 6h: 5.65 mm. Precipitação prevista 1h: 17.71 mm.,18.47,registado
1136,2,1,2,2026-05-25 02:00:00,Alerta Amarelo na área Zona Ribeirinha. Nível máximo de água: 42.15%. Precipitação acumulada 6h: 10.29 mm. Precipitação prevista 1h: 15.88 mm.,26.02,registado
1137,2,2,6,2026-05-25 02:00:00,Alerta Amarelo na área Passagem Inferior. Nível máximo de água: 39.17%. Precipitação acumulada 6h: 9.12 mm. Precipitação prevista 1h: 17.69 mm.,24.79,registado
1138,2,3,8,2026-05-25 02:00:00,Alerta Amarelo na área Centro Urbano. Nível máximo de água: 39.67%. Precipitação acumulada 6h: 6.56 mm. Precipitação prevista 1h: 12.56 mm.,22.96,registado
1139,2,4,11,2026-05-25 02:00:00,Alerta Amarelo na área Zona Industrial. Nível máximo de água: 46.84%. Precipitação acumulada 6h: 18.21 mm. Precipitação prevista 1h: 11.21 mm.,29.34,registado
1140,3,1,1,2026-05-25 03:00:00,Alerta Laranja na área Zona Ribeirinha. Nível máximo de água: 58.66%. Precipitação acumulada 6h: 28.86 mm. Precipitação prevista 1h: 28.07 mm.,42.07,ativo
1141,2,2,5,2026-05-25 03:00:00,Alerta Amarelo na área Passagem Inferior. Nível máximo de água: 40.26%. Precipitação acumulada 6h: 10.19 mm. Precipitação prevista 1h: 12.51 mm.,24.3,registado
1142,2,4,11,2026-05-25 03:00:00,Alerta Amarelo na área Zona Industrial. Nível máximo de água: 42.30%. Precipitação acumulada 6h: 19.68 mm. Precipitação prevista 1h: 17.54 mm.,29.32,registado
1143,2,1,1,2026-05-25 04:00:00,Alerta Amarelo na área Zona Ribeirinha. Nível máximo de água: 60.23%. Precipitação acumulada 6h: 29.53 mm. Precipitação prevista 1h: 13.24 mm.,39.27,registado
1144,2,2,4,2026-05-25 04:00:00,Alerta Amarelo na área Passagem Inferior. Nível máximo de água: 49.78%. Precipitação acumulada 6h: 15.84 mm. Precipitação prevista 1h: 16.38 mm.,31.25,registado
1145,2,1,3,2026-05-25 05:00:00,Alerta Amarelo na área Zona Ribeirinha. Nível máximo de água: 68.20%. Precipitação acumulada 6h: 32.86 mm. Precipitação prevista 1h: 6.89 mm.,42.27,registado
1146,2,3,8,2026-05-25 05:00:00,Alerta Amarelo na área Centro Urbano. Nível máximo de água: 31.33%. Precipitação acumulada 6h: 6.85 mm. Precipitação prevista 1h: 14.16 mm.,19.69,registado
1147,2,1,1,2026-05-25 06:00:00,Alerta Amarelo na área Zona Ribeirinha. Nível máximo de água: 66.34%. Precipitação acumulada 6h: 31.65 mm. Precipitação prevista 1h: 0.00 mm.,39.35,registado
1148,2,2,4,2026-05-25 06:00:00,Alerta Amarelo na área Passagem Inferior. Nível máximo de água: 48.87%. Precipitação acumulada 6h: 11.14 mm. Precipitação prevista 1h: 11.17 mm.,28.13,registado
1149,4,3,9,2026-05-25 06:00:00,Alerta Vermelho na área Centro Urbano. Nível máximo de água: 65.22%. Precipitação acumulada 6h: 49.08 mm. Precipitação prevista 1h: 48.61 mm.,56.23,ativo
1150,4,3,8,2026-05-25 07:00:00,Alerta Vermelho na área Centro Urbano. Nível máximo de água: 77.20%. Precipitação acumulada 6h: 62.33 mm. Precipitação prevista 1h: 19.44 mm.,58.3,ativo
1151,4,3,7,2026-05-25 08:00:00,Alerta Vermelho na área Centro Urbano. Nível máximo de água: 87.51%. Precipitação acumulada 6h: 61.98 mm. Precipitação prevista 1h: 8.42 mm.,60.08,ativo
1152,4,4,12,2026-05-25 08:00:00,Alerta Vermelho na área Zona Industrial. Nível máximo de água: 59.99%. Precipitação acumulada 6h: 40.03 mm. Precipitação prevista 1h: 42.00 mm.,49.5,ativo
1153,4,3,7,2026-05-25 09:00:00,Alerta Vermelho na área Centro Urbano. Nível máximo de água: 87.10%. Precipitação acumulada 6h: 62.72 mm. Precipitação prevista 1h: 0.00 mm.,58.01,ativo
1154,3,4,11,2026-05-25 09:00:00,Alerta Laranja na área Zona Industrial. Nível máximo de água: 60.74%. Precipitação acumulada 6h: 38.04 mm. Precipitação prevista 1h: 13.78 mm.,42.19,ativo
1155,3,3,8,2026-05-25 10:00:00,Alerta Laranja na área Centro Urbano. Nível máximo de água: 77.11%. Precipitação acumulada 6h: 59.75 mm. Precipitação prevista 1h: 1.41 mm.,52.98,ativo
1156,3,4,12,2026-05-25 10:00:00,Alerta Laranja na área Zona Industrial. Nível máximo de água: 62.68%. Precipitação acumulada 6h: 40.81 mm. Precipitação prevista 1h: 12.48 mm.,43.57,ativo
1157,4,3,9,2026-05-25 11:00:00,Alerta Vermelho na área Centro Urbano. Nível máximo de água: 84.65%. Precipitação acumulada 6h: 70.42 mm. Precipitação prevista 1h: 3.40 mm.,60.07,ativo
1158,2,4,11,2026-05-25 11:00:00,Alerta Amarelo na área Zona Industrial. Nível máximo de água: 60.39%. Precipitação acumulada 6h: 39.92 mm. Precipitação prevista 1h: 6.50 mm.,40.78,registado
1159,3,4,10,2026-05-25 12:00:00,Alerta Laranja na área Zona Industrial. Nível máximo de água: 65.44%. Precipitação acumulada 6h: 41.55 mm. Precipitação prevista 1h: 4.62 mm.,43.07,ativo
1160,1,3,8,2026-05-25 13:00:00,Alerta Verde na área Centro Urbano. Nível máximo de água: 44.89%. Precipitação acumulada 6h: 12.63 mm. Precipitação prevista 1h: 0.00 mm.,23.99,registado
1161,3,4,10,2026-05-25 13:00:00,Alerta Laranja na área Zona Industrial. Nível máximo de água: 66.48%. Precipitação acumulada 6h: 41.13 mm. Precipitação prevista 1h: 1.31 mm.,42.58,ativo
1162,2,2,6,2026-05-25 14:00:00,Alerta Amarelo na área Passagem Inferior. Nível máximo de água: 39.09%. Precipitação acumulada 6h: 12.68 mm. Precipitação prevista 1h: 12.55 mm.,24.53,registado
1163,2,1,2,2026-05-25 15:00:00,Alerta Amarelo na área Zona Ribeirinha. Nível máximo de água: 47.55%. Precipitação acumulada 6h: 8.73 mm. Precipitação prevista 1h: 10.07 mm.,26.53,registado
1164,2,2,4,2026-05-25 15:00:00,Alerta Amarelo na área Passagem Inferior. Nível máximo de água: 47.08%. Precipitação acumulada 6h: 12.47 mm. Precipitação prevista 1h: 18.53 mm.,29.56,registado
1165,2,3,7,2026-05-25 15:00:00,Alerta Amarelo na área Centro Urbano. Nível máximo de água: 40.33%. Precipitação acumulada 6h: 15.35 mm. Precipitação prevista 1h: 12.67 mm.,25.92,registado
1166,2,2,6,2026-05-25 16:00:00,Alerta Amarelo na área Passagem Inferior. Nível máximo de água: 48.09%. Precipitação acumulada 6h: 12.27 mm. Precipitação prevista 1h: 15.53 mm.,29.2,registado
1167,2,4,11,2026-05-25 16:00:00,Alerta Amarelo na área Zona Industrial. Nível máximo de água: 35.53%. Precipitação acumulada 6h: 7.71 mm. Precipitação prevista 1h: 11.36 mm.,21.14,registado
1168,2,1,1,2026-05-25 17:00:00,Alerta Amarelo na área Zona Ribeirinha. Nível máximo de água: 44.52%. Precipitação acumulada 6h: 12.72 mm. Precipitação prevista 1h: 10.36 mm.,26.44,registado
1169,3,3,8,2026-05-25 17:00:00,Alerta Laranja na área Centro Urbano. Nível máximo de água: 42.17%. Precipitação acumulada 6h: 11.10 mm. Precipitação prevista 1h: 30.02 mm.,29.81,ativo
1170,3,2,4,2026-05-25 18:00:00,Alerta Laranja na área Passagem Inferior. Nível máximo de água: 53.56%. Precipitação acumulada 6h: 23.11 mm. Precipitação prevista 1h: 27.53 mm.,37.92,ativo
1171,1,2,6,2026-05-25 20:00:00,Alerta Verde na área Passagem Inferior. Nível máximo de água: 52.85%. Precipitação acumulada 6h: 23.72 mm. Precipitação prevista 1h: 0.00 mm.,30.9,registado
1172,3,3,7,2026-05-25 20:00:00,Alerta Laranja na área Centro Urbano. Nível máximo de água: 41.33%. Precipitação acumulada 6h: 14.79 mm. Precipitação prevista 1h: 29.51 mm.,30.41,ativo
1173,2,4,11,2026-05-25 20:00:00,Alerta Amarelo na área Zona Industrial. Nível máximo de água: 37.25%. Precipitação acumulada 6h: 9.03 mm. Precipitação prevista 1h: 20.50 mm.,24.6,registado
1174,1,2,4,2026-05-25 21:00:00,Alerta Verde na área Passagem Inferior. Nível máximo de água: 55.67%. Precipitação acumulada 6h: 25.08 mm. Precipitação prevista 1h: 1.09 mm.,32.85,registado
1175,2,3,7,2026-05-25 21:00:00,Alerta Amarelo na área Centro Urbano. Nível máximo de água: 37.56%. Precipitação acumulada 6h: 12.39 mm. Precipitação prevista 1h: 14.68 mm.,24.29,registado
1176,3,1,1,2026-05-25 22:00:00,Alerta Laranja na área Zona Ribeirinha. Nível máximo de água: 51.58%. Precipitação acumulada 6h: 11.00 mm. Precipitação prevista 1h: 29.77 mm.,33.95,ativo
1177,1,1,3,2026-05-25 23:00:00,Alerta Verde na área Zona Ribeirinha. Nível máximo de água: 43.70%. Precipitação acumulada 6h: 10.15 mm. Precipitação prevista 1h: 0.00 mm.,22.71,registado
1178,2,2,4,2026-05-25 23:00:00,Alerta Amarelo na área Passagem Inferior. Nível máximo de água: 51.19%. Precipitação acumulada 6h: 24.37 mm. Precipitação prevista 1h: 18.70 mm.,35.02,registado
1179,2,1,3,2026-05-26 00:00:00,Alerta Amarelo na área Zona Ribeirinha. Nível máximo de água: 45.49%. Precipitação acumulada 6h: 9.08 mm. Precipitação prevista 1h: 11.45 mm.,26.06,registado
1180,2,1,1,2026-05-26 01:00:00,Alerta Amarelo na área Zona Ribeirinha. Nível máximo de água: 44.17%. Precipitação acumulada 6h: 9.08 mm. Precipitação prevista 1h: 12.19 mm.,25.65,registado
1181,4,2,5,2026-05-26 01:00:00,Alerta Vermelho na área Passagem Inferior. Nível máximo de água: 93.13%. Precipitação acumulada 6h: 71.28 mm. Precipitação prevista 1h: 70.00 mm.,78.29,ativo
1182,2,4,12,2026-05-26 01:00:00,Alerta Amarelo na área Zona Industrial. Nível máximo de água: 39.99%. Precipitação acumulada 6h: 9.31 mm. Precipitação prevista 1h: 13.14 mm.,24.07,registado
1183,4,2,4,2026-05-26 02:00:00,Alerta Vermelho na área Passagem Inferior. Nível máximo de água: 99.97%. Precipitação acumulada 6h: 74.03 mm. Precipitação prevista 1h: 2.89 mm.,67.92,ativo
1184,2,3,8,2026-05-26 02:00:00,Alerta Amarelo na área Centro Urbano. Nível máximo de água: 37.89%. Precipitação acumulada 6h: 8.79 mm. Precipitação prevista 1h: 17.68 mm.,24.11,registado
1185,2,4,10,2026-05-26 02:00:00,Alerta Amarelo na área Zona Industrial. Nível máximo de água: 37.24%. Precipitação acumulada 6h: 7.73 mm. Precipitação prevista 1h: 11.70 mm.,22,registado
1186,4,2,5,2026-05-26 03:00:00,Alerta Vermelho na área Passagem Inferior. Nível máximo de água: 94.07%. Precipitação acumulada 6h: 72.86 mm. Precipitação prevista 1h: 0.00 mm.,64.19,ativo
1187,4,2,6,2026-05-26 04:00:00,Alerta Vermelho na área Passagem Inferior. Nível máximo de água: 99.79%. Precipitação acumulada 6h: 74.30 mm. Precipitação prevista 1h: 16.34 mm.,71.28,ativo
1188,4,2,5,2026-05-26 05:00:00,Alerta Vermelho na área Passagem Inferior. Nível máximo de água: 97.00%. Precipitação acumulada 6h: 73.52 mm. Precipitação prevista 1h: 0.00 mm.,65.71,ativo
1189,2,4,10,2026-05-26 05:00:00,Alerta Amarelo na área Zona Industrial. Nível máximo de água: 32.80%. Precipitação acumulada 6h: 6.96 mm. Precipitação prevista 1h: 18.13 mm.,21.38,registado
1190,3,1,1,2026-05-26 06:00:00,Alerta Laranja na área Zona Ribeirinha. Nível máximo de água: 39.53%. Precipitação acumulada 6h: 5.48 mm. Precipitação prevista 1h: 21.45 mm.,24.8,ativo
1191,4,2,5,2026-05-26 06:00:00,Alerta Vermelho na área Passagem Inferior. Nível máximo de água: 98.59%. Precipitação acumulada 6h: 74.40 mm. Precipitação prevista 1h: 0.00 mm.,66.69,ativo
1192,2,3,8,2026-05-26 07:00:00,Alerta Amarelo na área Centro Urbano. Nível máximo de água: 39.28%. Precipitação acumulada 6h: 6.00 mm. Precipitação prevista 1h: 10.03 mm.,21.98,registado
1193,1,4,11,2026-05-26 07:00:00,Alerta Verde na área Zona Industrial. Nível máximo de água: 31.41%. Precipitação acumulada 6h: 3.58 mm. Precipitação prevista 1h: 0.00 mm.,15.21,registado
1194,1,1,2,2026-05-26 08:00:00,Alerta Verde na área Zona Ribeirinha. Nível máximo de água: 39.16%. Precipitação acumulada 6h: 4.44 mm. Precipitação prevista 1h: 0.00 mm.,18.95,registado
1195,2,2,5,2026-05-26 08:00:00,Alerta Amarelo na área Passagem Inferior. Nível máximo de água: 38.12%. Precipitação acumulada 6h: 5.25 mm. Precipitação prevista 1h: 15.73 mm.,22.66,registado
1196,4,4,12,2026-05-26 12:00:00,Alerta Vermelho na área Zona Industrial. Nível máximo de água: 55.93%. Precipitação acumulada 6h: 34.63 mm. Precipitação prevista 1h: 47.94 mm.,47.54,ativo
1197,2,3,7,2026-05-26 13:00:00,Alerta Amarelo na área Centro Urbano. Nível máximo de água: 33.71%. Precipitação acumulada 6h: 6.89 mm. Precipitação prevista 1h: 13.60 mm.,20.64,registado
1198,2,4,11,2026-05-26 13:00:00,Alerta Amarelo na área Zona Industrial. Nível máximo de água: 57.80%. Precipitação acumulada 6h: 35.88 mm. Precipitação prevista 1h: 0.00 mm.,36.77,registado
1199,1,2,5,2026-05-26 14:00:00,Alerta Verde na área Passagem Inferior. Nível máximo de água: 41.77%. Precipitação acumulada 6h: 7.28 mm. Precipitação prevista 1h: 5.18 mm.,22.28,registado
1200,2,3,9,2026-05-26 14:00:00,Alerta Amarelo na área Centro Urbano. Nível máximo de água: 34.49%. Precipitação acumulada 6h: 5.12 mm. Precipitação prevista 1h: 14.12 mm.,20.59,registado
1201,3,4,10,2026-05-26 14:00:00,Alerta Laranja na área Zona Industrial. Nível máximo de água: 55.56%. Precipitação acumulada 6h: 35.88 mm. Precipitação prevista 1h: 22.45 mm.,41.38,ativo
1202,3,1,2,2026-05-26 15:00:00,Alerta Laranja na área Zona Ribeirinha. Nível máximo de água: 69.55%. Precipitação acumulada 6h: 30.64 mm. Precipitação prevista 1h: 37.77 mm.,49.93,ativo
1203,2,2,4,2026-05-26 15:00:00,Alerta Amarelo na área Passagem Inferior. Nível máximo de água: 42.88%. Precipitação acumulada 6h: 8.12 mm. Precipitação prevista 1h: 18.46 mm.,26.35,registado
1204,2,4,11,2026-05-26 15:00:00,Alerta Amarelo na área Zona Industrial. Nível máximo de água: 58.62%. Precipitação acumulada 6h: 35.84 mm. Precipitação prevista 1h: 0.00 mm.,37.13,registado
1205,3,1,2,2026-05-26 16:00:00,Alerta Laranja na área Zona Ribeirinha. Nível máximo de água: 63.47%. Precipitação acumulada 6h: 30.70 mm. Precipitação prevista 1h: 15.60 mm.,41.67,ativo
1206,2,3,8,2026-05-26 16:00:00,Alerta Amarelo na área Centro Urbano. Nível máximo de água: 38.00%. Precipitação acumulada 6h: 5.52 mm. Precipitação prevista 1h: 10.95 mm.,21.49,registado
1207,2,4,10,2026-05-26 16:00:00,Alerta Amarelo na área Zona Industrial. Nível máximo de água: 59.96%. Precipitação acumulada 6h: 35.84 mm. Precipitação prevista 1h: 2.17 mm.,38.28,registado
1208,3,1,1,2026-05-26 17:00:00,Alerta Laranja na área Zona Ribeirinha. Nível máximo de água: 64.50%. Precipitação acumulada 6h: 32.48 mm. Precipitação prevista 1h: 11.53 mm.,41.65,ativo
1209,2,2,6,2026-05-26 17:00:00,Alerta Amarelo na área Passagem Inferior. Nível máximo de água: 44.71%. Precipitação acumulada 6h: 9.32 mm. Precipitação prevista 1h: 12.93 mm.,26.15,registado
1210,4,4,12,2026-05-26 17:00:00,Alerta Vermelho na área Zona Industrial. Nível máximo de água: 82.76%. Precipitação acumulada 6h: 66.29 mm. Precipitação prevista 1h: 41.94 mm.,67.61,ativo
1211,3,1,1,2026-05-26 18:00:00,Alerta Laranja na área Zona Ribeirinha. Nível máximo de água: 67.26%. Precipitação acumulada 6h: 32.76 mm. Precipitação prevista 1h: 10.29 mm.,42.67,ativo
1212,2,3,8,2026-05-26 18:00:00,Alerta Amarelo na área Centro Urbano. Nível máximo de água: 33.75%. Precipitação acumulada 6h: 2.85 mm. Precipitação prevista 1h: 19.30 mm.,20.87,registado
1213,2,4,11,2026-05-26 18:00:00,Alerta Amarelo na área Zona Industrial. Nível máximo de água: 61.93%. Precipitação acumulada 6h: 33.69 mm. Precipitação prevista 1h: 2.99 mm.,38.72,registado
1214,2,1,1,2026-05-26 19:00:00,Alerta Amarelo na área Zona Ribeirinha. Nível máximo de água: 69.81%. Precipitação acumulada 6h: 35.10 mm. Precipitação prevista 1h: 5.05 mm.,43.21,registado
1215,2,3,7,2026-05-26 19:00:00,Alerta Amarelo na área Centro Urbano. Nível máximo de água: 33.55%. Precipitação acumulada 6h: 5.68 mm. Precipitação prevista 1h: 13.43 mm.,20.16,registado
1216,3,4,12,2026-05-26 19:00:00,Alerta Laranja na área Zona Industrial. Nível máximo de água: 56.57%. Precipitação acumulada 6h: 32.35 mm. Precipitação prevista 1h: 16.10 mm.,39.19,ativo
1217,2,1,2,2026-05-26 20:00:00,Alerta Amarelo na área Zona Ribeirinha. Nível máximo de água: 64.01%. Precipitação acumulada 6h: 32.68 mm. Precipitação prevista 1h: 5.31 mm.,39.94,registado
1218,1,3,8,2026-05-26 20:00:00,Alerta Verde na área Centro Urbano. Nível máximo de água: 34.19%. Precipitação acumulada 6h: 5.68 mm. Precipitação prevista 1h: 0.00 mm.,17.09,registado
1219,2,4,10,2026-05-26 20:00:00,Alerta Amarelo na área Zona Industrial. Nível máximo de água: 55.80%. Precipitação acumulada 6h: 32.35 mm. Precipitação prevista 1h: 0.00 mm.,34.82,registado
1220,2,1,1,2026-05-26 21:00:00,Alerta Amarelo na área Zona Ribeirinha. Nível máximo de água: 44.30%. Precipitação acumulada 6h: 7.78 mm. Precipitação prevista 1h: 14.50 mm.,25.89,registado
1221,3,4,12,2026-05-26 21:00:00,Alerta Laranja na área Zona Industrial. Nível máximo de água: 56.17%. Precipitação acumulada 6h: 31.94 mm. Precipitação prevista 1h: 14.55 mm.,38.5,ativo
1222,2,4,11,2026-05-26 22:00:00,Alerta Amarelo na área Zona Industrial. Nível máximo de água: 62.88%. Precipitação acumulada 6h: 35.03 mm. Precipitação prevista 1h: 5.14 mm.,40.09,registado
1223,2,1,3,2026-05-26 23:00:00,Alerta Amarelo na área Zona Ribeirinha. Nível máximo de água: 36.99%. Precipitação acumulada 6h: 7.71 mm. Precipitação prevista 1h: 12.25 mm.,22.02,registado
1224,2,2,6,2026-05-26 23:00:00,Alerta Amarelo na área Passagem Inferior. Nível máximo de água: 36.40%. Precipitação acumulada 6h: 4.18 mm. Precipitação prevista 1h: 17.64 mm.,22.04,registado
1225,1,3,8,2026-05-26 23:00:00,Alerta Verde na área Centro Urbano. Nível máximo de água: 41.31%. Precipitação acumulada 6h: 5.08 mm. Precipitação prevista 1h: 0.00 mm.,20.11,registado
1226,4,4,12,2026-05-26 23:00:00,Alerta Vermelho na área Zona Industrial. Nível máximo de água: 53.92%. Precipitação acumulada 6h: 31.33 mm. Precipitação prevista 1h: 42.18 mm.,44.21,ativo
1227,2,2,5,2026-05-27 00:00:00,Alerta Amarelo na área Passagem Inferior. Nível máximo de água: 40.69%. Precipitação acumulada 6h: 2.71 mm. Precipitação prevista 1h: 11.74 mm.,22.06,registado
1228,2,4,12,2026-05-27 00:00:00,Alerta Amarelo na área Zona Industrial. Nível máximo de água: 57.74%. Precipitação acumulada 6h: 30.70 mm. Precipitação prevista 1h: 0.00 mm.,35.19,registado
1229,4,2,6,2026-05-27 01:00:00,Alerta Vermelho na área Passagem Inferior. Nível máximo de água: 66.00%. Precipitação acumulada 6h: 42.38 mm. Precipitação prevista 1h: 50.18 mm.,54.96,ativo
1230,2,3,7,2026-05-27 01:00:00,Alerta Amarelo na área Centro Urbano. Nível máximo de água: 31.25%. Precipitação acumulada 6h: 1.79 mm. Precipitação prevista 1h: 20.73 mm.,19.78,registado
1231,2,4,12,2026-05-27 01:00:00,Alerta Amarelo na área Zona Industrial. Nível máximo de água: 56.05%. Precipitação acumulada 6h: 32.52 mm. Precipitação prevista 1h: 6.37 mm.,36.57,registado
1232,3,2,4,2026-05-27 02:00:00,Alerta Laranja na área Passagem Inferior. Nível máximo de água: 70.83%. Precipitação acumulada 6h: 41.62 mm. Precipitação prevista 1h: 8.37 mm.,46.45,ativo
1233,1,3,9,2026-05-27 02:00:00,Alerta Verde na área Centro Urbano. Nível máximo de água: 34.78%. Precipitação acumulada 6h: 4.23 mm. Precipitação prevista 1h: 8.77 mm.,19.11,registado
1234,2,4,12,2026-05-27 02:00:00,Alerta Amarelo na área Zona Industrial. Nível máximo de água: 59.51%. Precipitação acumulada 6h: 32.52 mm. Precipitação prevista 1h: 4.71 mm.,37.71,registado
1235,2,1,3,2026-05-27 03:00:00,Alerta Amarelo na área Zona Ribeirinha. Nível máximo de água: 40.16%. Precipitação acumulada 6h: 6.35 mm. Precipitação prevista 1h: 17.04 mm.,24.24,registado
1236,3,2,6,2026-05-27 03:00:00,Alerta Laranja na área Passagem Inferior. Nível máximo de água: 69.63%. Precipitação acumulada 6h: 41.62 mm. Precipitação prevista 1h: 0.00 mm.,43.82,ativo
1237,1,3,7,2026-05-27 03:00:00,Alerta Verde na área Centro Urbano. Nível máximo de água: 34.40%. Precipitação acumulada 6h: 3.84 mm. Precipitação prevista 1h: 0.00 mm.,16.63,registado
1238,2,4,12,2026-05-27 03:00:00,Alerta Amarelo na área Zona Industrial. Nível máximo de água: 55.70%. Precipitação acumulada 6h: 32.61 mm. Precipitação prevista 1h: 0.00 mm.,34.85,registado
1239,3,2,6,2026-05-27 04:00:00,Alerta Laranja na área Passagem Inferior. Nível máximo de água: 66.52%. Precipitação acumulada 6h: 42.59 mm. Precipitação prevista 1h: 0.00 mm.,42.71,ativo
1240,2,3,8,2026-05-27 04:00:00,Alerta Amarelo na área Centro Urbano. Nível máximo de água: 34.44%. Precipitação acumulada 6h: 5.17 mm. Precipitação prevista 1h: 17.72 mm.,21.48,registado
1241,3,2,4,2026-05-27 05:00:00,Alerta Laranja na área Passagem Inferior. Nível máximo de água: 70.80%. Precipitação acumulada 6h: 41.26 mm. Precipitação prevista 1h: 1.71 mm.,44.67,ativo
1242,2,3,7,2026-05-27 05:00:00,Alerta Amarelo na área Centro Urbano. Nível máximo de água: 32.62%. Precipitação acumulada 6h: 5.17 mm. Precipitação prevista 1h: 18.54 mm.,20.86,registado
1243,2,4,11,2026-05-27 05:00:00,Alerta Amarelo na área Zona Industrial. Nível máximo de água: 28.78%. Precipitação acumulada 6h: 2.62 mm. Precipitação prevista 1h: 17.60 mm.,18.14,registado
1244,3,1,1,2026-05-27 06:00:00,Alerta Laranja na área Zona Ribeirinha. Nível máximo de água: 38.74%. Precipitação acumulada 6h: 2.32 mm. Precipitação prevista 1h: 25.33 mm.,24.46,ativo
1245,3,2,5,2026-05-27 06:00:00,Alerta Laranja na área Passagem Inferior. Nível máximo de água: 72.11%. Precipitação acumulada 6h: 41.26 mm. Precipitação prevista 1h: 0.00 mm.,44.83,ativo
1246,2,1,3,2026-05-27 07:00:00,Alerta Amarelo na área Zona Ribeirinha. Nível máximo de água: 41.09%. Precipitação acumulada 6h: 2.06 mm. Precipitação prevista 1h: 11.78 mm.,22.05,registado
1247,2,4,12,2026-05-27 08:00:00,Alerta Amarelo na área Zona Industrial. Nível máximo de água: 29.30%. Precipitação acumulada 6h: 9.14 mm. Precipitação prevista 1h: 18.64 mm.,20.59,registado
1248,2,2,4,2026-05-27 09:00:00,Alerta Amarelo na área Passagem Inferior. Nível máximo de água: 39.16%. Precipitação acumulada 6h: 7.55 mm. Precipitação prevista 1h: 11.90 mm.,22.86,registado
1249,2,3,8,2026-05-27 09:00:00,Alerta Amarelo na área Centro Urbano. Nível máximo de água: 36.31%. Precipitação acumulada 6h: 6.59 mm. Precipitação prevista 1h: 13.70 mm.,21.74,registado
1250,2,3,7,2026-05-27 10:00:00,Alerta Amarelo na área Centro Urbano. Nível máximo de água: 38.13%. Precipitação acumulada 6h: 6.85 mm. Precipitação prevista 1h: 20.35 mm.,24.3,registado
1251,1,1,3,2026-05-27 11:00:00,Alerta Verde na área Zona Ribeirinha. Nível máximo de água: 43.98%. Precipitação acumulada 6h: 1.42 mm. Precipitação prevista 1h: 9.36 mm.,22.56,registado
1252,2,2,6,2026-05-27 11:00:00,Alerta Amarelo na área Passagem Inferior. Nível máximo de água: 37.69%. Precipitação acumulada 6h: 6.44 mm. Precipitação prevista 1h: 10.41 mm.,21.49,registado
1253,2,4,10,2026-05-27 11:00:00,Alerta Amarelo na área Zona Industrial. Nível máximo de água: 33.95%. Precipitação acumulada 6h: 10.73 mm. Precipitação prevista 1h: 12.96 mm.,21.74,registado
1254,1,2,4,2026-05-27 12:00:00,Alerta Verde na área Passagem Inferior. Nível máximo de água: 43.82%. Precipitação acumulada 6h: 8.47 mm. Precipitação prevista 1h: 0.00 mm.,22.26,registado
1255,2,4,10,2026-05-27 12:00:00,Alerta Amarelo na área Zona Industrial. Nível máximo de água: 33.04%. Precipitação acumulada 6h: 8.88 mm. Precipitação prevista 1h: 19.67 mm.,22.45,registado
1256,2,1,1,2026-05-27 13:00:00,Alerta Amarelo na área Zona Ribeirinha. Nível máximo de água: 43.90%. Precipitação acumulada 6h: 2.78 mm. Precipitação prevista 1h: 15.74 mm.,24.52,registado
1257,2,1,2,2026-05-27 14:00:00,Alerta Amarelo na área Zona Ribeirinha. Nível máximo de água: 44.81%. Precipitação acumulada 6h: 4.98 mm. Precipitação prevista 1h: 17.36 mm.,26,registado
1258,2,2,4,2026-05-27 14:00:00,Alerta Amarelo na área Passagem Inferior. Nível máximo de água: 38.31%. Precipitação acumulada 6h: 6.22 mm. Precipitação prevista 1h: 14.04 mm.,22.62,registado
1259,2,3,8,2026-05-27 14:00:00,Alerta Amarelo na área Centro Urbano. Nível máximo de água: 33.54%. Precipitação acumulada 6h: 6.33 mm. Precipitação prevista 1h: 13.38 mm.,20.34,registado
1260,2,4,10,2026-05-27 14:00:00,Alerta Amarelo na área Zona Industrial. Nível máximo de água: 32.61%. Precipitação acumulada 6h: 4.79 mm. Precipitação prevista 1h: 15.66 mm.,20.03,registado
1261,2,3,9,2026-05-27 15:00:00,Alerta Amarelo na área Centro Urbano. Nível máximo de água: 31.95%. Precipitação acumulada 6h: 6.71 mm. Precipitação prevista 1h: 10.17 mm.,18.93,registado
1262,2,3,9,2026-05-27 16:00:00,Alerta Amarelo na área Centro Urbano. Nível máximo de água: 32.92%. Precipitação acumulada 6h: 5.12 mm. Precipitação prevista 1h: 10.91 mm.,19.08,registado
1263,2,4,11,2026-05-27 16:00:00,Alerta Amarelo na área Zona Industrial. Nível máximo de água: 30.58%. Precipitação acumulada 6h: 5.30 mm. Precipitação prevista 1h: 19.34 mm.,20.19,registado
1264,2,1,1,2026-05-27 17:00:00,Alerta Amarelo na área Zona Ribeirinha. Nível máximo de água: 42.87%. Precipitação acumulada 6h: 7.97 mm. Precipitação prevista 1h: 16.50 mm.,25.81,registado
1265,2,2,6,2026-05-27 17:00:00,Alerta Amarelo na área Passagem Inferior. Nível máximo de água: 39.29%. Precipitação acumulada 6h: 4.14 mm. Precipitação prevista 1h: 12.25 mm.,21.99,registado
1266,3,4,11,2026-05-27 17:00:00,Alerta Laranja na área Zona Industrial. Nível máximo de água: 32.91%. Precipitação acumulada 6h: 5.45 mm. Precipitação prevista 1h: 22.65 mm.,22.11,ativo
1267,2,4,10,2026-05-27 18:00:00,Alerta Amarelo na área Zona Industrial. Nível máximo de água: 32.72%. Precipitação acumulada 6h: 6.68 mm. Precipitação prevista 1h: 15.58 mm.,20.62,registado
1268,2,4,11,2026-05-27 19:00:00,Alerta Amarelo na área Zona Industrial. Nível máximo de água: 39.12%. Precipitação acumulada 6h: 22.02 mm. Precipitação prevista 1h: 18.94 mm.,28.95,registado
1269,2,1,3,2026-05-27 20:00:00,Alerta Amarelo na área Zona Ribeirinha. Nível máximo de água: 44.41%. Precipitação acumulada 6h: 2.99 mm. Precipitação prevista 1h: 11.76 mm.,23.82,registado
1270,3,2,6,2026-05-27 20:00:00,Alerta Laranja na área Passagem Inferior. Nível máximo de água: 68.83%. Precipitação acumulada 6h: 45.20 mm. Precipitação prevista 1h: 37.62 mm.,53.94,ativo
1271,3,4,11,2026-05-27 20:00:00,Alerta Laranja na área Zona Industrial. Nível máximo de água: 64.12%. Precipitação acumulada 6h: 53.39 mm. Precipitação prevista 1h: 39.66 mm.,54.79,ativo
1272,3,2,4,2026-05-27 21:00:00,Alerta Laranja na área Passagem Inferior. Nível máximo de água: 80.69%. Precipitação acumulada 6h: 45.99 mm. Precipitação prevista 1h: 11.42 mm.,52.96,ativo
1273,3,4,11,2026-05-27 21:00:00,Alerta Laranja na área Zona Industrial. Nível máximo de água: 71.38%. Precipitação acumulada 6h: 54.15 mm. Precipitação prevista 1h: 14.62 mm.,52.02,ativo
1274,2,1,2,2026-05-27 22:00:00,Alerta Amarelo na área Zona Ribeirinha. Nível máximo de água: 37.57%. Precipitação acumulada 6h: 1.88 mm. Precipitação prevista 1h: 12.90 mm.,20.7,registado
1275,3,2,5,2026-05-27 22:00:00,Alerta Laranja na área Passagem Inferior. Nível máximo de água: 71.88%. Precipitação acumulada 6h: 45.30 mm. Precipitação prevista 1h: 11.04 mm.,48.7,ativo
1276,2,3,7,2026-05-27 22:00:00,Alerta Amarelo na área Centro Urbano. Nível máximo de água: 44.13%. Precipitação acumulada 6h: 9.90 mm. Precipitação prevista 1h: 11.64 mm.,25.74,registado
1277,3,4,12,2026-05-27 22:00:00,Alerta Laranja na área Zona Industrial. Nível máximo de água: 72.34%. Precipitação acumulada 6h: 53.82 mm. Precipitação prevista 1h: 15.35 mm.,52.54,ativo
1278,2,1,2,2026-05-27 23:00:00,Alerta Amarelo na área Zona Ribeirinha. Nível máximo de água: 36.44%. Precipitação acumulada 6h: 2.45 mm. Precipitação prevista 1h: 20.95 mm.,22.37,registado
1279,3,2,5,2026-05-27 23:00:00,Alerta Laranja na área Passagem Inferior. Nível máximo de água: 77.41%. Precipitação acumulada 6h: 44.87 mm. Precipitação prevista 1h: 5.63 mm.,49.7,ativo
1280,3,4,10,2026-05-27 23:00:00,Alerta Laranja na área Zona Industrial. Nível máximo de água: 69.60%. Precipitação acumulada 6h: 52.11 mm. Precipitação prevista 1h: 0.00 mm.,46.95,ativo
1281,2,1,2,2026-05-28 00:00:00,Alerta Amarelo na área Zona Ribeirinha. Nível máximo de água: 39.20%. Precipitação acumulada 6h: 2.45 mm. Precipitação prevista 1h: 14.52 mm.,22.01,registado
1282,3,2,4,2026-05-28 00:00:00,Alerta Laranja na área Passagem Inferior. Nível máximo de água: 80.53%. Precipitação acumulada 6h: 47.91 mm. Precipitação prevista 1h: 19.62 mm.,55.52,ativo
1283,4,3,9,2026-05-28 00:00:00,Alerta Vermelho na área Centro Urbano. Nível máximo de água: 48.26%. Precipitação acumulada 6h: 23.96 mm. Precipitação prevista 1h: 41.95 mm.,39.39,ativo
1284,3,4,10,2026-05-28 00:00:00,Alerta Laranja na área Zona Industrial. Nível máximo de água: 69.03%. Precipitação acumulada 6h: 51.30 mm. Precipitação prevista 1h: 27.86 mm.,53.42,ativo
1285,3,1,1,2026-05-28 01:00:00,Alerta Laranja na área Zona Ribeirinha. Nível máximo de água: 42.15%. Precipitação acumulada 6h: 4.78 mm. Precipitação prevista 1h: 26.38 mm.,27,ativo
1286,3,2,6,2026-05-28 01:00:00,Alerta Laranja na área Passagem Inferior. Nível máximo de água: 78.58%. Precipitação acumulada 6h: 48.35 mm. Precipitação prevista 1h: 0.00 mm.,49.87,ativo
1287,4,3,8,2026-05-28 01:00:00,Alerta Vermelho na área Centro Urbano. Nível máximo de água: 85.79%. Precipitação acumulada 6h: 75.98 mm. Precipitação prevista 1h: 63.76 mm.,76.4,ativo
1288,4,4,10,2026-05-28 01:00:00,Alerta Vermelho na área Zona Industrial. Nível máximo de água: 96.21%. Precipitação acumulada 6h: 81.57 mm. Precipitação prevista 1h: 52.17 mm.,80.34,ativo
1289,2,1,3,2026-05-28 02:00:00,Alerta Amarelo na área Zona Ribeirinha. Nível máximo de água: 38.36%. Precipitação acumulada 6h: 4.78 mm. Precipitação prevista 1h: 18.79 mm.,23.39,registado
1290,4,3,7,2026-05-28 02:00:00,Alerta Vermelho na área Centro Urbano. Nível máximo de água: 91.86%. Precipitação acumulada 6h: 75.67 mm. Precipitação prevista 1h: 0.73 mm.,64.22,ativo
1291,3,4,10,2026-05-28 02:00:00,Alerta Laranja na área Zona Industrial. Nível máximo de água: 74.99%. Precipitação acumulada 6h: 50.55 mm. Precipitação prevista 1h: 0.00 mm.,48.91,ativo
1292,2,1,1,2026-05-28 03:00:00,Alerta Amarelo na área Zona Ribeirinha. Nível máximo de água: 41.35%. Precipitação acumulada 6h: 8.11 mm. Precipitação prevista 1h: 12.51 mm.,24.17,registado
1293,2,2,4,2026-05-28 03:00:00,Alerta Amarelo na área Passagem Inferior. Nível máximo de água: 42.12%. Precipitação acumulada 6h: 5.06 mm. Precipitação prevista 1h: 12.28 mm.,23.54,registado
1294,4,3,9,2026-05-28 03:00:00,Alerta Vermelho na área Centro Urbano. Nível máximo de água: 96.15%. Precipitação acumulada 6h: 74.37 mm. Precipitação prevista 1h: 21.90 mm.,71.05,ativo
1295,3,4,11,2026-05-28 03:00:00,Alerta Laranja na área Zona Industrial. Nível máximo de água: 73.02%. Precipitação acumulada 6h: 48.91 mm. Precipitação prevista 1h: 24.81 mm.,53.73,ativo
1296,2,2,5,2026-05-28 04:00:00,Alerta Amarelo na área Passagem Inferior. Nível máximo de água: 39.58%. Precipitação acumulada 6h: 7.50 mm. Precipitação prevista 1h: 13.84 mm.,23.52,registado
1297,4,3,9,2026-05-28 04:00:00,Alerta Vermelho na área Centro Urbano. Nível máximo de água: 97.90%. Precipitação acumulada 6h: 75.25 mm. Precipitação prevista 1h: 0.00 mm.,66.63,ativo
1298,3,4,11,2026-05-28 04:00:00,Alerta Laranja na área Zona Industrial. Nível máximo de água: 74.78%. Precipitação acumulada 6h: 48.91 mm. Precipitação prevista 1h: 0.00 mm.,48.32,ativo
1299,4,3,9,2026-05-28 05:00:00,Alerta Vermelho na área Centro Urbano. Nível máximo de água: 94.96%. Precipitação acumulada 6h: 75.25 mm. Precipitação prevista 1h: 0.00 mm.,65.31,ativo
1300,3,4,11,2026-05-28 05:00:00,Alerta Laranja na área Zona Industrial. Nível máximo de água: 69.97%. Precipitação acumulada 6h: 50.35 mm. Precipitação prevista 1h: 0.00 mm.,46.59,ativo
1301,4,1,2,2026-05-28 06:00:00,Alerta Vermelho na área Zona Ribeirinha. Nível máximo de água: 72.37%. Precipitação acumulada 6h: 43.53 mm. Precipitação prevista 1h: 51.00 mm.,58.38,ativo
1302,3,2,4,2026-05-28 06:00:00,Alerta Laranja na área Passagem Inferior. Nível máximo de água: 38.75%. Precipitação acumulada 6h: 7.10 mm. Precipitação prevista 1h: 23.90 mm.,25.54,ativo
1303,3,3,7,2026-05-28 06:00:00,Alerta Laranja na área Centro Urbano. Nível máximo de água: 81.94%. Precipitação acumulada 6h: 59.54 mm. Precipitação prevista 1h: 3.49 mm.,55.61,ativo
1304,3,4,12,2026-05-28 06:00:00,Alerta Laranja na área Zona Industrial. Nível máximo de água: 66.60%. Precipitação acumulada 6h: 48.82 mm. Precipitação prevista 1h: 7.97 mm.,46.61,ativo
1305,3,1,1,2026-05-28 07:00:00,Alerta Laranja na área Zona Ribeirinha. Nível máximo de água: 74.86%. Precipitação acumulada 6h: 41.69 mm. Precipitação prevista 1h: 0.74 mm.,46.38,ativo
1306,3,3,7,2026-05-28 07:00:00,Alerta Laranja na área Centro Urbano. Nível máximo de água: 78.35%. Precipitação acumulada 6h: 52.45 mm. Precipitação prevista 1h: 29.13 mm.,58.28,ativo
1307,4,1,1,2026-05-28 08:00:00,Alerta Vermelho na área Zona Ribeirinha. Nível máximo de água: 100.00%. Precipitação acumulada 6h: 94.15 mm. Precipitação prevista 1h: 60.18 mm.,84,ativo
1308,3,3,8,2026-05-28 08:00:00,Alerta Laranja na área Centro Urbano. Nível máximo de água: 75.02%. Precipitação acumulada 6h: 51.79 mm. Precipitação prevista 1h: 4.15 mm.,50.33,ativo
1309,4,1,1,2026-05-28 09:00:00,Alerta Vermelho na área Zona Ribeirinha. Nível máximo de água: 100.00%. Precipitação acumulada 6h: 89.94 mm. Precipitação prevista 1h: 0.00 mm.,69,ativo
1310,2,2,5,2026-05-28 09:00:00,Alerta Amarelo na área Passagem Inferior. Nível máximo de água: 40.45%. Precipitação acumulada 6h: 8.03 mm. Precipitação prevista 1h: 11.82 mm.,23.57,registado
1311,4,3,9,2026-05-28 09:00:00,Alerta Vermelho na área Centro Urbano. Nível máximo de água: 85.70%. Precipitação acumulada 6h: 69.72 mm. Precipitação prevista 1h: 12.24 mm.,62.54,ativo
1312,4,4,10,2026-05-28 09:00:00,Alerta Vermelho na área Zona Industrial. Nível máximo de água: 54.86%. Precipitação acumulada 6h: 36.86 mm. Precipitação prevista 1h: 42.84 mm.,46.46,ativo
1313,4,1,1,2026-05-28 10:00:00,Alerta Vermelho na área Zona Ribeirinha. Nível máximo de água: 100.00%. Precipitação acumulada 6h: 89.94 mm. Precipitação prevista 1h: 0.00 mm.,69,ativo
1314,2,2,4,2026-05-28 10:00:00,Alerta Amarelo na área Passagem Inferior. Nível máximo de água: 39.26%. Precipitação acumulada 6h: 5.37 mm. Precipitação prevista 1h: 12.76 mm.,22.47,registado
1315,4,3,9,2026-05-28 10:00:00,Alerta Vermelho na área Centro Urbano. Nível máximo de água: 86.35%. Precipitação acumulada 6h: 68.84 mm. Precipitação prevista 1h: 2.79 mm.,60.21,ativo
1316,2,4,11,2026-05-28 10:00:00,Alerta Amarelo na área Zona Industrial. Nível máximo de água: 64.31%. Precipitação acumulada 6h: 38.48 mm. Precipitação prevista 1h: 0.00 mm.,40.48,registado
1317,4,1,1,2026-05-28 11:00:00,Alerta Vermelho na área Zona Ribeirinha. Nível máximo de água: 100.00%. Precipitação acumulada 6h: 89.98 mm. Precipitação prevista 1h: 0.00 mm.,69,ativo
1318,3,2,4,2026-05-28 11:00:00,Alerta Laranja na área Passagem Inferior. Nível máximo de água: 50.92%. Precipitação acumulada 6h: 20.69 mm. Precipitação prevista 1h: 25.44 mm.,35.48,ativo
1319,4,3,9,2026-05-28 11:00:00,Alerta Vermelho na área Centro Urbano. Nível máximo de água: 87.70%. Precipitação acumulada 6h: 68.84 mm. Precipitação prevista 1h: 14.23 mm.,63.67,ativo
1320,2,4,10,2026-05-28 11:00:00,Alerta Amarelo na área Zona Industrial. Nível máximo de água: 59.16%. Precipitação acumulada 6h: 37.04 mm. Precipitação prevista 1h: 0.00 mm.,37.73,registado
1321,4,1,1,2026-05-28 12:00:00,Alerta Vermelho na área Zona Ribeirinha. Nível máximo de água: 100.00%. Precipitação acumulada 6h: 81.03 mm. Precipitação prevista 1h: 50.50 mm.,81.63,ativo
1322,4,2,6,2026-05-28 12:00:00,Alerta Vermelho na área Passagem Inferior. Nível máximo de água: 98.84%. Precipitação acumulada 6h: 80.71 mm. Precipitação prevista 1h: 53.20 mm.,81.78,ativo
1323,4,3,7,2026-05-28 12:00:00,Alerta Vermelho na área Centro Urbano. Nível máximo de água: 96.20%. Precipitação acumulada 6h: 79.90 mm. Precipitação prevista 1h: 28.08 mm.,74.28,ativo
1324,2,4,10,2026-05-28 12:00:00,Alerta Amarelo na área Zona Industrial. Nível máximo de água: 64.31%. Precipitação acumulada 6h: 37.04 mm. Precipitação prevista 1h: 0.00 mm.,40.05,registado
1325,4,1,1,2026-05-28 13:00:00,Alerta Vermelho na área Zona Ribeirinha. Nível máximo de água: 100.00%. Precipitação acumulada 6h: 82.69 mm. Precipitação prevista 1h: 5.70 mm.,70.43,ativo
1326,4,2,4,2026-05-28 13:00:00,Alerta Vermelho na área Passagem Inferior. Nível máximo de água: 100.00%. Precipitação acumulada 6h: 80.69 mm. Precipitação prevista 1h: 5.86 mm.,70.47,ativo
1327,3,3,9,2026-05-28 13:00:00,Alerta Laranja na área Centro Urbano. Nível máximo de água: 62.31%. Precipitação acumulada 6h: 32.61 mm. Precipitação prevista 1h: 11.70 mm.,40.75,ativo
1328,2,4,12,2026-05-28 13:00:00,Alerta Amarelo na área Zona Industrial. Nível máximo de água: 58.96%. Precipitação acumulada 6h: 37.28 mm. Precipitação prevista 1h: 4.61 mm.,38.87,registado
1329,2,1,2,2026-05-28 14:00:00,Alerta Amarelo na área Zona Ribeirinha. Nível máximo de água: 68.96%. Precipitação acumulada 6h: 30.23 mm. Precipitação prevista 1h: 0.00 mm.,40.1,registado
1330,4,2,5,2026-05-28 14:00:00,Alerta Vermelho na área Passagem Inferior. Nível máximo de água: 100.00%. Precipitação acumulada 6h: 78.59 mm. Precipitação prevista 1h: 2.99 mm.,69.32,ativo
1331,3,3,8,2026-05-28 14:00:00,Alerta Laranja na área Centro Urbano. Nível máximo de água: 57.57%. Precipitação acumulada 6h: 32.04 mm. Precipitação prevista 1h: 15.30 mm.,39.34,ativo
1332,2,4,11,2026-05-28 14:00:00,Alerta Amarelo na área Zona Industrial. Nível máximo de água: 62.06%. Precipitação acumulada 6h: 36.47 mm. Precipitação prevista 1h: 0.00 mm.,38.87,registado
1333,2,1,3,2026-05-28 15:00:00,Alerta Amarelo na área Zona Ribeirinha. Nível máximo de água: 68.35%. Precipitação acumulada 6h: 31.63 mm. Precipitação prevista 1h: 9.38 mm.,42.59,registado
1334,4,2,4,2026-05-28 15:00:00,Alerta Vermelho na área Passagem Inferior. Nível máximo de água: 100.00%. Precipitação acumulada 6h: 79.01 mm. Precipitação prevista 1h: 0.55 mm.,68.84,ativo
1335,2,3,8,2026-05-28 15:00:00,Alerta Amarelo na área Centro Urbano. Nível máximo de água: 50.83%. Precipitação acumulada 6h: 14.41 mm. Precipitação prevista 1h: 11.85 mm.,30.16,registado
1336,2,1,1,2026-05-28 16:00:00,Alerta Amarelo na área Zona Ribeirinha. Nível máximo de água: 66.16%. Precipitação acumulada 6h: 31.63 mm. Precipitação prevista 1h: 0.00 mm.,39.26,registado
1337,4,2,4,2026-05-28 16:00:00,Alerta Vermelho na área Passagem Inferior. Nível máximo de água: 100.00%. Precipitação acumulada 6h: 79.99 mm. Precipitação prevista 1h: 0.00 mm.,69,ativo
1338,2,1,1,2026-05-28 17:00:00,Alerta Amarelo na área Zona Ribeirinha. Nível máximo de água: 67.28%. Precipitação acumulada 6h: 30.28 mm. Precipitação prevista 1h: 1.03 mm.,39.62,registado
1339,4,2,5,2026-05-28 17:00:00,Alerta Vermelho na área Passagem Inferior. Nível máximo de água: 90.99%. Precipitação acumulada 6h: 62.80 mm. Precipitação prevista 1h: 0.00 mm.,59.79,ativo
1340,2,1,3,2026-05-28 18:00:00,Alerta Amarelo na área Zona Ribeirinha. Nível máximo de água: 44.78%. Precipitação acumulada 6h: 3.86 mm. Precipitação prevista 1h: 14.92 mm.,25.04,registado
1341,2,2,6,2026-05-28 18:00:00,Alerta Amarelo na área Passagem Inferior. Nível máximo de água: 45.54%. Precipitação acumulada 6h: 1.40 mm. Precipitação prevista 1h: 10.52 mm.,23.54,registado
1342,4,3,7,2026-05-28 18:00:00,Alerta Vermelho na área Centro Urbano. Nível máximo de água: 65.02%. Precipitação acumulada 6h: 38.65 mm. Precipitação prevista 1h: 49.97 mm.,53.35,ativo
1343,2,1,3,2026-05-28 19:00:00,Alerta Amarelo na área Zona Ribeirinha. Nível máximo de água: 36.19%. Precipitação acumulada 6h: 1.71 mm. Precipitação prevista 1h: 15.61 mm.,20.7,registado
1344,3,3,8,2026-05-28 19:00:00,Alerta Laranja na área Centro Urbano. Nível máximo de água: 63.08%. Precipitação acumulada 6h: 39.44 mm. Precipitação prevista 1h: 18.56 mm.,44.86,ativo
1345,2,2,5,2026-05-28 20:00:00,Alerta Amarelo na área Passagem Inferior. Nível máximo de água: 34.79%. Precipitação acumulada 6h: 1.87 mm. Precipitação prevista 1h: 11.32 mm.,19.05,registado
1346,3,3,9,2026-05-28 20:00:00,Alerta Laranja na área Centro Urbano. Nível máximo de água: 63.05%. Precipitação acumulada 6h: 41.42 mm. Precipitação prevista 1h: 18.23 mm.,45.36,ativo
1347,2,2,6,2026-05-28 21:00:00,Alerta Amarelo na área Passagem Inferior. Nível máximo de água: 37.16%. Precipitação acumulada 6h: 1.45 mm. Precipitação prevista 1h: 17.31 mm.,21.48,registado
1348,2,3,8,2026-05-28 21:00:00,Alerta Amarelo na área Centro Urbano. Nível máximo de água: 65.75%. Precipitação acumulada 6h: 40.71 mm. Precipitação prevista 1h: 8.80 mm.,44,registado
1349,3,4,10,2026-05-28 21:00:00,Alerta Laranja na área Zona Industrial. Nível máximo de água: 49.71%. Precipitação acumulada 6h: 26.48 mm. Precipitação prevista 1h: 32.62 mm.,38.47,ativo
1350,2,3,9,2026-05-28 22:00:00,Alerta Amarelo na área Centro Urbano. Nível máximo de água: 62.42%. Precipitação acumulada 6h: 40.71 mm. Precipitação prevista 1h: 4.43 mm.,41.41,registado
1351,3,3,8,2026-05-28 23:00:00,Alerta Laranja na área Centro Urbano. Nível máximo de água: 67.53%. Precipitação acumulada 6h: 42.06 mm. Precipitação prevista 1h: 0.00 mm.,43.01,ativo
1352,1,2,4,2026-05-29 00:00:00,Alerta Verde na área Passagem Inferior. Nível máximo de água: 32.24%. Precipitação acumulada 6h: 0.48 mm. Precipitação prevista 1h: 0.00 mm.,14.65,registado
1353,2,4,12,2026-05-29 00:00:00,Alerta Amarelo na área Zona Industrial. Nível máximo de água: 53.81%. Precipitação acumulada 6h: 28.16 mm. Precipitação prevista 1h: 16.32 mm.,36.74,registado
1354,2,1,1,2026-05-29 01:00:00,Alerta Amarelo na área Zona Ribeirinha. Nível máximo de água: 39.62%. Precipitação acumulada 6h: 3.81 mm. Precipitação prevista 1h: 18.58 mm.,23.62,registado
1355,2,3,8,2026-05-29 01:00:00,Alerta Amarelo na área Centro Urbano. Nível máximo de água: 34.15%. Precipitação acumulada 6h: 4.12 mm. Precipitação prevista 1h: 11.08 mm.,19.37,registado
1356,3,4,10,2026-05-29 01:00:00,Alerta Laranja na área Zona Industrial. Nível máximo de água: 50.71%. Precipitação acumulada 6h: 26.50 mm. Precipitação prevista 1h: 23.22 mm.,36.57,ativo
1357,2,2,6,2026-05-29 02:00:00,Alerta Amarelo na área Passagem Inferior. Nível máximo de água: 29.14%. Precipitação acumulada 6h: 0.40 mm. Precipitação prevista 1h: 10.72 mm.,15.91,registado
1358,2,3,9,2026-05-29 02:00:00,Alerta Amarelo na área Centro Urbano. Nível máximo de água: 40.10%. Precipitação acumulada 6h: 4.21 mm. Precipitação prevista 1h: 15.76 mm.,23.25,registado
1359,2,4,12,2026-05-29 02:00:00,Alerta Amarelo na área Zona Industrial. Nível máximo de água: 50.16%. Precipitação acumulada 6h: 25.93 mm. Precipitação prevista 1h: 19.80 mm.,35.3,registado
1360,2,2,5,2026-05-29 03:00:00,Alerta Amarelo na área Passagem Inferior. Nível máximo de água: 30.16%. Precipitação acumulada 6h: 0.40 mm. Precipitação prevista 1h: 13.20 mm.,16.99,registado
1361,2,2,5,2026-05-29 04:00:00,Alerta Amarelo na área Passagem Inferior. Nível máximo de água: 35.22%. Precipitação acumulada 6h: 1.37 mm. Precipitação prevista 1h: 16.93 mm.,20.49,registado
1362,2,4,12,2026-05-29 04:00:00,Alerta Amarelo na área Zona Industrial. Nível máximo de água: 29.72%. Precipitação acumulada 6h: 3.65 mm. Precipitação prevista 1h: 13.11 mm.,17.75,registado
1363,2,1,3,2026-05-29 05:00:00,Alerta Amarelo na área Zona Ribeirinha. Nível máximo de água: 41.62%. Precipitação acumulada 6h: 4.22 mm. Precipitação prevista 1h: 16.56 mm.,24.14,registado
1364,2,2,4,2026-05-29 05:00:00,Alerta Amarelo na área Passagem Inferior. Nível máximo de água: 35.16%. Precipitação acumulada 6h: 1.36 mm. Precipitação prevista 1h: 17.84 mm.,20.69,registado
1365,3,3,9,2026-05-29 06:00:00,Alerta Laranja na área Centro Urbano. Nível máximo de água: 29.04%. Precipitação acumulada 6h: 3.98 mm. Precipitação prevista 1h: 21.41 mm.,19.61,ativo
1366,3,2,6,2026-05-29 07:00:00,Alerta Laranja na área Passagem Inferior. Nível máximo de água: 52.42%. Precipitação acumulada 6h: 29.34 mm. Precipitação prevista 1h: 30.39 mm.,39.99,ativo
1367,1,3,8,2026-05-29 07:00:00,Alerta Verde na área Centro Urbano. Nível máximo de água: 33.46%. Precipitação acumulada 6h: 4.59 mm. Precipitação prevista 1h: 7.01 mm.,18.19,registado
1368,2,4,11,2026-05-29 07:00:00,Alerta Amarelo na área Zona Industrial. Nível máximo de água: 27.96%. Precipitação acumulada 6h: 3.38 mm. Precipitação prevista 1h: 10.86 mm.,16.31,registado
1369,3,2,6,2026-05-29 08:00:00,Alerta Laranja na área Passagem Inferior. Nível máximo de água: 59.45%. Precipitação acumulada 6h: 30.72 mm. Precipitação prevista 1h: 13.07 mm.,39.24,ativo
1370,2,4,12,2026-05-29 08:00:00,Alerta Amarelo na área Zona Industrial. Nível máximo de água: 31.29%. Precipitação acumulada 6h: 5.95 mm. Precipitação prevista 1h: 19.70 mm.,20.79,registado
1371,2,1,2,2026-05-29 09:00:00,Alerta Amarelo na área Zona Ribeirinha. Nível máximo de água: 33.83%. Precipitação acumulada 6h: 3.08 mm. Precipitação prevista 1h: 16.92 mm.,20.38,registado
1372,2,2,4,2026-05-29 09:00:00,Alerta Amarelo na área Passagem Inferior. Nível máximo de água: 62.31%. Precipitação acumulada 6h: 32.28 mm. Precipitação prevista 1h: 8.31 mm.,39.8,registado
1373,2,2,5,2026-05-29 10:00:00,Alerta Amarelo na área Passagem Inferior. Nível máximo de água: 62.17%. Precipitação acumulada 6h: 32.51 mm. Precipitação prevista 1h: 2.51 mm.,38.36,registado
1374,3,2,4,2026-05-29 11:00:00,Alerta Laranja na área Passagem Inferior. Nível máximo de água: 61.19%. Precipitação acumulada 6h: 32.51 mm. Precipitação prevista 1h: 12.56 mm.,40.43,ativo
1375,2,3,9,2026-05-29 11:00:00,Alerta Amarelo na área Centro Urbano. Nível máximo de água: 33.81%. Precipitação acumulada 6h: 1.97 mm. Precipitação prevista 1h: 13.20 mm.,19.11,registado
1376,2,4,11,2026-05-29 11:00:00,Alerta Amarelo na área Zona Industrial. Nível máximo de água: 30.10%. Precipitação acumulada 6h: 6.34 mm. Precipitação prevista 1h: 12.64 mm.,18.61,registado
1377,2,1,1,2026-05-29 12:00:00,Alerta Amarelo na área Zona Ribeirinha. Nível máximo de água: 45.50%. Precipitação acumulada 6h: 11.69 mm. Precipitação prevista 1h: 10.05 mm.,26.49,registado
1378,3,2,4,2026-05-29 12:00:00,Alerta Laranja na área Passagem Inferior. Nível máximo de água: 57.93%. Precipitação acumulada 6h: 31.91 mm. Precipitação prevista 1h: 13.04 mm.,38.9,ativo
1379,2,3,9,2026-05-29 12:00:00,Alerta Amarelo na área Centro Urbano. Nível máximo de água: 48.33%. Precipitação acumulada 6h: 20.70 mm. Precipitação prevista 1h: 20.95 mm.,33.2,registado
1380,3,4,11,2026-05-29 12:00:00,Alerta Laranja na área Zona Industrial. Nível máximo de água: 34.19%. Precipitação acumulada 6h: 9.14 mm. Precipitação prevista 1h: 22.73 mm.,23.81,ativo
1381,3,1,2,2026-05-29 13:00:00,Alerta Laranja na área Zona Ribeirinha. Nível máximo de água: 73.21%. Precipitação acumulada 6h: 38.94 mm. Precipitação prevista 1h: 21.81 mm.,50.08,ativo
1382,2,2,4,2026-05-29 13:00:00,Alerta Amarelo na área Passagem Inferior. Nível máximo de água: 50.68%. Precipitação acumulada 6h: 18.16 mm. Precipitação prevista 1h: 12.64 mm.,31.41,registado
1383,2,1,1,2026-05-29 14:00:00,Alerta Amarelo na área Zona Ribeirinha. Nível máximo de água: 65.84%. Precipitação acumulada 6h: 38.94 mm. Precipitação prevista 1h: 7.13 mm.,43.09,registado
1384,2,1,3,2026-05-29 15:00:00,Alerta Amarelo na área Zona Ribeirinha. Nível máximo de água: 65.87%. Precipitação acumulada 6h: 36.66 mm. Precipitação prevista 1h: 9.45 mm.,43,registado
1385,4,2,5,2026-05-29 15:00:00,Alerta Vermelho na área Passagem Inferior. Nível máximo de água: 68.90%. Precipitação acumulada 6h: 48.61 mm. Precipitação prevista 1h: 43.17 mm.,56.38,ativo
1386,3,1,1,2026-05-29 16:00:00,Alerta Laranja na área Zona Ribeirinha. Nível máximo de água: 65.46%. Precipitação acumulada 6h: 32.62 mm. Precipitação prevista 1h: 10.67 mm.,41.91,ativo
1387,3,2,5,2026-05-29 16:00:00,Alerta Laranja na área Passagem Inferior. Nível máximo de água: 75.42%. Precipitação acumulada 6h: 48.67 mm. Precipitação prevista 1h: 9.62 mm.,50.95,ativo
1388,3,1,3,2026-05-29 17:00:00,Alerta Laranja na área Zona Ribeirinha. Nível máximo de água: 67.14%. Precipitação acumulada 6h: 32.23 mm. Precipitação prevista 1h: 17.69 mm.,44.3,ativo
1389,3,2,4,2026-05-29 17:00:00,Alerta Laranja na área Passagem Inferior. Nível máximo de água: 75.95%. Precipitação acumulada 6h: 48.78 mm. Precipitação prevista 1h: 12.56 mm.,51.95,ativo
1390,3,2,6,2026-05-29 18:00:00,Alerta Laranja na área Passagem Inferior. Nível máximo de água: 75.83%. Precipitação acumulada 6h: 48.78 mm. Precipitação prevista 1h: 31.59 mm.,56.66,ativo
1391,2,4,11,2026-05-29 18:00:00,Alerta Amarelo na área Zona Industrial. Nível máximo de água: 31.50%. Precipitação acumulada 6h: 2.09 mm. Precipitação prevista 1h: 20.40 mm.,19.9,registado
1392,2,2,5,2026-05-29 19:00:00,Alerta Amarelo na área Passagem Inferior. Nível máximo de água: 68.33%. Precipitação acumulada 6h: 37.69 mm. Precipitação prevista 1h: 0.33 mm.,42.14,registado
1393,3,2,6,2026-05-29 20:00:00,Alerta Laranja na área Passagem Inferior. Nível máximo de água: 66.99%. Precipitação acumulada 6h: 37.56 mm. Precipitação prevista 1h: 20.49 mm.,46.54,ativo
1394,2,3,9,2026-05-29 20:00:00,Alerta Amarelo na área Centro Urbano. Nível máximo de água: 32.84%. Precipitação acumulada 6h: 4.09 mm. Precipitação prevista 1h: 14.04 mm.,19.52,registado
1395,2,2,6,2026-05-29 21:00:00,Alerta Amarelo na área Passagem Inferior. Nível máximo de água: 35.13%. Precipitação acumulada 6h: 4.30 mm. Precipitação prevista 1h: 15.92 mm.,21.08,registado
1396,3,2,5,2026-05-29 22:00:00,Alerta Laranja na área Passagem Inferior. Nível máximo de água: 67.35%. Precipitação acumulada 6h: 39.60 mm. Precipitação prevista 1h: 27.09 mm.,48.96,ativo
1397,2,3,8,2026-05-29 22:00:00,Alerta Amarelo na área Centro Urbano. Nível máximo de água: 37.25%. Precipitação acumulada 6h: 3.49 mm. Precipitação prevista 1h: 10.34 mm.,20.39,registado
1398,3,2,6,2026-05-29 23:00:00,Alerta Laranja na área Passagem Inferior. Nível máximo de água: 70.03%. Precipitação acumulada 6h: 39.49 mm. Precipitação prevista 1h: 2.44 mm.,43.97,ativo
1399,2,3,8,2026-05-29 23:00:00,Alerta Amarelo na área Centro Urbano. Nível máximo de água: 33.45%. Precipitação acumulada 6h: 2.98 mm. Precipitação prevista 1h: 10.24 mm.,18.51,registado
1400,2,1,2,2026-05-30 00:00:00,Alerta Amarelo na área Zona Ribeirinha. Nível máximo de água: 43.87%. Precipitação acumulada 6h: 2.41 mm. Precipitação prevista 1h: 13.57 mm.,23.86,registado
1401,2,2,6,2026-05-30 00:00:00,Alerta Amarelo na área Passagem Inferior. Nível máximo de água: 66.15%. Precipitação acumulada 6h: 39.55 mm. Precipitação prevista 1h: 6.32 mm.,43.21,registado
1402,2,2,4,2026-05-30 01:00:00,Alerta Amarelo na área Passagem Inferior. Nível máximo de água: 69.94%. Precipitação acumulada 6h: 38.73 mm. Precipitação prevista 1h: 8.12 mm.,45.12,registado
1403,2,4,11,2026-05-30 01:00:00,Alerta Amarelo na área Zona Industrial. Nível máximo de água: 25.79%. Precipitação acumulada 6h: 0.44 mm. Precipitação prevista 1h: 13.90 mm.,15.21,registado
1404,3,2,6,2026-05-30 02:00:00,Alerta Laranja na área Passagem Inferior. Nível máximo de água: 70.99%. Precipitação acumulada 6h: 41.00 mm. Precipitação prevista 1h: 7.74 mm.,46.18,ativo
1405,3,2,6,2026-05-30 03:00:00,Alerta Laranja na área Passagem Inferior. Nível máximo de água: 71.42%. Precipitação acumulada 6h: 41.00 mm. Precipitação prevista 1h: 0.00 mm.,44.44,ativo
1406,2,3,8,2026-05-30 03:00:00,Alerta Amarelo na área Centro Urbano. Nível máximo de água: 31.08%. Precipitação acumulada 6h: 3.15 mm. Precipitação prevista 1h: 15.12 mm.,18.71,registado
1407,2,2,5,2026-05-30 04:00:00,Alerta Amarelo na área Passagem Inferior. Nível máximo de água: 43.10%. Precipitação acumulada 6h: 4.64 mm. Precipitação prevista 1h: 18.90 mm.,25.51,registado
1408,1,1,3,2026-05-30 05:00:00,Alerta Verde na área Zona Ribeirinha. Nível máximo de água: 40.78%. Precipitação acumulada 6h: 1.27 mm. Precipitação prevista 1h: 7.39 mm.,20.58,registado
1409,2,3,9,2026-05-30 06:00:00,Alerta Amarelo na área Centro Urbano. Nível máximo de água: 29.74%. Precipitação acumulada 6h: 2.83 mm. Precipitação prevista 1h: 10.44 mm.,16.84,registado
1410,2,4,10,2026-05-30 07:00:00,Alerta Amarelo na área Zona Industrial. Nível máximo de água: 35.47%. Precipitação acumulada 6h: 6.04 mm. Precipitação prevista 1h: 12.09 mm.,20.8,registado
1411,2,1,2,2026-05-30 08:00:00,Alerta Amarelo na área Zona Ribeirinha. Nível máximo de água: 35.42%. Precipitação acumulada 6h: 1.24 mm. Precipitação prevista 1h: 13.36 mm.,19.65,registado
1412,2,3,9,2026-05-30 08:00:00,Alerta Amarelo na área Centro Urbano. Nível máximo de água: 42.86%. Precipitação acumulada 6h: 16.35 mm. Precipitação prevista 1h: 16.54 mm.,28.33,registado
1413,2,4,12,2026-05-30 08:00:00,Alerta Amarelo na área Zona Industrial. Nível máximo de água: 32.36%. Precipitação acumulada 6h: 6.04 mm. Precipitação prevista 1h: 13.89 mm.,19.85,registado
1414,4,1,2,2026-05-30 09:00:00,Alerta Vermelho na área Zona Ribeirinha. Nível máximo de água: 61.36%. Precipitação acumulada 6h: 29.81 mm. Precipitação prevista 1h: 43.58 mm.,47.45,ativo
1415,2,4,10,2026-05-30 09:00:00,Alerta Amarelo na área Zona Industrial. Nível máximo de água: 28.82%. Precipitação acumulada 6h: 5.04 mm. Precipitação prevista 1h: 18.66 mm.,19.15,registado
1416,3,1,1,2026-05-30 10:00:00,Alerta Laranja na área Zona Ribeirinha. Nível máximo de água: 63.66%. Precipitação acumulada 6h: 30.11 mm. Precipitação prevista 1h: 16.46 mm.,41.8,ativo
1417,2,2,6,2026-05-30 10:00:00,Alerta Amarelo na área Passagem Inferior. Nível máximo de água: 37.82%. Precipitação acumulada 6h: 4.25 mm. Precipitação prevista 1h: 19.58 mm.,23.19,registado
1418,2,4,11,2026-05-30 10:00:00,Alerta Amarelo na área Zona Industrial. Nível máximo de água: 41.68%. Precipitação acumulada 6h: 18.97 mm. Precipitação prevista 1h: 18.00 mm.,28.95,registado
1419,2,2,5,2026-05-30 11:00:00,Alerta Amarelo na área Passagem Inferior. Nível máximo de água: 37.81%. Precipitação acumulada 6h: 3.42 mm. Precipitação prevista 1h: 11.05 mm.,20.8,registado
1420,2,1,3,2026-05-30 12:00:00,Alerta Amarelo na área Zona Ribeirinha. Nível máximo de água: 60.20%. Precipitação acumulada 6h: 30.38 mm. Precipitação prevista 1h: 2.18 mm.,36.75,registado
1421,1,2,6,2026-05-30 12:00:00,Alerta Verde na área Passagem Inferior. Nível máximo de água: 37.94%. Precipitação acumulada 6h: 3.16 mm. Precipitação prevista 1h: 0.00 mm.,18.02,registado
1422,2,1,2,2026-05-30 13:00:00,Alerta Amarelo na área Zona Ribeirinha. Nível máximo de água: 67.19%. Precipitação acumulada 6h: 30.53 mm. Precipitação prevista 1h: 0.00 mm.,39.39,registado
1423,2,3,8,2026-05-30 13:00:00,Alerta Amarelo na área Centro Urbano. Nível máximo de água: 43.54%. Precipitação acumulada 6h: 17.45 mm. Precipitação prevista 1h: 18.35 mm.,29.42,registado
1424,2,4,10,2026-05-30 13:00:00,Alerta Amarelo na área Zona Industrial. Nível máximo de água: 40.47%. Precipitação acumulada 6h: 15.11 mm. Precipitação prevista 1h: 12.24 mm.,25.8,registado
1425,2,1,2,2026-05-30 14:00:00,Alerta Amarelo na área Zona Ribeirinha. Nível máximo de água: 67.72%. Precipitação acumulada 6h: 31.59 mm. Precipitação prevista 1h: 9.68 mm.,42.37,registado
1426,3,4,12,2026-05-30 14:00:00,Alerta Laranja na área Zona Industrial. Nível máximo de água: 56.60%. Precipitação acumulada 6h: 37.10 mm. Precipitação prevista 1h: 30.35 mm.,44.19,ativo
1427,2,4,10,2026-05-30 15:00:00,Alerta Amarelo na área Zona Industrial. Nível máximo de água: 59.24%. Precipitação acumulada 6h: 38.44 mm. Precipitação prevista 1h: 7.40 mm.,40.04,registado
1428,2,3,9,2026-05-30 16:00:00,Alerta Amarelo na área Centro Urbano. Nível máximo de água: 31.72%. Precipitação acumulada 6h: 1.20 mm. Precipitação prevista 1h: 10.23 mm.,17.19,registado
1429,2,1,2,2026-05-30 17:00:00,Alerta Amarelo na área Zona Ribeirinha. Nível máximo de água: 36.13%. Precipitação acumulada 6h: 3.59 mm. Precipitação prevista 1h: 16.93 mm.,21.57,registado
1430,3,3,9,2026-05-30 17:00:00,Alerta Laranja na área Centro Urbano. Nível máximo de água: 35.34%. Precipitação acumulada 6h: 1.20 mm. Precipitação prevista 1h: 21.88 mm.,21.73,ativo
1431,2,4,10,2026-05-30 18:00:00,Alerta Amarelo na área Zona Industrial. Nível máximo de água: 46.53%. Precipitação acumulada 6h: 24.17 mm. Precipitação prevista 1h: 16.36 mm.,32.28,registado
1432,2,1,3,2026-05-30 19:00:00,Alerta Amarelo na área Zona Ribeirinha. Nível máximo de água: 42.18%. Precipitação acumulada 6h: 5.73 mm. Precipitação prevista 1h: 10.04 mm.,23.21,registado
1433,2,2,6,2026-05-30 19:00:00,Alerta Amarelo na área Passagem Inferior. Nível máximo de água: 39.96%. Precipitação acumulada 6h: 5.27 mm. Precipitação prevista 1h: 18.71 mm.,24.24,registado
1434,1,4,10,2026-05-30 19:00:00,Alerta Verde na área Zona Industrial. Nível máximo de água: 49.32%. Precipitação acumulada 6h: 23.69 mm. Precipitação prevista 1h: 0.52 mm.,29.43,registado
1435,4,2,5,2026-05-30 20:00:00,Alerta Vermelho na área Passagem Inferior. Nível máximo de água: 88.82%. Precipitação acumulada 6h: 64.86 mm. Precipitação prevista 1h: 52.31 mm.,72.5,ativo
1436,4,2,5,2026-05-30 21:00:00,Alerta Vermelho na área Passagem Inferior. Nível máximo de água: 90.14%. Precipitação acumulada 6h: 64.86 mm. Precipitação prevista 1h: 24.31 mm.,66.1,ativo
1437,4,2,5,2026-05-30 22:00:00,Alerta Vermelho na área Passagem Inferior. Nível máximo de água: 92.47%. Precipitação acumulada 6h: 64.28 mm. Precipitação prevista 1h: 0.00 mm.,60.9,ativo
1438,2,4,10,2026-05-30 22:00:00,Alerta Amarelo na área Zona Industrial. Nível máximo de água: 31.75%. Precipitação acumulada 6h: 4.12 mm. Precipitação prevista 1h: 20.25 mm.,20.59,registado
1439,4,2,6,2026-05-30 23:00:00,Alerta Vermelho na área Passagem Inferior. Nível máximo de água: 88.66%. Precipitação acumulada 6h: 64.28 mm. Precipitação prevista 1h: 7.58 mm.,61.08,ativo
1440,3,1,1,2026-05-31 00:00:00,Alerta Laranja na área Zona Ribeirinha. Nível máximo de água: 71.23%. Precipitação acumulada 6h: 43.86 mm. Precipitação prevista 1h: 25.62 mm.,51.62,ativo
1441,4,2,6,2026-05-31 00:00:00,Alerta Vermelho na área Passagem Inferior. Nível máximo de água: 91.38%. Precipitação acumulada 6h: 62.43 mm. Precipitação prevista 1h: 0.00 mm.,59.85,ativo
1442,2,3,7,2026-05-31 00:00:00,Alerta Amarelo na área Centro Urbano. Nível máximo de água: 46.92%. Precipitação acumulada 6h: 25.06 mm. Precipitação prevista 1h: 11.31 mm.,31.46,registado
1443,3,1,1,2026-05-31 01:00:00,Alerta Laranja na área Zona Ribeirinha. Nível máximo de água: 72.12%. Precipitação acumulada 6h: 40.27 mm. Precipitação prevista 1h: 17.46 mm.,48.9,ativo
1444,4,2,5,2026-05-31 01:00:00,Alerta Vermelho na área Passagem Inferior. Nível máximo de água: 88.30%. Precipitação acumulada 6h: 63.79 mm. Precipitação prevista 1h: 0.82 mm.,59.08,ativo
1445,3,3,9,2026-05-31 01:00:00,Alerta Laranja na área Centro Urbano. Nível máximo de água: 71.12%. Precipitação acumulada 6h: 45.40 mm. Precipitação prevista 1h: 22.33 mm.,51.21,ativo
1446,2,4,11,2026-05-31 01:00:00,Alerta Amarelo na área Zona Industrial. Nível máximo de água: 32.12%. Precipitação acumulada 6h: 7.03 mm. Precipitação prevista 1h: 11.94 mm.,19.55,registado
1447,3,1,3,2026-05-31 02:00:00,Alerta Laranja na área Zona Ribeirinha. Nível máximo de água: 75.64%. Precipitação acumulada 6h: 39.41 mm. Precipitação prevista 1h: 0.00 mm.,45.86,ativo
1448,2,2,5,2026-05-31 02:00:00,Alerta Amarelo na área Passagem Inferior. Nível máximo de água: 41.43%. Precipitação acumulada 6h: 2.16 mm. Precipitação prevista 1h: 10.69 mm.,21.96,registado
1449,3,3,9,2026-05-31 02:00:00,Alerta Laranja na área Centro Urbano. Nível máximo de água: 65.13%. Precipitação acumulada 6h: 44.01 mm. Precipitação prevista 1h: 6.02 mm.,44.02,ativo
1450,3,1,2,2026-05-31 03:00:00,Alerta Laranja na área Zona Ribeirinha. Nível máximo de água: 71.74%. Precipitação acumulada 6h: 39.41 mm. Precipitação prevista 1h: 9.71 mm.,46.53,ativo
1451,4,3,8,2026-05-31 03:00:00,Alerta Vermelho na área Centro Urbano. Nível máximo de água: 84.69%. Precipitação acumulada 6h: 64.44 mm. Precipitação prevista 1h: 35.59 mm.,66.34,ativo
1452,4,4,12,2026-05-31 03:00:00,Alerta Vermelho na área Zona Industrial. Nível máximo de água: 52.44%. Precipitação acumulada 6h: 33.27 mm. Precipitação prevista 1h: 44.68 mm.,44.75,ativo
1453,3,1,1,2026-05-31 04:00:00,Alerta Laranja na área Zona Ribeirinha. Nível máximo de água: 66.94%. Precipitação acumulada 6h: 38.26 mm. Precipitação prevista 1h: 10.71 mm.,44.28,ativo
1454,3,2,4,2026-05-31 04:00:00,Alerta Laranja na área Passagem Inferior. Nível máximo de água: 33.24%. Precipitação acumulada 6h: 2.16 mm. Precipitação prevista 1h: 28.12 mm.,22.64,ativo
1455,4,3,9,2026-05-31 04:00:00,Alerta Vermelho na área Centro Urbano. Nível máximo de água: 84.28%. Precipitação acumulada 6h: 63.80 mm. Precipitação prevista 1h: 4.87 mm.,58.28,ativo
1456,2,4,10,2026-05-31 04:00:00,Alerta Amarelo na área Zona Industrial. Nível máximo de água: 51.23%. Precipitação acumulada 6h: 33.00 mm. Precipitação prevista 1h: 5.81 mm.,34.41,registado
1457,3,1,2,2026-05-31 05:00:00,Alerta Laranja na área Zona Ribeirinha. Nível máximo de água: 72.27%. Precipitação acumulada 6h: 39.13 mm. Precipitação prevista 1h: 3.25 mm.,45.07,ativo
1458,4,3,9,2026-05-31 05:00:00,Alerta Vermelho na área Centro Urbano. Nível máximo de água: 82.49%. Precipitação acumulada 6h: 64.08 mm. Precipitação prevista 1h: 3.47 mm.,57.21,ativo
1459,3,4,11,2026-05-31 05:00:00,Alerta Laranja na área Zona Industrial. Nível máximo de água: 60.84%. Precipitação acumulada 6h: 33.86 mm. Precipitação prevista 1h: 10.21 mm.,40.09,ativo
1460,1,2,6,2026-05-31 06:00:00,Alerta Verde na área Passagem Inferior. Nível máximo de água: 35.86%. Precipitação acumulada 6h: 2.76 mm. Precipitação prevista 1h: 0.97 mm.,17.21,registado
1461,3,3,7,2026-05-31 06:00:00,Alerta Laranja na área Centro Urbano. Nível máximo de água: 67.53%. Precipitação acumulada 6h: 41.43 mm. Precipitação prevista 1h: 0.00 mm.,42.82,ativo
1462,3,4,11,2026-05-31 06:00:00,Alerta Laranja na área Zona Industrial. Nível máximo de água: 58.04%. Precipitação acumulada 6h: 34.47 mm. Precipitação prevista 1h: 26.62 mm.,43.11,ativo
1463,2,2,5,2026-05-31 07:00:00,Alerta Amarelo na área Passagem Inferior. Nível máximo de água: 36.50%. Precipitação acumulada 6h: 2.09 mm. Precipitação prevista 1h: 15.06 mm.,20.82,registado
1464,2,4,10,2026-05-31 07:00:00,Alerta Amarelo na área Zona Industrial. Nível máximo de água: 52.89%. Precipitação acumulada 6h: 31.20 mm. Precipitação prevista 1h: 8.31 mm.,35.24,registado
1465,2,1,2,2026-05-31 08:00:00,Alerta Amarelo na área Zona Ribeirinha. Nível máximo de água: 38.59%. Precipitação acumulada 6h: 0.87 mm. Precipitação prevista 1h: 13.26 mm.,20.94,registado
1466,2,2,6,2026-05-31 08:00:00,Alerta Amarelo na área Passagem Inferior. Nível máximo de água: 35.86%. Precipitação acumulada 6h: 3.36 mm. Precipitação prevista 1h: 13.89 mm.,20.62,registado
1467,2,3,9,2026-05-31 08:00:00,Alerta Amarelo na área Centro Urbano. Nível máximo de água: 51.81%. Precipitação acumulada 6h: 22.26 mm. Precipitação prevista 1h: 16.07 mm.,34.01,registado
1468,2,4,10,2026-05-31 08:00:00,Alerta Amarelo na área Zona Industrial. Nível máximo de água: 55.62%. Precipitação acumulada 6h: 31.54 mm. Precipitação prevista 1h: 0.00 mm.,34.49,registado
1469,1,4,10,2026-05-31 09:00:00,Alerta Verde na área Zona Industrial. Nível máximo de água: 27.96%. Precipitação acumulada 6h: 1.81 mm. Precipitação prevista 1h: 0.00 mm.,13.13,registado
1470,2,3,7,2026-05-31 10:00:00,Alerta Amarelo na área Centro Urbano. Nível máximo de água: 36.57%. Precipitação acumulada 6h: 2.68 mm. Precipitação prevista 1h: 19.44 mm.,22.12,registado
1471,2,4,10,2026-05-31 10:00:00,Alerta Amarelo na área Zona Industrial. Nível máximo de água: 47.45%. Precipitação acumulada 6h: 17.42 mm. Precipitação prevista 1h: 14.98 mm.,30.32,registado
1472,4,3,9,2026-05-31 11:00:00,Alerta Vermelho na área Centro Urbano. Nível máximo de água: 72.14%. Precipitação acumulada 6h: 54.42 mm. Precipitação prevista 1h: 55.94 mm.,62.77,ativo
1473,2,4,12,2026-05-31 11:00:00,Alerta Amarelo na área Zona Industrial. Nível máximo de água: 38.73%. Precipitação acumulada 6h: 16.56 mm. Precipitação prevista 1h: 10.90 mm.,25.12,registado
1474,3,1,1,2026-05-31 12:00:00,Alerta Laranja na área Zona Ribeirinha. Nível máximo de água: 52.25%. Precipitação acumulada 6h: 21.68 mm. Precipitação prevista 1h: 24.03 mm.,36.02,ativo
1475,4,2,6,2026-05-31 12:00:00,Alerta Vermelho na área Passagem Inferior. Nível máximo de água: 56.71%. Precipitação acumulada 6h: 27.91 mm. Precipitação prevista 1h: 40.83 mm.,44.1,ativo
1476,3,3,9,2026-05-31 12:00:00,Alerta Laranja na área Centro Urbano. Nível máximo de água: 75.63%. Precipitação acumulada 6h: 54.42 mm. Precipitação prevista 1h: 0.00 mm.,50.36,ativo
1477,3,3,7,2026-05-31 13:00:00,Alerta Laranja na área Centro Urbano. Nível máximo de água: 77.09%. Precipitação acumulada 6h: 54.97 mm. Precipitação prevista 1h: 0.00 mm.,51.18,ativo
1478,4,1,2,2026-05-31 14:00:00,Alerta Vermelho na área Zona Ribeirinha. Nível máximo de água: 84.04%. Precipitação acumulada 6h: 55.20 mm. Precipitação prevista 1h: 44.35 mm.,65.47,ativo
1479,4,3,7,2026-05-31 14:00:00,Alerta Vermelho na área Centro Urbano. Nível máximo de água: 100.00%. Precipitação acumulada 6h: 101.55 mm. Precipitação prevista 1h: 39.14 mm.,78.79,ativo
1480,3,1,2,2026-05-31 15:00:00,Alerta Laranja na área Zona Ribeirinha. Nível máximo de água: 79.03%. Precipitação acumulada 6h: 50.78 mm. Precipitação prevista 1h: 14.58 mm.,54.44,ativo
1481,3,2,4,2026-05-31 15:00:00,Alerta Laranja na área Passagem Inferior. Nível máximo de água: 56.21%. Precipitação acumulada 6h: 30.06 mm. Precipitação prevista 1h: 24.75 mm.,40.5,ativo
1482,4,3,7,2026-05-31 15:00:00,Alerta Vermelho na área Centro Urbano. Nível máximo de água: 100.00%. Precipitação acumulada 6h: 102.35 mm. Precipitação prevista 1h: 18.25 mm.,73.56,ativo
1483,3,1,2,2026-05-31 16:00:00,Alerta Laranja na área Zona Ribeirinha. Nível máximo de água: 80.03%. Precipitação acumulada 6h: 50.78 mm. Precipitação prevista 1h: 7.66 mm.,53.16,ativo
1484,2,2,5,2026-05-31 16:00:00,Alerta Amarelo na área Passagem Inferior. Nível máximo de água: 61.78%. Precipitação acumulada 6h: 30.06 mm. Precipitação prevista 1h: 8.04 mm.,38.83,registado
1485,4,3,7,2026-05-31 16:00:00,Alerta Vermelho na área Centro Urbano. Nível máximo de água: 100.00%. Precipitação acumulada 6h: 102.64 mm. Precipitação prevista 1h: 4.19 mm.,70.05,ativo
1486,3,1,2,2026-05-31 17:00:00,Alerta Laranja na área Zona Ribeirinha. Nível máximo de água: 80.26%. Precipitação acumulada 6h: 50.35 mm. Precipitação prevista 1h: 18.81 mm.,55.92,ativo
1487,2,2,4,2026-05-31 17:00:00,Alerta Amarelo na área Passagem Inferior. Nível máximo de água: 61.04%. Precipitação acumulada 6h: 28.94 mm. Precipitação prevista 1h: 11.02 mm.,38.91,registado
1488,3,3,8,2026-05-31 17:00:00,Alerta Laranja na área Centro Urbano. Nível máximo de água: 78.73%. Precipitação acumulada 6h: 50.62 mm. Precipitação prevista 1h: 4.88 mm.,51.83,ativo
1489,2,4,12,2026-05-31 17:00:00,Alerta Amarelo na área Zona Industrial. Nível máximo de água: 28.71%. Precipitação acumulada 6h: 0.15 mm. Precipitação prevista 1h: 10.10 mm.,15.49,registado
1490,3,1,3,2026-05-31 18:00:00,Alerta Laranja na área Zona Ribeirinha. Nível máximo de água: 70.97%. Precipitação acumulada 6h: 35.22 mm. Precipitação prevista 1h: 4.72 mm.,43.68,ativo
1491,3,3,9,2026-05-31 18:00:00,Alerta Laranja na área Centro Urbano. Nível máximo de água: 76.02%. Precipitação acumulada 6h: 51.30 mm. Precipitação prevista 1h: 1.24 mm.,49.91,ativo
1492,2,4,12,2026-05-31 18:00:00,Alerta Amarelo na área Zona Industrial. Nível máximo de água: 29.26%. Precipitação acumulada 6h: 2.09 mm. Precipitação prevista 1h: 12.44 mm.,16.9,registado
1493,2,1,2,2026-05-31 19:00:00,Alerta Amarelo na área Zona Ribeirinha. Nível máximo de água: 65.71%. Precipitação acumulada 6h: 34.90 mm. Precipitação prevista 1h: 0.77 mm.,40.23,registado
1494,2,2,5,2026-05-31 19:00:00,Alerta Amarelo na área Passagem Inferior. Nível máximo de água: 37.88%. Precipitação acumulada 6h: 6.25 mm. Precipitação prevista 1h: 11.35 mm.,21.76,registado
1495,3,3,7,2026-05-31 19:00:00,Alerta Laranja na área Centro Urbano. Nível máximo de água: 69.96%. Precipitação acumulada 6h: 51.15 mm. Precipitação prevista 1h: 0.00 mm.,46.83,ativo
1496,2,3,9,2026-05-31 20:00:00,Alerta Amarelo na área Centro Urbano. Nível máximo de água: 36.37%. Precipitação acumulada 6h: 3.40 mm. Precipitação prevista 1h: 19.85 mm.,22.35,registado
1497,3,1,2,2026-05-31 21:00:00,Alerta Laranja na área Zona Ribeirinha. Nível máximo de água: 40.52%. Precipitação acumulada 6h: 5.62 mm. Precipitação prevista 1h: 27.49 mm.,26.79,ativo
1498,2,3,7,2026-05-31 21:00:00,Alerta Amarelo na área Centro Urbano. Nível máximo de água: 35.19%. Precipitação acumulada 6h: 2.79 mm. Precipitação prevista 1h: 10.39 mm.,19.27,registado
1499,3,2,4,2026-05-31 23:00:00,Alerta Laranja na área Passagem Inferior. Nível máximo de água: 65.04%. Precipitação acumulada 6h: 39.68 mm. Precipitação prevista 1h: 33.22 mm.,49.48,ativo
1500,3,2,4,2026-06-01 00:00:00,Alerta Laranja na área Passagem Inferior. Nível máximo de água: 66.14%. Precipitação acumulada 6h: 39.68 mm. Precipitação prevista 1h: 21.88 mm.,47.14,ativo
1501,2,3,9,2026-06-01 00:00:00,Alerta Amarelo na área Centro Urbano. Nível máximo de água: 34.55%. Precipitação acumulada 6h: 2.29 mm. Precipitação prevista 1h: 19.68 mm.,21.15,registado
1502,4,1,2,2026-06-01 01:00:00,Alerta Vermelho na área Zona Ribeirinha. Nível máximo de água: 69.20%. Precipitação acumulada 6h: 35.69 mm. Precipitação prevista 1h: 44.03 mm.,52.85,ativo
1503,3,2,4,2026-06-01 01:00:00,Alerta Laranja na área Passagem Inferior. Nível máximo de água: 70.83%. Precipitação acumulada 6h: 38.07 mm. Precipitação prevista 1h: 4.59 mm.,44.44,ativo
1504,4,1,1,2026-06-01 02:00:00,Alerta Vermelho na área Zona Ribeirinha. Nível máximo de água: 100.00%. Precipitação acumulada 6h: 98.83 mm. Precipitação prevista 1h: 69.01 mm.,84,ativo
1505,3,2,6,2026-06-01 02:00:00,Alerta Laranja na área Passagem Inferior. Nível máximo de água: 65.92%. Precipitação acumulada 6h: 35.31 mm. Precipitação prevista 1h: 17.82 mm.,44.71,ativo
1506,3,3,7,2026-06-01 02:00:00,Alerta Laranja na área Centro Urbano. Nível máximo de água: 61.75%. Precipitação acumulada 6h: 39.07 mm. Precipitação prevista 1h: 32.49 mm.,47.63,ativo
1507,3,4,11,2026-06-01 02:00:00,Alerta Laranja na área Zona Industrial. Nível máximo de água: 32.52%. Precipitação acumulada 6h: 3.61 mm. Precipitação prevista 1h: 22.20 mm.,21.27,ativo
1508,4,1,1,2026-06-01 03:00:00,Alerta Vermelho na área Zona Ribeirinha. Nível máximo de água: 100.00%. Precipitação acumulada 6h: 98.49 mm. Precipitação prevista 1h: 4.62 mm.,70.16,ativo
1509,2,2,6,2026-06-01 03:00:00,Alerta Amarelo na área Passagem Inferior. Nível máximo de água: 64.25%. Precipitação acumulada 6h: 35.31 mm. Precipitação prevista 1h: 6.55 mm.,41.14,registado
1510,4,3,8,2026-06-01 03:00:00,Alerta Vermelho na área Centro Urbano. Nível máximo de água: 99.75%. Precipitação acumulada 6h: 83.40 mm. Precipitação prevista 1h: 44.24 mm.,79.95,ativo
1511,3,4,10,2026-06-01 03:00:00,Alerta Laranja na área Zona Industrial. Nível máximo de água: 49.72%. Precipitação acumulada 6h: 33.17 mm. Precipitação prevista 1h: 33.73 mm.,40.76,ativo
1512,4,1,1,2026-06-01 04:00:00,Alerta Vermelho na área Zona Ribeirinha. Nível máximo de água: 100.00%. Precipitação acumulada 6h: 100.79 mm. Precipitação prevista 1h: 24.71 mm.,75.18,ativo
1513,3,2,5,2026-06-01 04:00:00,Alerta Laranja na área Passagem Inferior. Nível máximo de água: 63.70%. Precipitação acumulada 6h: 33.34 mm. Precipitação prevista 1h: 28.53 mm.,45.8,ativo
1514,4,3,7,2026-06-01 04:00:00,Alerta Vermelho na área Centro Urbano. Nível máximo de água: 100.00%. Precipitação acumulada 6h: 83.40 mm. Precipitação prevista 1h: 0.00 mm.,69,ativo
1515,3,4,12,2026-06-01 04:00:00,Alerta Laranja na área Zona Industrial. Nível máximo de água: 60.81%. Precipitação acumulada 6h: 44.04 mm. Precipitação prevista 1h: 8.14 mm.,42.61,ativo
1516,4,1,1,2026-06-01 05:00:00,Alerta Vermelho na área Zona Ribeirinha. Nível máximo de água: 100.00%. Precipitação acumulada 6h: 100.89 mm. Precipitação prevista 1h: 0.00 mm.,69,ativo
1517,2,2,6,2026-06-01 05:00:00,Alerta Amarelo na área Passagem Inferior. Nível máximo de água: 44.04%. Precipitação acumulada 6h: 0.80 mm. Precipitação prevista 1h: 10.19 mm.,22.61,registado
1518,4,3,7,2026-06-01 05:00:00,Alerta Vermelho na área Centro Urbano. Nível máximo de água: 100.00%. Precipitação acumulada 6h: 83.56 mm. Precipitação prevista 1h: 0.00 mm.,69,ativo
1519,3,4,11,2026-06-01 05:00:00,Alerta Laranja na área Zona Industrial. Nível máximo de água: 64.59%. Precipitação acumulada 6h: 44.27 mm. Precipitação prevista 1h: 0.00 mm.,42.35,ativo
1520,4,1,1,2026-06-01 06:00:00,Alerta Vermelho na área Zona Ribeirinha. Nível máximo de água: 100.00%. Precipitação acumulada 6h: 100.89 mm. Precipitação prevista 1h: 6.21 mm.,70.55,ativo
1521,4,3,7,2026-06-01 06:00:00,Alerta Vermelho na área Centro Urbano. Nível máximo de água: 100.00%. Precipitação acumulada 6h: 129.12 mm. Precipitação prevista 1h: 35.22 mm.,77.81,ativo
1522,3,4,10,2026-06-01 06:00:00,Alerta Laranja na área Zona Industrial. Nível máximo de água: 67.26%. Precipitação acumulada 6h: 45.19 mm. Precipitação prevista 1h: 3.40 mm.,44.67,ativo
1523,4,1,1,2026-06-01 07:00:00,Alerta Vermelho na área Zona Ribeirinha. Nível máximo de água: 99.06%. Precipitação acumulada 6h: 69.18 mm. Precipitação prevista 1h: 14.14 mm.,68.87,ativo
1524,2,2,4,2026-06-01 07:00:00,Alerta Amarelo na área Passagem Inferior. Nível máximo de água: 40.05%. Precipitação acumulada 6h: 1.90 mm. Precipitação prevista 1h: 10.66 mm.,21.26,registado
1525,4,3,7,2026-06-01 07:00:00,Alerta Vermelho na área Centro Urbano. Nível máximo de água: 100.00%. Precipitação acumulada 6h: 126.95 mm. Precipitação prevista 1h: 0.00 mm.,69,ativo
1526,3,4,11,2026-06-01 07:00:00,Alerta Laranja na área Zona Industrial. Nível máximo de água: 66.51%. Precipitação acumulada 6h: 45.53 mm. Precipitação prevista 1h: 7.69 mm.,45.51,ativo
1527,2,2,4,2026-06-01 08:00:00,Alerta Amarelo na área Passagem Inferior. Nível máximo de água: 38.28%. Precipitação acumulada 6h: 1.90 mm. Precipitação prevista 1h: 13.30 mm.,21.12,registado
1528,4,3,7,2026-06-01 08:00:00,Alerta Vermelho na área Centro Urbano. Nível máximo de água: 100.00%. Precipitação acumulada 6h: 92.99 mm. Precipitação prevista 1h: 11.59 mm.,71.9,ativo
1529,4,4,11,2026-06-01 08:00:00,Alerta Vermelho na área Zona Industrial. Nível máximo de água: 86.37%. Precipitação acumulada 6h: 61.95 mm. Precipitação prevista 1h: 9.80 mm.,59.9,ativo
1530,3,3,7,2026-06-01 09:00:00,Alerta Laranja na área Centro Urbano. Nível máximo de água: 72.92%. Precipitação acumulada 6h: 47.32 mm. Precipitação prevista 1h: 9.66 mm.,49.43,ativo
1531,2,4,12,2026-06-01 09:00:00,Alerta Amarelo na área Zona Industrial. Nível máximo de água: 56.13%. Precipitação acumulada 6h: 33.98 mm. Precipitação prevista 1h: 5.83 mm.,36.91,registado
1532,3,3,9,2026-06-01 10:00:00,Alerta Laranja na área Centro Urbano. Nível máximo de água: 73.86%. Precipitação acumulada 6h: 47.32 mm. Precipitação prevista 1h: 0.85 mm.,47.65,ativo
1533,3,1,2,2026-06-01 11:00:00,Alerta Laranja na área Zona Ribeirinha. Nível máximo de água: 40.43%. Precipitação acumulada 6h: 1.74 mm. Precipitação prevista 1h: 21.60 mm.,24.12,ativo
1534,2,2,6,2026-06-01 11:00:00,Alerta Amarelo na área Passagem Inferior. Nível máximo de água: 37.47%. Precipitação acumulada 6h: 3.41 mm. Precipitação prevista 1h: 18.35 mm.,22.47,registado
1535,3,3,7,2026-06-01 11:00:00,Alerta Laranja na área Centro Urbano. Nível máximo de água: 71.56%. Precipitação acumulada 6h: 47.44 mm. Precipitação prevista 1h: 0.00 mm.,46.43,ativo
1536,3,4,10,2026-06-01 12:00:00,Alerta Laranja na área Zona Industrial. Nível máximo de água: 50.66%. Precipitação acumulada 6h: 24.63 mm. Precipitação prevista 1h: 23.39 mm.,36.03,ativo
1537,2,2,6,2026-06-01 14:00:00,Alerta Amarelo na área Passagem Inferior. Nível máximo de água: 34.46%. Precipitação acumulada 6h: 2.06 mm. Precipitação prevista 1h: 10.29 mm.,18.7,registado
1538,3,4,10,2026-06-01 14:00:00,Alerta Laranja na área Zona Industrial. Nível máximo de água: 36.11%. Precipitação acumulada 6h: 8.06 mm. Precipitação prevista 1h: 26.95 mm.,25.41,ativo
1539,2,1,2,2026-06-01 15:00:00,Alerta Amarelo na área Zona Ribeirinha. Nível máximo de água: 38.16%. Precipitação acumulada 6h: 1.11 mm. Precipitação prevista 1h: 12.43 mm.,20.61,registado
1540,2,3,7,2026-06-01 15:00:00,Alerta Amarelo na área Centro Urbano. Nível máximo de água: 30.91%. Precipitação acumulada 6h: 1.76 mm. Precipitação prevista 1h: 20.67 mm.,19.61,registado
1541,2,4,12,2026-06-01 15:00:00,Alerta Amarelo na área Zona Industrial. Nível máximo de água: 33.93%. Precipitação acumulada 6h: 4.55 mm. Precipitação prevista 1h: 14.49 mm.,20.26,registado
1542,2,2,5,2026-06-01 16:00:00,Alerta Amarelo na área Passagem Inferior. Nível máximo de água: 28.24%. Precipitação acumulada 6h: 1.38 mm. Precipitação prevista 1h: 10.48 mm.,15.74,registado
1543,3,3,7,2026-06-01 16:00:00,Alerta Laranja na área Centro Urbano. Nível máximo de água: 32.66%. Precipitação acumulada 6h: 3.31 mm. Precipitação prevista 1h: 29.02 mm.,22.95,ativo
1544,2,1,1,2026-06-01 17:00:00,Alerta Amarelo na área Zona Ribeirinha. Nível máximo de água: 43.33%. Precipitação acumulada 6h: 3.44 mm. Precipitação prevista 1h: 16.50 mm.,24.66,registado
1545,2,2,6,2026-06-01 17:00:00,Alerta Amarelo na área Passagem Inferior. Nível máximo de água: 34.23%. Precipitação acumulada 6h: 2.77 mm. Precipitação prevista 1h: 11.14 mm.,19.02,registado
1546,2,4,12,2026-06-01 17:00:00,Alerta Amarelo na área Zona Industrial. Nível máximo de água: 45.21%. Precipitação acumulada 6h: 24.24 mm. Precipitação prevista 1h: 15.44 mm.,31.48,registado
1547,2,1,1,2026-06-01 18:00:00,Alerta Amarelo na área Zona Ribeirinha. Nível máximo de água: 39.33%. Precipitação acumulada 6h: 2.49 mm. Precipitação prevista 1h: 10.44 mm.,21.06,registado
1548,2,3,7,2026-06-01 18:00:00,Alerta Amarelo na área Centro Urbano. Nível máximo de água: 33.15%. Precipitação acumulada 6h: 2.48 mm. Precipitação prevista 1h: 10.37 mm.,18.25,registado
1549,2,4,11,2026-06-01 18:00:00,Alerta Amarelo na área Zona Industrial. Nível máximo de água: 48.59%. Precipitação acumulada 6h: 22.97 mm. Precipitação prevista 1h: 13.13 mm.,32.04,registado
1550,1,4,12,2026-06-01 19:00:00,Alerta Verde na área Zona Industrial. Nível máximo de água: 49.80%. Precipitação acumulada 6h: 22.62 mm. Precipitação prevista 1h: 9.46 mm.,31.56,registado
1551,2,1,3,2026-06-01 20:00:00,Alerta Amarelo na área Zona Ribeirinha. Nível máximo de água: 54.02%. Precipitação acumulada 6h: 20.55 mm. Precipitação prevista 1h: 15.70 mm.,34.4,registado
1552,2,1,3,2026-06-01 21:00:00,Alerta Amarelo na área Zona Ribeirinha. Nível máximo de água: 50.46%. Precipitação acumulada 6h: 20.42 mm. Precipitação prevista 1h: 12.03 mm.,31.84,registado
1553,2,3,7,2026-06-01 22:00:00,Alerta Amarelo na área Centro Urbano. Nível máximo de água: 38.87%. Precipitação acumulada 6h: 2.71 mm. Precipitação prevista 1h: 11.21 mm.,21.11,registado
1554,2,4,12,2026-06-01 22:00:00,Alerta Amarelo na área Zona Industrial. Nível máximo de água: 47.18%. Precipitação acumulada 6h: 21.76 mm. Precipitação prevista 1h: 15.37 mm.,31.6,registado
1555,3,3,7,2026-06-01 23:00:00,Alerta Laranja na área Centro Urbano. Nível máximo de água: 54.21%. Precipitação acumulada 6h: 30.42 mm. Precipitação prevista 1h: 20.99 mm.,38.77,ativo
1556,2,4,10,2026-06-01 23:00:00,Alerta Amarelo na área Zona Industrial. Nível máximo de água: 30.21%. Precipitação acumulada 6h: 4.67 mm. Precipitação prevista 1h: 15.11 mm.,18.77,registado
1557,3,3,9,2026-06-02 00:00:00,Alerta Laranja na área Centro Urbano. Nível máximo de água: 70.23%. Precipitação acumulada 6h: 44.95 mm. Precipitação prevista 1h: 2.06 mm.,45.6,ativo
1558,2,2,6,2026-06-02 01:00:00,Alerta Amarelo na área Passagem Inferior. Nível máximo de água: 36.95%. Precipitação acumulada 6h: 6.87 mm. Precipitação prevista 1h: 17.39 mm.,23.04,registado
1559,3,3,7,2026-06-02 01:00:00,Alerta Laranja na área Centro Urbano. Nível máximo de água: 68.80%. Precipitação acumulada 6h: 45.04 mm. Precipitação prevista 1h: 10.67 mm.,47.14,ativo
1560,2,1,3,2026-06-02 02:00:00,Alerta Amarelo na área Zona Ribeirinha. Nível máximo de água: 35.81%. Precipitação acumulada 6h: 2.13 mm. Precipitação prevista 1h: 10.54 mm.,19.39,registado
1561,2,2,6,2026-06-02 02:00:00,Alerta Amarelo na área Passagem Inferior. Nível máximo de água: 44.11%. Precipitação acumulada 6h: 5.15 mm. Precipitação prevista 1h: 12.58 mm.,24.54,registado
1562,3,3,9,2026-06-02 02:00:00,Alerta Laranja na área Centro Urbano. Nível máximo de água: 67.38%. Precipitação acumulada 6h: 45.04 mm. Precipitação prevista 1h: 3.10 mm.,44.61,ativo
1563,1,4,11,2026-06-02 02:00:00,Alerta Verde na área Zona Industrial. Nível máximo de água: 37.55%. Precipitação acumulada 6h: 8.09 mm. Precipitação prevista 1h: 0.00 mm.,19.32,registado
1564,4,3,7,2026-06-02 03:00:00,Alerta Vermelho na área Centro Urbano. Nível máximo de água: 95.63%. Precipitação acumulada 6h: 79.42 mm. Precipitação prevista 1h: 38.65 mm.,76.52,ativo
1565,2,1,2,2026-06-02 04:00:00,Alerta Amarelo na área Zona Ribeirinha. Nível máximo de água: 34.98%. Precipitação acumulada 6h: 1.45 mm. Precipitação prevista 1h: 16.99 mm.,20.42,registado
1566,3,2,5,2026-06-02 04:00:00,Alerta Laranja na área Passagem Inferior. Nível máximo de água: 45.72%. Precipitação acumulada 6h: 18.78 mm. Precipitação prevista 1h: 32.62 mm.,34.36,ativo
1567,4,3,9,2026-06-02 04:00:00,Alerta Vermelho na área Centro Urbano. Nível máximo de água: 95.94%. Precipitação acumulada 6h: 78.90 mm. Precipitação prevista 1h: 1.75 mm.,67.28,ativo
1568,3,3,7,2026-06-02 05:00:00,Alerta Laranja na área Centro Urbano. Nível máximo de água: 75.84%. Precipitação acumulada 6h: 51.55 mm. Precipitação prevista 1h: 0.00 mm.,49.59,ativo
1569,2,3,8,2026-06-02 06:00:00,Alerta Amarelo na área Centro Urbano. Nível máximo de água: 65.09%. Precipitação acumulada 6h: 37.02 mm. Precipitação prevista 1h: 0.77 mm.,40.59,registado
1570,2,1,1,2026-06-02 07:00:00,Alerta Amarelo na área Zona Ribeirinha. Nível máximo de água: 44.78%. Precipitação acumulada 6h: 6.52 mm. Precipitação prevista 1h: 18.20 mm.,26.66,registado
1571,3,2,4,2026-06-02 07:00:00,Alerta Laranja na área Passagem Inferior. Nível máximo de água: 49.82%. Precipitação acumulada 6h: 18.38 mm. Precipitação prevista 1h: 22.08 mm.,33.45,ativo
1572,2,3,8,2026-06-02 07:00:00,Alerta Amarelo na área Centro Urbano. Nível máximo de água: 62.45%. Precipitação acumulada 6h: 39.12 mm. Precipitação prevista 1h: 0.25 mm.,39.9,registado
1573,2,3,9,2026-06-02 08:00:00,Alerta Amarelo na área Centro Urbano. Nível máximo de água: 62.32%. Precipitação acumulada 6h: 39.12 mm. Precipitação prevista 1h: 0.00 mm.,39.78,registado
1574,3,1,1,2026-06-02 09:00:00,Alerta Laranja na área Zona Ribeirinha. Nível máximo de água: 60.53%. Precipitação acumulada 6h: 32.65 mm. Precipitação prevista 1h: 37.86 mm.,46.5,ativo
1575,2,1,3,2026-06-02 10:00:00,Alerta Amarelo na área Zona Ribeirinha. Nível máximo de água: 67.22%. Precipitação acumulada 6h: 32.65 mm. Precipitação prevista 1h: 7.14 mm.,41.83,registado
1576,2,2,5,2026-06-02 10:00:00,Alerta Amarelo na área Passagem Inferior. Nível máximo de água: 37.03%. Precipitação acumulada 6h: 3.86 mm. Precipitação prevista 1h: 10.83 mm.,20.53,registado
1577,2,4,12,2026-06-02 10:00:00,Alerta Amarelo na área Zona Industrial. Nível máximo de água: 29.58%. Precipitação acumulada 6h: 8.38 mm. Precipitação prevista 1h: 11.21 mm.,18.63,registado
1578,3,1,2,2026-06-02 11:00:00,Alerta Laranja na área Zona Ribeirinha. Nível máximo de água: 65.53%. Precipitação acumulada 6h: 31.50 mm. Precipitação prevista 1h: 16.72 mm.,43.12,ativo
1579,1,3,7,2026-06-02 11:00:00,Alerta Verde na área Centro Urbano. Nível máximo de água: 32.00%. Precipitação acumulada 6h: 3.88 mm. Precipitação prevista 1h: 0.00 mm.,15.56,registado
1580,2,4,10,2026-06-02 11:00:00,Alerta Amarelo na área Zona Industrial. Nível máximo de água: 33.92%. Precipitação acumulada 6h: 7.83 mm. Precipitação prevista 1h: 17.36 mm.,21.95,registado
1581,3,1,1,2026-06-02 12:00:00,Alerta Laranja na área Zona Ribeirinha. Nível máximo de água: 68.36%. Precipitação acumulada 6h: 32.08 mm. Precipitação prevista 1h: 16.68 mm.,44.56,ativo
1582,3,4,12,2026-06-02 12:00:00,Alerta Laranja na área Zona Industrial. Nível máximo de água: 52.15%. Precipitação acumulada 6h: 32.09 mm. Precipitação prevista 1h: 39.26 mm.,42.91,ativo
1583,2,1,3,2026-06-02 13:00:00,Alerta Amarelo na área Zona Ribeirinha. Nível máximo de água: 64.05%. Precipitação acumulada 6h: 30.19 mm. Precipitação prevista 1h: 9.75 mm.,40.32,registado
1584,3,4,12,2026-06-02 13:00:00,Alerta Laranja na área Zona Industrial. Nível máximo de água: 51.21%. Precipitação acumulada 6h: 30.42 mm. Precipitação prevista 1h: 14.35 mm.,35.76,ativo
1585,2,1,3,2026-06-02 14:00:00,Alerta Amarelo na área Zona Ribeirinha. Nível máximo de água: 61.59%. Precipitação acumulada 6h: 30.19 mm. Precipitação prevista 1h: 0.00 mm.,36.77,registado
1586,2,3,8,2026-06-02 14:00:00,Alerta Amarelo na área Centro Urbano. Nível máximo de água: 34.08%. Precipitação acumulada 6h: 5.18 mm. Precipitação prevista 1h: 20.69 mm.,22.06,registado
1587,3,4,11,2026-06-02 14:00:00,Alerta Laranja na área Zona Industrial. Nível máximo de água: 53.45%. Precipitação acumulada 6h: 30.12 mm. Precipitação prevista 1h: 14.55 mm.,36.73,ativo
1588,2,1,3,2026-06-02 15:00:00,Alerta Amarelo na área Zona Ribeirinha. Nível máximo de água: 45.14%. Precipitação acumulada 6h: 4.07 mm. Precipitação prevista 1h: 19.62 mm.,26.44,registado
1589,2,2,6,2026-06-02 15:00:00,Alerta Amarelo na área Passagem Inferior. Nível máximo de água: 32.64%. Precipitação acumulada 6h: 2.55 mm. Precipitação prevista 1h: 13.12 mm.,18.73,registado
1590,2,1,3,2026-06-02 16:00:00,Alerta Amarelo na área Zona Ribeirinha. Nível máximo de água: 42.88%. Precipitação acumulada 6h: 4.07 mm. Precipitação prevista 1h: 19.43 mm.,25.37,registado
1591,2,2,6,2026-06-02 16:00:00,Alerta Amarelo na área Passagem Inferior. Nível máximo de água: 41.39%. Precipitação acumulada 6h: 3.45 mm. Precipitação prevista 1h: 15.50 mm.,23.54,registado
1592,4,4,10,2026-06-02 16:00:00,Alerta Vermelho na área Zona Industrial. Nível máximo de água: 79.01%. Precipitação acumulada 6h: 60.62 mm. Precipitação prevista 1h: 42.77 mm.,64.43,ativo
1593,4,1,2,2026-06-02 17:00:00,Alerta Vermelho na área Zona Ribeirinha. Nível máximo de água: 94.88%. Precipitação acumulada 6h: 71.01 mm. Precipitação prevista 1h: 70.00 mm.,79,ativo
1594,2,2,4,2026-06-02 17:00:00,Alerta Amarelo na área Passagem Inferior. Nível máximo de água: 41.07%. Precipitação acumulada 6h: 4.79 mm. Precipitação prevista 1h: 12.85 mm.,23.13,registado
1595,3,3,9,2026-06-02 17:00:00,Alerta Laranja na área Centro Urbano. Nível máximo de água: 43.29%. Precipitação acumulada 6h: 12.87 mm. Precipitação prevista 1h: 22.62 mm.,29,ativo
1596,3,4,12,2026-06-02 17:00:00,Alerta Laranja na área Zona Industrial. Nível máximo de água: 76.09%. Precipitação acumulada 6h: 59.09 mm. Precipitação prevista 1h: 0.00 mm.,51.97,ativo
1597,4,1,1,2026-06-02 18:00:00,Alerta Vermelho na área Zona Ribeirinha. Nível máximo de água: 96.60%. Precipitação acumulada 6h: 70.43 mm. Precipitação prevista 1h: 5.62 mm.,66,ativo
1598,3,2,5,2026-06-02 18:00:00,Alerta Laranja na área Passagem Inferior. Nível máximo de água: 63.89%. Precipitação acumulada 6h: 34.75 mm. Precipitação prevista 1h: 33.09 mm.,47.45,ativo
1599,3,3,8,2026-06-02 18:00:00,Alerta Laranja na área Centro Urbano. Nível máximo de água: 52.11%. Precipitação acumulada 6h: 26.24 mm. Precipitação prevista 1h: 29.98 mm.,38.82,ativo
1600,2,4,10,2026-06-02 18:00:00,Alerta Amarelo na área Zona Industrial. Nível máximo de água: 59.29%. Precipitação acumulada 6h: 33.36 mm. Precipitação prevista 1h: 7.09 mm.,38.46,registado
1601,4,1,3,2026-06-02 19:00:00,Alerta Vermelho na área Zona Ribeirinha. Nível máximo de água: 100.00%. Precipitação acumulada 6h: 70.75 mm. Precipitação prevista 1h: 0.00 mm.,66.22,ativo
1602,3,2,6,2026-06-02 19:00:00,Alerta Laranja na área Passagem Inferior. Nível máximo de água: 69.53%. Precipitação acumulada 6h: 37.03 mm. Precipitação prevista 1h: 20.67 mm.,47.57,ativo
1603,2,3,8,2026-06-02 19:00:00,Alerta Amarelo na área Centro Urbano. Nível máximo de água: 54.64%. Precipitação acumulada 6h: 25.62 mm. Precipitação prevista 1h: 17.25 mm.,36.59,registado
1604,3,4,10,2026-06-02 19:00:00,Alerta Laranja na área Zona Industrial. Nível máximo de água: 51.98%. Precipitação acumulada 6h: 32.84 mm. Precipitação prevista 1h: 20.50 mm.,38.37,ativo
1605,4,1,1,2026-06-02 20:00:00,Alerta Vermelho na área Zona Ribeirinha. Nível máximo de água: 100.00%. Precipitação acumulada 6h: 71.59 mm. Precipitação prevista 1h: 7.48 mm.,68.35,ativo
1606,2,2,6,2026-06-02 20:00:00,Alerta Amarelo na área Passagem Inferior. Nível máximo de água: 68.98%. Precipitação acumulada 6h: 40.36 mm. Precipitação prevista 1h: 0.52 mm.,43.28,registado
1607,2,3,8,2026-06-02 20:00:00,Alerta Amarelo na área Centro Urbano. Nível máximo de água: 52.90%. Precipitação acumulada 6h: 25.62 mm. Precipitação prevista 1h: 20.73 mm.,36.67,registado
1608,3,4,10,2026-06-02 20:00:00,Alerta Laranja na área Zona Industrial. Nível máximo de água: 53.24%. Precipitação acumulada 6h: 31.61 mm. Precipitação prevista 1h: 15.59 mm.,37.34,ativo
1609,4,1,2,2026-06-02 21:00:00,Alerta Vermelho na área Zona Ribeirinha. Nível máximo de água: 99.85%. Precipitação acumulada 6h: 71.67 mm. Precipitação prevista 1h: 8.92 mm.,68.66,ativo
1610,3,2,6,2026-06-02 21:00:00,Alerta Laranja na área Passagem Inferior. Nível máximo de água: 69.36%. Precipitação acumulada 6h: 41.21 mm. Precipitação prevista 1h: 0.00 mm.,43.58,ativo
1611,2,4,11,2026-06-02 21:00:00,Alerta Amarelo na área Zona Industrial. Nível máximo de água: 51.21%. Precipitação acumulada 6h: 32.18 mm. Precipitação prevista 1h: 5.34 mm.,34.03,registado
1612,4,1,3,2026-06-02 22:00:00,Alerta Vermelho na área Zona Ribeirinha. Nível máximo de água: 100.00%. Precipitação acumulada 6h: 73.25 mm. Precipitação prevista 1h: 2.89 mm.,67.7,ativo
1613,3,2,6,2026-06-02 22:00:00,Alerta Laranja na área Passagem Inferior. Nível máximo de água: 70.28%. Precipitação acumulada 6h: 41.28 mm. Precipitação prevista 1h: 0.00 mm.,44.01,ativo
1614,2,3,7,2026-06-02 22:00:00,Alerta Amarelo na área Centro Urbano. Nível máximo de água: 49.82%. Precipitação acumulada 6h: 21.18 mm. Precipitação prevista 1h: 11.23 mm.,31.58,registado
1615,3,2,6,2026-06-02 23:00:00,Alerta Laranja na área Passagem Inferior. Nível máximo de água: 72.03%. Precipitação acumulada 6h: 40.60 mm. Precipitação prevista 1h: 2.40 mm.,45.19,ativo
1616,3,4,11,2026-06-03 00:00:00,Alerta Laranja na área Zona Industrial. Nível máximo de água: 42.29%. Precipitação acumulada 6h: 18.48 mm. Precipitação prevista 1h: 26.66 mm.,31.24,ativo
1617,4,1,1,2026-06-03 02:00:00,Alerta Vermelho na área Zona Ribeirinha. Nível máximo de água: 76.59%. Precipitação acumulada 6h: 50.00 mm. Precipitação prevista 1h: 47.32 mm.,61.3,ativo
1618,3,1,2,2026-06-03 03:00:00,Alerta Laranja na área Zona Ribeirinha. Nível máximo de água: 77.53%. Precipitação acumulada 6h: 51.53 mm. Precipitação prevista 1h: 0.00 mm.,50.35,ativo
1619,2,3,8,2026-06-03 03:00:00,Alerta Amarelo na área Centro Urbano. Nível máximo de água: 32.41%. Precipitação acumulada 6h: 6.55 mm. Precipitação prevista 1h: 10.78 mm.,19.24,registado
1620,3,1,1,2026-06-03 04:00:00,Alerta Laranja na área Zona Ribeirinha. Nível máximo de água: 84.00%. Precipitação acumulada 6h: 49.95 mm. Precipitação prevista 1h: 8.59 mm.,54.93,ativo
1621,4,3,8,2026-06-03 04:00:00,Alerta Vermelho na área Centro Urbano. Nível máximo de água: 64.75%. Precipitação acumulada 6h: 43.00 mm. Precipitação prevista 1h: 48.42 mm.,54.14,ativo
1622,4,1,3,2026-06-03 05:00:00,Alerta Vermelho na área Zona Ribeirinha. Nível máximo de água: 97.58%. Precipitação acumulada 6h: 70.79 mm. Precipitação prevista 1h: 17.63 mm.,69.56,ativo
1623,3,3,7,2026-06-03 05:00:00,Alerta Laranja na área Centro Urbano. Nível máximo de água: 66.16%. Precipitação acumulada 6h: 43.13 mm. Precipitação prevista 1h: 16.02 mm.,46.72,ativo
1624,4,1,2,2026-06-03 06:00:00,Alerta Vermelho na área Zona Ribeirinha. Nível máximo de água: 96.37%. Precipitação acumulada 6h: 70.34 mm. Precipitação prevista 1h: 1.64 mm.,64.88,ativo
1625,2,2,6,2026-06-03 06:00:00,Alerta Amarelo na área Passagem Inferior. Nível máximo de água: 40.28%. Precipitação acumulada 6h: 4.86 mm. Precipitação prevista 1h: 11.67 mm.,22.5,registado
1626,3,3,7,2026-06-03 06:00:00,Alerta Laranja na área Centro Urbano. Nível máximo de água: 67.78%. Precipitação acumulada 6h: 42.19 mm. Precipitação prevista 1h: 14.89 mm.,46.88,ativo
1627,4,1,1,2026-06-03 07:00:00,Alerta Vermelho na área Zona Ribeirinha. Nível máximo de água: 100.00%. Precipitação acumulada 6h: 72.35 mm. Precipitação prevista 1h: 6.79 mm.,68.4,ativo
1628,2,3,9,2026-06-03 07:00:00,Alerta Amarelo na área Centro Urbano. Nível máximo de água: 66.68%. Precipitação acumulada 6h: 40.08 mm. Precipitação prevista 1h: 4.90 mm.,43.26,registado
1629,2,2,5,2026-06-03 08:00:00,Alerta Amarelo na área Passagem Inferior. Nível máximo de água: 43.76%. Precipitação acumulada 6h: 10.20 mm. Precipitação prevista 1h: 10.58 mm.,25.4,registado
1630,3,3,8,2026-06-03 08:00:00,Alerta Laranja na área Centro Urbano. Nível máximo de água: 67.24%. Precipitação acumulada 6h: 41.75 mm. Precipitação prevista 1h: 13.53 mm.,46.17,ativo
1631,3,1,3,2026-06-03 09:00:00,Alerta Laranja na área Zona Ribeirinha. Nível máximo de água: 71.65%. Precipitação acumulada 6h: 36.02 mm. Precipitação prevista 1h: 4.13 mm.,44.08,ativo
1632,1,2,5,2026-06-03 09:00:00,Alerta Verde na área Passagem Inferior. Nível máximo de água: 44.88%. Precipitação acumulada 6h: 11.00 mm. Precipitação prevista 1h: 0.00 mm.,23.5,registado
1633,3,3,7,2026-06-03 09:00:00,Alerta Laranja na área Centro Urbano. Nível máximo de água: 64.39%. Precipitação acumulada 6h: 42.18 mm. Precipitação prevista 1h: 1.22 mm.,41.93,ativo
1634,3,1,3,2026-06-03 10:00:00,Alerta Laranja na área Zona Ribeirinha. Nível máximo de água: 68.72%. Precipitação acumulada 6h: 38.66 mm. Precipitação prevista 1h: 27.34 mm.,49.36,ativo
1635,4,2,5,2026-06-03 10:00:00,Alerta Vermelho na área Passagem Inferior. Nível máximo de água: 87.52%. Precipitação acumulada 6h: 64.65 mm. Precipitação prevista 1h: 57.03 mm.,73.04,ativo
1636,4,2,4,2026-06-03 11:00:00,Alerta Vermelho na área Passagem Inferior. Nível máximo de água: 91.13%. Precipitação acumulada 6h: 67.49 mm. Precipitação prevista 1h: 16.17 mm.,65.3,ativo
1637,4,2,5,2026-06-03 12:00:00,Alerta Vermelho na área Passagem Inferior. Nível máximo de água: 92.88%. Precipitação acumulada 6h: 68.42 mm. Precipitação prevista 1h: 15.79 mm.,66.27,ativo
1638,1,3,9,2026-06-03 12:00:00,Alerta Verde na área Centro Urbano. Nível máximo de água: 36.14%. Precipitação acumulada 6h: 9.09 mm. Precipitação prevista 1h: 2.49 mm.,19.61,registado
1639,3,2,4,2026-06-03 13:00:00,Alerta Laranja na área Passagem Inferior. Nível máximo de água: 82.61%. Precipitação acumulada 6h: 58.27 mm. Precipitação prevista 1h: 17.96 mm.,59.15,ativo
1640,2,3,7,2026-06-03 13:00:00,Alerta Amarelo na área Centro Urbano. Nível máximo de água: 37.59%. Precipitação acumulada 6h: 8.63 mm. Precipitação prevista 1h: 16.12 mm.,23.53,registado
1641,2,1,3,2026-06-03 14:00:00,Alerta Amarelo na área Zona Ribeirinha. Nível máximo de água: 48.84%. Precipitação acumulada 6h: 18.22 mm. Precipitação prevista 1h: 18.29 mm.,32.02,registado
1642,3,2,6,2026-06-03 14:00:00,Alerta Laranja na área Passagem Inferior. Nível máximo de água: 89.94%. Precipitação acumulada 6h: 58.27 mm. Precipitação prevista 1h: 0.27 mm.,58.02,ativo
1643,2,3,8,2026-06-03 14:00:00,Alerta Amarelo na área Centro Urbano. Nível máximo de água: 32.14%. Precipitação acumulada 6h: 6.97 mm. Precipitação prevista 1h: 17.12 mm.,20.83,registado
1644,3,2,4,2026-06-03 15:00:00,Alerta Laranja na área Passagem Inferior. Nível máximo de água: 87.30%. Precipitação acumulada 6h: 59.90 mm. Precipitação prevista 1h: 19.49 mm.,62.13,ativo
1645,2,4,11,2026-06-03 15:00:00,Alerta Amarelo na área Zona Industrial. Nível máximo de água: 27.09%. Precipitação acumulada 6h: 4.76 mm. Precipitação prevista 1h: 17.90 mm.,18.09,registado
1646,2,2,4,2026-06-03 16:00:00,Alerta Amarelo na área Passagem Inferior. Nível máximo de água: 49.60%. Precipitação acumulada 6h: 8.46 mm. Precipitação prevista 1h: 12.82 mm.,28.06,registado
1647,2,1,1,2026-06-03 17:00:00,Alerta Amarelo na área Zona Ribeirinha. Nível máximo de água: 43.06%. Precipitação acumulada 6h: 3.44 mm. Precipitação prevista 1h: 19.32 mm.,25.24,registado
1648,2,2,6,2026-06-03 17:00:00,Alerta Amarelo na área Passagem Inferior. Nível máximo de água: 41.77%. Precipitação acumulada 6h: 5.62 mm. Precipitação prevista 1h: 13.26 mm.,23.8,registado
1649,2,3,8,2026-06-03 17:00:00,Alerta Amarelo na área Centro Urbano. Nível máximo de água: 41.40%. Precipitação acumulada 6h: 8.05 mm. Precipitação prevista 1h: 13.38 mm.,24.39,registado
1650,4,2,6,2026-06-03 18:00:00,Alerta Vermelho na área Passagem Inferior. Nível máximo de água: 85.36%. Precipitação acumulada 6h: 64.86 mm. Precipitação prevista 1h: 42.81 mm.,68.57,ativo
1651,2,4,11,2026-06-03 18:00:00,Alerta Amarelo na área Zona Industrial. Nível máximo de água: 33.06%. Precipitação acumulada 6h: 6.85 mm. Precipitação prevista 1h: 12.87 mm.,20.15,registado
1652,2,1,2,2026-06-03 19:00:00,Alerta Amarelo na área Zona Ribeirinha. Nível máximo de água: 38.83%. Precipitação acumulada 6h: 2.47 mm. Precipitação prevista 1h: 16.37 mm.,22.31,registado
1653,4,2,6,2026-06-03 19:00:00,Alerta Vermelho na área Passagem Inferior. Nível máximo de água: 90.68%. Precipitação acumulada 6h: 65.68 mm. Precipitação prevista 1h: 0.00 mm.,60.51,ativo
1654,2,3,8,2026-06-03 19:00:00,Alerta Amarelo na área Centro Urbano. Nível máximo de água: 39.00%. Precipitação acumulada 6h: 10.60 mm. Precipitação prevista 1h: 15.20 mm.,24.53,registado
1655,2,4,12,2026-06-03 19:00:00,Alerta Amarelo na área Zona Industrial. Nível máximo de água: 35.01%. Precipitação acumulada 6h: 7.03 mm. Precipitação prevista 1h: 15.04 mm.,21.62,registado
1656,2,1,1,2026-06-03 20:00:00,Alerta Amarelo na área Zona Ribeirinha. Nível máximo de água: 43.57%. Precipitação acumulada 6h: 3.13 mm. Precipitação prevista 1h: 14.05 mm.,24.06,registado
1657,4,2,4,2026-06-03 20:00:00,Alerta Vermelho na área Passagem Inferior. Nível máximo de água: 95.93%. Precipitação acumulada 6h: 65.68 mm. Precipitação prevista 1h: 0.00 mm.,62.87,ativo
1658,2,3,9,2026-06-03 20:00:00,Alerta Amarelo na área Centro Urbano. Nível máximo de água: 40.68%. Precipitação acumulada 6h: 11.99 mm. Precipitação prevista 1h: 13.68 mm.,25.32,registado
1659,3,1,3,2026-06-03 21:00:00,Alerta Laranja na área Zona Ribeirinha. Nível máximo de água: 42.47%. Precipitação acumulada 6h: 3.13 mm. Precipitação prevista 1h: 26.02 mm.,26.56,ativo
1660,4,2,6,2026-06-03 21:00:00,Alerta Vermelho na área Passagem Inferior. Nível máximo de água: 88.62%. Precipitação acumulada 6h: 64.01 mm. Precipitação prevista 1h: 10.31 mm.,61.66,ativo
1661,2,1,1,2026-06-03 22:00:00,Alerta Amarelo na área Zona Ribeirinha. Nível máximo de água: 45.95%. Precipitação acumulada 6h: 2.23 mm. Precipitação prevista 1h: 14.52 mm.,24.98,registado
1662,4,2,6,2026-06-03 22:00:00,Alerta Vermelho na área Passagem Inferior. Nível máximo de água: 88.12%. Precipitação acumulada 6h: 61.90 mm. Precipitação prevista 1h: 2.32 mm.,58.8,ativo
1663,2,4,12,2026-06-03 22:00:00,Alerta Amarelo na área Zona Industrial. Nível máximo de água: 33.24%. Precipitação acumulada 6h: 9.19 mm. Precipitação prevista 1h: 10.23 mm.,20.27,registado
1664,4,2,4,2026-06-03 23:00:00,Alerta Vermelho na área Passagem Inferior. Nível máximo de água: 87.27%. Precipitação acumulada 6h: 62.32 mm. Precipitação prevista 1h: 3.18 mm.,58.76,ativo
1665,3,4,11,2026-06-04 00:00:00,Alerta Laranja na área Zona Industrial. Nível máximo de água: 54.35%. Precipitação acumulada 6h: 30.50 mm. Precipitação prevista 1h: 21.83 mm.,39.07,ativo
1666,2,3,8,2026-06-04 01:00:00,Alerta Amarelo na área Centro Urbano. Nível máximo de água: 34.07%. Precipitação acumulada 6h: 7.38 mm. Precipitação prevista 1h: 12.47 mm.,20.66,registado
1667,3,4,11,2026-06-04 01:00:00,Alerta Laranja na área Zona Industrial. Nível máximo de água: 51.20%. Precipitação acumulada 6h: 30.56 mm. Precipitação prevista 1h: 15.06 mm.,35.97,ativo
1668,2,2,6,2026-06-04 02:00:00,Alerta Amarelo na área Passagem Inferior. Nível máximo de água: 39.97%. Precipitação acumulada 6h: 6.83 mm. Precipitação prevista 1h: 10.01 mm.,22.54,registado
1669,2,3,8,2026-06-04 02:00:00,Alerta Amarelo na área Centro Urbano. Nível máximo de água: 58.04%. Precipitação acumulada 6h: 28.11 mm. Precipitação prevista 1h: 10.54 mm.,37.19,registado
1670,2,4,12,2026-06-04 02:00:00,Alerta Amarelo na área Zona Industrial. Nível máximo de água: 51.55%. Precipitação acumulada 6h: 27.82 mm. Precipitação prevista 1h: 11.55 mm.,34.43,registado
1671,2,1,3,2026-06-04 03:00:00,Alerta Amarelo na área Zona Ribeirinha. Nível máximo de água: 48.79%. Precipitação acumulada 6h: 9.75 mm. Precipitação prevista 1h: 15.13 mm.,28.66,registado
1672,3,1,1,2026-06-04 04:00:00,Alerta Laranja na área Zona Ribeirinha. Nível máximo de água: 51.29%. Precipitação acumulada 6h: 13.95 mm. Precipitação prevista 1h: 23.07 mm.,33.03,ativo
1673,1,4,12,2026-06-04 04:00:00,Alerta Verde na área Zona Industrial. Nível máximo de água: 49.37%. Precipitação acumulada 6h: 26.22 mm. Precipitação prevista 1h: 0.00 mm.,30.08,registado
1674,3,2,4,2026-06-04 05:00:00,Alerta Laranja na área Passagem Inferior. Nível máximo de água: 66.93%. Precipitação acumulada 6h: 42.87 mm. Precipitação prevista 1h: 37.54 mm.,52.36,ativo
1675,3,4,12,2026-06-04 05:00:00,Alerta Laranja na área Zona Industrial. Nível máximo de água: 74.83%. Precipitação acumulada 6h: 58.68 mm. Precipitação prevista 1h: 37.23 mm.,60.58,ativo
1676,2,1,1,2026-06-04 06:00:00,Alerta Amarelo na área Zona Ribeirinha. Nível máximo de água: 49.16%. Precipitação acumulada 6h: 14.13 mm. Precipitação prevista 1h: 15.79 mm.,30.31,registado
1677,3,2,4,2026-06-04 06:00:00,Alerta Laranja na área Passagem Inferior. Nível máximo de água: 66.92%. Precipitação acumulada 6h: 40.38 mm. Precipitação prevista 1h: 10.77 mm.,44.92,ativo
1678,2,3,7,2026-06-04 06:00:00,Alerta Amarelo na área Centro Urbano. Nível máximo de água: 56.27%. Precipitação acumulada 6h: 30.12 mm. Precipitação prevista 1h: 0.00 mm.,34.36,registado
1679,3,4,12,2026-06-04 06:00:00,Alerta Laranja na área Zona Industrial. Nível máximo de água: 64.25%. Precipitação acumulada 6h: 37.85 mm. Precipitação prevista 1h: 12.33 mm.,43.35,ativo
1680,3,1,2,2026-06-04 07:00:00,Alerta Laranja na área Zona Ribeirinha. Nível máximo de água: 63.17%. Precipitação acumulada 6h: 30.76 mm. Precipitação prevista 1h: 26.25 mm.,44.22,ativo
1681,4,2,4,2026-06-04 07:00:00,Alerta Vermelho na área Passagem Inferior. Nível máximo de água: 80.93%. Precipitação acumulada 6h: 62.45 mm. Precipitação prevista 1h: 25.26 mm.,61.47,ativo
1682,1,3,8,2026-06-04 07:00:00,Alerta Verde na área Centro Urbano. Nível máximo de água: 52.73%. Precipitação acumulada 6h: 28.51 mm. Precipitação prevista 1h: 0.00 mm.,32.28,registado
1683,3,4,10,2026-06-04 07:00:00,Alerta Laranja na área Zona Industrial. Nível máximo de água: 62.48%. Precipitação acumulada 6h: 40.03 mm. Precipitação prevista 1h: 22.35 mm.,45.71,ativo
1684,2,1,2,2026-06-04 08:00:00,Alerta Amarelo na área Zona Ribeirinha. Nível máximo de água: 65.19%. Precipitação acumulada 6h: 32.05 mm. Precipitação prevista 1h: 0.00 mm.,38.95,registado
1685,4,2,6,2026-06-04 08:00:00,Alerta Vermelho na área Passagem Inferior. Nível máximo de água: 84.20%. Precipitação acumulada 6h: 62.45 mm. Precipitação prevista 1h: 10.04 mm.,59.14,ativo
1686,2,4,10,2026-06-04 08:00:00,Alerta Amarelo na área Zona Industrial. Nível máximo de água: 59.92%. Precipitação acumulada 6h: 40.13 mm. Precipitação prevista 1h: 6.10 mm.,40.53,registado
1687,2,1,2,2026-06-04 09:00:00,Alerta Amarelo na área Zona Ribeirinha. Nível máximo de água: 67.40%. Precipitação acumulada 6h: 30.72 mm. Precipitação prevista 1h: 5.81 mm.,41,registado
1688,4,2,6,2026-06-04 09:00:00,Alerta Vermelho na área Passagem Inferior. Nível máximo de água: 95.24%. Precipitação acumulada 6h: 69.75 mm. Precipitação prevista 1h: 4.05 mm.,64.8,ativo
1689,2,3,9,2026-06-04 09:00:00,Alerta Amarelo na área Centro Urbano. Nível máximo de água: 49.42%. Precipitação acumulada 6h: 26.68 mm. Precipitação prevista 1h: 17.55 mm.,34.63,registado
1690,3,4,11,2026-06-04 09:00:00,Alerta Laranja na área Zona Industrial. Nível máximo de água: 56.71%. Precipitação acumulada 6h: 39.77 mm. Precipitação prevista 1h: 12.35 mm.,40.54,ativo
1691,4,1,1,2026-06-04 10:00:00,Alerta Vermelho na área Zona Ribeirinha. Nível máximo de água: 100.00%. Precipitação acumulada 6h: 92.12 mm. Precipitação prevista 1h: 66.21 mm.,84,ativo
1692,4,2,5,2026-06-04 10:00:00,Alerta Vermelho na área Passagem Inferior. Nível máximo de água: 95.12%. Precipitação acumulada 6h: 69.77 mm. Precipitação prevista 1h: 0.00 mm.,63.74,ativo
1693,2,3,7,2026-06-04 10:00:00,Alerta Amarelo na área Centro Urbano. Nível máximo de água: 57.34%. Precipitação acumulada 6h: 27.85 mm. Precipitação prevista 1h: 13.97 mm.,37.65,registado
1694,2,4,12,2026-06-04 10:00:00,Alerta Amarelo na área Zona Industrial. Nível máximo de água: 61.82%. Precipitação acumulada 6h: 40.00 mm. Precipitação prevista 1h: 0.16 mm.,39.86,registado
1695,4,1,1,2026-06-04 11:00:00,Alerta Vermelho na área Zona Ribeirinha. Nível máximo de água: 100.00%. Precipitação acumulada 6h: 96.14 mm. Precipitação prevista 1h: 9.99 mm.,71.5,ativo
1696,2,2,5,2026-06-04 11:00:00,Alerta Amarelo na área Passagem Inferior. Nível máximo de água: 65.73%. Precipitação acumulada 6h: 35.64 mm. Precipitação prevista 1h: 7.51 mm.,42.15,registado
1697,4,1,1,2026-06-04 12:00:00,Alerta Vermelho na área Zona Ribeirinha. Nível máximo de água: 100.00%. Precipitação acumulada 6h: 94.66 mm. Precipitação prevista 1h: 0.00 mm.,69,ativo
1698,2,2,6,2026-06-04 12:00:00,Alerta Amarelo na área Passagem Inferior. Nível máximo de água: 62.05%. Precipitação acumulada 6h: 35.53 mm. Precipitação prevista 1h: 6.87 mm.,40.3,registado
1699,2,3,9,2026-06-04 12:00:00,Alerta Amarelo na área Centro Urbano. Nível máximo de água: 57.70%. Precipitação acumulada 6h: 27.74 mm. Precipitação prevista 1h: 18.88 mm.,39.01,registado
1700,1,4,10,2026-06-04 12:00:00,Alerta Verde na área Zona Industrial. Nível máximo de água: 29.99%. Precipitação acumulada 6h: 5.86 mm. Precipitação prevista 1h: 0.00 mm.,15.25,registado
1701,4,1,1,2026-06-04 13:00:00,Alerta Vermelho na área Zona Ribeirinha. Nível máximo de água: 100.00%. Precipitação acumulada 6h: 131.86 mm. Precipitação prevista 1h: 55.16 mm.,82.79,ativo
1702,2,4,12,2026-06-04 13:00:00,Alerta Amarelo na área Zona Industrial. Nível máximo de água: 33.65%. Precipitação acumulada 6h: 3.01 mm. Precipitação prevista 1h: 12.01 mm.,19.05,registado
1703,4,1,1,2026-06-04 14:00:00,Alerta Vermelho na área Zona Ribeirinha. Nível máximo de água: 100.00%. Precipitação acumulada 6h: 131.24 mm. Precipitação prevista 1h: 0.00 mm.,69,ativo
1704,2,2,5,2026-06-04 14:00:00,Alerta Amarelo na área Passagem Inferior. Nível máximo de água: 44.60%. Precipitação acumulada 6h: 16.13 mm. Precipitação prevista 1h: 12.39 mm.,28.01,registado
1705,2,3,7,2026-06-04 14:00:00,Alerta Amarelo na área Centro Urbano. Nível máximo de água: 61.79%. Precipitação acumulada 6h: 29.44 mm. Precipitação prevista 1h: 15.40 mm.,40.49,registado
1706,4,1,1,2026-06-04 15:00:00,Alerta Vermelho na área Zona Ribeirinha. Nível máximo de água: 100.00%. Precipitação acumulada 6h: 128.07 mm. Precipitação prevista 1h: 0.00 mm.,69,ativo
1707,2,4,11,2026-06-04 15:00:00,Alerta Amarelo na área Zona Industrial. Nível máximo de água: 28.71%. Precipitação acumulada 6h: 2.89 mm. Precipitação prevista 1h: 13.62 mm.,17.19,registado
1708,4,1,3,2026-06-04 16:00:00,Alerta Vermelho na área Zona Ribeirinha. Nível máximo de água: 95.77%. Precipitação acumulada 6h: 62.37 mm. Precipitação prevista 1h: 14.71 mm.,65.49,ativo
1709,2,2,4,2026-06-04 16:00:00,Alerta Amarelo na área Passagem Inferior. Nível máximo de água: 38.84%. Precipitação acumulada 6h: 9.76 mm. Precipitação prevista 1h: 14.32 mm.,23.99,registado
1710,2,3,8,2026-06-04 16:00:00,Alerta Amarelo na área Centro Urbano. Nível máximo de água: 43.29%. Precipitação acumulada 6h: 20.06 mm. Precipitação prevista 1h: 13.76 mm.,28.94,registado
1711,4,1,3,2026-06-04 17:00:00,Alerta Vermelho na área Zona Ribeirinha. Nível máximo de água: 94.61%. Precipitação acumulada 6h: 61.34 mm. Precipitação prevista 1h: 7.25 mm.,62.79,ativo
1712,2,2,6,2026-06-04 17:00:00,Alerta Amarelo na área Passagem Inferior. Nível máximo de água: 42.33%. Precipitação acumulada 6h: 11.04 mm. Precipitação prevista 1h: 15.95 mm.,26.35,registado
1713,4,1,1,2026-06-04 18:00:00,Alerta Vermelho na área Zona Ribeirinha. Nível máximo de água: 90.22%. Precipitação acumulada 6h: 64.48 mm. Precipitação prevista 1h: 3.13 mm.,60.73,ativo
1714,2,4,12,2026-06-04 18:00:00,Alerta Amarelo na área Zona Industrial. Nível máximo de água: 29.67%. Precipitação acumulada 6h: 2.31 mm. Precipitação prevista 1h: 10.18 mm.,16.59,registado
1715,2,4,11,2026-06-04 19:00:00,Alerta Amarelo na área Zona Industrial. Nível máximo de água: 26.70%. Precipitação acumulada 6h: 2.78 mm. Precipitação prevista 1h: 16.54 mm.,16.98,registado
1716,2,1,1,2026-06-04 20:00:00,Alerta Amarelo na área Zona Ribeirinha. Nível máximo de água: 43.01%. Precipitação acumulada 6h: 8.56 mm. Precipitação prevista 1h: 11.17 mm.,24.72,registado
1717,2,2,5,2026-06-04 20:00:00,Alerta Amarelo na área Passagem Inferior. Nível máximo de água: 38.58%. Precipitação acumulada 6h: 7.18 mm. Precipitação prevista 1h: 14.01 mm.,23.02,registado
1718,2,3,9,2026-06-04 20:00:00,Alerta Amarelo na área Centro Urbano. Nível máximo de água: 45.02%. Precipitação acumulada 6h: 19.63 mm. Precipitação prevista 1h: 13.93 mm.,29.63,registado
1719,4,1,3,2026-06-04 21:00:00,Alerta Vermelho na área Zona Ribeirinha. Nível máximo de água: 69.46%. Precipitação acumulada 6h: 41.77 mm. Precipitação prevista 1h: 49.71 mm.,56.22,ativo
1720,3,3,7,2026-06-04 21:00:00,Alerta Laranja na área Centro Urbano. Nível máximo de água: 64.81%. Precipitação acumulada 6h: 38.91 mm. Precipitação prevista 1h: 31.51 mm.,48.72,ativo
1721,3,1,3,2026-06-04 22:00:00,Alerta Laranja na área Zona Ribeirinha. Nível máximo de água: 73.05%. Precipitação acumulada 6h: 41.77 mm. Precipitação prevista 1h: 0.00 mm.,45.4,ativo
1722,3,4,12,2026-06-04 22:00:00,Alerta Laranja na área Zona Industrial. Nível máximo de água: 30.15%. Precipitação acumulada 6h: 3.75 mm. Precipitação prevista 1h: 24.45 mm.,20.81,ativo
1723,3,1,2,2026-06-04 23:00:00,Alerta Laranja na área Zona Ribeirinha. Nível máximo de água: 73.89%. Precipitação acumulada 6h: 41.69 mm. Precipitação prevista 1h: 0.47 mm.,45.88,ativo
1724,2,2,6,2026-06-04 23:00:00,Alerta Amarelo na área Passagem Inferior. Nível máximo de água: 35.70%. Precipitação acumulada 6h: 5.05 mm. Precipitação prevista 1h: 14.22 mm.,21.14,registado
1725,3,1,1,2026-06-05 00:00:00,Alerta Laranja na área Zona Ribeirinha. Nível máximo de água: 70.79%. Precipitação acumulada 6h: 39.52 mm. Precipitação prevista 1h: 17.59 mm.,48.11,ativo
1726,2,4,11,2026-06-05 00:00:00,Alerta Amarelo na área Zona Industrial. Nível máximo de água: 35.21%. Precipitação acumulada 6h: 8.19 mm. Precipitação prevista 1h: 10.90 mm.,21.03,registado
1727,4,1,2,2026-06-05 01:00:00,Alerta Vermelho na área Zona Ribeirinha. Nível máximo de água: 100.00%. Precipitação acumulada 6h: 73.78 mm. Precipitação prevista 1h: 29.42 mm.,74.49,ativo
1728,2,2,5,2026-06-05 01:00:00,Alerta Amarelo na área Passagem Inferior. Nível máximo de água: 38.48%. Precipitação acumulada 6h: 6.60 mm. Precipitação prevista 1h: 15.99 mm.,23.29,registado
1729,3,3,7,2026-06-05 01:00:00,Alerta Laranja na área Centro Urbano. Nível máximo de água: 62.56%. Precipitação acumulada 6h: 31.55 mm. Precipitação prevista 1h: 14.45 mm.,41.23,ativo
1730,4,1,2,2026-06-05 02:00:00,Alerta Vermelho na área Zona Ribeirinha. Nível máximo de água: 100.00%. Precipitação acumulada 6h: 73.60 mm. Precipitação prevista 1h: 16.24 mm.,71.14,ativo
1731,2,3,8,2026-06-05 02:00:00,Alerta Amarelo na área Centro Urbano. Nível máximo de água: 57.45%. Precipitação acumulada 6h: 32.25 mm. Precipitação prevista 1h: 5.15 mm.,36.82,registado
1732,2,4,12,2026-06-05 02:00:00,Alerta Amarelo na área Zona Industrial. Nível máximo de água: 33.48%. Precipitação acumulada 6h: 8.33 mm. Precipitação prevista 1h: 13.78 mm.,21.01,registado
1733,3,1,2,2026-06-05 03:00:00,Alerta Laranja na área Zona Ribeirinha. Nível máximo de água: 76.39%. Precipitação acumulada 6h: 39.99 mm. Precipitação prevista 1h: 3.74 mm.,47.31,ativo
1734,4,1,2,2026-06-05 04:00:00,Alerta Vermelho na área Zona Ribeirinha. Nível máximo de água: 100.00%. Precipitação acumulada 6h: 76.79 mm. Precipitação prevista 1h: 59.61 mm.,82.94,ativo
1735,1,2,5,2026-06-05 04:00:00,Alerta Verde na área Passagem Inferior. Nível máximo de água: 45.41%. Precipitação acumulada 6h: 8.14 mm. Precipitação prevista 1h: 0.67 mm.,23.04,registado
1736,2,4,12,2026-06-05 04:00:00,Alerta Amarelo na área Zona Industrial. Nível máximo de água: 33.69%. Precipitação acumulada 6h: 12.65 mm. Precipitação prevista 1h: 11.90 mm.,21.93,registado
1737,4,1,3,2026-06-05 05:00:00,Alerta Vermelho na área Zona Ribeirinha. Nível máximo de água: 100.00%. Precipitação acumulada 6h: 75.74 mm. Precipitação prevista 1h: 6.70 mm.,69.4,ativo
1738,2,2,4,2026-06-05 05:00:00,Alerta Amarelo na área Passagem Inferior. Nível máximo de água: 40.99%. Precipitação acumulada 6h: 8.20 mm. Precipitação prevista 1h: 15.51 mm.,24.78,registado
1739,4,1,2,2026-06-05 06:00:00,Alerta Vermelho na área Zona Ribeirinha. Nível máximo de água: 100.00%. Precipitação acumulada 6h: 76.62 mm. Precipitação prevista 1h: 0.00 mm.,67.99,ativo
1740,3,3,8,2026-06-05 06:00:00,Alerta Laranja na área Centro Urbano. Nível máximo de água: 37.83%. Precipitação acumulada 6h: 12.78 mm. Precipitação prevista 1h: 25.74 mm.,27.29,ativo
1741,3,1,2,2026-06-05 07:00:00,Alerta Laranja na área Zona Ribeirinha. Nível máximo de água: 83.25%. Precipitação acumulada 6h: 43.93 mm. Precipitação prevista 1h: 1.66 mm.,51.06,ativo
1742,4,2,6,2026-06-05 07:00:00,Alerta Vermelho na área Passagem Inferior. Nível máximo de água: 84.20%. Precipitação acumulada 6h: 68.13 mm. Precipitação prevista 1h: 70.00 mm.,73.33,ativo
1743,3,4,12,2026-06-05 07:00:00,Alerta Laranja na área Zona Industrial. Nível máximo de água: 44.77%. Precipitação acumulada 6h: 16.70 mm. Precipitação prevista 1h: 32.70 mm.,33.33,ativo
1744,3,1,1,2026-06-05 08:00:00,Alerta Laranja na área Zona Ribeirinha. Nível máximo de água: 85.25%. Precipitação acumulada 6h: 49.68 mm. Precipitação prevista 1h: 9.61 mm.,55.67,ativo
1745,4,2,4,2026-06-05 08:00:00,Alerta Vermelho na área Passagem Inferior. Nível máximo de água: 100.00%. Precipitação acumulada 6h: 96.19 mm. Precipitação prevista 1h: 38.89 mm.,78.72,ativo
1746,3,1,2,2026-06-05 09:00:00,Alerta Laranja na área Zona Ribeirinha. Nível máximo de água: 79.77%. Precipitação acumulada 6h: 48.93 mm. Precipitação prevista 1h: 0.00 mm.,50.58,ativo
1747,4,2,4,2026-06-05 09:00:00,Alerta Vermelho na área Passagem Inferior. Nível máximo de água: 100.00%. Precipitação acumulada 6h: 98.37 mm. Precipitação prevista 1h: 26.99 mm.,75.75,ativo
1748,4,2,4,2026-06-05 10:00:00,Alerta Vermelho na área Passagem Inferior. Nível máximo de água: 100.00%. Precipitação acumulada 6h: 99.95 mm. Precipitação prevista 1h: 0.00 mm.,69,ativo
1749,2,3,7,2026-06-05 10:00:00,Alerta Amarelo na área Centro Urbano. Nível máximo de água: 41.93%. Precipitação acumulada 6h: 10.00 mm. Precipitação prevista 1h: 15.06 mm.,25.63,registado
1750,3,1,1,2026-06-05 11:00:00,Alerta Laranja na área Zona Ribeirinha. Nível máximo de água: 51.22%. Precipitação acumulada 6h: 13.56 mm. Precipitação prevista 1h: 26.57 mm.,33.76,ativo
1751,4,2,4,2026-06-05 11:00:00,Alerta Vermelho na área Passagem Inferior. Nível máximo de água: 100.00%. Precipitação acumulada 6h: 100.94 mm. Precipitação prevista 1h: 0.00 mm.,69,ativo
1752,4,1,1,2026-06-05 12:00:00,Alerta Vermelho na área Zona Ribeirinha. Nível máximo de água: 74.86%. Precipitação acumulada 6h: 43.50 mm. Precipitação prevista 1h: 47.39 mm.,58.58,ativo
1753,4,2,4,2026-06-05 12:00:00,Alerta Vermelho na área Passagem Inferior. Nível máximo de água: 100.00%. Precipitação acumulada 6h: 103.56 mm. Precipitação prevista 1h: 18.84 mm.,73.71,ativo
1754,3,1,2,2026-06-05 13:00:00,Alerta Laranja na área Zona Ribeirinha. Nível máximo de água: 75.74%. Precipitação acumulada 6h: 42.02 mm. Precipitação prevista 1h: 0.00 mm.,46.69,ativo
1755,3,2,5,2026-06-05 13:00:00,Alerta Laranja na área Passagem Inferior. Nível máximo de água: 75.34%. Precipitação acumulada 6h: 42.53 mm. Precipitação prevista 1h: 0.23 mm.,46.72,ativo
1756,3,3,9,2026-06-05 13:00:00,Alerta Laranja na área Centro Urbano. Nível máximo de água: 36.47%. Precipitação acumulada 6h: 7.43 mm. Precipitação prevista 1h: 26.03 mm.,25.15,ativo
1757,2,4,10,2026-06-05 13:00:00,Alerta Amarelo na área Zona Industrial. Nível máximo de água: 41.61%. Precipitação acumulada 6h: 16.10 mm. Precipitação prevista 1h: 12.29 mm.,26.63,registado
1758,3,1,1,2026-06-05 14:00:00,Alerta Laranja na área Zona Ribeirinha. Nível máximo de água: 71.08%. Precipitação acumulada 6h: 38.42 mm. Precipitação prevista 1h: 3.96 mm.,44.5,ativo
1759,3,3,8,2026-06-05 14:00:00,Alerta Laranja na área Centro Urbano. Nível máximo de água: 59.13%. Precipitação acumulada 6h: 36.60 mm. Precipitação prevista 1h: 35.48 mm.,46.46,ativo
1760,3,1,3,2026-06-05 15:00:00,Alerta Laranja na área Zona Ribeirinha. Nível máximo de água: 71.65%. Precipitação acumulada 6h: 40.42 mm. Precipitação prevista 1h: 0.00 mm.,44.37,ativo
1761,2,2,4,2026-06-05 15:00:00,Alerta Amarelo na área Passagem Inferior. Nível máximo de água: 46.94%. Precipitação acumulada 6h: 12.92 mm. Precipitação prevista 1h: 10.68 mm.,27.67,registado
1762,2,3,7,2026-06-05 15:00:00,Alerta Amarelo na área Centro Urbano. Nível máximo de água: 61.47%. Precipitação acumulada 6h: 34.75 mm. Precipitação prevista 1h: 0.00 mm.,38.09,registado
1763,3,1,3,2026-06-05 16:00:00,Alerta Laranja na área Zona Ribeirinha. Nível máximo de água: 75.09%. Precipitação acumulada 6h: 42.71 mm. Precipitação prevista 1h: 0.00 mm.,46.6,ativo
1764,2,2,4,2026-06-05 16:00:00,Alerta Amarelo na área Passagem Inferior. Nível máximo de água: 42.07%. Precipitação acumulada 6h: 10.69 mm. Precipitação prevista 1h: 12.80 mm.,25.34,registado
1765,3,3,7,2026-06-05 16:00:00,Alerta Laranja na área Centro Urbano. Nível máximo de água: 59.91%. Precipitação acumulada 6h: 36.94 mm. Precipitação prevista 1h: 10.66 mm.,40.71,ativo
1766,3,1,1,2026-06-05 17:00:00,Alerta Laranja na área Zona Ribeirinha. Nível máximo de água: 72.65%. Precipitação acumulada 6h: 40.01 mm. Precipitação prevista 1h: 0.08 mm.,44.72,ativo
1767,2,2,6,2026-06-05 17:00:00,Alerta Amarelo na área Passagem Inferior. Nível máximo de água: 43.24%. Precipitação acumulada 6h: 11.81 mm. Precipitação prevista 1h: 11.51 mm.,25.88,registado
1768,2,3,7,2026-06-05 17:00:00,Alerta Amarelo na área Centro Urbano. Nível máximo de água: 62.34%. Precipitação acumulada 6h: 37.88 mm. Precipitação prevista 1h: 1.80 mm.,39.87,registado
1769,3,1,1,2026-06-05 18:00:00,Alerta Laranja na área Zona Ribeirinha. Nível máximo de água: 49.85%. Precipitação acumulada 6h: 10.18 mm. Precipitação prevista 1h: 21.11 mm.,30.76,ativo
1770,2,2,5,2026-06-05 18:00:00,Alerta Amarelo na área Passagem Inferior. Nível máximo de água: 38.82%. Precipitação acumulada 6h: 10.08 mm. Precipitação prevista 1h: 13.45 mm.,23.86,registado
1771,2,3,7,2026-06-05 18:00:00,Alerta Amarelo na área Centro Urbano. Nível máximo de água: 62.21%. Precipitação acumulada 6h: 39.60 mm. Precipitação prevista 1h: 9.86 mm.,42.34,registado
1772,2,4,12,2026-06-05 18:00:00,Alerta Amarelo na área Zona Industrial. Nível máximo de água: 31.24%. Precipitação acumulada 6h: 5.34 mm. Precipitação prevista 1h: 10.59 mm.,18.31,registado
1773,3,3,7,2026-06-05 19:00:00,Alerta Laranja na área Centro Urbano. Nível máximo de água: 69.24%. Precipitação acumulada 6h: 42.57 mm. Precipitação prevista 1h: 4.80 mm.,45.13,ativo
1774,2,1,1,2026-06-05 20:00:00,Alerta Amarelo na área Zona Ribeirinha. Nível máximo de água: 44.56%. Precipitação acumulada 6h: 10.84 mm. Precipitação prevista 1h: 11.96 mm.,26.29,registado
1775,3,2,4,2026-06-05 20:00:00,Alerta Laranja na área Passagem Inferior. Nível máximo de água: 41.79%. Precipitação acumulada 6h: 9.45 mm. Precipitação prevista 1h: 35.34 mm.,30.48,ativo
1776,2,4,12,2026-06-05 20:00:00,Alerta Amarelo na área Zona Industrial. Nível máximo de água: 36.77%. Precipitação acumulada 6h: 6.23 mm. Precipitação prevista 1h: 10.56 mm.,21.06,registado
1777,2,2,6,2026-06-05 21:00:00,Alerta Amarelo na área Passagem Inferior. Nível máximo de água: 45.48%. Precipitação acumulada 6h: 9.78 mm. Precipitação prevista 1h: 14.20 mm.,26.95,registado
1778,2,1,3,2026-06-05 22:00:00,Alerta Amarelo na área Zona Ribeirinha. Nível máximo de água: 51.28%. Precipitação acumulada 6h: 11.41 mm. Precipitação prevista 1h: 13.47 mm.,29.87,registado
1779,3,2,4,2026-06-05 22:00:00,Alerta Laranja na área Passagem Inferior. Nível máximo de água: 65.20%. Precipitação acumulada 6h: 33.79 mm. Precipitação prevista 1h: 31.02 mm.,47.23,ativo
1780,3,2,4,2026-06-05 23:00:00,Alerta Laranja na área Passagem Inferior. Nível máximo de água: 67.29%. Precipitação acumulada 6h: 33.60 mm. Precipitação prevista 1h: 14.99 mm.,44.11,ativo
1781,2,4,12,2026-06-05 23:00:00,Alerta Amarelo na área Zona Industrial. Nível máximo de água: 36.68%. Precipitação acumulada 6h: 13.25 mm. Precipitação prevista 1h: 10.58 mm.,23.13,registado
1782,2,2,5,2026-06-06 00:00:00,Alerta Amarelo na área Passagem Inferior. Nível máximo de água: 64.20%. Precipitação acumulada 6h: 33.75 mm. Precipitação prevista 1h: 1.96 mm.,39.51,registado
1783,2,1,1,2026-06-06 01:00:00,Alerta Amarelo na área Zona Ribeirinha. Nível máximo de água: 50.37%. Precipitação acumulada 6h: 14.71 mm. Precipitação prevista 1h: 12.99 mm.,30.33,registado
1784,2,2,5,2026-06-06 01:00:00,Alerta Amarelo na área Passagem Inferior. Nível máximo de água: 62.45%. Precipitação acumulada 6h: 34.68 mm. Precipitação prevista 1h: 4.37 mm.,39.6,registado
1785,4,4,12,2026-06-06 01:00:00,Alerta Vermelho na área Zona Industrial. Nível máximo de água: 65.94%. Precipitação acumulada 6h: 54.45 mm. Precipitação prevista 1h: 44.63 mm.,57.17,ativo
1786,3,2,5,2026-06-06 02:00:00,Alerta Laranja na área Passagem Inferior. Nível máximo de água: 61.38%. Precipitação acumulada 6h: 34.67 mm. Precipitação prevista 1h: 10.69 mm.,40.69,ativo
1787,3,4,10,2026-06-06 02:00:00,Alerta Laranja na área Zona Industrial. Nível máximo de água: 70.52%. Precipitação acumulada 6h: 53.17 mm. Precipitação prevista 1h: 3.71 mm.,48.61,ativo
1788,3,2,5,2026-06-06 03:00:00,Alerta Laranja na área Passagem Inferior. Nível máximo de água: 66.00%. Precipitação acumulada 6h: 33.61 mm. Precipitação prevista 1h: 17.54 mm.,44.17,ativo
1789,3,4,11,2026-06-06 03:00:00,Alerta Laranja na área Zona Industrial. Nível máximo de água: 70.81%. Precipitação acumulada 6h: 53.93 mm. Precipitação prevista 1h: 6.12 mm.,49.57,ativo
1790,2,2,4,2026-06-06 04:00:00,Alerta Amarelo na área Passagem Inferior. Nível máximo de água: 44.45%. Precipitação acumulada 6h: 12.11 mm. Precipitação prevista 1h: 17.31 mm.,27.96,registado
1791,2,3,9,2026-06-06 04:00:00,Alerta Amarelo na área Centro Urbano. Nível máximo de água: 42.81%. Precipitação acumulada 6h: 12.65 mm. Precipitação prevista 1h: 12.13 mm.,26.09,registado
1792,3,4,10,2026-06-06 04:00:00,Alerta Laranja na área Zona Industrial. Nível máximo de água: 71.92%. Precipitação acumulada 6h: 55.34 mm. Precipitação prevista 1h: 7.51 mm.,50.84,ativo
1793,2,1,1,2026-06-06 05:00:00,Alerta Amarelo na área Zona Ribeirinha. Nível máximo de água: 51.09%. Precipitação acumulada 6h: 11.99 mm. Precipitação prevista 1h: 18.80 mm.,31.29,registado
1794,4,3,7,2026-06-06 05:00:00,Alerta Vermelho na área Centro Urbano. Nível máximo de água: 68.83%. Precipitação acumulada 6h: 47.22 mm. Precipitação prevista 1h: 46.14 mm.,56.67,ativo
1795,3,4,12,2026-06-06 05:00:00,Alerta Laranja na área Zona Industrial. Nível máximo de água: 69.99%. Precipitação acumulada 6h: 53.84 mm. Precipitação prevista 1h: 12.77 mm.,50.84,ativo
1796,3,3,9,2026-06-06 06:00:00,Alerta Laranja na área Centro Urbano. Nível máximo de água: 70.87%. Precipitação acumulada 6h: 46.52 mm. Precipitação prevista 1h: 0.43 mm.,45.96,ativo
1797,3,4,10,2026-06-06 06:00:00,Alerta Laranja na área Zona Industrial. Nível máximo de água: 76.10%. Precipitação acumulada 6h: 55.52 mm. Precipitação prevista 1h: 8.35 mm.,52.99,ativo
1798,3,2,4,2026-06-06 07:00:00,Alerta Laranja na área Passagem Inferior. Nível máximo de água: 44.86%. Precipitação acumulada 6h: 10.80 mm. Precipitação prevista 1h: 23.74 mm.,29.36,ativo
1799,3,3,8,2026-06-06 07:00:00,Alerta Laranja na área Centro Urbano. Nível máximo de água: 69.82%. Precipitação acumulada 6h: 45.00 mm. Precipitação prevista 1h: 6.80 mm.,46.62,ativo
1800,2,2,6,2026-06-06 08:00:00,Alerta Amarelo na área Passagem Inferior. Nível máximo de água: 46.37%. Precipitação acumulada 6h: 9.22 mm. Precipitação prevista 1h: 15.75 mm.,27.57,registado
1801,3,3,8,2026-06-06 08:00:00,Alerta Laranja na área Centro Urbano. Nível máximo de água: 69.57%. Precipitação acumulada 6h: 44.81 mm. Precipitação prevista 1h: 0.00 mm.,44.75,ativo
1802,3,4,11,2026-06-06 08:00:00,Alerta Laranja na área Zona Industrial. Nível máximo de água: 57.24%. Precipitação acumulada 6h: 29.73 mm. Precipitação prevista 1h: 34.89 mm.,43.4,ativo
1803,3,1,2,2026-06-06 09:00:00,Alerta Laranja na área Zona Ribeirinha. Nível máximo de água: 51.35%. Precipitação acumulada 6h: 13.24 mm. Precipitação prevista 1h: 21.01 mm.,32.33,ativo
1804,2,2,6,2026-06-06 09:00:00,Alerta Amarelo na área Passagem Inferior. Nível máximo de água: 37.00%. Precipitação acumulada 6h: 10.03 mm. Precipitação prevista 1h: 14.40 mm.,23.26,registado
1805,3,3,9,2026-06-06 09:00:00,Alerta Laranja na área Centro Urbano. Nível máximo de água: 72.88%. Precipitação acumulada 6h: 45.60 mm. Precipitação prevista 1h: 13.59 mm.,49.87,ativo
1806,3,3,8,2026-06-06 10:00:00,Alerta Laranja na área Centro Urbano. Nível máximo de água: 71.55%. Precipitação acumulada 6h: 54.70 mm. Precipitação prevista 1h: 22.31 mm.,54.19,ativo
1807,2,4,11,2026-06-06 10:00:00,Alerta Amarelo na área Zona Industrial. Nível máximo de água: 53.31%. Precipitação acumulada 6h: 29.32 mm. Precipitação prevista 1h: 16.06 mm.,36.8,registado
1808,2,1,1,2026-06-06 11:00:00,Alerta Amarelo na área Zona Ribeirinha. Nível máximo de água: 48.86%. Precipitação acumulada 6h: 13.42 mm. Precipitação prevista 1h: 13.42 mm.,29.37,registado
1809,2,2,5,2026-06-06 11:00:00,Alerta Amarelo na área Passagem Inferior. Nível máximo de água: 43.43%. Precipitação acumulada 6h: 8.73 mm. Precipitação prevista 1h: 10.81 mm.,24.87,registado
1810,2,3,7,2026-06-06 11:00:00,Alerta Amarelo na área Centro Urbano. Nível máximo de água: 50.77%. Precipitação acumulada 6h: 17.99 mm. Precipitação prevista 1h: 13.45 mm.,31.61,registado
1811,3,4,10,2026-06-06 11:00:00,Alerta Laranja na área Zona Industrial. Nível máximo de água: 53.53%. Precipitação acumulada 6h: 31.38 mm. Precipitação prevista 1h: 14.73 mm.,37.18,ativo
1812,2,4,11,2026-06-06 12:00:00,Alerta Amarelo na área Zona Industrial. Nível máximo de água: 51.35%. Precipitação acumulada 6h: 30.02 mm. Precipitação prevista 1h: 1.60 mm.,32.51,registado
1813,3,4,10,2026-06-06 13:00:00,Alerta Laranja na área Zona Industrial. Nível máximo de água: 71.67%. Precipitação acumulada 6h: 57.35 mm. Precipitação prevista 1h: 24.01 mm.,55.46,ativo
1814,3,4,12,2026-06-06 14:00:00,Alerta Laranja na área Zona Industrial. Nível máximo de água: 67.94%. Precipitação acumulada 6h: 41.95 mm. Precipitação prevista 1h: 9.61 mm.,45.56,ativo
1815,2,2,5,2026-06-06 15:00:00,Alerta Amarelo na área Passagem Inferior. Nível máximo de água: 41.52%. Precipitação acumulada 6h: 11.61 mm. Precipitação prevista 1h: 19.76 mm.,27.11,registado
1816,2,3,8,2026-06-06 15:00:00,Alerta Amarelo na área Centro Urbano. Nível máximo de água: 41.94%. Precipitação acumulada 6h: 19.05 mm. Precipitação prevista 1h: 15.55 mm.,28.48,registado
1817,3,4,12,2026-06-06 15:00:00,Alerta Laranja na área Zona Industrial. Nível máximo de água: 66.81%. Precipitação acumulada 6h: 41.17 mm. Precipitação prevista 1h: 0.00 mm.,42.42,ativo
1818,2,3,9,2026-06-06 16:00:00,Alerta Amarelo na área Centro Urbano. Nível máximo de água: 41.83%. Precipitação acumulada 6h: 12.23 mm. Precipitação prevista 1h: 14.29 mm.,26.07,registado
1819,2,4,12,2026-06-06 16:00:00,Alerta Amarelo na área Zona Industrial. Nível máximo de água: 63.29%. Precipitação acumulada 6h: 38.48 mm. Precipitação prevista 1h: 2.31 mm.,40.6,registado
1820,2,1,3,2026-06-06 17:00:00,Alerta Amarelo na área Zona Ribeirinha. Nível máximo de água: 51.24%. Precipitação acumulada 6h: 11.24 mm. Precipitação prevista 1h: 11.76 mm.,29.37,registado
1821,2,3,7,2026-06-06 17:00:00,Alerta Amarelo na área Centro Urbano. Nível máximo de água: 38.44%. Precipitação acumulada 6h: 12.38 mm. Precipitação prevista 1h: 11.31 mm.,23.84,registado
1822,2,4,12,2026-06-06 17:00:00,Alerta Amarelo na área Zona Industrial. Nível máximo de água: 62.60%. Precipitação acumulada 6h: 35.51 mm. Precipitação prevista 1h: 0.00 mm.,38.82,registado
1823,2,2,4,2026-06-06 18:00:00,Alerta Amarelo na área Passagem Inferior. Nível máximo de água: 46.39%. Precipitação acumulada 6h: 8.96 mm. Precipitação prevista 1h: 11.31 mm.,26.39,registado
1824,3,4,12,2026-06-06 18:00:00,Alerta Laranja na área Zona Industrial. Nível máximo de água: 76.51%. Precipitação acumulada 6h: 57.13 mm. Precipitação prevista 1h: 22.26 mm.,57.13,ativo
1825,1,1,3,2026-06-06 19:00:00,Alerta Verde na área Zona Ribeirinha. Nível máximo de água: 44.77%. Precipitação acumulada 6h: 14.17 mm. Precipitação prevista 1h: 7.07 mm.,26.17,registado
1826,2,2,4,2026-06-06 19:00:00,Alerta Amarelo na área Passagem Inferior. Nível máximo de água: 44.33%. Precipitação acumulada 6h: 7.69 mm. Precipitação prevista 1h: 17.12 mm.,26.54,registado
1827,2,3,8,2026-06-06 19:00:00,Alerta Amarelo na área Centro Urbano. Nível máximo de água: 42.09%. Precipitação acumulada 6h: 12.22 mm. Precipitação prevista 1h: 11.30 mm.,25.43,registado
1828,2,4,10,2026-06-06 19:00:00,Alerta Amarelo na área Zona Industrial. Nível máximo de água: 58.66%. Precipitação acumulada 6h: 30.98 mm. Precipitação prevista 1h: 0.28 mm.,35.76,registado
1829,2,2,6,2026-06-06 20:00:00,Alerta Amarelo na área Passagem Inferior. Nível máximo de água: 43.71%. Precipitação acumulada 6h: 8.56 mm. Precipitação prevista 1h: 15.21 mm.,26.04,registado
1830,2,4,12,2026-06-06 20:00:00,Alerta Amarelo na área Zona Industrial. Nível máximo de água: 55.02%. Precipitação acumulada 6h: 30.07 mm. Precipitação prevista 1h: 0.00 mm.,33.78,registado
1831,2,1,2,2026-06-06 21:00:00,Alerta Amarelo na área Zona Ribeirinha. Nível máximo de água: 54.05%. Precipitação acumulada 6h: 14.50 mm. Precipitação prevista 1h: 16.26 mm.,32.74,registado
1832,3,2,4,2026-06-06 21:00:00,Alerta Laranja na área Passagem Inferior. Nível máximo de água: 63.78%. Precipitação acumulada 6h: 35.82 mm. Precipitação prevista 1h: 34.69 mm.,48.12,ativo
1833,2,3,9,2026-06-06 21:00:00,Alerta Amarelo na área Centro Urbano. Nível máximo de água: 39.05%. Precipitação acumulada 6h: 11.06 mm. Precipitação prevista 1h: 15.09 mm.,24.66,registado
1834,3,4,10,2026-06-06 21:00:00,Alerta Laranja na área Zona Industrial. Nível máximo de água: 52.65%. Precipitação acumulada 6h: 31.34 mm. Precipitação prevista 1h: 19.70 mm.,38.02,ativo
1835,2,1,1,2026-06-06 22:00:00,Alerta Amarelo na área Zona Ribeirinha. Nível máximo de água: 46.11%. Precipitação acumulada 6h: 11.21 mm. Precipitação prevista 1h: 17.06 mm.,28.38,registado
1836,3,2,4,2026-06-06 22:00:00,Alerta Laranja na área Passagem Inferior. Nível máximo de água: 69.00%. Precipitação acumulada 6h: 36.80 mm. Precipitação prevista 1h: 10.59 mm.,44.74,ativo
1837,2,3,9,2026-06-06 22:00:00,Alerta Amarelo na área Centro Urbano. Nível máximo de água: 38.92%. Precipitação acumulada 6h: 11.07 mm. Precipitação prevista 1h: 13.58 mm.,24.23,registado
1838,2,4,11,2026-06-06 22:00:00,Alerta Amarelo na área Zona Industrial. Nível máximo de água: 49.69%. Precipitação acumulada 6h: 30.17 mm. Precipitação prevista 1h: 0.00 mm.,31.41,registado
1839,3,2,6,2026-06-06 23:00:00,Alerta Laranja na área Passagem Inferior. Nível máximo de água: 70.79%. Precipitação acumulada 6h: 40.64 mm. Precipitação prevista 1h: 11.25 mm.,46.86,ativo
1840,3,4,12,2026-06-06 23:00:00,Alerta Laranja na área Zona Industrial. Nível máximo de água: 52.46%. Precipitação acumulada 6h: 32.79 mm. Precipitação prevista 1h: 16.26 mm.,37.51,ativo
