idprevisao,idarea_risco,fonte,data_emissao,data_inicio_previsao,data_fim_previsao,horizonte_horas,precipitacao_prevista_mm,confianca
1,1,IPMA_simulado,2026-05-08 00:00:00,2026-05-08 00:00:00,2026-05-08 01:00:00,1,0,0.885
2,2,IPMA_simulado,2026-05-08 00:00:00,2026-05-08 00:00:00,2026-05-08 01:00:00,1,4.14,0.719
3,3,IPMA_simulado,2026-05-08 00:00:00,2026-05-08 00:00:00,2026-05-08 01:00:00,1,70,0.697
4,4,IPMA_simulado,2026-05-08 00:00:00,2026-05-08 00:00:00,2026-05-08 01:00:00,1,40.6,0.933
5,1,IPMA_simulado,2026-05-08 01:00:00,2026-05-08 01:00:00,2026-05-08 02:00:00,1,0,0.792
6,2,IPMA_simulado,2026-05-08 01:00:00,2026-05-08 01:00:00,2026-05-08 02:00:00,1,10.82,0.78
7,3,IPMA_simulado,2026-05-08 01:00:00,2026-05-08 01:00:00,2026-05-08 02:00:00,1,0,0.857
8,4,IPMA_simulado,2026-05-08 01:00:00,2026-05-08 01:00:00,2026-05-08 02:00:00,1,0,0.707
9,1,IPMA_simulado,2026-05-08 02:00:00,2026-05-08 02:00:00,2026-05-08 03:00:00,1,11.75,0.783
10,2,IPMA_simulado,2026-05-08 02:00:00,2026-05-08 02:00:00,2026-05-08 03:00:00,1,0,0.92
11,3,IPMA_simulado,2026-05-08 02:00:00,2026-05-08 02:00:00,2026-05-08 03:00:00,1,0,0.855
12,4,IPMA_simulado,2026-05-08 02:00:00,2026-05-08 02:00:00,2026-05-08 03:00:00,1,1.6,0.85
13,1,IPMA_simulado,2026-05-08 03:00:00,2026-05-08 03:00:00,2026-05-08 04:00:00,1,22.02,0.657
14,2,IPMA_simulado,2026-05-08 03:00:00,2026-05-08 03:00:00,2026-05-08 04:00:00,1,0,0.836
15,3,IPMA_simulado,2026-05-08 03:00:00,2026-05-08 03:00:00,2026-05-08 04:00:00,1,11.22,0.864
16,4,IPMA_simulado,2026-05-08 03:00:00,2026-05-08 03:00:00,2026-05-08 04:00:00,1,52.14,0.912
17,1,IPMA_simulado,2026-05-08 04:00:00,2026-05-08 04:00:00,2026-05-08 05:00:00,1,22.4,0.908
18,2,IPMA_simulado,2026-05-08 04:00:00,2026-05-08 04:00:00,2026-05-08 05:00:00,1,1.48,0.847
19,3,IPMA_simulado,2026-05-08 04:00:00,2026-05-08 04:00:00,2026-05-08 05:00:00,1,7.4,0.75
20,4,IPMA_simulado,2026-05-08 04:00:00,2026-05-08 04:00:00,2026-05-08 05:00:00,1,17.23,0.688
21,1,IPMA_simulado,2026-05-08 05:00:00,2026-05-08 05:00:00,2026-05-08 06:00:00,1,43.2,0.785
22,2,IPMA_simulado,2026-05-08 05:00:00,2026-05-08 05:00:00,2026-05-08 06:00:00,1,0,0.811
23,3,IPMA_simulado,2026-05-08 05:00:00,2026-05-08 05:00:00,2026-05-08 06:00:00,1,3.26,0.892
24,4,IPMA_simulado,2026-05-08 05:00:00,2026-05-08 05:00:00,2026-05-08 06:00:00,1,0,0.797
25,1,IPMA_simulado,2026-05-08 06:00:00,2026-05-08 06:00:00,2026-05-08 07:00:00,1,3.16,0.87
26,2,IPMA_simulado,2026-05-08 06:00:00,2026-05-08 06:00:00,2026-05-08 07:00:00,1,23.45,0.903
27,3,IPMA_simulado,2026-05-08 06:00:00,2026-05-08 06:00:00,2026-05-08 07:00:00,1,20.43,0.764
28,4,IPMA_simulado,2026-05-08 06:00:00,2026-05-08 06:00:00,2026-05-08 07:00:00,1,0,0.926
29,1,IPMA_simulado,2026-05-08 07:00:00,2026-05-08 07:00:00,2026-05-08 08:00:00,1,0,0.697
30,2,IPMA_simulado,2026-05-08 07:00:00,2026-05-08 07:00:00,2026-05-08 08:00:00,1,12.28,0.885
31,3,IPMA_simulado,2026-05-08 07:00:00,2026-05-08 07:00:00,2026-05-08 08:00:00,1,17.22,0.735
32,4,IPMA_simulado,2026-05-08 07:00:00,2026-05-08 07:00:00,2026-05-08 08:00:00,1,19.66,0.771
33,1,IPMA_simulado,2026-05-08 08:00:00,2026-05-08 08:00:00,2026-05-08 09:00:00,1,9.9,0.949
34,2,IPMA_simulado,2026-05-08 08:00:00,2026-05-08 08:00:00,2026-05-08 09:00:00,1,0.76,0.815
35,3,IPMA_simulado,2026-05-08 08:00:00,2026-05-08 08:00:00,2026-05-08 09:00:00,1,15.03,0.786
36,4,IPMA_simulado,2026-05-08 08:00:00,2026-05-08 08:00:00,2026-05-08 09:00:00,1,15.18,0.87
37,1,IPMA_simulado,2026-05-08 09:00:00,2026-05-08 09:00:00,2026-05-08 10:00:00,1,10.25,0.808
38,2,IPMA_simulado,2026-05-08 09:00:00,2026-05-08 09:00:00,2026-05-08 10:00:00,1,13.31,0.867
39,3,IPMA_simulado,2026-05-08 09:00:00,2026-05-08 09:00:00,2026-05-08 10:00:00,1,58.94,0.822
40,4,IPMA_simulado,2026-05-08 09:00:00,2026-05-08 09:00:00,2026-05-08 10:00:00,1,0,0.687
41,1,IPMA_simulado,2026-05-08 10:00:00,2026-05-08 10:00:00,2026-05-08 11:00:00,1,8.64,0.799
42,2,IPMA_simulado,2026-05-08 10:00:00,2026-05-08 10:00:00,2026-05-08 11:00:00,1,6.65,0.765
43,3,IPMA_simulado,2026-05-08 10:00:00,2026-05-08 10:00:00,2026-05-08 11:00:00,1,19.03,0.919
44,4,IPMA_simulado,2026-05-08 10:00:00,2026-05-08 10:00:00,2026-05-08 11:00:00,1,6.52,0.729
45,1,IPMA_simulado,2026-05-08 11:00:00,2026-05-08 11:00:00,2026-05-08 12:00:00,1,13.41,0.734
46,2,IPMA_simulado,2026-05-08 11:00:00,2026-05-08 11:00:00,2026-05-08 12:00:00,1,32.72,0.689
47,3,IPMA_simulado,2026-05-08 11:00:00,2026-05-08 11:00:00,2026-05-08 12:00:00,1,0,0.744
48,4,IPMA_simulado,2026-05-08 11:00:00,2026-05-08 11:00:00,2026-05-08 12:00:00,1,8.99,0.905
49,1,IPMA_simulado,2026-05-08 12:00:00,2026-05-08 12:00:00,2026-05-08 13:00:00,1,20.47,0.652
50,2,IPMA_simulado,2026-05-08 12:00:00,2026-05-08 12:00:00,2026-05-08 13:00:00,1,0,0.947
51,3,IPMA_simulado,2026-05-08 12:00:00,2026-05-08 12:00:00,2026-05-08 13:00:00,1,13.27,0.651
52,4,IPMA_simulado,2026-05-08 12:00:00,2026-05-08 12:00:00,2026-05-08 13:00:00,1,5.65,0.761
53,1,IPMA_simulado,2026-05-08 13:00:00,2026-05-08 13:00:00,2026-05-08 14:00:00,1,8.06,0.757
54,2,IPMA_simulado,2026-05-08 13:00:00,2026-05-08 13:00:00,2026-05-08 14:00:00,1,14.28,0.892
55,3,IPMA_simulado,2026-05-08 13:00:00,2026-05-08 13:00:00,2026-05-08 14:00:00,1,0,0.652
56,4,IPMA_simulado,2026-05-08 13:00:00,2026-05-08 13:00:00,2026-05-08 14:00:00,1,0,0.79
57,1,IPMA_simulado,2026-05-08 14:00:00,2026-05-08 14:00:00,2026-05-08 15:00:00,1,0,0.742
58,2,IPMA_simulado,2026-05-08 14:00:00,2026-05-08 14:00:00,2026-05-08 15:00:00,1,15.02,0.893
59,3,IPMA_simulado,2026-05-08 14:00:00,2026-05-08 14:00:00,2026-05-08 15:00:00,1,8.85,0.889
60,4,IPMA_simulado,2026-05-08 14:00:00,2026-05-08 14:00:00,2026-05-08 15:00:00,1,0,0.812
61,1,IPMA_simulado,2026-05-08 15:00:00,2026-05-08 15:00:00,2026-05-08 16:00:00,1,0,0.867
62,2,IPMA_simulado,2026-05-08 15:00:00,2026-05-08 15:00:00,2026-05-08 16:00:00,1,0.2,0.849
63,3,IPMA_simulado,2026-05-08 15:00:00,2026-05-08 15:00:00,2026-05-08 16:00:00,1,22.29,0.881
64,4,IPMA_simulado,2026-05-08 15:00:00,2026-05-08 15:00:00,2026-05-08 16:00:00,1,24.11,0.653
65,1,IPMA_simulado,2026-05-08 16:00:00,2026-05-08 16:00:00,2026-05-08 17:00:00,1,19.01,0.789
66,2,IPMA_simulado,2026-05-08 16:00:00,2026-05-08 16:00:00,2026-05-08 17:00:00,1,2.35,0.786
67,3,IPMA_simulado,2026-05-08 16:00:00,2026-05-08 16:00:00,2026-05-08 17:00:00,1,9.11,0.823
68,4,IPMA_simulado,2026-05-08 16:00:00,2026-05-08 16:00:00,2026-05-08 17:00:00,1,19.88,0.868
69,1,IPMA_simulado,2026-05-08 17:00:00,2026-05-08 17:00:00,2026-05-08 18:00:00,1,1.49,0.679
70,2,IPMA_simulado,2026-05-08 17:00:00,2026-05-08 17:00:00,2026-05-08 18:00:00,1,7.37,0.667
71,3,IPMA_simulado,2026-05-08 17:00:00,2026-05-08 17:00:00,2026-05-08 18:00:00,1,23.64,0.806
72,4,IPMA_simulado,2026-05-08 17:00:00,2026-05-08 17:00:00,2026-05-08 18:00:00,1,0,0.736
73,1,IPMA_simulado,2026-05-08 18:00:00,2026-05-08 18:00:00,2026-05-08 19:00:00,1,0,0.925
74,2,IPMA_simulado,2026-05-08 18:00:00,2026-05-08 18:00:00,2026-05-08 19:00:00,1,19.03,0.892
75,3,IPMA_simulado,2026-05-08 18:00:00,2026-05-08 18:00:00,2026-05-08 19:00:00,1,8.43,0.718
76,4,IPMA_simulado,2026-05-08 18:00:00,2026-05-08 18:00:00,2026-05-08 19:00:00,1,4.14,0.949
77,1,IPMA_simulado,2026-05-08 19:00:00,2026-05-08 19:00:00,2026-05-08 20:00:00,1,14.11,0.798
78,2,IPMA_simulado,2026-05-08 19:00:00,2026-05-08 19:00:00,2026-05-08 20:00:00,1,9.21,0.925
79,3,IPMA_simulado,2026-05-08 19:00:00,2026-05-08 19:00:00,2026-05-08 20:00:00,1,4.88,0.805
80,4,IPMA_simulado,2026-05-08 19:00:00,2026-05-08 19:00:00,2026-05-08 20:00:00,1,32.94,0.815
81,1,IPMA_simulado,2026-05-08 20:00:00,2026-05-08 20:00:00,2026-05-08 21:00:00,1,2.36,0.805
82,2,IPMA_simulado,2026-05-08 20:00:00,2026-05-08 20:00:00,2026-05-08 21:00:00,1,5.37,0.858
83,3,IPMA_simulado,2026-05-08 20:00:00,2026-05-08 20:00:00,2026-05-08 21:00:00,1,8.57,0.918
84,4,IPMA_simulado,2026-05-08 20:00:00,2026-05-08 20:00:00,2026-05-08 21:00:00,1,12.7,0.917
85,1,IPMA_simulado,2026-05-08 21:00:00,2026-05-08 21:00:00,2026-05-08 22:00:00,1,18.02,0.915
86,2,IPMA_simulado,2026-05-08 21:00:00,2026-05-08 21:00:00,2026-05-08 22:00:00,1,7.38,0.832
87,3,IPMA_simulado,2026-05-08 21:00:00,2026-05-08 21:00:00,2026-05-08 22:00:00,1,19.89,0.853
88,4,IPMA_simulado,2026-05-08 21:00:00,2026-05-08 21:00:00,2026-05-08 22:00:00,1,27.27,0.882
89,1,IPMA_simulado,2026-05-08 22:00:00,2026-05-08 22:00:00,2026-05-08 23:00:00,1,0,0.845
90,2,IPMA_simulado,2026-05-08 22:00:00,2026-05-08 22:00:00,2026-05-08 23:00:00,1,14.66,0.697
91,3,IPMA_simulado,2026-05-08 22:00:00,2026-05-08 22:00:00,2026-05-08 23:00:00,1,2.85,0.886
92,4,IPMA_simulado,2026-05-08 22:00:00,2026-05-08 22:00:00,2026-05-08 23:00:00,1,10.33,0.81
93,1,IPMA_simulado,2026-05-08 23:00:00,2026-05-08 23:00:00,2026-05-09 00:00:00,1,40.43,0.906
94,2,IPMA_simulado,2026-05-08 23:00:00,2026-05-08 23:00:00,2026-05-09 00:00:00,1,0,0.775
95,3,IPMA_simulado,2026-05-08 23:00:00,2026-05-08 23:00:00,2026-05-09 00:00:00,1,6.46,0.782
96,4,IPMA_simulado,2026-05-08 23:00:00,2026-05-08 23:00:00,2026-05-09 00:00:00,1,9.26,0.84
97,1,IPMA_simulado,2026-05-09 00:00:00,2026-05-09 00:00:00,2026-05-09 01:00:00,1,22.42,0.667
98,2,IPMA_simulado,2026-05-09 00:00:00,2026-05-09 00:00:00,2026-05-09 01:00:00,1,3.24,0.779
99,3,IPMA_simulado,2026-05-09 00:00:00,2026-05-09 00:00:00,2026-05-09 01:00:00,1,17.24,0.748
100,4,IPMA_simulado,2026-05-09 00:00:00,2026-05-09 00:00:00,2026-05-09 01:00:00,1,0,0.831
101,1,IPMA_simulado,2026-05-09 01:00:00,2026-05-09 01:00:00,2026-05-09 02:00:00,1,9.21,0.671
102,2,IPMA_simulado,2026-05-09 01:00:00,2026-05-09 01:00:00,2026-05-09 02:00:00,1,0,0.752
103,3,IPMA_simulado,2026-05-09 01:00:00,2026-05-09 01:00:00,2026-05-09 02:00:00,1,0,0.666
104,4,IPMA_simulado,2026-05-09 01:00:00,2026-05-09 01:00:00,2026-05-09 02:00:00,1,0,0.781
105,1,IPMA_simulado,2026-05-09 02:00:00,2026-05-09 02:00:00,2026-05-09 03:00:00,1,0,0.819
106,2,IPMA_simulado,2026-05-09 02:00:00,2026-05-09 02:00:00,2026-05-09 03:00:00,1,2.83,0.92
107,3,IPMA_simulado,2026-05-09 02:00:00,2026-05-09 02:00:00,2026-05-09 03:00:00,1,5.2,0.768
108,4,IPMA_simulado,2026-05-09 02:00:00,2026-05-09 02:00:00,2026-05-09 03:00:00,1,7.08,0.928
109,1,IPMA_simulado,2026-05-09 03:00:00,2026-05-09 03:00:00,2026-05-09 04:00:00,1,1.39,0.724
110,2,IPMA_simulado,2026-05-09 03:00:00,2026-05-09 03:00:00,2026-05-09 04:00:00,1,10.31,0.752
111,3,IPMA_simulado,2026-05-09 03:00:00,2026-05-09 03:00:00,2026-05-09 04:00:00,1,21.13,0.797
112,4,IPMA_simulado,2026-05-09 03:00:00,2026-05-09 03:00:00,2026-05-09 04:00:00,1,1.04,0.71
113,1,IPMA_simulado,2026-05-09 04:00:00,2026-05-09 04:00:00,2026-05-09 05:00:00,1,52.33,0.943
114,2,IPMA_simulado,2026-05-09 04:00:00,2026-05-09 04:00:00,2026-05-09 05:00:00,1,0,0.893
115,3,IPMA_simulado,2026-05-09 04:00:00,2026-05-09 04:00:00,2026-05-09 05:00:00,1,16.53,0.739
116,4,IPMA_simulado,2026-05-09 04:00:00,2026-05-09 04:00:00,2026-05-09 05:00:00,1,24.8,0.763
117,1,IPMA_simulado,2026-05-09 05:00:00,2026-05-09 05:00:00,2026-05-09 06:00:00,1,15.61,0.671
118,2,IPMA_simulado,2026-05-09 05:00:00,2026-05-09 05:00:00,2026-05-09 06:00:00,1,4.69,0.721
119,3,IPMA_simulado,2026-05-09 05:00:00,2026-05-09 05:00:00,2026-05-09 06:00:00,1,8.47,0.69
120,4,IPMA_simulado,2026-05-09 05:00:00,2026-05-09 05:00:00,2026-05-09 06:00:00,1,0,0.921
121,1,IPMA_simulado,2026-05-09 06:00:00,2026-05-09 06:00:00,2026-05-09 07:00:00,1,2.54,0.685
122,2,IPMA_simulado,2026-05-09 06:00:00,2026-05-09 06:00:00,2026-05-09 07:00:00,1,7.91,0.787
123,3,IPMA_simulado,2026-05-09 06:00:00,2026-05-09 06:00:00,2026-05-09 07:00:00,1,32.56,0.789
124,4,IPMA_simulado,2026-05-09 06:00:00,2026-05-09 06:00:00,2026-05-09 07:00:00,1,0.39,0.872
125,1,IPMA_simulado,2026-05-09 07:00:00,2026-05-09 07:00:00,2026-05-09 08:00:00,1,1.06,0.919
126,2,IPMA_simulado,2026-05-09 07:00:00,2026-05-09 07:00:00,2026-05-09 08:00:00,1,18.14,0.922
127,3,IPMA_simulado,2026-05-09 07:00:00,2026-05-09 07:00:00,2026-05-09 08:00:00,1,10.99,0.833
128,4,IPMA_simulado,2026-05-09 07:00:00,2026-05-09 07:00:00,2026-05-09 08:00:00,1,0,0.744
129,1,IPMA_simulado,2026-05-09 08:00:00,2026-05-09 08:00:00,2026-05-09 09:00:00,1,21.14,0.661
130,2,IPMA_simulado,2026-05-09 08:00:00,2026-05-09 08:00:00,2026-05-09 09:00:00,1,1.01,0.741
131,3,IPMA_simulado,2026-05-09 08:00:00,2026-05-09 08:00:00,2026-05-09 09:00:00,1,0,0.796
132,4,IPMA_simulado,2026-05-09 08:00:00,2026-05-09 08:00:00,2026-05-09 09:00:00,1,0,0.692
133,1,IPMA_simulado,2026-05-09 09:00:00,2026-05-09 09:00:00,2026-05-09 10:00:00,1,0,0.803
134,2,IPMA_simulado,2026-05-09 09:00:00,2026-05-09 09:00:00,2026-05-09 10:00:00,1,12.24,0.863
135,3,IPMA_simulado,2026-05-09 09:00:00,2026-05-09 09:00:00,2026-05-09 10:00:00,1,4.92,0.797
136,4,IPMA_simulado,2026-05-09 09:00:00,2026-05-09 09:00:00,2026-05-09 10:00:00,1,9.77,0.715
137,1,IPMA_simulado,2026-05-09 10:00:00,2026-05-09 10:00:00,2026-05-09 11:00:00,1,15.6,0.68
138,2,IPMA_simulado,2026-05-09 10:00:00,2026-05-09 10:00:00,2026-05-09 11:00:00,1,9.2,0.77
139,3,IPMA_simulado,2026-05-09 10:00:00,2026-05-09 10:00:00,2026-05-09 11:00:00,1,0,0.723
140,4,IPMA_simulado,2026-05-09 10:00:00,2026-05-09 10:00:00,2026-05-09 11:00:00,1,10.25,0.721
141,1,IPMA_simulado,2026-05-09 11:00:00,2026-05-09 11:00:00,2026-05-09 12:00:00,1,0.76,0.732
142,2,IPMA_simulado,2026-05-09 11:00:00,2026-05-09 11:00:00,2026-05-09 12:00:00,1,4.91,0.655
143,3,IPMA_simulado,2026-05-09 11:00:00,2026-05-09 11:00:00,2026-05-09 12:00:00,1,8.33,0.776
144,4,IPMA_simulado,2026-05-09 11:00:00,2026-05-09 11:00:00,2026-05-09 12:00:00,1,16.54,0.929
145,1,IPMA_simulado,2026-05-09 12:00:00,2026-05-09 12:00:00,2026-05-09 13:00:00,1,16.76,0.702
146,2,IPMA_simulado,2026-05-09 12:00:00,2026-05-09 12:00:00,2026-05-09 13:00:00,1,2.71,0.88
147,3,IPMA_simulado,2026-05-09 12:00:00,2026-05-09 12:00:00,2026-05-09 13:00:00,1,21.82,0.887
148,4,IPMA_simulado,2026-05-09 12:00:00,2026-05-09 12:00:00,2026-05-09 13:00:00,1,0,0.88
149,1,IPMA_simulado,2026-05-09 13:00:00,2026-05-09 13:00:00,2026-05-09 14:00:00,1,8.47,0.762
150,2,IPMA_simulado,2026-05-09 13:00:00,2026-05-09 13:00:00,2026-05-09 14:00:00,1,13.36,0.662
151,3,IPMA_simulado,2026-05-09 13:00:00,2026-05-09 13:00:00,2026-05-09 14:00:00,1,7.38,0.837
152,4,IPMA_simulado,2026-05-09 13:00:00,2026-05-09 13:00:00,2026-05-09 14:00:00,1,8.07,0.834
153,1,IPMA_simulado,2026-05-09 14:00:00,2026-05-09 14:00:00,2026-05-09 15:00:00,1,9.51,0.819
154,2,IPMA_simulado,2026-05-09 14:00:00,2026-05-09 14:00:00,2026-05-09 15:00:00,1,6.95,0.689
155,3,IPMA_simulado,2026-05-09 14:00:00,2026-05-09 14:00:00,2026-05-09 15:00:00,1,8.62,0.808
156,4,IPMA_simulado,2026-05-09 14:00:00,2026-05-09 14:00:00,2026-05-09 15:00:00,1,0,0.76
157,1,IPMA_simulado,2026-05-09 15:00:00,2026-05-09 15:00:00,2026-05-09 16:00:00,1,13.11,0.697
158,2,IPMA_simulado,2026-05-09 15:00:00,2026-05-09 15:00:00,2026-05-09 16:00:00,1,6.85,0.751
159,3,IPMA_simulado,2026-05-09 15:00:00,2026-05-09 15:00:00,2026-05-09 16:00:00,1,17.52,0.754
160,4,IPMA_simulado,2026-05-09 15:00:00,2026-05-09 15:00:00,2026-05-09 16:00:00,1,0,0.65
161,1,IPMA_simulado,2026-05-09 16:00:00,2026-05-09 16:00:00,2026-05-09 17:00:00,1,1.11,0.928
162,2,IPMA_simulado,2026-05-09 16:00:00,2026-05-09 16:00:00,2026-05-09 17:00:00,1,18.46,0.887
163,3,IPMA_simulado,2026-05-09 16:00:00,2026-05-09 16:00:00,2026-05-09 17:00:00,1,0,0.712
164,4,IPMA_simulado,2026-05-09 16:00:00,2026-05-09 16:00:00,2026-05-09 17:00:00,1,0,0.864
165,1,IPMA_simulado,2026-05-09 17:00:00,2026-05-09 17:00:00,2026-05-09 18:00:00,1,4.15,0.726
166,2,IPMA_simulado,2026-05-09 17:00:00,2026-05-09 17:00:00,2026-05-09 18:00:00,1,6.05,0.703
167,3,IPMA_simulado,2026-05-09 17:00:00,2026-05-09 17:00:00,2026-05-09 18:00:00,1,28.74,0.796
168,4,IPMA_simulado,2026-05-09 17:00:00,2026-05-09 17:00:00,2026-05-09 18:00:00,1,25.01,0.873
169,1,IPMA_simulado,2026-05-09 18:00:00,2026-05-09 18:00:00,2026-05-09 19:00:00,1,1.86,0.76
170,2,IPMA_simulado,2026-05-09 18:00:00,2026-05-09 18:00:00,2026-05-09 19:00:00,1,12.43,0.868
171,3,IPMA_simulado,2026-05-09 18:00:00,2026-05-09 18:00:00,2026-05-09 19:00:00,1,12.56,0.919
172,4,IPMA_simulado,2026-05-09 18:00:00,2026-05-09 18:00:00,2026-05-09 19:00:00,1,11.19,0.8
173,1,IPMA_simulado,2026-05-09 19:00:00,2026-05-09 19:00:00,2026-05-09 20:00:00,1,52.87,0.758
174,2,IPMA_simulado,2026-05-09 19:00:00,2026-05-09 19:00:00,2026-05-09 20:00:00,1,3.33,0.875
175,3,IPMA_simulado,2026-05-09 19:00:00,2026-05-09 19:00:00,2026-05-09 20:00:00,1,15.32,0.906
176,4,IPMA_simulado,2026-05-09 19:00:00,2026-05-09 19:00:00,2026-05-09 20:00:00,1,4.39,0.691
177,1,IPMA_simulado,2026-05-09 20:00:00,2026-05-09 20:00:00,2026-05-09 21:00:00,1,9.03,0.815
178,2,IPMA_simulado,2026-05-09 20:00:00,2026-05-09 20:00:00,2026-05-09 21:00:00,1,14.18,0.728
179,3,IPMA_simulado,2026-05-09 20:00:00,2026-05-09 20:00:00,2026-05-09 21:00:00,1,0,0.853
180,4,IPMA_simulado,2026-05-09 20:00:00,2026-05-09 20:00:00,2026-05-09 21:00:00,1,5.08,0.829
181,1,IPMA_simulado,2026-05-09 21:00:00,2026-05-09 21:00:00,2026-05-09 22:00:00,1,4.52,0.859
182,2,IPMA_simulado,2026-05-09 21:00:00,2026-05-09 21:00:00,2026-05-09 22:00:00,1,0,0.888
183,3,IPMA_simulado,2026-05-09 21:00:00,2026-05-09 21:00:00,2026-05-09 22:00:00,1,5.8,0.658
184,4,IPMA_simulado,2026-05-09 21:00:00,2026-05-09 21:00:00,2026-05-09 22:00:00,1,25.51,0.758
185,1,IPMA_simulado,2026-05-09 22:00:00,2026-05-09 22:00:00,2026-05-09 23:00:00,1,0,0.771
186,2,IPMA_simulado,2026-05-09 22:00:00,2026-05-09 22:00:00,2026-05-09 23:00:00,1,17.69,0.717
187,3,IPMA_simulado,2026-05-09 22:00:00,2026-05-09 22:00:00,2026-05-09 23:00:00,1,10.72,0.83
188,4,IPMA_simulado,2026-05-09 22:00:00,2026-05-09 22:00:00,2026-05-09 23:00:00,1,0,0.786
189,1,IPMA_simulado,2026-05-09 23:00:00,2026-05-09 23:00:00,2026-05-10 00:00:00,1,11.78,0.919
190,2,IPMA_simulado,2026-05-09 23:00:00,2026-05-09 23:00:00,2026-05-10 00:00:00,1,0,0.694
191,3,IPMA_simulado,2026-05-09 23:00:00,2026-05-09 23:00:00,2026-05-10 00:00:00,1,6.55,0.877
192,4,IPMA_simulado,2026-05-09 23:00:00,2026-05-09 23:00:00,2026-05-10 00:00:00,1,18.38,0.792
193,1,IPMA_simulado,2026-05-10 00:00:00,2026-05-10 00:00:00,2026-05-10 01:00:00,1,0,0.874
194,2,IPMA_simulado,2026-05-10 00:00:00,2026-05-10 00:00:00,2026-05-10 01:00:00,1,15.35,0.872
195,3,IPMA_simulado,2026-05-10 00:00:00,2026-05-10 00:00:00,2026-05-10 01:00:00,1,5.63,0.864
196,4,IPMA_simulado,2026-05-10 00:00:00,2026-05-10 00:00:00,2026-05-10 01:00:00,1,17.85,0.776
197,1,IPMA_simulado,2026-05-10 01:00:00,2026-05-10 01:00:00,2026-05-10 02:00:00,1,14.03,0.873
198,2,IPMA_simulado,2026-05-10 01:00:00,2026-05-10 01:00:00,2026-05-10 02:00:00,1,0,0.759
199,3,IPMA_simulado,2026-05-10 01:00:00,2026-05-10 01:00:00,2026-05-10 02:00:00,1,15.15,0.895
200,4,IPMA_simulado,2026-05-10 01:00:00,2026-05-10 01:00:00,2026-05-10 02:00:00,1,20.08,0.795
201,1,IPMA_simulado,2026-05-10 02:00:00,2026-05-10 02:00:00,2026-05-10 03:00:00,1,13.1,0.758
202,2,IPMA_simulado,2026-05-10 02:00:00,2026-05-10 02:00:00,2026-05-10 03:00:00,1,0.52,0.83
203,3,IPMA_simulado,2026-05-10 02:00:00,2026-05-10 02:00:00,2026-05-10 03:00:00,1,26.37,0.709
204,4,IPMA_simulado,2026-05-10 02:00:00,2026-05-10 02:00:00,2026-05-10 03:00:00,1,10.86,0.912
205,1,IPMA_simulado,2026-05-10 03:00:00,2026-05-10 03:00:00,2026-05-10 04:00:00,1,14.68,0.767
206,2,IPMA_simulado,2026-05-10 03:00:00,2026-05-10 03:00:00,2026-05-10 04:00:00,1,0,0.926
207,3,IPMA_simulado,2026-05-10 03:00:00,2026-05-10 03:00:00,2026-05-10 04:00:00,1,0.04,0.693
208,4,IPMA_simulado,2026-05-10 03:00:00,2026-05-10 03:00:00,2026-05-10 04:00:00,1,23.06,0.866
209,1,IPMA_simulado,2026-05-10 04:00:00,2026-05-10 04:00:00,2026-05-10 05:00:00,1,15.51,0.801
210,2,IPMA_simulado,2026-05-10 04:00:00,2026-05-10 04:00:00,2026-05-10 05:00:00,1,30.64,0.926
211,3,IPMA_simulado,2026-05-10 04:00:00,2026-05-10 04:00:00,2026-05-10 05:00:00,1,0,0.874
212,4,IPMA_simulado,2026-05-10 04:00:00,2026-05-10 04:00:00,2026-05-10 05:00:00,1,6.94,0.708
213,1,IPMA_simulado,2026-05-10 05:00:00,2026-05-10 05:00:00,2026-05-10 06:00:00,1,0,0.719
214,2,IPMA_simulado,2026-05-10 05:00:00,2026-05-10 05:00:00,2026-05-10 06:00:00,1,11.16,0.804
215,3,IPMA_simulado,2026-05-10 05:00:00,2026-05-10 05:00:00,2026-05-10 06:00:00,1,12.37,0.704
216,4,IPMA_simulado,2026-05-10 05:00:00,2026-05-10 05:00:00,2026-05-10 06:00:00,1,3.32,0.726
217,1,IPMA_simulado,2026-05-10 06:00:00,2026-05-10 06:00:00,2026-05-10 07:00:00,1,3.14,0.937
218,2,IPMA_simulado,2026-05-10 06:00:00,2026-05-10 06:00:00,2026-05-10 07:00:00,1,8.39,0.752
219,3,IPMA_simulado,2026-05-10 06:00:00,2026-05-10 06:00:00,2026-05-10 07:00:00,1,0,0.654
220,4,IPMA_simulado,2026-05-10 06:00:00,2026-05-10 06:00:00,2026-05-10 07:00:00,1,21.88,0.931
221,1,IPMA_simulado,2026-05-10 07:00:00,2026-05-10 07:00:00,2026-05-10 08:00:00,1,47.28,0.733
222,2,IPMA_simulado,2026-05-10 07:00:00,2026-05-10 07:00:00,2026-05-10 08:00:00,1,7.18,0.891
223,3,IPMA_simulado,2026-05-10 07:00:00,2026-05-10 07:00:00,2026-05-10 08:00:00,1,29.34,0.864
224,4,IPMA_simulado,2026-05-10 07:00:00,2026-05-10 07:00:00,2026-05-10 08:00:00,1,0,0.762
225,1,IPMA_simulado,2026-05-10 08:00:00,2026-05-10 08:00:00,2026-05-10 09:00:00,1,5.45,0.748
226,2,IPMA_simulado,2026-05-10 08:00:00,2026-05-10 08:00:00,2026-05-10 09:00:00,1,0,0.938
227,3,IPMA_simulado,2026-05-10 08:00:00,2026-05-10 08:00:00,2026-05-10 09:00:00,1,2.01,0.741
228,4,IPMA_simulado,2026-05-10 08:00:00,2026-05-10 08:00:00,2026-05-10 09:00:00,1,15.07,0.776
229,1,IPMA_simulado,2026-05-10 09:00:00,2026-05-10 09:00:00,2026-05-10 10:00:00,1,20.19,0.835
230,2,IPMA_simulado,2026-05-10 09:00:00,2026-05-10 09:00:00,2026-05-10 10:00:00,1,12.35,0.724
231,3,IPMA_simulado,2026-05-10 09:00:00,2026-05-10 09:00:00,2026-05-10 10:00:00,1,4.84,0.874
232,4,IPMA_simulado,2026-05-10 09:00:00,2026-05-10 09:00:00,2026-05-10 10:00:00,1,16.87,0.918
233,1,IPMA_simulado,2026-05-10 10:00:00,2026-05-10 10:00:00,2026-05-10 11:00:00,1,0,0.657
234,2,IPMA_simulado,2026-05-10 10:00:00,2026-05-10 10:00:00,2026-05-10 11:00:00,1,17.46,0.909
235,3,IPMA_simulado,2026-05-10 10:00:00,2026-05-10 10:00:00,2026-05-10 11:00:00,1,11.15,0.701
236,4,IPMA_simulado,2026-05-10 10:00:00,2026-05-10 10:00:00,2026-05-10 11:00:00,1,10.59,0.843
237,1,IPMA_simulado,2026-05-10 11:00:00,2026-05-10 11:00:00,2026-05-10 12:00:00,1,22.72,0.88
238,2,IPMA_simulado,2026-05-10 11:00:00,2026-05-10 11:00:00,2026-05-10 12:00:00,1,10.55,0.781
239,3,IPMA_simulado,2026-05-10 11:00:00,2026-05-10 11:00:00,2026-05-10 12:00:00,1,3.05,0.843
240,4,IPMA_simulado,2026-05-10 11:00:00,2026-05-10 11:00:00,2026-05-10 12:00:00,1,17.4,0.668
241,1,IPMA_simulado,2026-05-10 12:00:00,2026-05-10 12:00:00,2026-05-10 13:00:00,1,7.11,0.663
242,2,IPMA_simulado,2026-05-10 12:00:00,2026-05-10 12:00:00,2026-05-10 13:00:00,1,4.53,0.917
243,3,IPMA_simulado,2026-05-10 12:00:00,2026-05-10 12:00:00,2026-05-10 13:00:00,1,19.24,0.775
244,4,IPMA_simulado,2026-05-10 12:00:00,2026-05-10 12:00:00,2026-05-10 13:00:00,1,14.57,0.752
245,1,IPMA_simulado,2026-05-10 13:00:00,2026-05-10 13:00:00,2026-05-10 14:00:00,1,0,0.933
246,2,IPMA_simulado,2026-05-10 13:00:00,2026-05-10 13:00:00,2026-05-10 14:00:00,1,12.08,0.884
247,3,IPMA_simulado,2026-05-10 13:00:00,2026-05-10 13:00:00,2026-05-10 14:00:00,1,2.3,0.772
248,4,IPMA_simulado,2026-05-10 13:00:00,2026-05-10 13:00:00,2026-05-10 14:00:00,1,6.05,0.796
249,1,IPMA_simulado,2026-05-10 14:00:00,2026-05-10 14:00:00,2026-05-10 15:00:00,1,18.02,0.905
250,2,IPMA_simulado,2026-05-10 14:00:00,2026-05-10 14:00:00,2026-05-10 15:00:00,1,9.85,0.796
251,3,IPMA_simulado,2026-05-10 14:00:00,2026-05-10 14:00:00,2026-05-10 15:00:00,1,6.59,0.793
252,4,IPMA_simulado,2026-05-10 14:00:00,2026-05-10 14:00:00,2026-05-10 15:00:00,1,6.74,0.891
253,1,IPMA_simulado,2026-05-10 15:00:00,2026-05-10 15:00:00,2026-05-10 16:00:00,1,24.71,0.807
254,2,IPMA_simulado,2026-05-10 15:00:00,2026-05-10 15:00:00,2026-05-10 16:00:00,1,25.9,0.652
255,3,IPMA_simulado,2026-05-10 15:00:00,2026-05-10 15:00:00,2026-05-10 16:00:00,1,27.62,0.921
256,4,IPMA_simulado,2026-05-10 15:00:00,2026-05-10 15:00:00,2026-05-10 16:00:00,1,36.85,0.838
257,1,IPMA_simulado,2026-05-10 16:00:00,2026-05-10 16:00:00,2026-05-10 17:00:00,1,13.95,0.906
258,2,IPMA_simulado,2026-05-10 16:00:00,2026-05-10 16:00:00,2026-05-10 17:00:00,1,5.79,0.698
259,3,IPMA_simulado,2026-05-10 16:00:00,2026-05-10 16:00:00,2026-05-10 17:00:00,1,0,0.763
260,4,IPMA_simulado,2026-05-10 16:00:00,2026-05-10 16:00:00,2026-05-10 17:00:00,1,16.31,0.696
261,1,IPMA_simulado,2026-05-10 17:00:00,2026-05-10 17:00:00,2026-05-10 18:00:00,1,11.29,0.706
262,2,IPMA_simulado,2026-05-10 17:00:00,2026-05-10 17:00:00,2026-05-10 18:00:00,1,17.81,0.866
263,3,IPMA_simulado,2026-05-10 17:00:00,2026-05-10 17:00:00,2026-05-10 18:00:00,1,2.98,0.755
264,4,IPMA_simulado,2026-05-10 17:00:00,2026-05-10 17:00:00,2026-05-10 18:00:00,1,0,0.76
265,1,IPMA_simulado,2026-05-10 18:00:00,2026-05-10 18:00:00,2026-05-10 19:00:00,1,14.03,0.799
266,2,IPMA_simulado,2026-05-10 18:00:00,2026-05-10 18:00:00,2026-05-10 19:00:00,1,7.17,0.787
267,3,IPMA_simulado,2026-05-10 18:00:00,2026-05-10 18:00:00,2026-05-10 19:00:00,1,14.03,0.755
268,4,IPMA_simulado,2026-05-10 18:00:00,2026-05-10 18:00:00,2026-05-10 19:00:00,1,0,0.736
269,1,IPMA_simulado,2026-05-10 19:00:00,2026-05-10 19:00:00,2026-05-10 20:00:00,1,29.59,0.714
270,2,IPMA_simulado,2026-05-10 19:00:00,2026-05-10 19:00:00,2026-05-10 20:00:00,1,0,0.93
271,3,IPMA_simulado,2026-05-10 19:00:00,2026-05-10 19:00:00,2026-05-10 20:00:00,1,0.61,0.777
272,4,IPMA_simulado,2026-05-10 19:00:00,2026-05-10 19:00:00,2026-05-10 20:00:00,1,0,0.803
273,1,IPMA_simulado,2026-05-10 20:00:00,2026-05-10 20:00:00,2026-05-10 21:00:00,1,11.48,0.784
274,2,IPMA_simulado,2026-05-10 20:00:00,2026-05-10 20:00:00,2026-05-10 21:00:00,1,59.26,0.808
275,3,IPMA_simulado,2026-05-10 20:00:00,2026-05-10 20:00:00,2026-05-10 21:00:00,1,2.1,0.868
276,4,IPMA_simulado,2026-05-10 20:00:00,2026-05-10 20:00:00,2026-05-10 21:00:00,1,5.28,0.833
277,1,IPMA_simulado,2026-05-10 21:00:00,2026-05-10 21:00:00,2026-05-10 22:00:00,1,0.46,0.932
278,2,IPMA_simulado,2026-05-10 21:00:00,2026-05-10 21:00:00,2026-05-10 22:00:00,1,10.81,0.745
279,3,IPMA_simulado,2026-05-10 21:00:00,2026-05-10 21:00:00,2026-05-10 22:00:00,1,10.21,0.657
280,4,IPMA_simulado,2026-05-10 21:00:00,2026-05-10 21:00:00,2026-05-10 22:00:00,1,28.15,0.769
281,1,IPMA_simulado,2026-05-10 22:00:00,2026-05-10 22:00:00,2026-05-10 23:00:00,1,29.05,0.776
282,2,IPMA_simulado,2026-05-10 22:00:00,2026-05-10 22:00:00,2026-05-10 23:00:00,1,10.34,0.841
283,3,IPMA_simulado,2026-05-10 22:00:00,2026-05-10 22:00:00,2026-05-10 23:00:00,1,10.52,0.734
284,4,IPMA_simulado,2026-05-10 22:00:00,2026-05-10 22:00:00,2026-05-10 23:00:00,1,16.73,0.782
285,1,IPMA_simulado,2026-05-10 23:00:00,2026-05-10 23:00:00,2026-05-11 00:00:00,1,1.84,0.95
286,2,IPMA_simulado,2026-05-10 23:00:00,2026-05-10 23:00:00,2026-05-11 00:00:00,1,14.05,0.89
287,3,IPMA_simulado,2026-05-10 23:00:00,2026-05-10 23:00:00,2026-05-11 00:00:00,1,26.53,0.694
288,4,IPMA_simulado,2026-05-10 23:00:00,2026-05-10 23:00:00,2026-05-11 00:00:00,1,0,0.803
289,1,IPMA_simulado,2026-05-11 00:00:00,2026-05-11 00:00:00,2026-05-11 01:00:00,1,9.97,0.657
290,2,IPMA_simulado,2026-05-11 00:00:00,2026-05-11 00:00:00,2026-05-11 01:00:00,1,0.56,0.751
291,3,IPMA_simulado,2026-05-11 00:00:00,2026-05-11 00:00:00,2026-05-11 01:00:00,1,17.44,0.937
292,4,IPMA_simulado,2026-05-11 00:00:00,2026-05-11 00:00:00,2026-05-11 01:00:00,1,15.72,0.673
293,1,IPMA_simulado,2026-05-11 01:00:00,2026-05-11 01:00:00,2026-05-11 02:00:00,1,0,0.808
294,2,IPMA_simulado,2026-05-11 01:00:00,2026-05-11 01:00:00,2026-05-11 02:00:00,1,0,0.753
295,3,IPMA_simulado,2026-05-11 01:00:00,2026-05-11 01:00:00,2026-05-11 02:00:00,1,12.35,0.778
296,4,IPMA_simulado,2026-05-11 01:00:00,2026-05-11 01:00:00,2026-05-11 02:00:00,1,8.62,0.842
297,1,IPMA_simulado,2026-05-11 02:00:00,2026-05-11 02:00:00,2026-05-11 03:00:00,1,0,0.68
298,2,IPMA_simulado,2026-05-11 02:00:00,2026-05-11 02:00:00,2026-05-11 03:00:00,1,0,0.826
299,3,IPMA_simulado,2026-05-11 02:00:00,2026-05-11 02:00:00,2026-05-11 03:00:00,1,5.64,0.854
300,4,IPMA_simulado,2026-05-11 02:00:00,2026-05-11 02:00:00,2026-05-11 03:00:00,1,3.11,0.683
301,1,IPMA_simulado,2026-05-11 03:00:00,2026-05-11 03:00:00,2026-05-11 04:00:00,1,6.72,0.726
302,2,IPMA_simulado,2026-05-11 03:00:00,2026-05-11 03:00:00,2026-05-11 04:00:00,1,9.73,0.838
303,3,IPMA_simulado,2026-05-11 03:00:00,2026-05-11 03:00:00,2026-05-11 04:00:00,1,15.06,0.913
304,4,IPMA_simulado,2026-05-11 03:00:00,2026-05-11 03:00:00,2026-05-11 04:00:00,1,9.66,0.865
305,1,IPMA_simulado,2026-05-11 04:00:00,2026-05-11 04:00:00,2026-05-11 05:00:00,1,19.38,0.884
306,2,IPMA_simulado,2026-05-11 04:00:00,2026-05-11 04:00:00,2026-05-11 05:00:00,1,10.31,0.693
307,3,IPMA_simulado,2026-05-11 04:00:00,2026-05-11 04:00:00,2026-05-11 05:00:00,1,21.16,0.906
308,4,IPMA_simulado,2026-05-11 04:00:00,2026-05-11 04:00:00,2026-05-11 05:00:00,1,0,0.855
309,1,IPMA_simulado,2026-05-11 05:00:00,2026-05-11 05:00:00,2026-05-11 06:00:00,1,12.03,0.711
310,2,IPMA_simulado,2026-05-11 05:00:00,2026-05-11 05:00:00,2026-05-11 06:00:00,1,0,0.667
311,3,IPMA_simulado,2026-05-11 05:00:00,2026-05-11 05:00:00,2026-05-11 06:00:00,1,0,0.724
312,4,IPMA_simulado,2026-05-11 05:00:00,2026-05-11 05:00:00,2026-05-11 06:00:00,1,8.82,0.697
313,1,IPMA_simulado,2026-05-11 06:00:00,2026-05-11 06:00:00,2026-05-11 07:00:00,1,21.05,0.931
314,2,IPMA_simulado,2026-05-11 06:00:00,2026-05-11 06:00:00,2026-05-11 07:00:00,1,0,0.837
315,3,IPMA_simulado,2026-05-11 06:00:00,2026-05-11 06:00:00,2026-05-11 07:00:00,1,13.19,0.839
316,4,IPMA_simulado,2026-05-11 06:00:00,2026-05-11 06:00:00,2026-05-11 07:00:00,1,9.78,0.882
317,1,IPMA_simulado,2026-05-11 07:00:00,2026-05-11 07:00:00,2026-05-11 08:00:00,1,7.06,0.818
318,2,IPMA_simulado,2026-05-11 07:00:00,2026-05-11 07:00:00,2026-05-11 08:00:00,1,0.1,0.874
319,3,IPMA_simulado,2026-05-11 07:00:00,2026-05-11 07:00:00,2026-05-11 08:00:00,1,22.86,0.668
320,4,IPMA_simulado,2026-05-11 07:00:00,2026-05-11 07:00:00,2026-05-11 08:00:00,1,0,0.793
321,1,IPMA_simulado,2026-05-11 08:00:00,2026-05-11 08:00:00,2026-05-11 09:00:00,1,4.53,0.908
322,2,IPMA_simulado,2026-05-11 08:00:00,2026-05-11 08:00:00,2026-05-11 09:00:00,1,11.08,0.714
323,3,IPMA_simulado,2026-05-11 08:00:00,2026-05-11 08:00:00,2026-05-11 09:00:00,1,6.03,0.808
324,4,IPMA_simulado,2026-05-11 08:00:00,2026-05-11 08:00:00,2026-05-11 09:00:00,1,37.18,0.862
325,1,IPMA_simulado,2026-05-11 09:00:00,2026-05-11 09:00:00,2026-05-11 10:00:00,1,0,0.929
326,2,IPMA_simulado,2026-05-11 09:00:00,2026-05-11 09:00:00,2026-05-11 10:00:00,1,22.61,0.929
327,3,IPMA_simulado,2026-05-11 09:00:00,2026-05-11 09:00:00,2026-05-11 10:00:00,1,6.75,0.876
328,4,IPMA_simulado,2026-05-11 09:00:00,2026-05-11 09:00:00,2026-05-11 10:00:00,1,14.56,0.686
329,1,IPMA_simulado,2026-05-11 10:00:00,2026-05-11 10:00:00,2026-05-11 11:00:00,1,16.86,0.761
330,2,IPMA_simulado,2026-05-11 10:00:00,2026-05-11 10:00:00,2026-05-11 11:00:00,1,11.45,0.803
331,3,IPMA_simulado,2026-05-11 10:00:00,2026-05-11 10:00:00,2026-05-11 11:00:00,1,10.23,0.678
332,4,IPMA_simulado,2026-05-11 10:00:00,2026-05-11 10:00:00,2026-05-11 11:00:00,1,9.31,0.754
333,1,IPMA_simulado,2026-05-11 11:00:00,2026-05-11 11:00:00,2026-05-11 12:00:00,1,3.89,0.719
334,2,IPMA_simulado,2026-05-11 11:00:00,2026-05-11 11:00:00,2026-05-11 12:00:00,1,7.6,0.706
335,3,IPMA_simulado,2026-05-11 11:00:00,2026-05-11 11:00:00,2026-05-11 12:00:00,1,16.75,0.771
336,4,IPMA_simulado,2026-05-11 11:00:00,2026-05-11 11:00:00,2026-05-11 12:00:00,1,6.71,0.687
337,1,IPMA_simulado,2026-05-11 12:00:00,2026-05-11 12:00:00,2026-05-11 13:00:00,1,10.62,0.849
338,2,IPMA_simulado,2026-05-11 12:00:00,2026-05-11 12:00:00,2026-05-11 13:00:00,1,17.62,0.854
339,3,IPMA_simulado,2026-05-11 12:00:00,2026-05-11 12:00:00,2026-05-11 13:00:00,1,6.56,0.874
340,4,IPMA_simulado,2026-05-11 12:00:00,2026-05-11 12:00:00,2026-05-11 13:00:00,1,12.53,0.843
341,1,IPMA_simulado,2026-05-11 13:00:00,2026-05-11 13:00:00,2026-05-11 14:00:00,1,3.84,0.773
342,2,IPMA_simulado,2026-05-11 13:00:00,2026-05-11 13:00:00,2026-05-11 14:00:00,1,0,0.935
343,3,IPMA_simulado,2026-05-11 13:00:00,2026-05-11 13:00:00,2026-05-11 14:00:00,1,12.91,0.912
344,4,IPMA_simulado,2026-05-11 13:00:00,2026-05-11 13:00:00,2026-05-11 14:00:00,1,13.77,0.851
345,1,IPMA_simulado,2026-05-11 14:00:00,2026-05-11 14:00:00,2026-05-11 15:00:00,1,0,0.844
346,2,IPMA_simulado,2026-05-11 14:00:00,2026-05-11 14:00:00,2026-05-11 15:00:00,1,25.97,0.948
347,3,IPMA_simulado,2026-05-11 14:00:00,2026-05-11 14:00:00,2026-05-11 15:00:00,1,0,0.669
348,4,IPMA_simulado,2026-05-11 14:00:00,2026-05-11 14:00:00,2026-05-11 15:00:00,1,14.91,0.754
349,1,IPMA_simulado,2026-05-11 15:00:00,2026-05-11 15:00:00,2026-05-11 16:00:00,1,5.43,0.842
350,2,IPMA_simulado,2026-05-11 15:00:00,2026-05-11 15:00:00,2026-05-11 16:00:00,1,21.59,0.704
351,3,IPMA_simulado,2026-05-11 15:00:00,2026-05-11 15:00:00,2026-05-11 16:00:00,1,25.27,0.67
352,4,IPMA_simulado,2026-05-11 15:00:00,2026-05-11 15:00:00,2026-05-11 16:00:00,1,0,0.717
353,1,IPMA_simulado,2026-05-11 16:00:00,2026-05-11 16:00:00,2026-05-11 17:00:00,1,17.27,0.895
354,2,IPMA_simulado,2026-05-11 16:00:00,2026-05-11 16:00:00,2026-05-11 17:00:00,1,9.58,0.818
355,3,IPMA_simulado,2026-05-11 16:00:00,2026-05-11 16:00:00,2026-05-11 17:00:00,1,8.35,0.697
356,4,IPMA_simulado,2026-05-11 16:00:00,2026-05-11 16:00:00,2026-05-11 17:00:00,1,23.6,0.803
357,1,IPMA_simulado,2026-05-11 17:00:00,2026-05-11 17:00:00,2026-05-11 18:00:00,1,0,0.756
358,2,IPMA_simulado,2026-05-11 17:00:00,2026-05-11 17:00:00,2026-05-11 18:00:00,1,41.82,0.757
359,3,IPMA_simulado,2026-05-11 17:00:00,2026-05-11 17:00:00,2026-05-11 18:00:00,1,15.5,0.784
360,4,IPMA_simulado,2026-05-11 17:00:00,2026-05-11 17:00:00,2026-05-11 18:00:00,1,1.81,0.82
361,1,IPMA_simulado,2026-05-11 18:00:00,2026-05-11 18:00:00,2026-05-11 19:00:00,1,10.7,0.686
362,2,IPMA_simulado,2026-05-11 18:00:00,2026-05-11 18:00:00,2026-05-11 19:00:00,1,5.48,0.739
363,3,IPMA_simulado,2026-05-11 18:00:00,2026-05-11 18:00:00,2026-05-11 19:00:00,1,18.16,0.865
364,4,IPMA_simulado,2026-05-11 18:00:00,2026-05-11 18:00:00,2026-05-11 19:00:00,1,0,0.828
365,1,IPMA_simulado,2026-05-11 19:00:00,2026-05-11 19:00:00,2026-05-11 20:00:00,1,0.52,0.653
366,2,IPMA_simulado,2026-05-11 19:00:00,2026-05-11 19:00:00,2026-05-11 20:00:00,1,9.91,0.92
367,3,IPMA_simulado,2026-05-11 19:00:00,2026-05-11 19:00:00,2026-05-11 20:00:00,1,11.57,0.723
368,4,IPMA_simulado,2026-05-11 19:00:00,2026-05-11 19:00:00,2026-05-11 20:00:00,1,0.16,0.725
369,1,IPMA_simulado,2026-05-11 20:00:00,2026-05-11 20:00:00,2026-05-11 21:00:00,1,0,0.674
370,2,IPMA_simulado,2026-05-11 20:00:00,2026-05-11 20:00:00,2026-05-11 21:00:00,1,11.82,0.737
371,3,IPMA_simulado,2026-05-11 20:00:00,2026-05-11 20:00:00,2026-05-11 21:00:00,1,0,0.916
372,4,IPMA_simulado,2026-05-11 20:00:00,2026-05-11 20:00:00,2026-05-11 21:00:00,1,22.15,0.676
373,1,IPMA_simulado,2026-05-11 21:00:00,2026-05-11 21:00:00,2026-05-11 22:00:00,1,7.85,0.66
374,2,IPMA_simulado,2026-05-11 21:00:00,2026-05-11 21:00:00,2026-05-11 22:00:00,1,1.69,0.81
375,3,IPMA_simulado,2026-05-11 21:00:00,2026-05-11 21:00:00,2026-05-11 22:00:00,1,0,0.686
376,4,IPMA_simulado,2026-05-11 21:00:00,2026-05-11 21:00:00,2026-05-11 22:00:00,1,20.66,0.947
377,1,IPMA_simulado,2026-05-11 22:00:00,2026-05-11 22:00:00,2026-05-11 23:00:00,1,13.24,0.9
378,2,IPMA_simulado,2026-05-11 22:00:00,2026-05-11 22:00:00,2026-05-11 23:00:00,1,7.87,0.811
379,3,IPMA_simulado,2026-05-11 22:00:00,2026-05-11 22:00:00,2026-05-11 23:00:00,1,1.14,0.87
380,4,IPMA_simulado,2026-05-11 22:00:00,2026-05-11 22:00:00,2026-05-11 23:00:00,1,10.39,0.801
381,1,IPMA_simulado,2026-05-11 23:00:00,2026-05-11 23:00:00,2026-05-12 00:00:00,1,4.57,0.65
382,2,IPMA_simulado,2026-05-11 23:00:00,2026-05-11 23:00:00,2026-05-12 00:00:00,1,16,0.832
383,3,IPMA_simulado,2026-05-11 23:00:00,2026-05-11 23:00:00,2026-05-12 00:00:00,1,0,0.729
384,4,IPMA_simulado,2026-05-11 23:00:00,2026-05-11 23:00:00,2026-05-12 00:00:00,1,0.6,0.873
385,1,IPMA_simulado,2026-05-12 00:00:00,2026-05-12 00:00:00,2026-05-12 01:00:00,1,20.25,0.667
386,2,IPMA_simulado,2026-05-12 00:00:00,2026-05-12 00:00:00,2026-05-12 01:00:00,1,6.95,0.785
387,3,IPMA_simulado,2026-05-12 00:00:00,2026-05-12 00:00:00,2026-05-12 01:00:00,1,42.88,0.939
388,4,IPMA_simulado,2026-05-12 00:00:00,2026-05-12 00:00:00,2026-05-12 01:00:00,1,0,0.741
389,1,IPMA_simulado,2026-05-12 01:00:00,2026-05-12 01:00:00,2026-05-12 02:00:00,1,19.11,0.706
390,2,IPMA_simulado,2026-05-12 01:00:00,2026-05-12 01:00:00,2026-05-12 02:00:00,1,70,0.826
391,3,IPMA_simulado,2026-05-12 01:00:00,2026-05-12 01:00:00,2026-05-12 02:00:00,1,2.08,0.931
392,4,IPMA_simulado,2026-05-12 01:00:00,2026-05-12 01:00:00,2026-05-12 02:00:00,1,9.92,0.724
393,1,IPMA_simulado,2026-05-12 02:00:00,2026-05-12 02:00:00,2026-05-12 03:00:00,1,4.28,0.739
394,2,IPMA_simulado,2026-05-12 02:00:00,2026-05-12 02:00:00,2026-05-12 03:00:00,1,34.7,0.789
395,3,IPMA_simulado,2026-05-12 02:00:00,2026-05-12 02:00:00,2026-05-12 03:00:00,1,2.91,0.798
396,4,IPMA_simulado,2026-05-12 02:00:00,2026-05-12 02:00:00,2026-05-12 03:00:00,1,7.38,0.909
397,1,IPMA_simulado,2026-05-12 03:00:00,2026-05-12 03:00:00,2026-05-12 04:00:00,1,0,0.685
398,2,IPMA_simulado,2026-05-12 03:00:00,2026-05-12 03:00:00,2026-05-12 04:00:00,1,9.55,0.757
399,3,IPMA_simulado,2026-05-12 03:00:00,2026-05-12 03:00:00,2026-05-12 04:00:00,1,9.14,0.707
400,4,IPMA_simulado,2026-05-12 03:00:00,2026-05-12 03:00:00,2026-05-12 04:00:00,1,12.94,0.833
401,1,IPMA_simulado,2026-05-12 04:00:00,2026-05-12 04:00:00,2026-05-12 05:00:00,1,0,0.862
402,2,IPMA_simulado,2026-05-12 04:00:00,2026-05-12 04:00:00,2026-05-12 05:00:00,1,0.54,0.822
403,3,IPMA_simulado,2026-05-12 04:00:00,2026-05-12 04:00:00,2026-05-12 05:00:00,1,0,0.911
404,4,IPMA_simulado,2026-05-12 04:00:00,2026-05-12 04:00:00,2026-05-12 05:00:00,1,33.2,0.667
405,1,IPMA_simulado,2026-05-12 05:00:00,2026-05-12 05:00:00,2026-05-12 06:00:00,1,6.36,0.833
406,2,IPMA_simulado,2026-05-12 05:00:00,2026-05-12 05:00:00,2026-05-12 06:00:00,1,20.89,0.806
407,3,IPMA_simulado,2026-05-12 05:00:00,2026-05-12 05:00:00,2026-05-12 06:00:00,1,1.98,0.788
408,4,IPMA_simulado,2026-05-12 05:00:00,2026-05-12 05:00:00,2026-05-12 06:00:00,1,10.29,0.651
409,1,IPMA_simulado,2026-05-12 06:00:00,2026-05-12 06:00:00,2026-05-12 07:00:00,1,12.4,0.698
410,2,IPMA_simulado,2026-05-12 06:00:00,2026-05-12 06:00:00,2026-05-12 07:00:00,1,10.49,0.807
411,3,IPMA_simulado,2026-05-12 06:00:00,2026-05-12 06:00:00,2026-05-12 07:00:00,1,18.73,0.904
412,4,IPMA_simulado,2026-05-12 06:00:00,2026-05-12 06:00:00,2026-05-12 07:00:00,1,0,0.949
413,1,IPMA_simulado,2026-05-12 07:00:00,2026-05-12 07:00:00,2026-05-12 08:00:00,1,28.69,0.72
414,2,IPMA_simulado,2026-05-12 07:00:00,2026-05-12 07:00:00,2026-05-12 08:00:00,1,0.55,0.742
415,3,IPMA_simulado,2026-05-12 07:00:00,2026-05-12 07:00:00,2026-05-12 08:00:00,1,6.73,0.786
416,4,IPMA_simulado,2026-05-12 07:00:00,2026-05-12 07:00:00,2026-05-12 08:00:00,1,0,0.834
417,1,IPMA_simulado,2026-05-12 08:00:00,2026-05-12 08:00:00,2026-05-12 09:00:00,1,18.23,0.928
418,2,IPMA_simulado,2026-05-12 08:00:00,2026-05-12 08:00:00,2026-05-12 09:00:00,1,0,0.858
419,3,IPMA_simulado,2026-05-12 08:00:00,2026-05-12 08:00:00,2026-05-12 09:00:00,1,23.81,0.95
420,4,IPMA_simulado,2026-05-12 08:00:00,2026-05-12 08:00:00,2026-05-12 09:00:00,1,8.59,0.733
421,1,IPMA_simulado,2026-05-12 09:00:00,2026-05-12 09:00:00,2026-05-12 10:00:00,1,0,0.676
422,2,IPMA_simulado,2026-05-12 09:00:00,2026-05-12 09:00:00,2026-05-12 10:00:00,1,11.5,0.947
423,3,IPMA_simulado,2026-05-12 09:00:00,2026-05-12 09:00:00,2026-05-12 10:00:00,1,10.39,0.929
424,4,IPMA_simulado,2026-05-12 09:00:00,2026-05-12 09:00:00,2026-05-12 10:00:00,1,7.71,0.816
425,1,IPMA_simulado,2026-05-12 10:00:00,2026-05-12 10:00:00,2026-05-12 11:00:00,1,22.65,0.723
426,2,IPMA_simulado,2026-05-12 10:00:00,2026-05-12 10:00:00,2026-05-12 11:00:00,1,0.81,0.933
427,3,IPMA_simulado,2026-05-12 10:00:00,2026-05-12 10:00:00,2026-05-12 11:00:00,1,15.38,0.818
428,4,IPMA_simulado,2026-05-12 10:00:00,2026-05-12 10:00:00,2026-05-12 11:00:00,1,8.49,0.676
429,1,IPMA_simulado,2026-05-12 11:00:00,2026-05-12 11:00:00,2026-05-12 12:00:00,1,54.57,0.805
430,2,IPMA_simulado,2026-05-12 11:00:00,2026-05-12 11:00:00,2026-05-12 12:00:00,1,1.79,0.791
431,3,IPMA_simulado,2026-05-12 11:00:00,2026-05-12 11:00:00,2026-05-12 12:00:00,1,4.32,0.666
432,4,IPMA_simulado,2026-05-12 11:00:00,2026-05-12 11:00:00,2026-05-12 12:00:00,1,11.09,0.873
433,1,IPMA_simulado,2026-05-12 12:00:00,2026-05-12 12:00:00,2026-05-12 13:00:00,1,15.98,0.655
434,2,IPMA_simulado,2026-05-12 12:00:00,2026-05-12 12:00:00,2026-05-12 13:00:00,1,5.95,0.736
435,3,IPMA_simulado,2026-05-12 12:00:00,2026-05-12 12:00:00,2026-05-12 13:00:00,1,26.82,0.663
436,4,IPMA_simulado,2026-05-12 12:00:00,2026-05-12 12:00:00,2026-05-12 13:00:00,1,11.97,0.909
437,1,IPMA_simulado,2026-05-12 13:00:00,2026-05-12 13:00:00,2026-05-12 14:00:00,1,20.28,0.835
438,2,IPMA_simulado,2026-05-12 13:00:00,2026-05-12 13:00:00,2026-05-12 14:00:00,1,0,0.91
439,3,IPMA_simulado,2026-05-12 13:00:00,2026-05-12 13:00:00,2026-05-12 14:00:00,1,27.36,0.914
440,4,IPMA_simulado,2026-05-12 13:00:00,2026-05-12 13:00:00,2026-05-12 14:00:00,1,5.8,0.94
441,1,IPMA_simulado,2026-05-12 14:00:00,2026-05-12 14:00:00,2026-05-12 15:00:00,1,20.79,0.906
442,2,IPMA_simulado,2026-05-12 14:00:00,2026-05-12 14:00:00,2026-05-12 15:00:00,1,4.43,0.799
443,3,IPMA_simulado,2026-05-12 14:00:00,2026-05-12 14:00:00,2026-05-12 15:00:00,1,0,0.943
444,4,IPMA_simulado,2026-05-12 14:00:00,2026-05-12 14:00:00,2026-05-12 15:00:00,1,11.27,0.813
445,1,IPMA_simulado,2026-05-12 15:00:00,2026-05-12 15:00:00,2026-05-12 16:00:00,1,8.3,0.927
446,2,IPMA_simulado,2026-05-12 15:00:00,2026-05-12 15:00:00,2026-05-12 16:00:00,1,11.73,0.868
447,3,IPMA_simulado,2026-05-12 15:00:00,2026-05-12 15:00:00,2026-05-12 16:00:00,1,0,0.66
448,4,IPMA_simulado,2026-05-12 15:00:00,2026-05-12 15:00:00,2026-05-12 16:00:00,1,0,0.748
449,1,IPMA_simulado,2026-05-12 16:00:00,2026-05-12 16:00:00,2026-05-12 17:00:00,1,15.85,0.875
450,2,IPMA_simulado,2026-05-12 16:00:00,2026-05-12 16:00:00,2026-05-12 17:00:00,1,15.6,0.855
451,3,IPMA_simulado,2026-05-12 16:00:00,2026-05-12 16:00:00,2026-05-12 17:00:00,1,8.64,0.794
452,4,IPMA_simulado,2026-05-12 16:00:00,2026-05-12 16:00:00,2026-05-12 17:00:00,1,3.2,0.69
453,1,IPMA_simulado,2026-05-12 17:00:00,2026-05-12 17:00:00,2026-05-12 18:00:00,1,0.93,0.744
454,2,IPMA_simulado,2026-05-12 17:00:00,2026-05-12 17:00:00,2026-05-12 18:00:00,1,14.08,0.836
455,3,IPMA_simulado,2026-05-12 17:00:00,2026-05-12 17:00:00,2026-05-12 18:00:00,1,0,0.919
456,4,IPMA_simulado,2026-05-12 17:00:00,2026-05-12 17:00:00,2026-05-12 18:00:00,1,13.31,0.678
457,1,IPMA_simulado,2026-05-12 18:00:00,2026-05-12 18:00:00,2026-05-12 19:00:00,1,14.43,0.795
458,2,IPMA_simulado,2026-05-12 18:00:00,2026-05-12 18:00:00,2026-05-12 19:00:00,1,11.77,0.725
459,3,IPMA_simulado,2026-05-12 18:00:00,2026-05-12 18:00:00,2026-05-12 19:00:00,1,9,0.886
460,4,IPMA_simulado,2026-05-12 18:00:00,2026-05-12 18:00:00,2026-05-12 19:00:00,1,8.32,0.744
461,1,IPMA_simulado,2026-05-12 19:00:00,2026-05-12 19:00:00,2026-05-12 20:00:00,1,19.74,0.748
462,2,IPMA_simulado,2026-05-12 19:00:00,2026-05-12 19:00:00,2026-05-12 20:00:00,1,16.48,0.789
463,3,IPMA_simulado,2026-05-12 19:00:00,2026-05-12 19:00:00,2026-05-12 20:00:00,1,22.52,0.889
464,4,IPMA_simulado,2026-05-12 19:00:00,2026-05-12 19:00:00,2026-05-12 20:00:00,1,0,0.66
465,1,IPMA_simulado,2026-05-12 20:00:00,2026-05-12 20:00:00,2026-05-12 21:00:00,1,10.03,0.837
466,2,IPMA_simulado,2026-05-12 20:00:00,2026-05-12 20:00:00,2026-05-12 21:00:00,1,4.8,0.873
467,3,IPMA_simulado,2026-05-12 20:00:00,2026-05-12 20:00:00,2026-05-12 21:00:00,1,9.01,0.755
468,4,IPMA_simulado,2026-05-12 20:00:00,2026-05-12 20:00:00,2026-05-12 21:00:00,1,12.7,0.92
469,1,IPMA_simulado,2026-05-12 21:00:00,2026-05-12 21:00:00,2026-05-12 22:00:00,1,12.77,0.722
470,2,IPMA_simulado,2026-05-12 21:00:00,2026-05-12 21:00:00,2026-05-12 22:00:00,1,13.96,0.71
471,3,IPMA_simulado,2026-05-12 21:00:00,2026-05-12 21:00:00,2026-05-12 22:00:00,1,16.97,0.834
472,4,IPMA_simulado,2026-05-12 21:00:00,2026-05-12 21:00:00,2026-05-12 22:00:00,1,15.22,0.749
473,1,IPMA_simulado,2026-05-12 22:00:00,2026-05-12 22:00:00,2026-05-12 23:00:00,1,0,0.843
474,2,IPMA_simulado,2026-05-12 22:00:00,2026-05-12 22:00:00,2026-05-12 23:00:00,1,0,0.679
475,3,IPMA_simulado,2026-05-12 22:00:00,2026-05-12 22:00:00,2026-05-12 23:00:00,1,2.67,0.834
476,4,IPMA_simulado,2026-05-12 22:00:00,2026-05-12 22:00:00,2026-05-12 23:00:00,1,22.3,0.897
477,1,IPMA_simulado,2026-05-12 23:00:00,2026-05-12 23:00:00,2026-05-13 00:00:00,1,11.21,0.868
478,2,IPMA_simulado,2026-05-12 23:00:00,2026-05-12 23:00:00,2026-05-13 00:00:00,1,14.72,0.72
479,3,IPMA_simulado,2026-05-12 23:00:00,2026-05-12 23:00:00,2026-05-13 00:00:00,1,5.24,0.898
480,4,IPMA_simulado,2026-05-12 23:00:00,2026-05-12 23:00:00,2026-05-13 00:00:00,1,50.65,0.755
481,1,IPMA_simulado,2026-05-13 00:00:00,2026-05-13 00:00:00,2026-05-13 01:00:00,1,17.99,0.679
482,2,IPMA_simulado,2026-05-13 00:00:00,2026-05-13 00:00:00,2026-05-13 01:00:00,1,25.32,0.914
483,3,IPMA_simulado,2026-05-13 00:00:00,2026-05-13 00:00:00,2026-05-13 01:00:00,1,7.09,0.682
484,4,IPMA_simulado,2026-05-13 00:00:00,2026-05-13 00:00:00,2026-05-13 01:00:00,1,12.81,0.765
485,1,IPMA_simulado,2026-05-13 01:00:00,2026-05-13 01:00:00,2026-05-13 02:00:00,1,22.77,0.715
486,2,IPMA_simulado,2026-05-13 01:00:00,2026-05-13 01:00:00,2026-05-13 02:00:00,1,0,0.679
487,3,IPMA_simulado,2026-05-13 01:00:00,2026-05-13 01:00:00,2026-05-13 02:00:00,1,38.65,0.904
488,4,IPMA_simulado,2026-05-13 01:00:00,2026-05-13 01:00:00,2026-05-13 02:00:00,1,0,0.783
489,1,IPMA_simulado,2026-05-13 02:00:00,2026-05-13 02:00:00,2026-05-13 03:00:00,1,1.42,0.748
490,2,IPMA_simulado,2026-05-13 02:00:00,2026-05-13 02:00:00,2026-05-13 03:00:00,1,8.95,0.821
491,3,IPMA_simulado,2026-05-13 02:00:00,2026-05-13 02:00:00,2026-05-13 03:00:00,1,7.65,0.84
492,4,IPMA_simulado,2026-05-13 02:00:00,2026-05-13 02:00:00,2026-05-13 03:00:00,1,12.34,0.662
493,1,IPMA_simulado,2026-05-13 03:00:00,2026-05-13 03:00:00,2026-05-13 04:00:00,1,5.89,0.904
494,2,IPMA_simulado,2026-05-13 03:00:00,2026-05-13 03:00:00,2026-05-13 04:00:00,1,0,0.874
495,3,IPMA_simulado,2026-05-13 03:00:00,2026-05-13 03:00:00,2026-05-13 04:00:00,1,24.24,0.73
496,4,IPMA_simulado,2026-05-13 03:00:00,2026-05-13 03:00:00,2026-05-13 04:00:00,1,17.31,0.912
497,1,IPMA_simulado,2026-05-13 04:00:00,2026-05-13 04:00:00,2026-05-13 05:00:00,1,11.76,0.851
498,2,IPMA_simulado,2026-05-13 04:00:00,2026-05-13 04:00:00,2026-05-13 05:00:00,1,5.32,0.924
499,3,IPMA_simulado,2026-05-13 04:00:00,2026-05-13 04:00:00,2026-05-13 05:00:00,1,6.74,0.845
500,4,IPMA_simulado,2026-05-13 04:00:00,2026-05-13 04:00:00,2026-05-13 05:00:00,1,69.07,0.733
501,1,IPMA_simulado,2026-05-13 05:00:00,2026-05-13 05:00:00,2026-05-13 06:00:00,1,9.14,0.879
502,2,IPMA_simulado,2026-05-13 05:00:00,2026-05-13 05:00:00,2026-05-13 06:00:00,1,0,0.943
503,3,IPMA_simulado,2026-05-13 05:00:00,2026-05-13 05:00:00,2026-05-13 06:00:00,1,9.98,0.785
504,4,IPMA_simulado,2026-05-13 05:00:00,2026-05-13 05:00:00,2026-05-13 06:00:00,1,4.16,0.786
505,1,IPMA_simulado,2026-05-13 06:00:00,2026-05-13 06:00:00,2026-05-13 07:00:00,1,27.2,0.948
506,2,IPMA_simulado,2026-05-13 06:00:00,2026-05-13 06:00:00,2026-05-13 07:00:00,1,13.15,0.821
507,3,IPMA_simulado,2026-05-13 06:00:00,2026-05-13 06:00:00,2026-05-13 07:00:00,1,13.59,0.66
508,4,IPMA_simulado,2026-05-13 06:00:00,2026-05-13 06:00:00,2026-05-13 07:00:00,1,5.72,0.758
509,1,IPMA_simulado,2026-05-13 07:00:00,2026-05-13 07:00:00,2026-05-13 08:00:00,1,2.18,0.926
510,2,IPMA_simulado,2026-05-13 07:00:00,2026-05-13 07:00:00,2026-05-13 08:00:00,1,20.26,0.717
511,3,IPMA_simulado,2026-05-13 07:00:00,2026-05-13 07:00:00,2026-05-13 08:00:00,1,4.49,0.882
512,4,IPMA_simulado,2026-05-13 07:00:00,2026-05-13 07:00:00,2026-05-13 08:00:00,1,1.64,0.76
513,1,IPMA_simulado,2026-05-13 08:00:00,2026-05-13 08:00:00,2026-05-13 09:00:00,1,0,0.707
514,2,IPMA_simulado,2026-05-13 08:00:00,2026-05-13 08:00:00,2026-05-13 09:00:00,1,3.36,0.761
515,3,IPMA_simulado,2026-05-13 08:00:00,2026-05-13 08:00:00,2026-05-13 09:00:00,1,10.99,0.785
516,4,IPMA_simulado,2026-05-13 08:00:00,2026-05-13 08:00:00,2026-05-13 09:00:00,1,15.61,0.779
517,1,IPMA_simulado,2026-05-13 09:00:00,2026-05-13 09:00:00,2026-05-13 10:00:00,1,11.36,0.899
518,2,IPMA_simulado,2026-05-13 09:00:00,2026-05-13 09:00:00,2026-05-13 10:00:00,1,15.33,0.917
519,3,IPMA_simulado,2026-05-13 09:00:00,2026-05-13 09:00:00,2026-05-13 10:00:00,1,0,0.714
520,4,IPMA_simulado,2026-05-13 09:00:00,2026-05-13 09:00:00,2026-05-13 10:00:00,1,5.33,0.739
521,1,IPMA_simulado,2026-05-13 10:00:00,2026-05-13 10:00:00,2026-05-13 11:00:00,1,27.33,0.674
522,2,IPMA_simulado,2026-05-13 10:00:00,2026-05-13 10:00:00,2026-05-13 11:00:00,1,3.86,0.651
523,3,IPMA_simulado,2026-05-13 10:00:00,2026-05-13 10:00:00,2026-05-13 11:00:00,1,14.58,0.81
524,4,IPMA_simulado,2026-05-13 10:00:00,2026-05-13 10:00:00,2026-05-13 11:00:00,1,14.69,0.921
525,1,IPMA_simulado,2026-05-13 11:00:00,2026-05-13 11:00:00,2026-05-13 12:00:00,1,1.76,0.655
526,2,IPMA_simulado,2026-05-13 11:00:00,2026-05-13 11:00:00,2026-05-13 12:00:00,1,16.52,0.944
527,3,IPMA_simulado,2026-05-13 11:00:00,2026-05-13 11:00:00,2026-05-13 12:00:00,1,16.23,0.869
528,4,IPMA_simulado,2026-05-13 11:00:00,2026-05-13 11:00:00,2026-05-13 12:00:00,1,6.73,0.685
529,1,IPMA_simulado,2026-05-13 12:00:00,2026-05-13 12:00:00,2026-05-13 13:00:00,1,5.87,0.775
530,2,IPMA_simulado,2026-05-13 12:00:00,2026-05-13 12:00:00,2026-05-13 13:00:00,1,4.21,0.745
531,3,IPMA_simulado,2026-05-13 12:00:00,2026-05-13 12:00:00,2026-05-13 13:00:00,1,34.23,0.768
532,4,IPMA_simulado,2026-05-13 12:00:00,2026-05-13 12:00:00,2026-05-13 13:00:00,1,15.35,0.932
533,1,IPMA_simulado,2026-05-13 13:00:00,2026-05-13 13:00:00,2026-05-13 14:00:00,1,20.03,0.743
534,2,IPMA_simulado,2026-05-13 13:00:00,2026-05-13 13:00:00,2026-05-13 14:00:00,1,37.9,0.77
535,3,IPMA_simulado,2026-05-13 13:00:00,2026-05-13 13:00:00,2026-05-13 14:00:00,1,13.69,0.886
536,4,IPMA_simulado,2026-05-13 13:00:00,2026-05-13 13:00:00,2026-05-13 14:00:00,1,0,0.789
537,1,IPMA_simulado,2026-05-13 14:00:00,2026-05-13 14:00:00,2026-05-13 15:00:00,1,31.91,0.707
538,2,IPMA_simulado,2026-05-13 14:00:00,2026-05-13 14:00:00,2026-05-13 15:00:00,1,0,0.663
539,3,IPMA_simulado,2026-05-13 14:00:00,2026-05-13 14:00:00,2026-05-13 15:00:00,1,0,0.739
540,4,IPMA_simulado,2026-05-13 14:00:00,2026-05-13 14:00:00,2026-05-13 15:00:00,1,5.81,0.71
541,1,IPMA_simulado,2026-05-13 15:00:00,2026-05-13 15:00:00,2026-05-13 16:00:00,1,19.7,0.931
542,2,IPMA_simulado,2026-05-13 15:00:00,2026-05-13 15:00:00,2026-05-13 16:00:00,1,16.11,0.945
543,3,IPMA_simulado,2026-05-13 15:00:00,2026-05-13 15:00:00,2026-05-13 16:00:00,1,6.81,0.693
544,4,IPMA_simulado,2026-05-13 15:00:00,2026-05-13 15:00:00,2026-05-13 16:00:00,1,0,0.772
545,1,IPMA_simulado,2026-05-13 16:00:00,2026-05-13 16:00:00,2026-05-13 17:00:00,1,16.12,0.916
546,2,IPMA_simulado,2026-05-13 16:00:00,2026-05-13 16:00:00,2026-05-13 17:00:00,1,15.07,0.946
547,3,IPMA_simulado,2026-05-13 16:00:00,2026-05-13 16:00:00,2026-05-13 17:00:00,1,6.33,0.839
548,4,IPMA_simulado,2026-05-13 16:00:00,2026-05-13 16:00:00,2026-05-13 17:00:00,1,32.82,0.778
549,1,IPMA_simulado,2026-05-13 17:00:00,2026-05-13 17:00:00,2026-05-13 18:00:00,1,6.83,0.77
550,2,IPMA_simulado,2026-05-13 17:00:00,2026-05-13 17:00:00,2026-05-13 18:00:00,1,19.35,0.864
551,3,IPMA_simulado,2026-05-13 17:00:00,2026-05-13 17:00:00,2026-05-13 18:00:00,1,6.48,0.769
552,4,IPMA_simulado,2026-05-13 17:00:00,2026-05-13 17:00:00,2026-05-13 18:00:00,1,0,0.727
553,1,IPMA_simulado,2026-05-13 18:00:00,2026-05-13 18:00:00,2026-05-13 19:00:00,1,15.25,0.71
554,2,IPMA_simulado,2026-05-13 18:00:00,2026-05-13 18:00:00,2026-05-13 19:00:00,1,0,0.757
555,3,IPMA_simulado,2026-05-13 18:00:00,2026-05-13 18:00:00,2026-05-13 19:00:00,1,5.82,0.712
556,4,IPMA_simulado,2026-05-13 18:00:00,2026-05-13 18:00:00,2026-05-13 19:00:00,1,44.64,0.892
557,1,IPMA_simulado,2026-05-13 19:00:00,2026-05-13 19:00:00,2026-05-13 20:00:00,1,3.67,0.695
558,2,IPMA_simulado,2026-05-13 19:00:00,2026-05-13 19:00:00,2026-05-13 20:00:00,1,0,0.791
559,3,IPMA_simulado,2026-05-13 19:00:00,2026-05-13 19:00:00,2026-05-13 20:00:00,1,5.27,0.829
560,4,IPMA_simulado,2026-05-13 19:00:00,2026-05-13 19:00:00,2026-05-13 20:00:00,1,14.89,0.847
561,1,IPMA_simulado,2026-05-13 20:00:00,2026-05-13 20:00:00,2026-05-13 21:00:00,1,5.91,0.866
562,2,IPMA_simulado,2026-05-13 20:00:00,2026-05-13 20:00:00,2026-05-13 21:00:00,1,15.9,0.806
563,3,IPMA_simulado,2026-05-13 20:00:00,2026-05-13 20:00:00,2026-05-13 21:00:00,1,14.84,0.945
564,4,IPMA_simulado,2026-05-13 20:00:00,2026-05-13 20:00:00,2026-05-13 21:00:00,1,44.55,0.723
565,1,IPMA_simulado,2026-05-13 21:00:00,2026-05-13 21:00:00,2026-05-13 22:00:00,1,6.05,0.8
566,2,IPMA_simulado,2026-05-13 21:00:00,2026-05-13 21:00:00,2026-05-13 22:00:00,1,8.63,0.723
567,3,IPMA_simulado,2026-05-13 21:00:00,2026-05-13 21:00:00,2026-05-13 22:00:00,1,0,0.896
568,4,IPMA_simulado,2026-05-13 21:00:00,2026-05-13 21:00:00,2026-05-13 22:00:00,1,10.15,0.783
569,1,IPMA_simulado,2026-05-13 22:00:00,2026-05-13 22:00:00,2026-05-13 23:00:00,1,29.76,0.813
570,2,IPMA_simulado,2026-05-13 22:00:00,2026-05-13 22:00:00,2026-05-13 23:00:00,1,1.25,0.912
571,3,IPMA_simulado,2026-05-13 22:00:00,2026-05-13 22:00:00,2026-05-13 23:00:00,1,5.66,0.745
572,4,IPMA_simulado,2026-05-13 22:00:00,2026-05-13 22:00:00,2026-05-13 23:00:00,1,15.25,0.876
573,1,IPMA_simulado,2026-05-13 23:00:00,2026-05-13 23:00:00,2026-05-14 00:00:00,1,3.58,0.848
574,2,IPMA_simulado,2026-05-13 23:00:00,2026-05-13 23:00:00,2026-05-14 00:00:00,1,0,0.847
575,3,IPMA_simulado,2026-05-13 23:00:00,2026-05-13 23:00:00,2026-05-14 00:00:00,1,15.98,0.765
576,4,IPMA_simulado,2026-05-13 23:00:00,2026-05-13 23:00:00,2026-05-14 00:00:00,1,0,0.738
577,1,IPMA_simulado,2026-05-14 00:00:00,2026-05-14 00:00:00,2026-05-14 01:00:00,1,13.99,0.829
578,2,IPMA_simulado,2026-05-14 00:00:00,2026-05-14 00:00:00,2026-05-14 01:00:00,1,0,0.896
579,3,IPMA_simulado,2026-05-14 00:00:00,2026-05-14 00:00:00,2026-05-14 01:00:00,1,12.68,0.661
580,4,IPMA_simulado,2026-05-14 00:00:00,2026-05-14 00:00:00,2026-05-14 01:00:00,1,6.52,0.867
581,1,IPMA_simulado,2026-05-14 01:00:00,2026-05-14 01:00:00,2026-05-14 02:00:00,1,24.88,0.78
582,2,IPMA_simulado,2026-05-14 01:00:00,2026-05-14 01:00:00,2026-05-14 02:00:00,1,13.2,0.783
583,3,IPMA_simulado,2026-05-14 01:00:00,2026-05-14 01:00:00,2026-05-14 02:00:00,1,0,0.936
584,4,IPMA_simulado,2026-05-14 01:00:00,2026-05-14 01:00:00,2026-05-14 02:00:00,1,42,0.685
585,1,IPMA_simulado,2026-05-14 02:00:00,2026-05-14 02:00:00,2026-05-14 03:00:00,1,6.37,0.764
586,2,IPMA_simulado,2026-05-14 02:00:00,2026-05-14 02:00:00,2026-05-14 03:00:00,1,20.15,0.666
587,3,IPMA_simulado,2026-05-14 02:00:00,2026-05-14 02:00:00,2026-05-14 03:00:00,1,12.45,0.902
588,4,IPMA_simulado,2026-05-14 02:00:00,2026-05-14 02:00:00,2026-05-14 03:00:00,1,12.18,0.81
589,1,IPMA_simulado,2026-05-14 03:00:00,2026-05-14 03:00:00,2026-05-14 04:00:00,1,0,0.873
590,2,IPMA_simulado,2026-05-14 03:00:00,2026-05-14 03:00:00,2026-05-14 04:00:00,1,2.22,0.739
591,3,IPMA_simulado,2026-05-14 03:00:00,2026-05-14 03:00:00,2026-05-14 04:00:00,1,15.64,0.901
592,4,IPMA_simulado,2026-05-14 03:00:00,2026-05-14 03:00:00,2026-05-14 04:00:00,1,7.64,0.756
593,1,IPMA_simulado,2026-05-14 04:00:00,2026-05-14 04:00:00,2026-05-14 05:00:00,1,2.68,0.914
594,2,IPMA_simulado,2026-05-14 04:00:00,2026-05-14 04:00:00,2026-05-14 05:00:00,1,0,0.749
595,3,IPMA_simulado,2026-05-14 04:00:00,2026-05-14 04:00:00,2026-05-14 05:00:00,1,20.21,0.781
596,4,IPMA_simulado,2026-05-14 04:00:00,2026-05-14 04:00:00,2026-05-14 05:00:00,1,5.09,0.841
597,1,IPMA_simulado,2026-05-14 05:00:00,2026-05-14 05:00:00,2026-05-14 06:00:00,1,9.66,0.81
598,2,IPMA_simulado,2026-05-14 05:00:00,2026-05-14 05:00:00,2026-05-14 06:00:00,1,4.81,0.699
599,3,IPMA_simulado,2026-05-14 05:00:00,2026-05-14 05:00:00,2026-05-14 06:00:00,1,0,0.781
600,4,IPMA_simulado,2026-05-14 05:00:00,2026-05-14 05:00:00,2026-05-14 06:00:00,1,18.12,0.882
601,1,IPMA_simulado,2026-05-14 06:00:00,2026-05-14 06:00:00,2026-05-14 07:00:00,1,12.87,0.855
602,2,IPMA_simulado,2026-05-14 06:00:00,2026-05-14 06:00:00,2026-05-14 07:00:00,1,22.89,0.659
603,3,IPMA_simulado,2026-05-14 06:00:00,2026-05-14 06:00:00,2026-05-14 07:00:00,1,12.57,0.875
604,4,IPMA_simulado,2026-05-14 06:00:00,2026-05-14 06:00:00,2026-05-14 07:00:00,1,0,0.857
605,1,IPMA_simulado,2026-05-14 07:00:00,2026-05-14 07:00:00,2026-05-14 08:00:00,1,5.5,0.818
606,2,IPMA_simulado,2026-05-14 07:00:00,2026-05-14 07:00:00,2026-05-14 08:00:00,1,13.5,0.818
607,3,IPMA_simulado,2026-05-14 07:00:00,2026-05-14 07:00:00,2026-05-14 08:00:00,1,17.34,0.745
608,4,IPMA_simulado,2026-05-14 07:00:00,2026-05-14 07:00:00,2026-05-14 08:00:00,1,0,0.796
609,1,IPMA_simulado,2026-05-14 08:00:00,2026-05-14 08:00:00,2026-05-14 09:00:00,1,5.48,0.688
610,2,IPMA_simulado,2026-05-14 08:00:00,2026-05-14 08:00:00,2026-05-14 09:00:00,1,2.74,0.902
611,3,IPMA_simulado,2026-05-14 08:00:00,2026-05-14 08:00:00,2026-05-14 09:00:00,1,0,0.871
612,4,IPMA_simulado,2026-05-14 08:00:00,2026-05-14 08:00:00,2026-05-14 09:00:00,1,10.25,0.76
613,1,IPMA_simulado,2026-05-14 09:00:00,2026-05-14 09:00:00,2026-05-14 10:00:00,1,12.03,0.658
614,2,IPMA_simulado,2026-05-14 09:00:00,2026-05-14 09:00:00,2026-05-14 10:00:00,1,23.94,0.771
615,3,IPMA_simulado,2026-05-14 09:00:00,2026-05-14 09:00:00,2026-05-14 10:00:00,1,35.17,0.888
616,4,IPMA_simulado,2026-05-14 09:00:00,2026-05-14 09:00:00,2026-05-14 10:00:00,1,0.44,0.751
617,1,IPMA_simulado,2026-05-14 10:00:00,2026-05-14 10:00:00,2026-05-14 11:00:00,1,0,0.812
618,2,IPMA_simulado,2026-05-14 10:00:00,2026-05-14 10:00:00,2026-05-14 11:00:00,1,1.75,0.897
619,3,IPMA_simulado,2026-05-14 10:00:00,2026-05-14 10:00:00,2026-05-14 11:00:00,1,0,0.744
620,4,IPMA_simulado,2026-05-14 10:00:00,2026-05-14 10:00:00,2026-05-14 11:00:00,1,16.19,0.8
621,1,IPMA_simulado,2026-05-14 11:00:00,2026-05-14 11:00:00,2026-05-14 12:00:00,1,10.16,0.884
622,2,IPMA_simulado,2026-05-14 11:00:00,2026-05-14 11:00:00,2026-05-14 12:00:00,1,0.97,0.799
623,3,IPMA_simulado,2026-05-14 11:00:00,2026-05-14 11:00:00,2026-05-14 12:00:00,1,24.79,0.738
624,4,IPMA_simulado,2026-05-14 11:00:00,2026-05-14 11:00:00,2026-05-14 12:00:00,1,11.86,0.823
625,1,IPMA_simulado,2026-05-14 12:00:00,2026-05-14 12:00:00,2026-05-14 13:00:00,1,13.86,0.916
626,2,IPMA_simulado,2026-05-14 12:00:00,2026-05-14 12:00:00,2026-05-14 13:00:00,1,59.98,0.716
627,3,IPMA_simulado,2026-05-14 12:00:00,2026-05-14 12:00:00,2026-05-14 13:00:00,1,14.44,0.879
628,4,IPMA_simulado,2026-05-14 12:00:00,2026-05-14 12:00:00,2026-05-14 13:00:00,1,22.44,0.9
629,1,IPMA_simulado,2026-05-14 13:00:00,2026-05-14 13:00:00,2026-05-14 14:00:00,1,0,0.793
630,2,IPMA_simulado,2026-05-14 13:00:00,2026-05-14 13:00:00,2026-05-14 14:00:00,1,10.8,0.872
631,3,IPMA_simulado,2026-05-14 13:00:00,2026-05-14 13:00:00,2026-05-14 14:00:00,1,56.36,0.859
632,4,IPMA_simulado,2026-05-14 13:00:00,2026-05-14 13:00:00,2026-05-14 14:00:00,1,2.11,0.779
633,1,IPMA_simulado,2026-05-14 14:00:00,2026-05-14 14:00:00,2026-05-14 15:00:00,1,19.85,0.772
634,2,IPMA_simulado,2026-05-14 14:00:00,2026-05-14 14:00:00,2026-05-14 15:00:00,1,11.43,0.726
635,3,IPMA_simulado,2026-05-14 14:00:00,2026-05-14 14:00:00,2026-05-14 15:00:00,1,21.63,0.925
636,4,IPMA_simulado,2026-05-14 14:00:00,2026-05-14 14:00:00,2026-05-14 15:00:00,1,28.64,0.652
637,1,IPMA_simulado,2026-05-14 15:00:00,2026-05-14 15:00:00,2026-05-14 16:00:00,1,0,0.726
638,2,IPMA_simulado,2026-05-14 15:00:00,2026-05-14 15:00:00,2026-05-14 16:00:00,1,1.17,0.673
639,3,IPMA_simulado,2026-05-14 15:00:00,2026-05-14 15:00:00,2026-05-14 16:00:00,1,7.95,0.803
640,4,IPMA_simulado,2026-05-14 15:00:00,2026-05-14 15:00:00,2026-05-14 16:00:00,1,0,0.914
641,1,IPMA_simulado,2026-05-14 16:00:00,2026-05-14 16:00:00,2026-05-14 17:00:00,1,0,0.873
642,2,IPMA_simulado,2026-05-14 16:00:00,2026-05-14 16:00:00,2026-05-14 17:00:00,1,0,0.947
643,3,IPMA_simulado,2026-05-14 16:00:00,2026-05-14 16:00:00,2026-05-14 17:00:00,1,18.31,0.868
644,4,IPMA_simulado,2026-05-14 16:00:00,2026-05-14 16:00:00,2026-05-14 17:00:00,1,17.74,0.781
645,1,IPMA_simulado,2026-05-14 17:00:00,2026-05-14 17:00:00,2026-05-14 18:00:00,1,52.57,0.923
646,2,IPMA_simulado,2026-05-14 17:00:00,2026-05-14 17:00:00,2026-05-14 18:00:00,1,8.8,0.678
647,3,IPMA_simulado,2026-05-14 17:00:00,2026-05-14 17:00:00,2026-05-14 18:00:00,1,0,0.779
648,4,IPMA_simulado,2026-05-14 17:00:00,2026-05-14 17:00:00,2026-05-14 18:00:00,1,1.65,0.769
649,1,IPMA_simulado,2026-05-14 18:00:00,2026-05-14 18:00:00,2026-05-14 19:00:00,1,16.35,0.882
650,2,IPMA_simulado,2026-05-14 18:00:00,2026-05-14 18:00:00,2026-05-14 19:00:00,1,6.02,0.949
651,3,IPMA_simulado,2026-05-14 18:00:00,2026-05-14 18:00:00,2026-05-14 19:00:00,1,16.09,0.673
652,4,IPMA_simulado,2026-05-14 18:00:00,2026-05-14 18:00:00,2026-05-14 19:00:00,1,16.62,0.84
653,1,IPMA_simulado,2026-05-14 19:00:00,2026-05-14 19:00:00,2026-05-14 20:00:00,1,8.23,0.876
654,2,IPMA_simulado,2026-05-14 19:00:00,2026-05-14 19:00:00,2026-05-14 20:00:00,1,11.73,0.757
655,3,IPMA_simulado,2026-05-14 19:00:00,2026-05-14 19:00:00,2026-05-14 20:00:00,1,17.09,0.669
656,4,IPMA_simulado,2026-05-14 19:00:00,2026-05-14 19:00:00,2026-05-14 20:00:00,1,0,0.872
657,1,IPMA_simulado,2026-05-14 20:00:00,2026-05-14 20:00:00,2026-05-14 21:00:00,1,0,0.871
658,2,IPMA_simulado,2026-05-14 20:00:00,2026-05-14 20:00:00,2026-05-14 21:00:00,1,0,0.714
659,3,IPMA_simulado,2026-05-14 20:00:00,2026-05-14 20:00:00,2026-05-14 21:00:00,1,11.45,0.913
660,4,IPMA_simulado,2026-05-14 20:00:00,2026-05-14 20:00:00,2026-05-14 21:00:00,1,14.47,0.902
661,1,IPMA_simulado,2026-05-14 21:00:00,2026-05-14 21:00:00,2026-05-14 22:00:00,1,30.98,0.752
662,2,IPMA_simulado,2026-05-14 21:00:00,2026-05-14 21:00:00,2026-05-14 22:00:00,1,16.37,0.775
663,3,IPMA_simulado,2026-05-14 21:00:00,2026-05-14 21:00:00,2026-05-14 22:00:00,1,18.78,0.938
664,4,IPMA_simulado,2026-05-14 21:00:00,2026-05-14 21:00:00,2026-05-14 22:00:00,1,7.16,0.935
665,1,IPMA_simulado,2026-05-14 22:00:00,2026-05-14 22:00:00,2026-05-14 23:00:00,1,0,0.663
666,2,IPMA_simulado,2026-05-14 22:00:00,2026-05-14 22:00:00,2026-05-14 23:00:00,1,24.13,0.655
667,3,IPMA_simulado,2026-05-14 22:00:00,2026-05-14 22:00:00,2026-05-14 23:00:00,1,15.37,0.682
668,4,IPMA_simulado,2026-05-14 22:00:00,2026-05-14 22:00:00,2026-05-14 23:00:00,1,0,0.743
669,1,IPMA_simulado,2026-05-14 23:00:00,2026-05-14 23:00:00,2026-05-15 00:00:00,1,11.23,0.841
670,2,IPMA_simulado,2026-05-14 23:00:00,2026-05-14 23:00:00,2026-05-15 00:00:00,1,48.85,0.873
671,3,IPMA_simulado,2026-05-14 23:00:00,2026-05-14 23:00:00,2026-05-15 00:00:00,1,9.73,0.907
672,4,IPMA_simulado,2026-05-14 23:00:00,2026-05-14 23:00:00,2026-05-15 00:00:00,1,13.48,0.821
673,1,IPMA_simulado,2026-05-15 00:00:00,2026-05-15 00:00:00,2026-05-15 01:00:00,1,68.96,0.829
674,2,IPMA_simulado,2026-05-15 00:00:00,2026-05-15 00:00:00,2026-05-15 01:00:00,1,41.35,0.713
675,3,IPMA_simulado,2026-05-15 00:00:00,2026-05-15 00:00:00,2026-05-15 01:00:00,1,2.25,0.678
676,4,IPMA_simulado,2026-05-15 00:00:00,2026-05-15 00:00:00,2026-05-15 01:00:00,1,16.23,0.762
677,1,IPMA_simulado,2026-05-15 01:00:00,2026-05-15 01:00:00,2026-05-15 02:00:00,1,0,0.903
678,2,IPMA_simulado,2026-05-15 01:00:00,2026-05-15 01:00:00,2026-05-15 02:00:00,1,36.52,0.779
679,3,IPMA_simulado,2026-05-15 01:00:00,2026-05-15 01:00:00,2026-05-15 02:00:00,1,7.43,0.653
680,4,IPMA_simulado,2026-05-15 01:00:00,2026-05-15 01:00:00,2026-05-15 02:00:00,1,6.84,0.912
681,1,IPMA_simulado,2026-05-15 02:00:00,2026-05-15 02:00:00,2026-05-15 03:00:00,1,6.55,0.773
682,2,IPMA_simulado,2026-05-15 02:00:00,2026-05-15 02:00:00,2026-05-15 03:00:00,1,6.05,0.663
683,3,IPMA_simulado,2026-05-15 02:00:00,2026-05-15 02:00:00,2026-05-15 03:00:00,1,5.37,0.865
684,4,IPMA_simulado,2026-05-15 02:00:00,2026-05-15 02:00:00,2026-05-15 03:00:00,1,13.69,0.701
685,1,IPMA_simulado,2026-05-15 03:00:00,2026-05-15 03:00:00,2026-05-15 04:00:00,1,15.8,0.926
686,2,IPMA_simulado,2026-05-15 03:00:00,2026-05-15 03:00:00,2026-05-15 04:00:00,1,8.5,0.906
687,3,IPMA_simulado,2026-05-15 03:00:00,2026-05-15 03:00:00,2026-05-15 04:00:00,1,6.27,0.856
688,4,IPMA_simulado,2026-05-15 03:00:00,2026-05-15 03:00:00,2026-05-15 04:00:00,1,11.87,0.763
689,1,IPMA_simulado,2026-05-15 04:00:00,2026-05-15 04:00:00,2026-05-15 05:00:00,1,3.2,0.752
690,2,IPMA_simulado,2026-05-15 04:00:00,2026-05-15 04:00:00,2026-05-15 05:00:00,1,26.86,0.84
691,3,IPMA_simulado,2026-05-15 04:00:00,2026-05-15 04:00:00,2026-05-15 05:00:00,1,9.66,0.948
692,4,IPMA_simulado,2026-05-15 04:00:00,2026-05-15 04:00:00,2026-05-15 05:00:00,1,17.92,0.769
693,1,IPMA_simulado,2026-05-15 05:00:00,2026-05-15 05:00:00,2026-05-15 06:00:00,1,0,0.914
694,2,IPMA_simulado,2026-05-15 05:00:00,2026-05-15 05:00:00,2026-05-15 06:00:00,1,8.63,0.773
695,3,IPMA_simulado,2026-05-15 05:00:00,2026-05-15 05:00:00,2026-05-15 06:00:00,1,17.68,0.763
696,4,IPMA_simulado,2026-05-15 05:00:00,2026-05-15 05:00:00,2026-05-15 06:00:00,1,3.47,0.761
697,1,IPMA_simulado,2026-05-15 06:00:00,2026-05-15 06:00:00,2026-05-15 07:00:00,1,0,0.923
698,2,IPMA_simulado,2026-05-15 06:00:00,2026-05-15 06:00:00,2026-05-15 07:00:00,1,0,0.719
699,3,IPMA_simulado,2026-05-15 06:00:00,2026-05-15 06:00:00,2026-05-15 07:00:00,1,0,0.707
700,4,IPMA_simulado,2026-05-15 06:00:00,2026-05-15 06:00:00,2026-05-15 07:00:00,1,0.2,0.878
701,1,IPMA_simulado,2026-05-15 07:00:00,2026-05-15 07:00:00,2026-05-15 08:00:00,1,5.16,0.859
702,2,IPMA_simulado,2026-05-15 07:00:00,2026-05-15 07:00:00,2026-05-15 08:00:00,1,5.03,0.863
703,3,IPMA_simulado,2026-05-15 07:00:00,2026-05-15 07:00:00,2026-05-15 08:00:00,1,0,0.72
704,4,IPMA_simulado,2026-05-15 07:00:00,2026-05-15 07:00:00,2026-05-15 08:00:00,1,0,0.744
705,1,IPMA_simulado,2026-05-15 08:00:00,2026-05-15 08:00:00,2026-05-15 09:00:00,1,26.39,0.858
706,2,IPMA_simulado,2026-05-15 08:00:00,2026-05-15 08:00:00,2026-05-15 09:00:00,1,0,0.82
707,3,IPMA_simulado,2026-05-15 08:00:00,2026-05-15 08:00:00,2026-05-15 09:00:00,1,3.54,0.679
708,4,IPMA_simulado,2026-05-15 08:00:00,2026-05-15 08:00:00,2026-05-15 09:00:00,1,3,0.732
709,1,IPMA_simulado,2026-05-15 09:00:00,2026-05-15 09:00:00,2026-05-15 10:00:00,1,43.04,0.722
710,2,IPMA_simulado,2026-05-15 09:00:00,2026-05-15 09:00:00,2026-05-15 10:00:00,1,11.18,0.773
711,3,IPMA_simulado,2026-05-15 09:00:00,2026-05-15 09:00:00,2026-05-15 10:00:00,1,24.82,0.679
712,4,IPMA_simulado,2026-05-15 09:00:00,2026-05-15 09:00:00,2026-05-15 10:00:00,1,16.29,0.868
713,1,IPMA_simulado,2026-05-15 10:00:00,2026-05-15 10:00:00,2026-05-15 11:00:00,1,8.14,0.834
714,2,IPMA_simulado,2026-05-15 10:00:00,2026-05-15 10:00:00,2026-05-15 11:00:00,1,29.05,0.736
715,3,IPMA_simulado,2026-05-15 10:00:00,2026-05-15 10:00:00,2026-05-15 11:00:00,1,17.93,0.652
716,4,IPMA_simulado,2026-05-15 10:00:00,2026-05-15 10:00:00,2026-05-15 11:00:00,1,0,0.824
717,1,IPMA_simulado,2026-05-15 11:00:00,2026-05-15 11:00:00,2026-05-15 12:00:00,1,0,0.89
718,2,IPMA_simulado,2026-05-15 11:00:00,2026-05-15 11:00:00,2026-05-15 12:00:00,1,6.97,0.84
719,3,IPMA_simulado,2026-05-15 11:00:00,2026-05-15 11:00:00,2026-05-15 12:00:00,1,12.73,0.851
720,4,IPMA_simulado,2026-05-15 11:00:00,2026-05-15 11:00:00,2026-05-15 12:00:00,1,3.13,0.95
721,1,IPMA_simulado,2026-05-15 12:00:00,2026-05-15 12:00:00,2026-05-15 13:00:00,1,10.07,0.714
722,2,IPMA_simulado,2026-05-15 12:00:00,2026-05-15 12:00:00,2026-05-15 13:00:00,1,7.79,0.863
723,3,IPMA_simulado,2026-05-15 12:00:00,2026-05-15 12:00:00,2026-05-15 13:00:00,1,0,0.851
724,4,IPMA_simulado,2026-05-15 12:00:00,2026-05-15 12:00:00,2026-05-15 13:00:00,1,0,0.731
725,1,IPMA_simulado,2026-05-15 13:00:00,2026-05-15 13:00:00,2026-05-15 14:00:00,1,5.16,0.767
726,2,IPMA_simulado,2026-05-15 13:00:00,2026-05-15 13:00:00,2026-05-15 14:00:00,1,12.65,0.928
727,3,IPMA_simulado,2026-05-15 13:00:00,2026-05-15 13:00:00,2026-05-15 14:00:00,1,1.59,0.894
728,4,IPMA_simulado,2026-05-15 13:00:00,2026-05-15 13:00:00,2026-05-15 14:00:00,1,8.27,0.816
729,1,IPMA_simulado,2026-05-15 14:00:00,2026-05-15 14:00:00,2026-05-15 15:00:00,1,35.43,0.865
730,2,IPMA_simulado,2026-05-15 14:00:00,2026-05-15 14:00:00,2026-05-15 15:00:00,1,12.57,0.889
731,3,IPMA_simulado,2026-05-15 14:00:00,2026-05-15 14:00:00,2026-05-15 15:00:00,1,8.39,0.742
732,4,IPMA_simulado,2026-05-15 14:00:00,2026-05-15 14:00:00,2026-05-15 15:00:00,1,3.04,0.855
733,1,IPMA_simulado,2026-05-15 15:00:00,2026-05-15 15:00:00,2026-05-15 16:00:00,1,7.76,0.689
734,2,IPMA_simulado,2026-05-15 15:00:00,2026-05-15 15:00:00,2026-05-15 16:00:00,1,3.64,0.703
735,3,IPMA_simulado,2026-05-15 15:00:00,2026-05-15 15:00:00,2026-05-15 16:00:00,1,17.88,0.818
736,4,IPMA_simulado,2026-05-15 15:00:00,2026-05-15 15:00:00,2026-05-15 16:00:00,1,11.16,0.941
737,1,IPMA_simulado,2026-05-15 16:00:00,2026-05-15 16:00:00,2026-05-15 17:00:00,1,5.14,0.735
738,2,IPMA_simulado,2026-05-15 16:00:00,2026-05-15 16:00:00,2026-05-15 17:00:00,1,19.84,0.709
739,3,IPMA_simulado,2026-05-15 16:00:00,2026-05-15 16:00:00,2026-05-15 17:00:00,1,4.83,0.825
740,4,IPMA_simulado,2026-05-15 16:00:00,2026-05-15 16:00:00,2026-05-15 17:00:00,1,12.07,0.886
741,1,IPMA_simulado,2026-05-15 17:00:00,2026-05-15 17:00:00,2026-05-15 18:00:00,1,16.96,0.671
742,2,IPMA_simulado,2026-05-15 17:00:00,2026-05-15 17:00:00,2026-05-15 18:00:00,1,21.39,0.667
743,3,IPMA_simulado,2026-05-15 17:00:00,2026-05-15 17:00:00,2026-05-15 18:00:00,1,11.8,0.88
744,4,IPMA_simulado,2026-05-15 17:00:00,2026-05-15 17:00:00,2026-05-15 18:00:00,1,6.69,0.756
745,1,IPMA_simulado,2026-05-15 18:00:00,2026-05-15 18:00:00,2026-05-15 19:00:00,1,25.84,0.742
746,2,IPMA_simulado,2026-05-15 18:00:00,2026-05-15 18:00:00,2026-05-15 19:00:00,1,70,0.778
747,3,IPMA_simulado,2026-05-15 18:00:00,2026-05-15 18:00:00,2026-05-15 19:00:00,1,14.33,0.764
748,4,IPMA_simulado,2026-05-15 18:00:00,2026-05-15 18:00:00,2026-05-15 19:00:00,1,22.38,0.729
749,1,IPMA_simulado,2026-05-15 19:00:00,2026-05-15 19:00:00,2026-05-15 20:00:00,1,0,0.688
750,2,IPMA_simulado,2026-05-15 19:00:00,2026-05-15 19:00:00,2026-05-15 20:00:00,1,0,0.678
751,3,IPMA_simulado,2026-05-15 19:00:00,2026-05-15 19:00:00,2026-05-15 20:00:00,1,2.4,0.705
752,4,IPMA_simulado,2026-05-15 19:00:00,2026-05-15 19:00:00,2026-05-15 20:00:00,1,16.52,0.721
753,1,IPMA_simulado,2026-05-15 20:00:00,2026-05-15 20:00:00,2026-05-15 21:00:00,1,7.15,0.86
754,2,IPMA_simulado,2026-05-15 20:00:00,2026-05-15 20:00:00,2026-05-15 21:00:00,1,18.97,0.915
755,3,IPMA_simulado,2026-05-15 20:00:00,2026-05-15 20:00:00,2026-05-15 21:00:00,1,0,0.885
756,4,IPMA_simulado,2026-05-15 20:00:00,2026-05-15 20:00:00,2026-05-15 21:00:00,1,5.5,0.892
757,1,IPMA_simulado,2026-05-15 21:00:00,2026-05-15 21:00:00,2026-05-15 22:00:00,1,1.55,0.9
758,2,IPMA_simulado,2026-05-15 21:00:00,2026-05-15 21:00:00,2026-05-15 22:00:00,1,4.77,0.716
759,3,IPMA_simulado,2026-05-15 21:00:00,2026-05-15 21:00:00,2026-05-15 22:00:00,1,12.75,0.757
760,4,IPMA_simulado,2026-05-15 21:00:00,2026-05-15 21:00:00,2026-05-15 22:00:00,1,10.64,0.795
761,1,IPMA_simulado,2026-05-15 22:00:00,2026-05-15 22:00:00,2026-05-15 23:00:00,1,0,0.707
762,2,IPMA_simulado,2026-05-15 22:00:00,2026-05-15 22:00:00,2026-05-15 23:00:00,1,2.59,0.819
763,3,IPMA_simulado,2026-05-15 22:00:00,2026-05-15 22:00:00,2026-05-15 23:00:00,1,2.7,0.668
764,4,IPMA_simulado,2026-05-15 22:00:00,2026-05-15 22:00:00,2026-05-15 23:00:00,1,0.31,0.695
765,1,IPMA_simulado,2026-05-15 23:00:00,2026-05-15 23:00:00,2026-05-16 00:00:00,1,3.51,0.826
766,2,IPMA_simulado,2026-05-15 23:00:00,2026-05-15 23:00:00,2026-05-16 00:00:00,1,17.22,0.705
767,3,IPMA_simulado,2026-05-15 23:00:00,2026-05-15 23:00:00,2026-05-16 00:00:00,1,68.29,0.928
768,4,IPMA_simulado,2026-05-15 23:00:00,2026-05-15 23:00:00,2026-05-16 00:00:00,1,13.6,0.922
769,1,IPMA_simulado,2026-05-16 00:00:00,2026-05-16 00:00:00,2026-05-16 01:00:00,1,46.45,0.921
770,2,IPMA_simulado,2026-05-16 00:00:00,2026-05-16 00:00:00,2026-05-16 01:00:00,1,33.74,0.674
771,3,IPMA_simulado,2026-05-16 00:00:00,2026-05-16 00:00:00,2026-05-16 01:00:00,1,12.35,0.867
772,4,IPMA_simulado,2026-05-16 00:00:00,2026-05-16 00:00:00,2026-05-16 01:00:00,1,8.01,0.949
773,1,IPMA_simulado,2026-05-16 01:00:00,2026-05-16 01:00:00,2026-05-16 02:00:00,1,18.15,0.686
774,2,IPMA_simulado,2026-05-16 01:00:00,2026-05-16 01:00:00,2026-05-16 02:00:00,1,0,0.684
775,3,IPMA_simulado,2026-05-16 01:00:00,2026-05-16 01:00:00,2026-05-16 02:00:00,1,0,0.844
776,4,IPMA_simulado,2026-05-16 01:00:00,2026-05-16 01:00:00,2026-05-16 02:00:00,1,6.54,0.716
777,1,IPMA_simulado,2026-05-16 02:00:00,2026-05-16 02:00:00,2026-05-16 03:00:00,1,1.88,0.733
778,2,IPMA_simulado,2026-05-16 02:00:00,2026-05-16 02:00:00,2026-05-16 03:00:00,1,0,0.713
779,3,IPMA_simulado,2026-05-16 02:00:00,2026-05-16 02:00:00,2026-05-16 03:00:00,1,6.5,0.866
780,4,IPMA_simulado,2026-05-16 02:00:00,2026-05-16 02:00:00,2026-05-16 03:00:00,1,5.45,0.887
781,1,IPMA_simulado,2026-05-16 03:00:00,2026-05-16 03:00:00,2026-05-16 04:00:00,1,21.07,0.841
782,2,IPMA_simulado,2026-05-16 03:00:00,2026-05-16 03:00:00,2026-05-16 04:00:00,1,25.52,0.923
783,3,IPMA_simulado,2026-05-16 03:00:00,2026-05-16 03:00:00,2026-05-16 04:00:00,1,16.82,0.827
784,4,IPMA_simulado,2026-05-16 03:00:00,2026-05-16 03:00:00,2026-05-16 04:00:00,1,0,0.701
785,1,IPMA_simulado,2026-05-16 04:00:00,2026-05-16 04:00:00,2026-05-16 05:00:00,1,2.28,0.739
786,2,IPMA_simulado,2026-05-16 04:00:00,2026-05-16 04:00:00,2026-05-16 05:00:00,1,4.56,0.904
787,3,IPMA_simulado,2026-05-16 04:00:00,2026-05-16 04:00:00,2026-05-16 05:00:00,1,7.55,0.827
788,4,IPMA_simulado,2026-05-16 04:00:00,2026-05-16 04:00:00,2026-05-16 05:00:00,1,5.33,0.845
789,1,IPMA_simulado,2026-05-16 05:00:00,2026-05-16 05:00:00,2026-05-16 06:00:00,1,28.08,0.832
790,2,IPMA_simulado,2026-05-16 05:00:00,2026-05-16 05:00:00,2026-05-16 06:00:00,1,16.09,0.711
791,3,IPMA_simulado,2026-05-16 05:00:00,2026-05-16 05:00:00,2026-05-16 06:00:00,1,19.63,0.708
792,4,IPMA_simulado,2026-05-16 05:00:00,2026-05-16 05:00:00,2026-05-16 06:00:00,1,15.36,0.928
793,1,IPMA_simulado,2026-05-16 06:00:00,2026-05-16 06:00:00,2026-05-16 07:00:00,1,8.69,0.657
794,2,IPMA_simulado,2026-05-16 06:00:00,2026-05-16 06:00:00,2026-05-16 07:00:00,1,48.2,0.789
795,3,IPMA_simulado,2026-05-16 06:00:00,2026-05-16 06:00:00,2026-05-16 07:00:00,1,12.43,0.676
796,4,IPMA_simulado,2026-05-16 06:00:00,2026-05-16 06:00:00,2026-05-16 07:00:00,1,1.66,0.663
797,1,IPMA_simulado,2026-05-16 07:00:00,2026-05-16 07:00:00,2026-05-16 08:00:00,1,13.06,0.82
798,2,IPMA_simulado,2026-05-16 07:00:00,2026-05-16 07:00:00,2026-05-16 08:00:00,1,14.5,0.81
799,3,IPMA_simulado,2026-05-16 07:00:00,2026-05-16 07:00:00,2026-05-16 08:00:00,1,17.38,0.716
800,4,IPMA_simulado,2026-05-16 07:00:00,2026-05-16 07:00:00,2026-05-16 08:00:00,1,14.53,0.77
801,1,IPMA_simulado,2026-05-16 08:00:00,2026-05-16 08:00:00,2026-05-16 09:00:00,1,0,0.804
802,2,IPMA_simulado,2026-05-16 08:00:00,2026-05-16 08:00:00,2026-05-16 09:00:00,1,56.76,0.656
803,3,IPMA_simulado,2026-05-16 08:00:00,2026-05-16 08:00:00,2026-05-16 09:00:00,1,70,0.657
804,4,IPMA_simulado,2026-05-16 08:00:00,2026-05-16 08:00:00,2026-05-16 09:00:00,1,1.89,0.782
805,1,IPMA_simulado,2026-05-16 09:00:00,2026-05-16 09:00:00,2026-05-16 10:00:00,1,9.92,0.71
806,2,IPMA_simulado,2026-05-16 09:00:00,2026-05-16 09:00:00,2026-05-16 10:00:00,1,0,0.774
807,3,IPMA_simulado,2026-05-16 09:00:00,2026-05-16 09:00:00,2026-05-16 10:00:00,1,10.61,0.84
808,4,IPMA_simulado,2026-05-16 09:00:00,2026-05-16 09:00:00,2026-05-16 10:00:00,1,10.26,0.677
809,1,IPMA_simulado,2026-05-16 10:00:00,2026-05-16 10:00:00,2026-05-16 11:00:00,1,3.89,0.865
810,2,IPMA_simulado,2026-05-16 10:00:00,2026-05-16 10:00:00,2026-05-16 11:00:00,1,9.3,0.903
811,3,IPMA_simulado,2026-05-16 10:00:00,2026-05-16 10:00:00,2026-05-16 11:00:00,1,7.41,0.946
812,4,IPMA_simulado,2026-05-16 10:00:00,2026-05-16 10:00:00,2026-05-16 11:00:00,1,17.68,0.813
813,1,IPMA_simulado,2026-05-16 11:00:00,2026-05-16 11:00:00,2026-05-16 12:00:00,1,12.79,0.776
814,2,IPMA_simulado,2026-05-16 11:00:00,2026-05-16 11:00:00,2026-05-16 12:00:00,1,9.51,0.938
815,3,IPMA_simulado,2026-05-16 11:00:00,2026-05-16 11:00:00,2026-05-16 12:00:00,1,0,0.722
816,4,IPMA_simulado,2026-05-16 11:00:00,2026-05-16 11:00:00,2026-05-16 12:00:00,1,7.66,0.72
817,1,IPMA_simulado,2026-05-16 12:00:00,2026-05-16 12:00:00,2026-05-16 13:00:00,1,25.18,0.661
818,2,IPMA_simulado,2026-05-16 12:00:00,2026-05-16 12:00:00,2026-05-16 13:00:00,1,5.54,0.834
819,3,IPMA_simulado,2026-05-16 12:00:00,2026-05-16 12:00:00,2026-05-16 13:00:00,1,4.7,0.758
820,4,IPMA_simulado,2026-05-16 12:00:00,2026-05-16 12:00:00,2026-05-16 13:00:00,1,0.05,0.763
821,1,IPMA_simulado,2026-05-16 13:00:00,2026-05-16 13:00:00,2026-05-16 14:00:00,1,0,0.925
822,2,IPMA_simulado,2026-05-16 13:00:00,2026-05-16 13:00:00,2026-05-16 14:00:00,1,12.72,0.661
823,3,IPMA_simulado,2026-05-16 13:00:00,2026-05-16 13:00:00,2026-05-16 14:00:00,1,20.55,0.675
824,4,IPMA_simulado,2026-05-16 13:00:00,2026-05-16 13:00:00,2026-05-16 14:00:00,1,28.8,0.674
825,1,IPMA_simulado,2026-05-16 14:00:00,2026-05-16 14:00:00,2026-05-16 15:00:00,1,8.55,0.654
826,2,IPMA_simulado,2026-05-16 14:00:00,2026-05-16 14:00:00,2026-05-16 15:00:00,1,52.76,0.824
827,3,IPMA_simulado,2026-05-16 14:00:00,2026-05-16 14:00:00,2026-05-16 15:00:00,1,3.85,0.788
828,4,IPMA_simulado,2026-05-16 14:00:00,2026-05-16 14:00:00,2026-05-16 15:00:00,1,0,0.665
829,1,IPMA_simulado,2026-05-16 15:00:00,2026-05-16 15:00:00,2026-05-16 16:00:00,1,3.46,0.809
830,2,IPMA_simulado,2026-05-16 15:00:00,2026-05-16 15:00:00,2026-05-16 16:00:00,1,24.66,0.651
831,3,IPMA_simulado,2026-05-16 15:00:00,2026-05-16 15:00:00,2026-05-16 16:00:00,1,20.57,0.848
832,4,IPMA_simulado,2026-05-16 15:00:00,2026-05-16 15:00:00,2026-05-16 16:00:00,1,0,0.784
833,1,IPMA_simulado,2026-05-16 16:00:00,2026-05-16 16:00:00,2026-05-16 17:00:00,1,6.23,0.72
834,2,IPMA_simulado,2026-05-16 16:00:00,2026-05-16 16:00:00,2026-05-16 17:00:00,1,16.67,0.651
835,3,IPMA_simulado,2026-05-16 16:00:00,2026-05-16 16:00:00,2026-05-16 17:00:00,1,5.82,0.845
836,4,IPMA_simulado,2026-05-16 16:00:00,2026-05-16 16:00:00,2026-05-16 17:00:00,1,7.39,0.751
837,1,IPMA_simulado,2026-05-16 17:00:00,2026-05-16 17:00:00,2026-05-16 18:00:00,1,12.46,0.8
838,2,IPMA_simulado,2026-05-16 17:00:00,2026-05-16 17:00:00,2026-05-16 18:00:00,1,7.62,0.806
839,3,IPMA_simulado,2026-05-16 17:00:00,2026-05-16 17:00:00,2026-05-16 18:00:00,1,0.5,0.677
840,4,IPMA_simulado,2026-05-16 17:00:00,2026-05-16 17:00:00,2026-05-16 18:00:00,1,18.5,0.824
841,1,IPMA_simulado,2026-05-16 18:00:00,2026-05-16 18:00:00,2026-05-16 19:00:00,1,11.79,0.922
842,2,IPMA_simulado,2026-05-16 18:00:00,2026-05-16 18:00:00,2026-05-16 19:00:00,1,21.93,0.853
843,3,IPMA_simulado,2026-05-16 18:00:00,2026-05-16 18:00:00,2026-05-16 19:00:00,1,16.53,0.732
844,4,IPMA_simulado,2026-05-16 18:00:00,2026-05-16 18:00:00,2026-05-16 19:00:00,1,19.51,0.792
845,1,IPMA_simulado,2026-05-16 19:00:00,2026-05-16 19:00:00,2026-05-16 20:00:00,1,68.81,0.88
846,2,IPMA_simulado,2026-05-16 19:00:00,2026-05-16 19:00:00,2026-05-16 20:00:00,1,28.22,0.89
847,3,IPMA_simulado,2026-05-16 19:00:00,2026-05-16 19:00:00,2026-05-16 20:00:00,1,0,0.818
848,4,IPMA_simulado,2026-05-16 19:00:00,2026-05-16 19:00:00,2026-05-16 20:00:00,1,15.78,0.892
849,1,IPMA_simulado,2026-05-16 20:00:00,2026-05-16 20:00:00,2026-05-16 21:00:00,1,18.08,0.86
850,2,IPMA_simulado,2026-05-16 20:00:00,2026-05-16 20:00:00,2026-05-16 21:00:00,1,0,0.816
851,3,IPMA_simulado,2026-05-16 20:00:00,2026-05-16 20:00:00,2026-05-16 21:00:00,1,4.23,0.875
852,4,IPMA_simulado,2026-05-16 20:00:00,2026-05-16 20:00:00,2026-05-16 21:00:00,1,0,0.756
853,1,IPMA_simulado,2026-05-16 21:00:00,2026-05-16 21:00:00,2026-05-16 22:00:00,1,23.89,0.943
854,2,IPMA_simulado,2026-05-16 21:00:00,2026-05-16 21:00:00,2026-05-16 22:00:00,1,2.97,0.87
855,3,IPMA_simulado,2026-05-16 21:00:00,2026-05-16 21:00:00,2026-05-16 22:00:00,1,21.84,0.829
856,4,IPMA_simulado,2026-05-16 21:00:00,2026-05-16 21:00:00,2026-05-16 22:00:00,1,0,0.915
857,1,IPMA_simulado,2026-05-16 22:00:00,2026-05-16 22:00:00,2026-05-16 23:00:00,1,64.54,0.765
858,2,IPMA_simulado,2026-05-16 22:00:00,2026-05-16 22:00:00,2026-05-16 23:00:00,1,21.03,0.756
859,3,IPMA_simulado,2026-05-16 22:00:00,2026-05-16 22:00:00,2026-05-16 23:00:00,1,13.74,0.775
860,4,IPMA_simulado,2026-05-16 22:00:00,2026-05-16 22:00:00,2026-05-16 23:00:00,1,20.22,0.781
861,1,IPMA_simulado,2026-05-16 23:00:00,2026-05-16 23:00:00,2026-05-17 00:00:00,1,11.25,0.776
862,2,IPMA_simulado,2026-05-16 23:00:00,2026-05-16 23:00:00,2026-05-17 00:00:00,1,17.48,0.883
863,3,IPMA_simulado,2026-05-16 23:00:00,2026-05-16 23:00:00,2026-05-17 00:00:00,1,14.37,0.652
864,4,IPMA_simulado,2026-05-16 23:00:00,2026-05-16 23:00:00,2026-05-17 00:00:00,1,9.1,0.865
865,1,IPMA_simulado,2026-05-17 00:00:00,2026-05-17 00:00:00,2026-05-17 01:00:00,1,20.32,0.934
866,2,IPMA_simulado,2026-05-17 00:00:00,2026-05-17 00:00:00,2026-05-17 01:00:00,1,3.36,0.914
867,3,IPMA_simulado,2026-05-17 00:00:00,2026-05-17 00:00:00,2026-05-17 01:00:00,1,9.75,0.886
868,4,IPMA_simulado,2026-05-17 00:00:00,2026-05-17 00:00:00,2026-05-17 01:00:00,1,0.19,0.898
869,1,IPMA_simulado,2026-05-17 01:00:00,2026-05-17 01:00:00,2026-05-17 02:00:00,1,5.1,0.689
870,2,IPMA_simulado,2026-05-17 01:00:00,2026-05-17 01:00:00,2026-05-17 02:00:00,1,13.98,0.916
871,3,IPMA_simulado,2026-05-17 01:00:00,2026-05-17 01:00:00,2026-05-17 02:00:00,1,24.18,0.657
872,4,IPMA_simulado,2026-05-17 01:00:00,2026-05-17 01:00:00,2026-05-17 02:00:00,1,16.41,0.731
873,1,IPMA_simulado,2026-05-17 02:00:00,2026-05-17 02:00:00,2026-05-17 03:00:00,1,9.68,0.76
874,2,IPMA_simulado,2026-05-17 02:00:00,2026-05-17 02:00:00,2026-05-17 03:00:00,1,1.15,0.803
875,3,IPMA_simulado,2026-05-17 02:00:00,2026-05-17 02:00:00,2026-05-17 03:00:00,1,0,0.9
876,4,IPMA_simulado,2026-05-17 02:00:00,2026-05-17 02:00:00,2026-05-17 03:00:00,1,15.95,0.756
877,1,IPMA_simulado,2026-05-17 03:00:00,2026-05-17 03:00:00,2026-05-17 04:00:00,1,12.27,0.683
878,2,IPMA_simulado,2026-05-17 03:00:00,2026-05-17 03:00:00,2026-05-17 04:00:00,1,3.95,0.861
879,3,IPMA_simulado,2026-05-17 03:00:00,2026-05-17 03:00:00,2026-05-17 04:00:00,1,30.46,0.682
880,4,IPMA_simulado,2026-05-17 03:00:00,2026-05-17 03:00:00,2026-05-17 04:00:00,1,18.29,0.904
881,1,IPMA_simulado,2026-05-17 04:00:00,2026-05-17 04:00:00,2026-05-17 05:00:00,1,3.86,0.862
882,2,IPMA_simulado,2026-05-17 04:00:00,2026-05-17 04:00:00,2026-05-17 05:00:00,1,27.24,0.684
883,3,IPMA_simulado,2026-05-17 04:00:00,2026-05-17 04:00:00,2026-05-17 05:00:00,1,0,0.807
884,4,IPMA_simulado,2026-05-17 04:00:00,2026-05-17 04:00:00,2026-05-17 05:00:00,1,16.62,0.812
885,1,IPMA_simulado,2026-05-17 05:00:00,2026-05-17 05:00:00,2026-05-17 06:00:00,1,14.99,0.752
886,2,IPMA_simulado,2026-05-17 05:00:00,2026-05-17 05:00:00,2026-05-17 06:00:00,1,6.53,0.8
887,3,IPMA_simulado,2026-05-17 05:00:00,2026-05-17 05:00:00,2026-05-17 06:00:00,1,10.39,0.82
888,4,IPMA_simulado,2026-05-17 05:00:00,2026-05-17 05:00:00,2026-05-17 06:00:00,1,10.89,0.829
889,1,IPMA_simulado,2026-05-17 06:00:00,2026-05-17 06:00:00,2026-05-17 07:00:00,1,5.57,0.875
890,2,IPMA_simulado,2026-05-17 06:00:00,2026-05-17 06:00:00,2026-05-17 07:00:00,1,29.19,0.729
891,3,IPMA_simulado,2026-05-17 06:00:00,2026-05-17 06:00:00,2026-05-17 07:00:00,1,0,0.761
892,4,IPMA_simulado,2026-05-17 06:00:00,2026-05-17 06:00:00,2026-05-17 07:00:00,1,3.58,0.935
893,1,IPMA_simulado,2026-05-17 07:00:00,2026-05-17 07:00:00,2026-05-17 08:00:00,1,21.54,0.908
894,2,IPMA_simulado,2026-05-17 07:00:00,2026-05-17 07:00:00,2026-05-17 08:00:00,1,12.06,0.734
895,3,IPMA_simulado,2026-05-17 07:00:00,2026-05-17 07:00:00,2026-05-17 08:00:00,1,3.94,0.749
896,4,IPMA_simulado,2026-05-17 07:00:00,2026-05-17 07:00:00,2026-05-17 08:00:00,1,1.03,0.864
897,1,IPMA_simulado,2026-05-17 08:00:00,2026-05-17 08:00:00,2026-05-17 09:00:00,1,10.88,0.693
898,2,IPMA_simulado,2026-05-17 08:00:00,2026-05-17 08:00:00,2026-05-17 09:00:00,1,17.63,0.678
899,3,IPMA_simulado,2026-05-17 08:00:00,2026-05-17 08:00:00,2026-05-17 09:00:00,1,9.92,0.878
900,4,IPMA_simulado,2026-05-17 08:00:00,2026-05-17 08:00:00,2026-05-17 09:00:00,1,16.45,0.879
901,1,IPMA_simulado,2026-05-17 09:00:00,2026-05-17 09:00:00,2026-05-17 10:00:00,1,27.4,0.948
902,2,IPMA_simulado,2026-05-17 09:00:00,2026-05-17 09:00:00,2026-05-17 10:00:00,1,0,0.926
903,3,IPMA_simulado,2026-05-17 09:00:00,2026-05-17 09:00:00,2026-05-17 10:00:00,1,40.2,0.731
904,4,IPMA_simulado,2026-05-17 09:00:00,2026-05-17 09:00:00,2026-05-17 10:00:00,1,15.29,0.868
905,1,IPMA_simulado,2026-05-17 10:00:00,2026-05-17 10:00:00,2026-05-17 11:00:00,1,27.49,0.756
906,2,IPMA_simulado,2026-05-17 10:00:00,2026-05-17 10:00:00,2026-05-17 11:00:00,1,0.29,0.817
907,3,IPMA_simulado,2026-05-17 10:00:00,2026-05-17 10:00:00,2026-05-17 11:00:00,1,0,0.783
908,4,IPMA_simulado,2026-05-17 10:00:00,2026-05-17 10:00:00,2026-05-17 11:00:00,1,8.06,0.811
909,1,IPMA_simulado,2026-05-17 11:00:00,2026-05-17 11:00:00,2026-05-17 12:00:00,1,0,0.651
910,2,IPMA_simulado,2026-05-17 11:00:00,2026-05-17 11:00:00,2026-05-17 12:00:00,1,16.26,0.689
911,3,IPMA_simulado,2026-05-17 11:00:00,2026-05-17 11:00:00,2026-05-17 12:00:00,1,11.58,0.724
912,4,IPMA_simulado,2026-05-17 11:00:00,2026-05-17 11:00:00,2026-05-17 12:00:00,1,9.38,0.79
913,1,IPMA_simulado,2026-05-17 12:00:00,2026-05-17 12:00:00,2026-05-17 13:00:00,1,14.13,0.796
914,2,IPMA_simulado,2026-05-17 12:00:00,2026-05-17 12:00:00,2026-05-17 13:00:00,1,8.03,0.841
915,3,IPMA_simulado,2026-05-17 12:00:00,2026-05-17 12:00:00,2026-05-17 13:00:00,1,1.73,0.656
916,4,IPMA_simulado,2026-05-17 12:00:00,2026-05-17 12:00:00,2026-05-17 13:00:00,1,67.72,0.734
917,1,IPMA_simulado,2026-05-17 13:00:00,2026-05-17 13:00:00,2026-05-17 14:00:00,1,1.92,0.794
918,2,IPMA_simulado,2026-05-17 13:00:00,2026-05-17 13:00:00,2026-05-17 14:00:00,1,20.01,0.889
919,3,IPMA_simulado,2026-05-17 13:00:00,2026-05-17 13:00:00,2026-05-17 14:00:00,1,21.8,0.924
920,4,IPMA_simulado,2026-05-17 13:00:00,2026-05-17 13:00:00,2026-05-17 14:00:00,1,5.75,0.672
921,1,IPMA_simulado,2026-05-17 14:00:00,2026-05-17 14:00:00,2026-05-17 15:00:00,1,12.6,0.901
922,2,IPMA_simulado,2026-05-17 14:00:00,2026-05-17 14:00:00,2026-05-17 15:00:00,1,4.37,0.83
923,3,IPMA_simulado,2026-05-17 14:00:00,2026-05-17 14:00:00,2026-05-17 15:00:00,1,0,0.734
924,4,IPMA_simulado,2026-05-17 14:00:00,2026-05-17 14:00:00,2026-05-17 15:00:00,1,16.06,0.671
925,1,IPMA_simulado,2026-05-17 15:00:00,2026-05-17 15:00:00,2026-05-17 16:00:00,1,27.72,0.943
926,2,IPMA_simulado,2026-05-17 15:00:00,2026-05-17 15:00:00,2026-05-17 16:00:00,1,5.13,0.873
927,3,IPMA_simulado,2026-05-17 15:00:00,2026-05-17 15:00:00,2026-05-17 16:00:00,1,0,0.876
928,4,IPMA_simulado,2026-05-17 15:00:00,2026-05-17 15:00:00,2026-05-17 16:00:00,1,8.84,0.914
929,1,IPMA_simulado,2026-05-17 16:00:00,2026-05-17 16:00:00,2026-05-17 17:00:00,1,20.94,0.809
930,2,IPMA_simulado,2026-05-17 16:00:00,2026-05-17 16:00:00,2026-05-17 17:00:00,1,10.88,0.751
931,3,IPMA_simulado,2026-05-17 16:00:00,2026-05-17 16:00:00,2026-05-17 17:00:00,1,10.64,0.68
932,4,IPMA_simulado,2026-05-17 16:00:00,2026-05-17 16:00:00,2026-05-17 17:00:00,1,5.83,0.893
933,1,IPMA_simulado,2026-05-17 17:00:00,2026-05-17 17:00:00,2026-05-17 18:00:00,1,0,0.904
934,2,IPMA_simulado,2026-05-17 17:00:00,2026-05-17 17:00:00,2026-05-17 18:00:00,1,0,0.802
935,3,IPMA_simulado,2026-05-17 17:00:00,2026-05-17 17:00:00,2026-05-17 18:00:00,1,7.45,0.72
936,4,IPMA_simulado,2026-05-17 17:00:00,2026-05-17 17:00:00,2026-05-17 18:00:00,1,0,0.743
937,1,IPMA_simulado,2026-05-17 18:00:00,2026-05-17 18:00:00,2026-05-17 19:00:00,1,23.77,0.882
938,2,IPMA_simulado,2026-05-17 18:00:00,2026-05-17 18:00:00,2026-05-17 19:00:00,1,11.36,0.759
939,3,IPMA_simulado,2026-05-17 18:00:00,2026-05-17 18:00:00,2026-05-17 19:00:00,1,17.08,0.75
940,4,IPMA_simulado,2026-05-17 18:00:00,2026-05-17 18:00:00,2026-05-17 19:00:00,1,7.31,0.767
941,1,IPMA_simulado,2026-05-17 19:00:00,2026-05-17 19:00:00,2026-05-17 20:00:00,1,15.32,0.724
942,2,IPMA_simulado,2026-05-17 19:00:00,2026-05-17 19:00:00,2026-05-17 20:00:00,1,4.98,0.948
943,3,IPMA_simulado,2026-05-17 19:00:00,2026-05-17 19:00:00,2026-05-17 20:00:00,1,0,0.705
944,4,IPMA_simulado,2026-05-17 19:00:00,2026-05-17 19:00:00,2026-05-17 20:00:00,1,10.6,0.798
945,1,IPMA_simulado,2026-05-17 20:00:00,2026-05-17 20:00:00,2026-05-17 21:00:00,1,12.25,0.855
946,2,IPMA_simulado,2026-05-17 20:00:00,2026-05-17 20:00:00,2026-05-17 21:00:00,1,3.86,0.683
947,3,IPMA_simulado,2026-05-17 20:00:00,2026-05-17 20:00:00,2026-05-17 21:00:00,1,16,0.865
948,4,IPMA_simulado,2026-05-17 20:00:00,2026-05-17 20:00:00,2026-05-17 21:00:00,1,38.59,0.873
949,1,IPMA_simulado,2026-05-17 21:00:00,2026-05-17 21:00:00,2026-05-17 22:00:00,1,17.49,0.779
950,2,IPMA_simulado,2026-05-17 21:00:00,2026-05-17 21:00:00,2026-05-17 22:00:00,1,8.7,0.735
951,3,IPMA_simulado,2026-05-17 21:00:00,2026-05-17 21:00:00,2026-05-17 22:00:00,1,7.63,0.848
952,4,IPMA_simulado,2026-05-17 21:00:00,2026-05-17 21:00:00,2026-05-17 22:00:00,1,20.54,0.689
953,1,IPMA_simulado,2026-05-17 22:00:00,2026-05-17 22:00:00,2026-05-17 23:00:00,1,33.13,0.91
954,2,IPMA_simulado,2026-05-17 22:00:00,2026-05-17 22:00:00,2026-05-17 23:00:00,1,4.86,0.791
955,3,IPMA_simulado,2026-05-17 22:00:00,2026-05-17 22:00:00,2026-05-17 23:00:00,1,0,0.653
956,4,IPMA_simulado,2026-05-17 22:00:00,2026-05-17 22:00:00,2026-05-17 23:00:00,1,16.67,0.718
957,1,IPMA_simulado,2026-05-17 23:00:00,2026-05-17 23:00:00,2026-05-18 00:00:00,1,28.94,0.781
958,2,IPMA_simulado,2026-05-17 23:00:00,2026-05-17 23:00:00,2026-05-18 00:00:00,1,16.08,0.913
959,3,IPMA_simulado,2026-05-17 23:00:00,2026-05-17 23:00:00,2026-05-18 00:00:00,1,13.81,0.71
960,4,IPMA_simulado,2026-05-17 23:00:00,2026-05-17 23:00:00,2026-05-18 00:00:00,1,0,0.688
961,1,IPMA_simulado,2026-05-18 00:00:00,2026-05-18 00:00:00,2026-05-18 01:00:00,1,0,0.748
962,2,IPMA_simulado,2026-05-18 00:00:00,2026-05-18 00:00:00,2026-05-18 01:00:00,1,13.44,0.715
963,3,IPMA_simulado,2026-05-18 00:00:00,2026-05-18 00:00:00,2026-05-18 01:00:00,1,3.34,0.847
964,4,IPMA_simulado,2026-05-18 00:00:00,2026-05-18 00:00:00,2026-05-18 01:00:00,1,13.38,0.813
965,1,IPMA_simulado,2026-05-18 01:00:00,2026-05-18 01:00:00,2026-05-18 02:00:00,1,4.78,0.892
966,2,IPMA_simulado,2026-05-18 01:00:00,2026-05-18 01:00:00,2026-05-18 02:00:00,1,0,0.87
967,3,IPMA_simulado,2026-05-18 01:00:00,2026-05-18 01:00:00,2026-05-18 02:00:00,1,1.7,0.853
968,4,IPMA_simulado,2026-05-18 01:00:00,2026-05-18 01:00:00,2026-05-18 02:00:00,1,15.59,0.661
969,1,IPMA_simulado,2026-05-18 02:00:00,2026-05-18 02:00:00,2026-05-18 03:00:00,1,7.05,0.932
970,2,IPMA_simulado,2026-05-18 02:00:00,2026-05-18 02:00:00,2026-05-18 03:00:00,1,3.45,0.915
971,3,IPMA_simulado,2026-05-18 02:00:00,2026-05-18 02:00:00,2026-05-18 03:00:00,1,22.79,0.686
972,4,IPMA_simulado,2026-05-18 02:00:00,2026-05-18 02:00:00,2026-05-18 03:00:00,1,0,0.698
973,1,IPMA_simulado,2026-05-18 03:00:00,2026-05-18 03:00:00,2026-05-18 04:00:00,1,2.26,0.712
974,2,IPMA_simulado,2026-05-18 03:00:00,2026-05-18 03:00:00,2026-05-18 04:00:00,1,12.42,0.745
975,3,IPMA_simulado,2026-05-18 03:00:00,2026-05-18 03:00:00,2026-05-18 04:00:00,1,16.21,0.82
976,4,IPMA_simulado,2026-05-18 03:00:00,2026-05-18 03:00:00,2026-05-18 04:00:00,1,6.82,0.912
977,1,IPMA_simulado,2026-05-18 04:00:00,2026-05-18 04:00:00,2026-05-18 05:00:00,1,14.73,0.866
978,2,IPMA_simulado,2026-05-18 04:00:00,2026-05-18 04:00:00,2026-05-18 05:00:00,1,0,0.717
979,3,IPMA_simulado,2026-05-18 04:00:00,2026-05-18 04:00:00,2026-05-18 05:00:00,1,0,0.771
980,4,IPMA_simulado,2026-05-18 04:00:00,2026-05-18 04:00:00,2026-05-18 05:00:00,1,7.22,0.678
981,1,IPMA_simulado,2026-05-18 05:00:00,2026-05-18 05:00:00,2026-05-18 06:00:00,1,2.76,0.822
982,2,IPMA_simulado,2026-05-18 05:00:00,2026-05-18 05:00:00,2026-05-18 06:00:00,1,22.4,0.715
983,3,IPMA_simulado,2026-05-18 05:00:00,2026-05-18 05:00:00,2026-05-18 06:00:00,1,4.23,0.937
984,4,IPMA_simulado,2026-05-18 05:00:00,2026-05-18 05:00:00,2026-05-18 06:00:00,1,18.86,0.797
985,1,IPMA_simulado,2026-05-18 06:00:00,2026-05-18 06:00:00,2026-05-18 07:00:00,1,18.38,0.875
986,2,IPMA_simulado,2026-05-18 06:00:00,2026-05-18 06:00:00,2026-05-18 07:00:00,1,12.21,0.815
987,3,IPMA_simulado,2026-05-18 06:00:00,2026-05-18 06:00:00,2026-05-18 07:00:00,1,1.98,0.857
988,4,IPMA_simulado,2026-05-18 06:00:00,2026-05-18 06:00:00,2026-05-18 07:00:00,1,1.76,0.736
989,1,IPMA_simulado,2026-05-18 07:00:00,2026-05-18 07:00:00,2026-05-18 08:00:00,1,22.88,0.729
990,2,IPMA_simulado,2026-05-18 07:00:00,2026-05-18 07:00:00,2026-05-18 08:00:00,1,0,0.816
991,3,IPMA_simulado,2026-05-18 07:00:00,2026-05-18 07:00:00,2026-05-18 08:00:00,1,6.59,0.91
992,4,IPMA_simulado,2026-05-18 07:00:00,2026-05-18 07:00:00,2026-05-18 08:00:00,1,25.03,0.714
993,1,IPMA_simulado,2026-05-18 08:00:00,2026-05-18 08:00:00,2026-05-18 09:00:00,1,9.74,0.825
994,2,IPMA_simulado,2026-05-18 08:00:00,2026-05-18 08:00:00,2026-05-18 09:00:00,1,15.48,0.866
995,3,IPMA_simulado,2026-05-18 08:00:00,2026-05-18 08:00:00,2026-05-18 09:00:00,1,17.05,0.811
996,4,IPMA_simulado,2026-05-18 08:00:00,2026-05-18 08:00:00,2026-05-18 09:00:00,1,0,0.924
997,1,IPMA_simulado,2026-05-18 09:00:00,2026-05-18 09:00:00,2026-05-18 10:00:00,1,19.9,0.791
998,2,IPMA_simulado,2026-05-18 09:00:00,2026-05-18 09:00:00,2026-05-18 10:00:00,1,19.98,0.799
999,3,IPMA_simulado,2026-05-18 09:00:00,2026-05-18 09:00:00,2026-05-18 10:00:00,1,32.06,0.83
1000,4,IPMA_simulado,2026-05-18 09:00:00,2026-05-18 09:00:00,2026-05-18 10:00:00,1,9.15,0.94
1001,1,IPMA_simulado,2026-05-18 10:00:00,2026-05-18 10:00:00,2026-05-18 11:00:00,1,26.21,0.898
1002,2,IPMA_simulado,2026-05-18 10:00:00,2026-05-18 10:00:00,2026-05-18 11:00:00,1,4.2,0.707
1003,3,IPMA_simulado,2026-05-18 10:00:00,2026-05-18 10:00:00,2026-05-18 11:00:00,1,7.61,0.872
1004,4,IPMA_simulado,2026-05-18 10:00:00,2026-05-18 10:00:00,2026-05-18 11:00:00,1,8.33,0.868
1005,1,IPMA_simulado,2026-05-18 11:00:00,2026-05-18 11:00:00,2026-05-18 12:00:00,1,11.27,0.743
1006,2,IPMA_simulado,2026-05-18 11:00:00,2026-05-18 11:00:00,2026-05-18 12:00:00,1,5.66,0.87
1007,3,IPMA_simulado,2026-05-18 11:00:00,2026-05-18 11:00:00,2026-05-18 12:00:00,1,8.72,0.911
1008,4,IPMA_simulado,2026-05-18 11:00:00,2026-05-18 11:00:00,2026-05-18 12:00:00,1,0,0.821
1009,1,IPMA_simulado,2026-05-18 12:00:00,2026-05-18 12:00:00,2026-05-18 13:00:00,1,0,0.945
1010,2,IPMA_simulado,2026-05-18 12:00:00,2026-05-18 12:00:00,2026-05-18 13:00:00,1,0,0.744
1011,3,IPMA_simulado,2026-05-18 12:00:00,2026-05-18 12:00:00,2026-05-18 13:00:00,1,3.63,0.92
1012,4,IPMA_simulado,2026-05-18 12:00:00,2026-05-18 12:00:00,2026-05-18 13:00:00,1,0,0.89
1013,1,IPMA_simulado,2026-05-18 13:00:00,2026-05-18 13:00:00,2026-05-18 14:00:00,1,3.19,0.759
1014,2,IPMA_simulado,2026-05-18 13:00:00,2026-05-18 13:00:00,2026-05-18 14:00:00,1,7.61,0.808
1015,3,IPMA_simulado,2026-05-18 13:00:00,2026-05-18 13:00:00,2026-05-18 14:00:00,1,0,0.688
1016,4,IPMA_simulado,2026-05-18 13:00:00,2026-05-18 13:00:00,2026-05-18 14:00:00,1,13.33,0.774
1017,1,IPMA_simulado,2026-05-18 14:00:00,2026-05-18 14:00:00,2026-05-18 15:00:00,1,19.22,0.697
1018,2,IPMA_simulado,2026-05-18 14:00:00,2026-05-18 14:00:00,2026-05-18 15:00:00,1,3.2,0.722
1019,3,IPMA_simulado,2026-05-18 14:00:00,2026-05-18 14:00:00,2026-05-18 15:00:00,1,2.11,0.74
1020,4,IPMA_simulado,2026-05-18 14:00:00,2026-05-18 14:00:00,2026-05-18 15:00:00,1,49.84,0.743
1021,1,IPMA_simulado,2026-05-18 15:00:00,2026-05-18 15:00:00,2026-05-18 16:00:00,1,12.46,0.839
1022,2,IPMA_simulado,2026-05-18 15:00:00,2026-05-18 15:00:00,2026-05-18 16:00:00,1,12.27,0.728
1023,3,IPMA_simulado,2026-05-18 15:00:00,2026-05-18 15:00:00,2026-05-18 16:00:00,1,4.03,0.879
1024,4,IPMA_simulado,2026-05-18 15:00:00,2026-05-18 15:00:00,2026-05-18 16:00:00,1,0.67,0.691
1025,1,IPMA_simulado,2026-05-18 16:00:00,2026-05-18 16:00:00,2026-05-18 17:00:00,1,16.03,0.717
1026,2,IPMA_simulado,2026-05-18 16:00:00,2026-05-18 16:00:00,2026-05-18 17:00:00,1,31.81,0.866
1027,3,IPMA_simulado,2026-05-18 16:00:00,2026-05-18 16:00:00,2026-05-18 17:00:00,1,9.28,0.946
1028,4,IPMA_simulado,2026-05-18 16:00:00,2026-05-18 16:00:00,2026-05-18 17:00:00,1,18.97,0.745
1029,1,IPMA_simulado,2026-05-18 17:00:00,2026-05-18 17:00:00,2026-05-18 18:00:00,1,2.07,0.803
1030,2,IPMA_simulado,2026-05-18 17:00:00,2026-05-18 17:00:00,2026-05-18 18:00:00,1,0,0.691
1031,3,IPMA_simulado,2026-05-18 17:00:00,2026-05-18 17:00:00,2026-05-18 18:00:00,1,22.76,0.727
1032,4,IPMA_simulado,2026-05-18 17:00:00,2026-05-18 17:00:00,2026-05-18 18:00:00,1,0,0.818
1033,1,IPMA_simulado,2026-05-18 18:00:00,2026-05-18 18:00:00,2026-05-18 19:00:00,1,0.78,0.891
1034,2,IPMA_simulado,2026-05-18 18:00:00,2026-05-18 18:00:00,2026-05-18 19:00:00,1,15.95,0.829
1035,3,IPMA_simulado,2026-05-18 18:00:00,2026-05-18 18:00:00,2026-05-18 19:00:00,1,39.26,0.84
1036,4,IPMA_simulado,2026-05-18 18:00:00,2026-05-18 18:00:00,2026-05-18 19:00:00,1,6.14,0.688
1037,1,IPMA_simulado,2026-05-18 19:00:00,2026-05-18 19:00:00,2026-05-18 20:00:00,1,12.49,0.748
1038,2,IPMA_simulado,2026-05-18 19:00:00,2026-05-18 19:00:00,2026-05-18 20:00:00,1,15.09,0.83
1039,3,IPMA_simulado,2026-05-18 19:00:00,2026-05-18 19:00:00,2026-05-18 20:00:00,1,0,0.76
1040,4,IPMA_simulado,2026-05-18 19:00:00,2026-05-18 19:00:00,2026-05-18 20:00:00,1,17.32,0.904
1041,1,IPMA_simulado,2026-05-18 20:00:00,2026-05-18 20:00:00,2026-05-18 21:00:00,1,40.32,0.933
1042,2,IPMA_simulado,2026-05-18 20:00:00,2026-05-18 20:00:00,2026-05-18 21:00:00,1,19.25,0.916
1043,3,IPMA_simulado,2026-05-18 20:00:00,2026-05-18 20:00:00,2026-05-18 21:00:00,1,8.99,0.751
1044,4,IPMA_simulado,2026-05-18 20:00:00,2026-05-18 20:00:00,2026-05-18 21:00:00,1,8.67,0.734
1045,1,IPMA_simulado,2026-05-18 21:00:00,2026-05-18 21:00:00,2026-05-18 22:00:00,1,0,0.936
1046,2,IPMA_simulado,2026-05-18 21:00:00,2026-05-18 21:00:00,2026-05-18 22:00:00,1,0,0.902
1047,3,IPMA_simulado,2026-05-18 21:00:00,2026-05-18 21:00:00,2026-05-18 22:00:00,1,3.77,0.786
1048,4,IPMA_simulado,2026-05-18 21:00:00,2026-05-18 21:00:00,2026-05-18 22:00:00,1,17.2,0.66
1049,1,IPMA_simulado,2026-05-18 22:00:00,2026-05-18 22:00:00,2026-05-18 23:00:00,1,13.32,0.767
1050,2,IPMA_simulado,2026-05-18 22:00:00,2026-05-18 22:00:00,2026-05-18 23:00:00,1,9.12,0.73
1051,3,IPMA_simulado,2026-05-18 22:00:00,2026-05-18 22:00:00,2026-05-18 23:00:00,1,58.81,0.832
1052,4,IPMA_simulado,2026-05-18 22:00:00,2026-05-18 22:00:00,2026-05-18 23:00:00,1,20.82,0.837
1053,1,IPMA_simulado,2026-05-18 23:00:00,2026-05-18 23:00:00,2026-05-19 00:00:00,1,0,0.782
1054,2,IPMA_simulado,2026-05-18 23:00:00,2026-05-18 23:00:00,2026-05-19 00:00:00,1,11.56,0.691
1055,3,IPMA_simulado,2026-05-18 23:00:00,2026-05-18 23:00:00,2026-05-19 00:00:00,1,6.6,0.712
1056,4,IPMA_simulado,2026-05-18 23:00:00,2026-05-18 23:00:00,2026-05-19 00:00:00,1,33.97,0.733
1057,1,IPMA_simulado,2026-05-19 00:00:00,2026-05-19 00:00:00,2026-05-19 01:00:00,1,4.46,0.936
1058,2,IPMA_simulado,2026-05-19 00:00:00,2026-05-19 00:00:00,2026-05-19 01:00:00,1,1.64,0.817
1059,3,IPMA_simulado,2026-05-19 00:00:00,2026-05-19 00:00:00,2026-05-19 01:00:00,1,14.51,0.769
1060,4,IPMA_simulado,2026-05-19 00:00:00,2026-05-19 00:00:00,2026-05-19 01:00:00,1,21.06,0.807
1061,1,IPMA_simulado,2026-05-19 01:00:00,2026-05-19 01:00:00,2026-05-19 02:00:00,1,7.34,0.691
1062,2,IPMA_simulado,2026-05-19 01:00:00,2026-05-19 01:00:00,2026-05-19 02:00:00,1,9.31,0.812
1063,3,IPMA_simulado,2026-05-19 01:00:00,2026-05-19 01:00:00,2026-05-19 02:00:00,1,6.63,0.882
1064,4,IPMA_simulado,2026-05-19 01:00:00,2026-05-19 01:00:00,2026-05-19 02:00:00,1,4.2,0.707
1065,1,IPMA_simulado,2026-05-19 02:00:00,2026-05-19 02:00:00,2026-05-19 03:00:00,1,2.03,0.914
1066,2,IPMA_simulado,2026-05-19 02:00:00,2026-05-19 02:00:00,2026-05-19 03:00:00,1,10.92,0.928
1067,3,IPMA_simulado,2026-05-19 02:00:00,2026-05-19 02:00:00,2026-05-19 03:00:00,1,9.75,0.816
1068,4,IPMA_simulado,2026-05-19 02:00:00,2026-05-19 02:00:00,2026-05-19 03:00:00,1,0.09,0.92
1069,1,IPMA_simulado,2026-05-19 03:00:00,2026-05-19 03:00:00,2026-05-19 04:00:00,1,3.66,0.944
1070,2,IPMA_simulado,2026-05-19 03:00:00,2026-05-19 03:00:00,2026-05-19 04:00:00,1,5.29,0.949
1071,3,IPMA_simulado,2026-05-19 03:00:00,2026-05-19 03:00:00,2026-05-19 04:00:00,1,19.8,0.828
1072,4,IPMA_simulado,2026-05-19 03:00:00,2026-05-19 03:00:00,2026-05-19 04:00:00,1,5.42,0.796
1073,1,IPMA_simulado,2026-05-19 04:00:00,2026-05-19 04:00:00,2026-05-19 05:00:00,1,0,0.942
1074,2,IPMA_simulado,2026-05-19 04:00:00,2026-05-19 04:00:00,2026-05-19 05:00:00,1,35.34,0.894
1075,3,IPMA_simulado,2026-05-19 04:00:00,2026-05-19 04:00:00,2026-05-19 05:00:00,1,0,0.781
1076,4,IPMA_simulado,2026-05-19 04:00:00,2026-05-19 04:00:00,2026-05-19 05:00:00,1,3.44,0.687
1077,1,IPMA_simulado,2026-05-19 05:00:00,2026-05-19 05:00:00,2026-05-19 06:00:00,1,4.35,0.888
1078,2,IPMA_simulado,2026-05-19 05:00:00,2026-05-19 05:00:00,2026-05-19 06:00:00,1,3.34,0.937
1079,3,IPMA_simulado,2026-05-19 05:00:00,2026-05-19 05:00:00,2026-05-19 06:00:00,1,0.32,0.944
1080,4,IPMA_simulado,2026-05-19 05:00:00,2026-05-19 05:00:00,2026-05-19 06:00:00,1,11.27,0.933
1081,1,IPMA_simulado,2026-05-19 06:00:00,2026-05-19 06:00:00,2026-05-19 07:00:00,1,15.3,0.693
1082,2,IPMA_simulado,2026-05-19 06:00:00,2026-05-19 06:00:00,2026-05-19 07:00:00,1,12.01,0.777
1083,3,IPMA_simulado,2026-05-19 06:00:00,2026-05-19 06:00:00,2026-05-19 07:00:00,1,0.75,0.876
1084,4,IPMA_simulado,2026-05-19 06:00:00,2026-05-19 06:00:00,2026-05-19 07:00:00,1,6.42,0.842
1085,1,IPMA_simulado,2026-05-19 07:00:00,2026-05-19 07:00:00,2026-05-19 08:00:00,1,4.44,0.881
1086,2,IPMA_simulado,2026-05-19 07:00:00,2026-05-19 07:00:00,2026-05-19 08:00:00,1,0,0.829
1087,3,IPMA_simulado,2026-05-19 07:00:00,2026-05-19 07:00:00,2026-05-19 08:00:00,1,17.24,0.8
1088,4,IPMA_simulado,2026-05-19 07:00:00,2026-05-19 07:00:00,2026-05-19 08:00:00,1,14.58,0.724
1089,1,IPMA_simulado,2026-05-19 08:00:00,2026-05-19 08:00:00,2026-05-19 09:00:00,1,0,0.744
1090,2,IPMA_simulado,2026-05-19 08:00:00,2026-05-19 08:00:00,2026-05-19 09:00:00,1,10.25,0.774
1091,3,IPMA_simulado,2026-05-19 08:00:00,2026-05-19 08:00:00,2026-05-19 09:00:00,1,6.95,0.881
1092,4,IPMA_simulado,2026-05-19 08:00:00,2026-05-19 08:00:00,2026-05-19 09:00:00,1,13.06,0.904
1093,1,IPMA_simulado,2026-05-19 09:00:00,2026-05-19 09:00:00,2026-05-19 10:00:00,1,1.11,0.72
1094,2,IPMA_simulado,2026-05-19 09:00:00,2026-05-19 09:00:00,2026-05-19 10:00:00,1,0,0.825
1095,3,IPMA_simulado,2026-05-19 09:00:00,2026-05-19 09:00:00,2026-05-19 10:00:00,1,0,0.86
1096,4,IPMA_simulado,2026-05-19 09:00:00,2026-05-19 09:00:00,2026-05-19 10:00:00,1,37.47,0.887
1097,1,IPMA_simulado,2026-05-19 10:00:00,2026-05-19 10:00:00,2026-05-19 11:00:00,1,15.03,0.95
1098,2,IPMA_simulado,2026-05-19 10:00:00,2026-05-19 10:00:00,2026-05-19 11:00:00,1,0.05,0.788
1099,3,IPMA_simulado,2026-05-19 10:00:00,2026-05-19 10:00:00,2026-05-19 11:00:00,1,0,0.904
1100,4,IPMA_simulado,2026-05-19 10:00:00,2026-05-19 10:00:00,2026-05-19 11:00:00,1,1.21,0.791
1101,1,IPMA_simulado,2026-05-19 11:00:00,2026-05-19 11:00:00,2026-05-19 12:00:00,1,24.63,0.846
1102,2,IPMA_simulado,2026-05-19 11:00:00,2026-05-19 11:00:00,2026-05-19 12:00:00,1,9.05,0.88
1103,3,IPMA_simulado,2026-05-19 11:00:00,2026-05-19 11:00:00,2026-05-19 12:00:00,1,14.89,0.913
1104,4,IPMA_simulado,2026-05-19 11:00:00,2026-05-19 11:00:00,2026-05-19 12:00:00,1,11,0.677
1105,1,IPMA_simulado,2026-05-19 12:00:00,2026-05-19 12:00:00,2026-05-19 13:00:00,1,0,0.911
1106,2,IPMA_simulado,2026-05-19 12:00:00,2026-05-19 12:00:00,2026-05-19 13:00:00,1,19.11,0.877
1107,3,IPMA_simulado,2026-05-19 12:00:00,2026-05-19 12:00:00,2026-05-19 13:00:00,1,8.31,0.81
1108,4,IPMA_simulado,2026-05-19 12:00:00,2026-05-19 12:00:00,2026-05-19 13:00:00,1,1.09,0.746
1109,1,IPMA_simulado,2026-05-19 13:00:00,2026-05-19 13:00:00,2026-05-19 14:00:00,1,2.7,0.838
1110,2,IPMA_simulado,2026-05-19 13:00:00,2026-05-19 13:00:00,2026-05-19 14:00:00,1,16.74,0.856
1111,3,IPMA_simulado,2026-05-19 13:00:00,2026-05-19 13:00:00,2026-05-19 14:00:00,1,9.08,0.771
1112,4,IPMA_simulado,2026-05-19 13:00:00,2026-05-19 13:00:00,2026-05-19 14:00:00,1,27.67,0.72
1113,1,IPMA_simulado,2026-05-19 14:00:00,2026-05-19 14:00:00,2026-05-19 15:00:00,1,0,0.742
1114,2,IPMA_simulado,2026-05-19 14:00:00,2026-05-19 14:00:00,2026-05-19 15:00:00,1,3.3,0.702
1115,3,IPMA_simulado,2026-05-19 14:00:00,2026-05-19 14:00:00,2026-05-19 15:00:00,1,11,0.7
1116,4,IPMA_simulado,2026-05-19 14:00:00,2026-05-19 14:00:00,2026-05-19 15:00:00,1,0.94,0.744
1117,1,IPMA_simulado,2026-05-19 15:00:00,2026-05-19 15:00:00,2026-05-19 16:00:00,1,26.02,0.657
1118,2,IPMA_simulado,2026-05-19 15:00:00,2026-05-19 15:00:00,2026-05-19 16:00:00,1,2.26,0.729
1119,3,IPMA_simulado,2026-05-19 15:00:00,2026-05-19 15:00:00,2026-05-19 16:00:00,1,6.49,0.799
1120,4,IPMA_simulado,2026-05-19 15:00:00,2026-05-19 15:00:00,2026-05-19 16:00:00,1,4.28,0.772
1121,1,IPMA_simulado,2026-05-19 16:00:00,2026-05-19 16:00:00,2026-05-19 17:00:00,1,21.55,0.679
1122,2,IPMA_simulado,2026-05-19 16:00:00,2026-05-19 16:00:00,2026-05-19 17:00:00,1,3.68,0.657
1123,3,IPMA_simulado,2026-05-19 16:00:00,2026-05-19 16:00:00,2026-05-19 17:00:00,1,4.44,0.834
1124,4,IPMA_simulado,2026-05-19 16:00:00,2026-05-19 16:00:00,2026-05-19 17:00:00,1,20.86,0.804
1125,1,IPMA_simulado,2026-05-19 17:00:00,2026-05-19 17:00:00,2026-05-19 18:00:00,1,1.84,0.827
1126,2,IPMA_simulado,2026-05-19 17:00:00,2026-05-19 17:00:00,2026-05-19 18:00:00,1,9.8,0.835
1127,3,IPMA_simulado,2026-05-19 17:00:00,2026-05-19 17:00:00,2026-05-19 18:00:00,1,0.71,0.784
1128,4,IPMA_simulado,2026-05-19 17:00:00,2026-05-19 17:00:00,2026-05-19 18:00:00,1,0,0.904
1129,1,IPMA_simulado,2026-05-19 18:00:00,2026-05-19 18:00:00,2026-05-19 19:00:00,1,4.91,0.673
1130,2,IPMA_simulado,2026-05-19 18:00:00,2026-05-19 18:00:00,2026-05-19 19:00:00,1,12.95,0.776
1131,3,IPMA_simulado,2026-05-19 18:00:00,2026-05-19 18:00:00,2026-05-19 19:00:00,1,0,0.651
1132,4,IPMA_simulado,2026-05-19 18:00:00,2026-05-19 18:00:00,2026-05-19 19:00:00,1,17.22,0.805
1133,1,IPMA_simulado,2026-05-19 19:00:00,2026-05-19 19:00:00,2026-05-19 20:00:00,1,15.36,0.82
1134,2,IPMA_simulado,2026-05-19 19:00:00,2026-05-19 19:00:00,2026-05-19 20:00:00,1,20.37,0.713
1135,3,IPMA_simulado,2026-05-19 19:00:00,2026-05-19 19:00:00,2026-05-19 20:00:00,1,9.4,0.776
1136,4,IPMA_simulado,2026-05-19 19:00:00,2026-05-19 19:00:00,2026-05-19 20:00:00,1,1.5,0.856
1137,1,IPMA_simulado,2026-05-19 20:00:00,2026-05-19 20:00:00,2026-05-19 21:00:00,1,10.51,0.801
1138,2,IPMA_simulado,2026-05-19 20:00:00,2026-05-19 20:00:00,2026-05-19 21:00:00,1,26.16,0.864
1139,3,IPMA_simulado,2026-05-19 20:00:00,2026-05-19 20:00:00,2026-05-19 21:00:00,1,9.31,0.716
1140,4,IPMA_simulado,2026-05-19 20:00:00,2026-05-19 20:00:00,2026-05-19 21:00:00,1,13.22,0.766
1141,1,IPMA_simulado,2026-05-19 21:00:00,2026-05-19 21:00:00,2026-05-19 22:00:00,1,12.02,0.803
1142,2,IPMA_simulado,2026-05-19 21:00:00,2026-05-19 21:00:00,2026-05-19 22:00:00,1,1.96,0.697
1143,3,IPMA_simulado,2026-05-19 21:00:00,2026-05-19 21:00:00,2026-05-19 22:00:00,1,10.27,0.857
1144,4,IPMA_simulado,2026-05-19 21:00:00,2026-05-19 21:00:00,2026-05-19 22:00:00,1,0,0.837
1145,1,IPMA_simulado,2026-05-19 22:00:00,2026-05-19 22:00:00,2026-05-19 23:00:00,1,0,0.845
1146,2,IPMA_simulado,2026-05-19 22:00:00,2026-05-19 22:00:00,2026-05-19 23:00:00,1,9.41,0.754
1147,3,IPMA_simulado,2026-05-19 22:00:00,2026-05-19 22:00:00,2026-05-19 23:00:00,1,9.81,0.81
1148,4,IPMA_simulado,2026-05-19 22:00:00,2026-05-19 22:00:00,2026-05-19 23:00:00,1,1.44,0.849
1149,1,IPMA_simulado,2026-05-19 23:00:00,2026-05-19 23:00:00,2026-05-20 00:00:00,1,0,0.935
1150,2,IPMA_simulado,2026-05-19 23:00:00,2026-05-19 23:00:00,2026-05-20 00:00:00,1,17.13,0.919
1151,3,IPMA_simulado,2026-05-19 23:00:00,2026-05-19 23:00:00,2026-05-20 00:00:00,1,40.02,0.652
1152,4,IPMA_simulado,2026-05-19 23:00:00,2026-05-19 23:00:00,2026-05-20 00:00:00,1,8.21,0.86
1153,1,IPMA_simulado,2026-05-20 00:00:00,2026-05-20 00:00:00,2026-05-20 01:00:00,1,0,0.726
1154,2,IPMA_simulado,2026-05-20 00:00:00,2026-05-20 00:00:00,2026-05-20 01:00:00,1,2.05,0.777
1155,3,IPMA_simulado,2026-05-20 00:00:00,2026-05-20 00:00:00,2026-05-20 01:00:00,1,7.4,0.727
1156,4,IPMA_simulado,2026-05-20 00:00:00,2026-05-20 00:00:00,2026-05-20 01:00:00,1,8.87,0.671
1157,1,IPMA_simulado,2026-05-20 01:00:00,2026-05-20 01:00:00,2026-05-20 02:00:00,1,18,0.758
1158,2,IPMA_simulado,2026-05-20 01:00:00,2026-05-20 01:00:00,2026-05-20 02:00:00,1,0,0.686
1159,3,IPMA_simulado,2026-05-20 01:00:00,2026-05-20 01:00:00,2026-05-20 02:00:00,1,15.22,0.926
1160,4,IPMA_simulado,2026-05-20 01:00:00,2026-05-20 01:00:00,2026-05-20 02:00:00,1,0,0.7
1161,1,IPMA_simulado,2026-05-20 02:00:00,2026-05-20 02:00:00,2026-05-20 03:00:00,1,0,0.807
1162,2,IPMA_simulado,2026-05-20 02:00:00,2026-05-20 02:00:00,2026-05-20 03:00:00,1,15.85,0.705
1163,3,IPMA_simulado,2026-05-20 02:00:00,2026-05-20 02:00:00,2026-05-20 03:00:00,1,10.63,0.94
1164,4,IPMA_simulado,2026-05-20 02:00:00,2026-05-20 02:00:00,2026-05-20 03:00:00,1,0,0.898
1165,1,IPMA_simulado,2026-05-20 03:00:00,2026-05-20 03:00:00,2026-05-20 04:00:00,1,7.24,0.683
1166,2,IPMA_simulado,2026-05-20 03:00:00,2026-05-20 03:00:00,2026-05-20 04:00:00,1,20.38,0.677
1167,3,IPMA_simulado,2026-05-20 03:00:00,2026-05-20 03:00:00,2026-05-20 04:00:00,1,7.04,0.793
1168,4,IPMA_simulado,2026-05-20 03:00:00,2026-05-20 03:00:00,2026-05-20 04:00:00,1,0,0.702
1169,1,IPMA_simulado,2026-05-20 04:00:00,2026-05-20 04:00:00,2026-05-20 05:00:00,1,9.34,0.832
1170,2,IPMA_simulado,2026-05-20 04:00:00,2026-05-20 04:00:00,2026-05-20 05:00:00,1,17.5,0.67
1171,3,IPMA_simulado,2026-05-20 04:00:00,2026-05-20 04:00:00,2026-05-20 05:00:00,1,6.44,0.883
1172,4,IPMA_simulado,2026-05-20 04:00:00,2026-05-20 04:00:00,2026-05-20 05:00:00,1,15.29,0.802
1173,1,IPMA_simulado,2026-05-20 05:00:00,2026-05-20 05:00:00,2026-05-20 06:00:00,1,21.63,0.736
1174,2,IPMA_simulado,2026-05-20 05:00:00,2026-05-20 05:00:00,2026-05-20 06:00:00,1,17.49,0.93
1175,3,IPMA_simulado,2026-05-20 05:00:00,2026-05-20 05:00:00,2026-05-20 06:00:00,1,17.72,0.89
1176,4,IPMA_simulado,2026-05-20 05:00:00,2026-05-20 05:00:00,2026-05-20 06:00:00,1,0.95,0.884
1177,1,IPMA_simulado,2026-05-20 06:00:00,2026-05-20 06:00:00,2026-05-20 07:00:00,1,11.14,0.862
1178,2,IPMA_simulado,2026-05-20 06:00:00,2026-05-20 06:00:00,2026-05-20 07:00:00,1,12.09,0.83
1179,3,IPMA_simulado,2026-05-20 06:00:00,2026-05-20 06:00:00,2026-05-20 07:00:00,1,7.82,0.811
1180,4,IPMA_simulado,2026-05-20 06:00:00,2026-05-20 06:00:00,2026-05-20 07:00:00,1,11.59,0.89
1181,1,IPMA_simulado,2026-05-20 07:00:00,2026-05-20 07:00:00,2026-05-20 08:00:00,1,0,0.718
1182,2,IPMA_simulado,2026-05-20 07:00:00,2026-05-20 07:00:00,2026-05-20 08:00:00,1,9.45,0.799
1183,3,IPMA_simulado,2026-05-20 07:00:00,2026-05-20 07:00:00,2026-05-20 08:00:00,1,5.68,0.801
1184,4,IPMA_simulado,2026-05-20 07:00:00,2026-05-20 07:00:00,2026-05-20 08:00:00,1,20.72,0.921
1185,1,IPMA_simulado,2026-05-20 08:00:00,2026-05-20 08:00:00,2026-05-20 09:00:00,1,61.48,0.718
1186,2,IPMA_simulado,2026-05-20 08:00:00,2026-05-20 08:00:00,2026-05-20 09:00:00,1,11.94,0.837
1187,3,IPMA_simulado,2026-05-20 08:00:00,2026-05-20 08:00:00,2026-05-20 09:00:00,1,0,0.884
1188,4,IPMA_simulado,2026-05-20 08:00:00,2026-05-20 08:00:00,2026-05-20 09:00:00,1,17.83,0.685
1189,1,IPMA_simulado,2026-05-20 09:00:00,2026-05-20 09:00:00,2026-05-20 10:00:00,1,7.13,0.848
1190,2,IPMA_simulado,2026-05-20 09:00:00,2026-05-20 09:00:00,2026-05-20 10:00:00,1,15.61,0.659
1191,3,IPMA_simulado,2026-05-20 09:00:00,2026-05-20 09:00:00,2026-05-20 10:00:00,1,4.34,0.774
1192,4,IPMA_simulado,2026-05-20 09:00:00,2026-05-20 09:00:00,2026-05-20 10:00:00,1,17.38,0.794
1193,1,IPMA_simulado,2026-05-20 10:00:00,2026-05-20 10:00:00,2026-05-20 11:00:00,1,0,0.676
1194,2,IPMA_simulado,2026-05-20 10:00:00,2026-05-20 10:00:00,2026-05-20 11:00:00,1,2.48,0.762
1195,3,IPMA_simulado,2026-05-20 10:00:00,2026-05-20 10:00:00,2026-05-20 11:00:00,1,5.27,0.907
1196,4,IPMA_simulado,2026-05-20 10:00:00,2026-05-20 10:00:00,2026-05-20 11:00:00,1,1.66,0.775
1197,1,IPMA_simulado,2026-05-20 11:00:00,2026-05-20 11:00:00,2026-05-20 12:00:00,1,9.86,0.77
1198,2,IPMA_simulado,2026-05-20 11:00:00,2026-05-20 11:00:00,2026-05-20 12:00:00,1,1.14,0.889
1199,3,IPMA_simulado,2026-05-20 11:00:00,2026-05-20 11:00:00,2026-05-20 12:00:00,1,17.22,0.912
1200,4,IPMA_simulado,2026-05-20 11:00:00,2026-05-20 11:00:00,2026-05-20 12:00:00,1,0,0.836
1201,1,IPMA_simulado,2026-05-20 12:00:00,2026-05-20 12:00:00,2026-05-20 13:00:00,1,23.82,0.819
1202,2,IPMA_simulado,2026-05-20 12:00:00,2026-05-20 12:00:00,2026-05-20 13:00:00,1,22.78,0.844
1203,3,IPMA_simulado,2026-05-20 12:00:00,2026-05-20 12:00:00,2026-05-20 13:00:00,1,22.36,0.728
1204,4,IPMA_simulado,2026-05-20 12:00:00,2026-05-20 12:00:00,2026-05-20 13:00:00,1,8.52,0.703
1205,1,IPMA_simulado,2026-05-20 13:00:00,2026-05-20 13:00:00,2026-05-20 14:00:00,1,7.83,0.679
1206,2,IPMA_simulado,2026-05-20 13:00:00,2026-05-20 13:00:00,2026-05-20 14:00:00,1,11.99,0.917
1207,3,IPMA_simulado,2026-05-20 13:00:00,2026-05-20 13:00:00,2026-05-20 14:00:00,1,0,0.761
1208,4,IPMA_simulado,2026-05-20 13:00:00,2026-05-20 13:00:00,2026-05-20 14:00:00,1,22.48,0.686
1209,1,IPMA_simulado,2026-05-20 14:00:00,2026-05-20 14:00:00,2026-05-20 15:00:00,1,21.95,0.776
1210,2,IPMA_simulado,2026-05-20 14:00:00,2026-05-20 14:00:00,2026-05-20 15:00:00,1,0,0.859
1211,3,IPMA_simulado,2026-05-20 14:00:00,2026-05-20 14:00:00,2026-05-20 15:00:00,1,17.42,0.695
1212,4,IPMA_simulado,2026-05-20 14:00:00,2026-05-20 14:00:00,2026-05-20 15:00:00,1,3.49,0.751
1213,1,IPMA_simulado,2026-05-20 15:00:00,2026-05-20 15:00:00,2026-05-20 16:00:00,1,22.28,0.812
1214,2,IPMA_simulado,2026-05-20 15:00:00,2026-05-20 15:00:00,2026-05-20 16:00:00,1,50.44,0.84
1215,3,IPMA_simulado,2026-05-20 15:00:00,2026-05-20 15:00:00,2026-05-20 16:00:00,1,33.81,0.942
1216,4,IPMA_simulado,2026-05-20 15:00:00,2026-05-20 15:00:00,2026-05-20 16:00:00,1,14.16,0.778
1217,1,IPMA_simulado,2026-05-20 16:00:00,2026-05-20 16:00:00,2026-05-20 17:00:00,1,11.14,0.755
1218,2,IPMA_simulado,2026-05-20 16:00:00,2026-05-20 16:00:00,2026-05-20 17:00:00,1,13.98,0.852
1219,3,IPMA_simulado,2026-05-20 16:00:00,2026-05-20 16:00:00,2026-05-20 17:00:00,1,15.86,0.728
1220,4,IPMA_simulado,2026-05-20 16:00:00,2026-05-20 16:00:00,2026-05-20 17:00:00,1,3.51,0.657
1221,1,IPMA_simulado,2026-05-20 17:00:00,2026-05-20 17:00:00,2026-05-20 18:00:00,1,1.47,0.772
1222,2,IPMA_simulado,2026-05-20 17:00:00,2026-05-20 17:00:00,2026-05-20 18:00:00,1,12.39,0.765
1223,3,IPMA_simulado,2026-05-20 17:00:00,2026-05-20 17:00:00,2026-05-20 18:00:00,1,10.37,0.656
1224,4,IPMA_simulado,2026-05-20 17:00:00,2026-05-20 17:00:00,2026-05-20 18:00:00,1,13.11,0.808
1225,1,IPMA_simulado,2026-05-20 18:00:00,2026-05-20 18:00:00,2026-05-20 19:00:00,1,16.85,0.818
1226,2,IPMA_simulado,2026-05-20 18:00:00,2026-05-20 18:00:00,2026-05-20 19:00:00,1,0,0.862
1227,3,IPMA_simulado,2026-05-20 18:00:00,2026-05-20 18:00:00,2026-05-20 19:00:00,1,10.14,0.802
1228,4,IPMA_simulado,2026-05-20 18:00:00,2026-05-20 18:00:00,2026-05-20 19:00:00,1,12.87,0.712
1229,1,IPMA_simulado,2026-05-20 19:00:00,2026-05-20 19:00:00,2026-05-20 20:00:00,1,2.4,0.659
1230,2,IPMA_simulado,2026-05-20 19:00:00,2026-05-20 19:00:00,2026-05-20 20:00:00,1,0,0.809
1231,3,IPMA_simulado,2026-05-20 19:00:00,2026-05-20 19:00:00,2026-05-20 20:00:00,1,0,0.875
1232,4,IPMA_simulado,2026-05-20 19:00:00,2026-05-20 19:00:00,2026-05-20 20:00:00,1,0,0.723
1233,1,IPMA_simulado,2026-05-20 20:00:00,2026-05-20 20:00:00,2026-05-20 21:00:00,1,5.58,0.915
1234,2,IPMA_simulado,2026-05-20 20:00:00,2026-05-20 20:00:00,2026-05-20 21:00:00,1,1.65,0.699
1235,3,IPMA_simulado,2026-05-20 20:00:00,2026-05-20 20:00:00,2026-05-20 21:00:00,1,0,0.686
1236,4,IPMA_simulado,2026-05-20 20:00:00,2026-05-20 20:00:00,2026-05-20 21:00:00,1,9.85,0.913
1237,1,IPMA_simulado,2026-05-20 21:00:00,2026-05-20 21:00:00,2026-05-20 22:00:00,1,0,0.926
1238,2,IPMA_simulado,2026-05-20 21:00:00,2026-05-20 21:00:00,2026-05-20 22:00:00,1,2.82,0.812
1239,3,IPMA_simulado,2026-05-20 21:00:00,2026-05-20 21:00:00,2026-05-20 22:00:00,1,8.6,0.916
1240,4,IPMA_simulado,2026-05-20 21:00:00,2026-05-20 21:00:00,2026-05-20 22:00:00,1,28.27,0.771
1241,1,IPMA_simulado,2026-05-20 22:00:00,2026-05-20 22:00:00,2026-05-20 23:00:00,1,15.27,0.721
1242,2,IPMA_simulado,2026-05-20 22:00:00,2026-05-20 22:00:00,2026-05-20 23:00:00,1,0.09,0.671
1243,3,IPMA_simulado,2026-05-20 22:00:00,2026-05-20 22:00:00,2026-05-20 23:00:00,1,17.2,0.738
1244,4,IPMA_simulado,2026-05-20 22:00:00,2026-05-20 22:00:00,2026-05-20 23:00:00,1,9.28,0.765
1245,1,IPMA_simulado,2026-05-20 23:00:00,2026-05-20 23:00:00,2026-05-21 00:00:00,1,3.78,0.875
1246,2,IPMA_simulado,2026-05-20 23:00:00,2026-05-20 23:00:00,2026-05-21 00:00:00,1,0,0.948
1247,3,IPMA_simulado,2026-05-20 23:00:00,2026-05-20 23:00:00,2026-05-21 00:00:00,1,11.85,0.924
1248,4,IPMA_simulado,2026-05-20 23:00:00,2026-05-20 23:00:00,2026-05-21 00:00:00,1,3.28,0.75
1249,1,IPMA_simulado,2026-05-21 00:00:00,2026-05-21 00:00:00,2026-05-21 01:00:00,1,24.94,0.709
1250,2,IPMA_simulado,2026-05-21 00:00:00,2026-05-21 00:00:00,2026-05-21 01:00:00,1,9.09,0.798
1251,3,IPMA_simulado,2026-05-21 00:00:00,2026-05-21 00:00:00,2026-05-21 01:00:00,1,0.89,0.657
1252,4,IPMA_simulado,2026-05-21 00:00:00,2026-05-21 00:00:00,2026-05-21 01:00:00,1,1.81,0.811
1253,1,IPMA_simulado,2026-05-21 01:00:00,2026-05-21 01:00:00,2026-05-21 02:00:00,1,16.31,0.928
1254,2,IPMA_simulado,2026-05-21 01:00:00,2026-05-21 01:00:00,2026-05-21 02:00:00,1,8.8,0.904
1255,3,IPMA_simulado,2026-05-21 01:00:00,2026-05-21 01:00:00,2026-05-21 02:00:00,1,25.01,0.776
1256,4,IPMA_simulado,2026-05-21 01:00:00,2026-05-21 01:00:00,2026-05-21 02:00:00,1,10.56,0.731
1257,1,IPMA_simulado,2026-05-21 02:00:00,2026-05-21 02:00:00,2026-05-21 03:00:00,1,9.95,0.797
1258,2,IPMA_simulado,2026-05-21 02:00:00,2026-05-21 02:00:00,2026-05-21 03:00:00,1,0,0.767
1259,3,IPMA_simulado,2026-05-21 02:00:00,2026-05-21 02:00:00,2026-05-21 03:00:00,1,10,0.674
1260,4,IPMA_simulado,2026-05-21 02:00:00,2026-05-21 02:00:00,2026-05-21 03:00:00,1,25.06,0.837
1261,1,IPMA_simulado,2026-05-21 03:00:00,2026-05-21 03:00:00,2026-05-21 04:00:00,1,37.73,0.769
1262,2,IPMA_simulado,2026-05-21 03:00:00,2026-05-21 03:00:00,2026-05-21 04:00:00,1,10.28,0.845
1263,3,IPMA_simulado,2026-05-21 03:00:00,2026-05-21 03:00:00,2026-05-21 04:00:00,1,2.71,0.67
1264,4,IPMA_simulado,2026-05-21 03:00:00,2026-05-21 03:00:00,2026-05-21 04:00:00,1,10.63,0.896
1265,1,IPMA_simulado,2026-05-21 04:00:00,2026-05-21 04:00:00,2026-05-21 05:00:00,1,0,0.914
1266,2,IPMA_simulado,2026-05-21 04:00:00,2026-05-21 04:00:00,2026-05-21 05:00:00,1,0,0.698
1267,3,IPMA_simulado,2026-05-21 04:00:00,2026-05-21 04:00:00,2026-05-21 05:00:00,1,13.21,0.716
1268,4,IPMA_simulado,2026-05-21 04:00:00,2026-05-21 04:00:00,2026-05-21 05:00:00,1,23.37,0.703
1269,1,IPMA_simulado,2026-05-21 05:00:00,2026-05-21 05:00:00,2026-05-21 06:00:00,1,0,0.745
1270,2,IPMA_simulado,2026-05-21 05:00:00,2026-05-21 05:00:00,2026-05-21 06:00:00,1,0,0.837
1271,3,IPMA_simulado,2026-05-21 05:00:00,2026-05-21 05:00:00,2026-05-21 06:00:00,1,12.86,0.946
1272,4,IPMA_simulado,2026-05-21 05:00:00,2026-05-21 05:00:00,2026-05-21 06:00:00,1,4.49,0.657
1273,1,IPMA_simulado,2026-05-21 06:00:00,2026-05-21 06:00:00,2026-05-21 07:00:00,1,5.73,0.71
1274,2,IPMA_simulado,2026-05-21 06:00:00,2026-05-21 06:00:00,2026-05-21 07:00:00,1,4.71,0.807
1275,3,IPMA_simulado,2026-05-21 06:00:00,2026-05-21 06:00:00,2026-05-21 07:00:00,1,1.91,0.837
1276,4,IPMA_simulado,2026-05-21 06:00:00,2026-05-21 06:00:00,2026-05-21 07:00:00,1,0,0.88
1277,1,IPMA_simulado,2026-05-21 07:00:00,2026-05-21 07:00:00,2026-05-21 08:00:00,1,1.33,0.701
1278,2,IPMA_simulado,2026-05-21 07:00:00,2026-05-21 07:00:00,2026-05-21 08:00:00,1,8.63,0.777
1279,3,IPMA_simulado,2026-05-21 07:00:00,2026-05-21 07:00:00,2026-05-21 08:00:00,1,3.14,0.781
1280,4,IPMA_simulado,2026-05-21 07:00:00,2026-05-21 07:00:00,2026-05-21 08:00:00,1,3.83,0.939
1281,1,IPMA_simulado,2026-05-21 08:00:00,2026-05-21 08:00:00,2026-05-21 09:00:00,1,18.67,0.779
1282,2,IPMA_simulado,2026-05-21 08:00:00,2026-05-21 08:00:00,2026-05-21 09:00:00,1,3.55,0.866
1283,3,IPMA_simulado,2026-05-21 08:00:00,2026-05-21 08:00:00,2026-05-21 09:00:00,1,0,0.938
1284,4,IPMA_simulado,2026-05-21 08:00:00,2026-05-21 08:00:00,2026-05-21 09:00:00,1,6.29,0.823
1285,1,IPMA_simulado,2026-05-21 09:00:00,2026-05-21 09:00:00,2026-05-21 10:00:00,1,1.83,0.852
1286,2,IPMA_simulado,2026-05-21 09:00:00,2026-05-21 09:00:00,2026-05-21 10:00:00,1,15.08,0.791
1287,3,IPMA_simulado,2026-05-21 09:00:00,2026-05-21 09:00:00,2026-05-21 10:00:00,1,0,0.913
1288,4,IPMA_simulado,2026-05-21 09:00:00,2026-05-21 09:00:00,2026-05-21 10:00:00,1,16.35,0.66
1289,1,IPMA_simulado,2026-05-21 10:00:00,2026-05-21 10:00:00,2026-05-21 11:00:00,1,53.14,0.833
1290,2,IPMA_simulado,2026-05-21 10:00:00,2026-05-21 10:00:00,2026-05-21 11:00:00,1,23.02,0.813
1291,3,IPMA_simulado,2026-05-21 10:00:00,2026-05-21 10:00:00,2026-05-21 11:00:00,1,10.72,0.89
1292,4,IPMA_simulado,2026-05-21 10:00:00,2026-05-21 10:00:00,2026-05-21 11:00:00,1,13.22,0.876
1293,1,IPMA_simulado,2026-05-21 11:00:00,2026-05-21 11:00:00,2026-05-21 12:00:00,1,13.97,0.732
1294,2,IPMA_simulado,2026-05-21 11:00:00,2026-05-21 11:00:00,2026-05-21 12:00:00,1,4.56,0.735
1295,3,IPMA_simulado,2026-05-21 11:00:00,2026-05-21 11:00:00,2026-05-21 12:00:00,1,0,0.671
1296,4,IPMA_simulado,2026-05-21 11:00:00,2026-05-21 11:00:00,2026-05-21 12:00:00,1,44.7,0.829
1297,1,IPMA_simulado,2026-05-21 12:00:00,2026-05-21 12:00:00,2026-05-21 13:00:00,1,7.67,0.837
1298,2,IPMA_simulado,2026-05-21 12:00:00,2026-05-21 12:00:00,2026-05-21 13:00:00,1,6.53,0.651
1299,3,IPMA_simulado,2026-05-21 12:00:00,2026-05-21 12:00:00,2026-05-21 13:00:00,1,22.99,0.821
1300,4,IPMA_simulado,2026-05-21 12:00:00,2026-05-21 12:00:00,2026-05-21 13:00:00,1,0,0.857
1301,1,IPMA_simulado,2026-05-21 13:00:00,2026-05-21 13:00:00,2026-05-21 14:00:00,1,16.07,0.695
1302,2,IPMA_simulado,2026-05-21 13:00:00,2026-05-21 13:00:00,2026-05-21 14:00:00,1,10.06,0.805
1303,3,IPMA_simulado,2026-05-21 13:00:00,2026-05-21 13:00:00,2026-05-21 14:00:00,1,7.28,0.843
1304,4,IPMA_simulado,2026-05-21 13:00:00,2026-05-21 13:00:00,2026-05-21 14:00:00,1,4.07,0.915
1305,1,IPMA_simulado,2026-05-21 14:00:00,2026-05-21 14:00:00,2026-05-21 15:00:00,1,5.65,0.924
1306,2,IPMA_simulado,2026-05-21 14:00:00,2026-05-21 14:00:00,2026-05-21 15:00:00,1,4.69,0.745
1307,3,IPMA_simulado,2026-05-21 14:00:00,2026-05-21 14:00:00,2026-05-21 15:00:00,1,14.74,0.833
1308,4,IPMA_simulado,2026-05-21 14:00:00,2026-05-21 14:00:00,2026-05-21 15:00:00,1,0,0.908
1309,1,IPMA_simulado,2026-05-21 15:00:00,2026-05-21 15:00:00,2026-05-21 16:00:00,1,13.49,0.752
1310,2,IPMA_simulado,2026-05-21 15:00:00,2026-05-21 15:00:00,2026-05-21 16:00:00,1,0,0.769
1311,3,IPMA_simulado,2026-05-21 15:00:00,2026-05-21 15:00:00,2026-05-21 16:00:00,1,32.1,0.652
1312,4,IPMA_simulado,2026-05-21 15:00:00,2026-05-21 15:00:00,2026-05-21 16:00:00,1,0,0.788
1313,1,IPMA_simulado,2026-05-21 16:00:00,2026-05-21 16:00:00,2026-05-21 17:00:00,1,0,0.843
1314,2,IPMA_simulado,2026-05-21 16:00:00,2026-05-21 16:00:00,2026-05-21 17:00:00,1,12.58,0.672
1315,3,IPMA_simulado,2026-05-21 16:00:00,2026-05-21 16:00:00,2026-05-21 17:00:00,1,9.13,0.681
1316,4,IPMA_simulado,2026-05-21 16:00:00,2026-05-21 16:00:00,2026-05-21 17:00:00,1,13.02,0.81
1317,1,IPMA_simulado,2026-05-21 17:00:00,2026-05-21 17:00:00,2026-05-21 18:00:00,1,12.31,0.707
1318,2,IPMA_simulado,2026-05-21 17:00:00,2026-05-21 17:00:00,2026-05-21 18:00:00,1,5.15,0.725
1319,3,IPMA_simulado,2026-05-21 17:00:00,2026-05-21 17:00:00,2026-05-21 18:00:00,1,7.3,0.865
1320,4,IPMA_simulado,2026-05-21 17:00:00,2026-05-21 17:00:00,2026-05-21 18:00:00,1,5.46,0.799
1321,1,IPMA_simulado,2026-05-21 18:00:00,2026-05-21 18:00:00,2026-05-21 19:00:00,1,4.9,0.823
1322,2,IPMA_simulado,2026-05-21 18:00:00,2026-05-21 18:00:00,2026-05-21 19:00:00,1,1.54,0.702
1323,3,IPMA_simulado,2026-05-21 18:00:00,2026-05-21 18:00:00,2026-05-21 19:00:00,1,11.44,0.897
1324,4,IPMA_simulado,2026-05-21 18:00:00,2026-05-21 18:00:00,2026-05-21 19:00:00,1,27.75,0.686
1325,1,IPMA_simulado,2026-05-21 19:00:00,2026-05-21 19:00:00,2026-05-21 20:00:00,1,16.71,0.7
1326,2,IPMA_simulado,2026-05-21 19:00:00,2026-05-21 19:00:00,2026-05-21 20:00:00,1,0,0.943
1327,3,IPMA_simulado,2026-05-21 19:00:00,2026-05-21 19:00:00,2026-05-21 20:00:00,1,0,0.848
1328,4,IPMA_simulado,2026-05-21 19:00:00,2026-05-21 19:00:00,2026-05-21 20:00:00,1,0,0.653
1329,1,IPMA_simulado,2026-05-21 20:00:00,2026-05-21 20:00:00,2026-05-21 21:00:00,1,15.99,0.778
1330,2,IPMA_simulado,2026-05-21 20:00:00,2026-05-21 20:00:00,2026-05-21 21:00:00,1,0,0.942
1331,3,IPMA_simulado,2026-05-21 20:00:00,2026-05-21 20:00:00,2026-05-21 21:00:00,1,0,0.793
1332,4,IPMA_simulado,2026-05-21 20:00:00,2026-05-21 20:00:00,2026-05-21 21:00:00,1,3.59,0.805
1333,1,IPMA_simulado,2026-05-21 21:00:00,2026-05-21 21:00:00,2026-05-21 22:00:00,1,29.5,0.856
1334,2,IPMA_simulado,2026-05-21 21:00:00,2026-05-21 21:00:00,2026-05-21 22:00:00,1,13.87,0.698
1335,3,IPMA_simulado,2026-05-21 21:00:00,2026-05-21 21:00:00,2026-05-21 22:00:00,1,20.52,0.842
1336,4,IPMA_simulado,2026-05-21 21:00:00,2026-05-21 21:00:00,2026-05-21 22:00:00,1,0,0.709
1337,1,IPMA_simulado,2026-05-21 22:00:00,2026-05-21 22:00:00,2026-05-21 23:00:00,1,14.02,0.839
1338,2,IPMA_simulado,2026-05-21 22:00:00,2026-05-21 22:00:00,2026-05-21 23:00:00,1,0,0.874
1339,3,IPMA_simulado,2026-05-21 22:00:00,2026-05-21 22:00:00,2026-05-21 23:00:00,1,6.4,0.817
1340,4,IPMA_simulado,2026-05-21 22:00:00,2026-05-21 22:00:00,2026-05-21 23:00:00,1,8.96,0.731
1341,1,IPMA_simulado,2026-05-21 23:00:00,2026-05-21 23:00:00,2026-05-22 00:00:00,1,8.69,0.751
1342,2,IPMA_simulado,2026-05-21 23:00:00,2026-05-21 23:00:00,2026-05-22 00:00:00,1,30.71,0.722
1343,3,IPMA_simulado,2026-05-21 23:00:00,2026-05-21 23:00:00,2026-05-22 00:00:00,1,5.35,0.706
1344,4,IPMA_simulado,2026-05-21 23:00:00,2026-05-21 23:00:00,2026-05-22 00:00:00,1,38.25,0.881
1345,1,IPMA_simulado,2026-05-22 00:00:00,2026-05-22 00:00:00,2026-05-22 01:00:00,1,10.23,0.919
1346,2,IPMA_simulado,2026-05-22 00:00:00,2026-05-22 00:00:00,2026-05-22 01:00:00,1,23.82,0.773
1347,3,IPMA_simulado,2026-05-22 00:00:00,2026-05-22 00:00:00,2026-05-22 01:00:00,1,4.45,0.907
1348,4,IPMA_simulado,2026-05-22 00:00:00,2026-05-22 00:00:00,2026-05-22 01:00:00,1,10.25,0.687
1349,1,IPMA_simulado,2026-05-22 01:00:00,2026-05-22 01:00:00,2026-05-22 02:00:00,1,7.63,0.752
1350,2,IPMA_simulado,2026-05-22 01:00:00,2026-05-22 01:00:00,2026-05-22 02:00:00,1,29.18,0.921
1351,3,IPMA_simulado,2026-05-22 01:00:00,2026-05-22 01:00:00,2026-05-22 02:00:00,1,7.76,0.7
1352,4,IPMA_simulado,2026-05-22 01:00:00,2026-05-22 01:00:00,2026-05-22 02:00:00,1,8.22,0.828
1353,1,IPMA_simulado,2026-05-22 02:00:00,2026-05-22 02:00:00,2026-05-22 03:00:00,1,7.69,0.922
1354,2,IPMA_simulado,2026-05-22 02:00:00,2026-05-22 02:00:00,2026-05-22 03:00:00,1,6.11,0.757
1355,3,IPMA_simulado,2026-05-22 02:00:00,2026-05-22 02:00:00,2026-05-22 03:00:00,1,37.76,0.769
1356,4,IPMA_simulado,2026-05-22 02:00:00,2026-05-22 02:00:00,2026-05-22 03:00:00,1,1.78,0.913
1357,1,IPMA_simulado,2026-05-22 03:00:00,2026-05-22 03:00:00,2026-05-22 04:00:00,1,10.41,0.771
1358,2,IPMA_simulado,2026-05-22 03:00:00,2026-05-22 03:00:00,2026-05-22 04:00:00,1,0,0.87
1359,3,IPMA_simulado,2026-05-22 03:00:00,2026-05-22 03:00:00,2026-05-22 04:00:00,1,8.36,0.757
1360,4,IPMA_simulado,2026-05-22 03:00:00,2026-05-22 03:00:00,2026-05-22 04:00:00,1,0,0.814
1361,1,IPMA_simulado,2026-05-22 04:00:00,2026-05-22 04:00:00,2026-05-22 05:00:00,1,20.38,0.705
1362,2,IPMA_simulado,2026-05-22 04:00:00,2026-05-22 04:00:00,2026-05-22 05:00:00,1,28.56,0.687
1363,3,IPMA_simulado,2026-05-22 04:00:00,2026-05-22 04:00:00,2026-05-22 05:00:00,1,20.42,0.873
1364,4,IPMA_simulado,2026-05-22 04:00:00,2026-05-22 04:00:00,2026-05-22 05:00:00,1,14.61,0.757
1365,1,IPMA_simulado,2026-05-22 05:00:00,2026-05-22 05:00:00,2026-05-22 06:00:00,1,47.1,0.781
1366,2,IPMA_simulado,2026-05-22 05:00:00,2026-05-22 05:00:00,2026-05-22 06:00:00,1,16.31,0.804
1367,3,IPMA_simulado,2026-05-22 05:00:00,2026-05-22 05:00:00,2026-05-22 06:00:00,1,23.5,0.771
1368,4,IPMA_simulado,2026-05-22 05:00:00,2026-05-22 05:00:00,2026-05-22 06:00:00,1,0,0.677
1369,1,IPMA_simulado,2026-05-22 06:00:00,2026-05-22 06:00:00,2026-05-22 07:00:00,1,0,0.947
1370,2,IPMA_simulado,2026-05-22 06:00:00,2026-05-22 06:00:00,2026-05-22 07:00:00,1,3.35,0.702
1371,3,IPMA_simulado,2026-05-22 06:00:00,2026-05-22 06:00:00,2026-05-22 07:00:00,1,11.29,0.718
1372,4,IPMA_simulado,2026-05-22 06:00:00,2026-05-22 06:00:00,2026-05-22 07:00:00,1,0,0.906
1373,1,IPMA_simulado,2026-05-22 07:00:00,2026-05-22 07:00:00,2026-05-22 08:00:00,1,26.85,0.807
1374,2,IPMA_simulado,2026-05-22 07:00:00,2026-05-22 07:00:00,2026-05-22 08:00:00,1,0.49,0.757
1375,3,IPMA_simulado,2026-05-22 07:00:00,2026-05-22 07:00:00,2026-05-22 08:00:00,1,12.6,0.942
1376,4,IPMA_simulado,2026-05-22 07:00:00,2026-05-22 07:00:00,2026-05-22 08:00:00,1,1.25,0.864
1377,1,IPMA_simulado,2026-05-22 08:00:00,2026-05-22 08:00:00,2026-05-22 09:00:00,1,7.83,0.884
1378,2,IPMA_simulado,2026-05-22 08:00:00,2026-05-22 08:00:00,2026-05-22 09:00:00,1,1.44,0.768
1379,3,IPMA_simulado,2026-05-22 08:00:00,2026-05-22 08:00:00,2026-05-22 09:00:00,1,3.85,0.724
1380,4,IPMA_simulado,2026-05-22 08:00:00,2026-05-22 08:00:00,2026-05-22 09:00:00,1,8.47,0.739
1381,1,IPMA_simulado,2026-05-22 09:00:00,2026-05-22 09:00:00,2026-05-22 10:00:00,1,0,0.84
1382,2,IPMA_simulado,2026-05-22 09:00:00,2026-05-22 09:00:00,2026-05-22 10:00:00,1,2.22,0.885
1383,3,IPMA_simulado,2026-05-22 09:00:00,2026-05-22 09:00:00,2026-05-22 10:00:00,1,4.97,0.896
1384,4,IPMA_simulado,2026-05-22 09:00:00,2026-05-22 09:00:00,2026-05-22 10:00:00,1,4.53,0.699
1385,1,IPMA_simulado,2026-05-22 10:00:00,2026-05-22 10:00:00,2026-05-22 11:00:00,1,3.54,0.767
1386,2,IPMA_simulado,2026-05-22 10:00:00,2026-05-22 10:00:00,2026-05-22 11:00:00,1,16.96,0.751
1387,3,IPMA_simulado,2026-05-22 10:00:00,2026-05-22 10:00:00,2026-05-22 11:00:00,1,20.01,0.895
1388,4,IPMA_simulado,2026-05-22 10:00:00,2026-05-22 10:00:00,2026-05-22 11:00:00,1,3.29,0.657
1389,1,IPMA_simulado,2026-05-22 11:00:00,2026-05-22 11:00:00,2026-05-22 12:00:00,1,1.29,0.911
1390,2,IPMA_simulado,2026-05-22 11:00:00,2026-05-22 11:00:00,2026-05-22 12:00:00,1,11.35,0.896
1391,3,IPMA_simulado,2026-05-22 11:00:00,2026-05-22 11:00:00,2026-05-22 12:00:00,1,0,0.854
1392,4,IPMA_simulado,2026-05-22 11:00:00,2026-05-22 11:00:00,2026-05-22 12:00:00,1,14.98,0.904
1393,1,IPMA_simulado,2026-05-22 12:00:00,2026-05-22 12:00:00,2026-05-22 13:00:00,1,14.77,0.823
1394,2,IPMA_simulado,2026-05-22 12:00:00,2026-05-22 12:00:00,2026-05-22 13:00:00,1,2.67,0.651
1395,3,IPMA_simulado,2026-05-22 12:00:00,2026-05-22 12:00:00,2026-05-22 13:00:00,1,9.14,0.876
1396,4,IPMA_simulado,2026-05-22 12:00:00,2026-05-22 12:00:00,2026-05-22 13:00:00,1,21.48,0.753
1397,1,IPMA_simulado,2026-05-22 13:00:00,2026-05-22 13:00:00,2026-05-22 14:00:00,1,19.74,0.846
1398,2,IPMA_simulado,2026-05-22 13:00:00,2026-05-22 13:00:00,2026-05-22 14:00:00,1,46.13,0.879
1399,3,IPMA_simulado,2026-05-22 13:00:00,2026-05-22 13:00:00,2026-05-22 14:00:00,1,24.86,0.797
1400,4,IPMA_simulado,2026-05-22 13:00:00,2026-05-22 13:00:00,2026-05-22 14:00:00,1,4.43,0.834
1401,1,IPMA_simulado,2026-05-22 14:00:00,2026-05-22 14:00:00,2026-05-22 15:00:00,1,0,0.832
1402,2,IPMA_simulado,2026-05-22 14:00:00,2026-05-22 14:00:00,2026-05-22 15:00:00,1,43.72,0.764
1403,3,IPMA_simulado,2026-05-22 14:00:00,2026-05-22 14:00:00,2026-05-22 15:00:00,1,13.44,0.806
1404,4,IPMA_simulado,2026-05-22 14:00:00,2026-05-22 14:00:00,2026-05-22 15:00:00,1,0,0.739
1405,1,IPMA_simulado,2026-05-22 15:00:00,2026-05-22 15:00:00,2026-05-22 16:00:00,1,17.8,0.895
1406,2,IPMA_simulado,2026-05-22 15:00:00,2026-05-22 15:00:00,2026-05-22 16:00:00,1,17.49,0.696
1407,3,IPMA_simulado,2026-05-22 15:00:00,2026-05-22 15:00:00,2026-05-22 16:00:00,1,2.74,0.796
1408,4,IPMA_simulado,2026-05-22 15:00:00,2026-05-22 15:00:00,2026-05-22 16:00:00,1,6.13,0.702
1409,1,IPMA_simulado,2026-05-22 16:00:00,2026-05-22 16:00:00,2026-05-22 17:00:00,1,2.93,0.694
1410,2,IPMA_simulado,2026-05-22 16:00:00,2026-05-22 16:00:00,2026-05-22 17:00:00,1,1.69,0.793
1411,3,IPMA_simulado,2026-05-22 16:00:00,2026-05-22 16:00:00,2026-05-22 17:00:00,1,0,0.925
1412,4,IPMA_simulado,2026-05-22 16:00:00,2026-05-22 16:00:00,2026-05-22 17:00:00,1,13.74,0.863
1413,1,IPMA_simulado,2026-05-22 17:00:00,2026-05-22 17:00:00,2026-05-22 18:00:00,1,55.78,0.681
1414,2,IPMA_simulado,2026-05-22 17:00:00,2026-05-22 17:00:00,2026-05-22 18:00:00,1,2.14,0.661
1415,3,IPMA_simulado,2026-05-22 17:00:00,2026-05-22 17:00:00,2026-05-22 18:00:00,1,10.67,0.757
1416,4,IPMA_simulado,2026-05-22 17:00:00,2026-05-22 17:00:00,2026-05-22 18:00:00,1,24.71,0.693
1417,1,IPMA_simulado,2026-05-22 18:00:00,2026-05-22 18:00:00,2026-05-22 19:00:00,1,5.54,0.858
1418,2,IPMA_simulado,2026-05-22 18:00:00,2026-05-22 18:00:00,2026-05-22 19:00:00,1,3.68,0.656
1419,3,IPMA_simulado,2026-05-22 18:00:00,2026-05-22 18:00:00,2026-05-22 19:00:00,1,23.13,0.929
1420,4,IPMA_simulado,2026-05-22 18:00:00,2026-05-22 18:00:00,2026-05-22 19:00:00,1,21.25,0.856
1421,1,IPMA_simulado,2026-05-22 19:00:00,2026-05-22 19:00:00,2026-05-22 20:00:00,1,0,0.732
1422,2,IPMA_simulado,2026-05-22 19:00:00,2026-05-22 19:00:00,2026-05-22 20:00:00,1,19.52,0.916
1423,3,IPMA_simulado,2026-05-22 19:00:00,2026-05-22 19:00:00,2026-05-22 20:00:00,1,0,0.699
1424,4,IPMA_simulado,2026-05-22 19:00:00,2026-05-22 19:00:00,2026-05-22 20:00:00,1,1.67,0.792
1425,1,IPMA_simulado,2026-05-22 20:00:00,2026-05-22 20:00:00,2026-05-22 21:00:00,1,4.98,0.928
1426,2,IPMA_simulado,2026-05-22 20:00:00,2026-05-22 20:00:00,2026-05-22 21:00:00,1,3.44,0.77
1427,3,IPMA_simulado,2026-05-22 20:00:00,2026-05-22 20:00:00,2026-05-22 21:00:00,1,0,0.849
1428,4,IPMA_simulado,2026-05-22 20:00:00,2026-05-22 20:00:00,2026-05-22 21:00:00,1,9.73,0.754
1429,1,IPMA_simulado,2026-05-22 21:00:00,2026-05-22 21:00:00,2026-05-22 22:00:00,1,8.5,0.919
1430,2,IPMA_simulado,2026-05-22 21:00:00,2026-05-22 21:00:00,2026-05-22 22:00:00,1,9.88,0.685
1431,3,IPMA_simulado,2026-05-22 21:00:00,2026-05-22 21:00:00,2026-05-22 22:00:00,1,11.22,0.72
1432,4,IPMA_simulado,2026-05-22 21:00:00,2026-05-22 21:00:00,2026-05-22 22:00:00,1,2.18,0.781
1433,1,IPMA_simulado,2026-05-22 22:00:00,2026-05-22 22:00:00,2026-05-22 23:00:00,1,23.61,0.943
1434,2,IPMA_simulado,2026-05-22 22:00:00,2026-05-22 22:00:00,2026-05-22 23:00:00,1,41.33,0.705
1435,3,IPMA_simulado,2026-05-22 22:00:00,2026-05-22 22:00:00,2026-05-22 23:00:00,1,14.08,0.925
1436,4,IPMA_simulado,2026-05-22 22:00:00,2026-05-22 22:00:00,2026-05-22 23:00:00,1,10.06,0.873
1437,1,IPMA_simulado,2026-05-22 23:00:00,2026-05-22 23:00:00,2026-05-23 00:00:00,1,19.43,0.685
1438,2,IPMA_simulado,2026-05-22 23:00:00,2026-05-22 23:00:00,2026-05-23 00:00:00,1,30.69,0.883
1439,3,IPMA_simulado,2026-05-22 23:00:00,2026-05-22 23:00:00,2026-05-23 00:00:00,1,0,0.719
1440,4,IPMA_simulado,2026-05-22 23:00:00,2026-05-22 23:00:00,2026-05-23 00:00:00,1,14.76,0.802
1441,1,IPMA_simulado,2026-05-23 00:00:00,2026-05-23 00:00:00,2026-05-23 01:00:00,1,0.35,0.799
1442,2,IPMA_simulado,2026-05-23 00:00:00,2026-05-23 00:00:00,2026-05-23 01:00:00,1,18.35,0.861
1443,3,IPMA_simulado,2026-05-23 00:00:00,2026-05-23 00:00:00,2026-05-23 01:00:00,1,11.18,0.86
1444,4,IPMA_simulado,2026-05-23 00:00:00,2026-05-23 00:00:00,2026-05-23 01:00:00,1,2.5,0.843
1445,1,IPMA_simulado,2026-05-23 01:00:00,2026-05-23 01:00:00,2026-05-23 02:00:00,1,61.25,0.866
1446,2,IPMA_simulado,2026-05-23 01:00:00,2026-05-23 01:00:00,2026-05-23 02:00:00,1,0.65,0.725
1447,3,IPMA_simulado,2026-05-23 01:00:00,2026-05-23 01:00:00,2026-05-23 02:00:00,1,8.51,0.846
1448,4,IPMA_simulado,2026-05-23 01:00:00,2026-05-23 01:00:00,2026-05-23 02:00:00,1,5.06,0.749
1449,1,IPMA_simulado,2026-05-23 02:00:00,2026-05-23 02:00:00,2026-05-23 03:00:00,1,6.62,0.7
1450,2,IPMA_simulado,2026-05-23 02:00:00,2026-05-23 02:00:00,2026-05-23 03:00:00,1,22.58,0.85
1451,3,IPMA_simulado,2026-05-23 02:00:00,2026-05-23 02:00:00,2026-05-23 03:00:00,1,15.29,0.826
1452,4,IPMA_simulado,2026-05-23 02:00:00,2026-05-23 02:00:00,2026-05-23 03:00:00,1,18.32,0.692
1453,1,IPMA_simulado,2026-05-23 03:00:00,2026-05-23 03:00:00,2026-05-23 04:00:00,1,32.35,0.898
1454,2,IPMA_simulado,2026-05-23 03:00:00,2026-05-23 03:00:00,2026-05-23 04:00:00,1,2.11,0.805
1455,3,IPMA_simulado,2026-05-23 03:00:00,2026-05-23 03:00:00,2026-05-23 04:00:00,1,10.79,0.944
1456,4,IPMA_simulado,2026-05-23 03:00:00,2026-05-23 03:00:00,2026-05-23 04:00:00,1,0,0.719
1457,1,IPMA_simulado,2026-05-23 04:00:00,2026-05-23 04:00:00,2026-05-23 05:00:00,1,11.42,0.88
1458,2,IPMA_simulado,2026-05-23 04:00:00,2026-05-23 04:00:00,2026-05-23 05:00:00,1,0,0.787
1459,3,IPMA_simulado,2026-05-23 04:00:00,2026-05-23 04:00:00,2026-05-23 05:00:00,1,0.98,0.751
1460,4,IPMA_simulado,2026-05-23 04:00:00,2026-05-23 04:00:00,2026-05-23 05:00:00,1,26.27,0.845
1461,1,IPMA_simulado,2026-05-23 05:00:00,2026-05-23 05:00:00,2026-05-23 06:00:00,1,2.7,0.656
1462,2,IPMA_simulado,2026-05-23 05:00:00,2026-05-23 05:00:00,2026-05-23 06:00:00,1,5.18,0.779
1463,3,IPMA_simulado,2026-05-23 05:00:00,2026-05-23 05:00:00,2026-05-23 06:00:00,1,13.43,0.706
1464,4,IPMA_simulado,2026-05-23 05:00:00,2026-05-23 05:00:00,2026-05-23 06:00:00,1,1.56,0.798
1465,1,IPMA_simulado,2026-05-23 06:00:00,2026-05-23 06:00:00,2026-05-23 07:00:00,1,8.06,0.904
1466,2,IPMA_simulado,2026-05-23 06:00:00,2026-05-23 06:00:00,2026-05-23 07:00:00,1,0,0.726
1467,3,IPMA_simulado,2026-05-23 06:00:00,2026-05-23 06:00:00,2026-05-23 07:00:00,1,13.23,0.778
1468,4,IPMA_simulado,2026-05-23 06:00:00,2026-05-23 06:00:00,2026-05-23 07:00:00,1,16.99,0.827
1469,1,IPMA_simulado,2026-05-23 07:00:00,2026-05-23 07:00:00,2026-05-23 08:00:00,1,0,0.845
1470,2,IPMA_simulado,2026-05-23 07:00:00,2026-05-23 07:00:00,2026-05-23 08:00:00,1,9.41,0.861
1471,3,IPMA_simulado,2026-05-23 07:00:00,2026-05-23 07:00:00,2026-05-23 08:00:00,1,7.73,0.712
1472,4,IPMA_simulado,2026-05-23 07:00:00,2026-05-23 07:00:00,2026-05-23 08:00:00,1,0,0.679
1473,1,IPMA_simulado,2026-05-23 08:00:00,2026-05-23 08:00:00,2026-05-23 09:00:00,1,16.12,0.815
1474,2,IPMA_simulado,2026-05-23 08:00:00,2026-05-23 08:00:00,2026-05-23 09:00:00,1,13.17,0.696
1475,3,IPMA_simulado,2026-05-23 08:00:00,2026-05-23 08:00:00,2026-05-23 09:00:00,1,13.31,0.944
1476,4,IPMA_simulado,2026-05-23 08:00:00,2026-05-23 08:00:00,2026-05-23 09:00:00,1,0,0.911
1477,1,IPMA_simulado,2026-05-23 09:00:00,2026-05-23 09:00:00,2026-05-23 10:00:00,1,2.04,0.802
1478,2,IPMA_simulado,2026-05-23 09:00:00,2026-05-23 09:00:00,2026-05-23 10:00:00,1,24.16,0.726
1479,3,IPMA_simulado,2026-05-23 09:00:00,2026-05-23 09:00:00,2026-05-23 10:00:00,1,5.85,0.676
1480,4,IPMA_simulado,2026-05-23 09:00:00,2026-05-23 09:00:00,2026-05-23 10:00:00,1,0,0.775
1481,1,IPMA_simulado,2026-05-23 10:00:00,2026-05-23 10:00:00,2026-05-23 11:00:00,1,13.61,0.694
1482,2,IPMA_simulado,2026-05-23 10:00:00,2026-05-23 10:00:00,2026-05-23 11:00:00,1,6.97,0.918
1483,3,IPMA_simulado,2026-05-23 10:00:00,2026-05-23 10:00:00,2026-05-23 11:00:00,1,64.86,0.923
1484,4,IPMA_simulado,2026-05-23 10:00:00,2026-05-23 10:00:00,2026-05-23 11:00:00,1,0,0.877
1485,1,IPMA_simulado,2026-05-23 11:00:00,2026-05-23 11:00:00,2026-05-23 12:00:00,1,0,0.944
1486,2,IPMA_simulado,2026-05-23 11:00:00,2026-05-23 11:00:00,2026-05-23 12:00:00,1,4.97,0.934
1487,3,IPMA_simulado,2026-05-23 11:00:00,2026-05-23 11:00:00,2026-05-23 12:00:00,1,0.23,0.881
1488,4,IPMA_simulado,2026-05-23 11:00:00,2026-05-23 11:00:00,2026-05-23 12:00:00,1,6.99,0.93
1489,1,IPMA_simulado,2026-05-23 12:00:00,2026-05-23 12:00:00,2026-05-23 13:00:00,1,13.97,0.83
1490,2,IPMA_simulado,2026-05-23 12:00:00,2026-05-23 12:00:00,2026-05-23 13:00:00,1,0,0.821
1491,3,IPMA_simulado,2026-05-23 12:00:00,2026-05-23 12:00:00,2026-05-23 13:00:00,1,19.38,0.84
1492,4,IPMA_simulado,2026-05-23 12:00:00,2026-05-23 12:00:00,2026-05-23 13:00:00,1,3.78,0.803
1493,1,IPMA_simulado,2026-05-23 13:00:00,2026-05-23 13:00:00,2026-05-23 14:00:00,1,0,0.875
1494,2,IPMA_simulado,2026-05-23 13:00:00,2026-05-23 13:00:00,2026-05-23 14:00:00,1,18.71,0.847
1495,3,IPMA_simulado,2026-05-23 13:00:00,2026-05-23 13:00:00,2026-05-23 14:00:00,1,0.45,0.723
1496,4,IPMA_simulado,2026-05-23 13:00:00,2026-05-23 13:00:00,2026-05-23 14:00:00,1,27.58,0.918
1497,1,IPMA_simulado,2026-05-23 14:00:00,2026-05-23 14:00:00,2026-05-23 15:00:00,1,1.84,0.682
1498,2,IPMA_simulado,2026-05-23 14:00:00,2026-05-23 14:00:00,2026-05-23 15:00:00,1,2.73,0.869
1499,3,IPMA_simulado,2026-05-23 14:00:00,2026-05-23 14:00:00,2026-05-23 15:00:00,1,0,0.724
1500,4,IPMA_simulado,2026-05-23 14:00:00,2026-05-23 14:00:00,2026-05-23 15:00:00,1,0,0.748
1501,1,IPMA_simulado,2026-05-23 15:00:00,2026-05-23 15:00:00,2026-05-23 16:00:00,1,0,0.725
1502,2,IPMA_simulado,2026-05-23 15:00:00,2026-05-23 15:00:00,2026-05-23 16:00:00,1,8.41,0.68
1503,3,IPMA_simulado,2026-05-23 15:00:00,2026-05-23 15:00:00,2026-05-23 16:00:00,1,17.5,0.653
1504,4,IPMA_simulado,2026-05-23 15:00:00,2026-05-23 15:00:00,2026-05-23 16:00:00,1,6.92,0.802
1505,1,IPMA_simulado,2026-05-23 16:00:00,2026-05-23 16:00:00,2026-05-23 17:00:00,1,13.38,0.853
1506,2,IPMA_simulado,2026-05-23 16:00:00,2026-05-23 16:00:00,2026-05-23 17:00:00,1,7.78,0.801
1507,3,IPMA_simulado,2026-05-23 16:00:00,2026-05-23 16:00:00,2026-05-23 17:00:00,1,43.36,0.861
1508,4,IPMA_simulado,2026-05-23 16:00:00,2026-05-23 16:00:00,2026-05-23 17:00:00,1,5.37,0.907
1509,1,IPMA_simulado,2026-05-23 17:00:00,2026-05-23 17:00:00,2026-05-23 18:00:00,1,18.52,0.707
1510,2,IPMA_simulado,2026-05-23 17:00:00,2026-05-23 17:00:00,2026-05-23 18:00:00,1,0,0.742
1511,3,IPMA_simulado,2026-05-23 17:00:00,2026-05-23 17:00:00,2026-05-23 18:00:00,1,7.77,0.664
1512,4,IPMA_simulado,2026-05-23 17:00:00,2026-05-23 17:00:00,2026-05-23 18:00:00,1,0,0.869
1513,1,IPMA_simulado,2026-05-23 18:00:00,2026-05-23 18:00:00,2026-05-23 19:00:00,1,7.07,0.914
1514,2,IPMA_simulado,2026-05-23 18:00:00,2026-05-23 18:00:00,2026-05-23 19:00:00,1,6.05,0.712
1515,3,IPMA_simulado,2026-05-23 18:00:00,2026-05-23 18:00:00,2026-05-23 19:00:00,1,0,0.861
1516,4,IPMA_simulado,2026-05-23 18:00:00,2026-05-23 18:00:00,2026-05-23 19:00:00,1,4.69,0.655
1517,1,IPMA_simulado,2026-05-23 19:00:00,2026-05-23 19:00:00,2026-05-23 20:00:00,1,32.83,0.844
1518,2,IPMA_simulado,2026-05-23 19:00:00,2026-05-23 19:00:00,2026-05-23 20:00:00,1,16.61,0.702
1519,3,IPMA_simulado,2026-05-23 19:00:00,2026-05-23 19:00:00,2026-05-23 20:00:00,1,7.62,0.859
1520,4,IPMA_simulado,2026-05-23 19:00:00,2026-05-23 19:00:00,2026-05-23 20:00:00,1,31.35,0.894
1521,1,IPMA_simulado,2026-05-23 20:00:00,2026-05-23 20:00:00,2026-05-23 21:00:00,1,8.22,0.813
1522,2,IPMA_simulado,2026-05-23 20:00:00,2026-05-23 20:00:00,2026-05-23 21:00:00,1,36.75,0.847
1523,3,IPMA_simulado,2026-05-23 20:00:00,2026-05-23 20:00:00,2026-05-23 21:00:00,1,15.49,0.651
1524,4,IPMA_simulado,2026-05-23 20:00:00,2026-05-23 20:00:00,2026-05-23 21:00:00,1,8.62,0.755
1525,1,IPMA_simulado,2026-05-23 21:00:00,2026-05-23 21:00:00,2026-05-23 22:00:00,1,0,0.874
1526,2,IPMA_simulado,2026-05-23 21:00:00,2026-05-23 21:00:00,2026-05-23 22:00:00,1,13.49,0.801
1527,3,IPMA_simulado,2026-05-23 21:00:00,2026-05-23 21:00:00,2026-05-23 22:00:00,1,7.58,0.756
1528,4,IPMA_simulado,2026-05-23 21:00:00,2026-05-23 21:00:00,2026-05-23 22:00:00,1,19.84,0.944
1529,1,IPMA_simulado,2026-05-23 22:00:00,2026-05-23 22:00:00,2026-05-23 23:00:00,1,11.71,0.914
1530,2,IPMA_simulado,2026-05-23 22:00:00,2026-05-23 22:00:00,2026-05-23 23:00:00,1,28.42,0.727
1531,3,IPMA_simulado,2026-05-23 22:00:00,2026-05-23 22:00:00,2026-05-23 23:00:00,1,0.34,0.824
1532,4,IPMA_simulado,2026-05-23 22:00:00,2026-05-23 22:00:00,2026-05-23 23:00:00,1,0,0.857
1533,1,IPMA_simulado,2026-05-23 23:00:00,2026-05-23 23:00:00,2026-05-24 00:00:00,1,5.82,0.679
1534,2,IPMA_simulado,2026-05-23 23:00:00,2026-05-23 23:00:00,2026-05-24 00:00:00,1,0,0.661
1535,3,IPMA_simulado,2026-05-23 23:00:00,2026-05-23 23:00:00,2026-05-24 00:00:00,1,0,0.756
1536,4,IPMA_simulado,2026-05-23 23:00:00,2026-05-23 23:00:00,2026-05-24 00:00:00,1,64.9,0.811
1537,1,IPMA_simulado,2026-05-24 00:00:00,2026-05-24 00:00:00,2026-05-24 01:00:00,1,0,0.731
1538,2,IPMA_simulado,2026-05-24 00:00:00,2026-05-24 00:00:00,2026-05-24 01:00:00,1,5.31,0.818
1539,3,IPMA_simulado,2026-05-24 00:00:00,2026-05-24 00:00:00,2026-05-24 01:00:00,1,18.64,0.751
1540,4,IPMA_simulado,2026-05-24 00:00:00,2026-05-24 00:00:00,2026-05-24 01:00:00,1,0,0.82
1541,1,IPMA_simulado,2026-05-24 01:00:00,2026-05-24 01:00:00,2026-05-24 02:00:00,1,6.62,0.694
1542,2,IPMA_simulado,2026-05-24 01:00:00,2026-05-24 01:00:00,2026-05-24 02:00:00,1,8.86,0.756
1543,3,IPMA_simulado,2026-05-24 01:00:00,2026-05-24 01:00:00,2026-05-24 02:00:00,1,0,0.848
1544,4,IPMA_simulado,2026-05-24 01:00:00,2026-05-24 01:00:00,2026-05-24 02:00:00,1,0,0.725
1545,1,IPMA_simulado,2026-05-24 02:00:00,2026-05-24 02:00:00,2026-05-24 03:00:00,1,6.61,0.912
1546,2,IPMA_simulado,2026-05-24 02:00:00,2026-05-24 02:00:00,2026-05-24 03:00:00,1,62.26,0.667
1547,3,IPMA_simulado,2026-05-24 02:00:00,2026-05-24 02:00:00,2026-05-24 03:00:00,1,7.4,0.652
1548,4,IPMA_simulado,2026-05-24 02:00:00,2026-05-24 02:00:00,2026-05-24 03:00:00,1,23.59,0.861
1549,1,IPMA_simulado,2026-05-24 03:00:00,2026-05-24 03:00:00,2026-05-24 04:00:00,1,4.16,0.912
1550,2,IPMA_simulado,2026-05-24 03:00:00,2026-05-24 03:00:00,2026-05-24 04:00:00,1,62.68,0.871
1551,3,IPMA_simulado,2026-05-24 03:00:00,2026-05-24 03:00:00,2026-05-24 04:00:00,1,9.21,0.79
1552,4,IPMA_simulado,2026-05-24 03:00:00,2026-05-24 03:00:00,2026-05-24 04:00:00,1,25.73,0.729
1553,1,IPMA_simulado,2026-05-24 04:00:00,2026-05-24 04:00:00,2026-05-24 05:00:00,1,0,0.949
1554,2,IPMA_simulado,2026-05-24 04:00:00,2026-05-24 04:00:00,2026-05-24 05:00:00,1,7.93,0.73
1555,3,IPMA_simulado,2026-05-24 04:00:00,2026-05-24 04:00:00,2026-05-24 05:00:00,1,2.19,0.728
1556,4,IPMA_simulado,2026-05-24 04:00:00,2026-05-24 04:00:00,2026-05-24 05:00:00,1,5.1,0.692
1557,1,IPMA_simulado,2026-05-24 05:00:00,2026-05-24 05:00:00,2026-05-24 06:00:00,1,0,0.813
1558,2,IPMA_simulado,2026-05-24 05:00:00,2026-05-24 05:00:00,2026-05-24 06:00:00,1,23.62,0.665
1559,3,IPMA_simulado,2026-05-24 05:00:00,2026-05-24 05:00:00,2026-05-24 06:00:00,1,41.07,0.861
1560,4,IPMA_simulado,2026-05-24 05:00:00,2026-05-24 05:00:00,2026-05-24 06:00:00,1,3.8,0.789
1561,1,IPMA_simulado,2026-05-24 06:00:00,2026-05-24 06:00:00,2026-05-24 07:00:00,1,9.63,0.901
1562,2,IPMA_simulado,2026-05-24 06:00:00,2026-05-24 06:00:00,2026-05-24 07:00:00,1,0,0.803
1563,3,IPMA_simulado,2026-05-24 06:00:00,2026-05-24 06:00:00,2026-05-24 07:00:00,1,8.45,0.671
1564,4,IPMA_simulado,2026-05-24 06:00:00,2026-05-24 06:00:00,2026-05-24 07:00:00,1,0,0.692
1565,1,IPMA_simulado,2026-05-24 07:00:00,2026-05-24 07:00:00,2026-05-24 08:00:00,1,23.01,0.884
1566,2,IPMA_simulado,2026-05-24 07:00:00,2026-05-24 07:00:00,2026-05-24 08:00:00,1,18.23,0.804
1567,3,IPMA_simulado,2026-05-24 07:00:00,2026-05-24 07:00:00,2026-05-24 08:00:00,1,8.5,0.832
1568,4,IPMA_simulado,2026-05-24 07:00:00,2026-05-24 07:00:00,2026-05-24 08:00:00,1,26.42,0.948
1569,1,IPMA_simulado,2026-05-24 08:00:00,2026-05-24 08:00:00,2026-05-24 09:00:00,1,0,0.716
1570,2,IPMA_simulado,2026-05-24 08:00:00,2026-05-24 08:00:00,2026-05-24 09:00:00,1,3.84,0.869
1571,3,IPMA_simulado,2026-05-24 08:00:00,2026-05-24 08:00:00,2026-05-24 09:00:00,1,28.76,0.935
1572,4,IPMA_simulado,2026-05-24 08:00:00,2026-05-24 08:00:00,2026-05-24 09:00:00,1,4.54,0.777
1573,1,IPMA_simulado,2026-05-24 09:00:00,2026-05-24 09:00:00,2026-05-24 10:00:00,1,17.37,0.849
1574,2,IPMA_simulado,2026-05-24 09:00:00,2026-05-24 09:00:00,2026-05-24 10:00:00,1,0,0.819
1575,3,IPMA_simulado,2026-05-24 09:00:00,2026-05-24 09:00:00,2026-05-24 10:00:00,1,9.95,0.694
1576,4,IPMA_simulado,2026-05-24 09:00:00,2026-05-24 09:00:00,2026-05-24 10:00:00,1,4.63,0.768
1577,1,IPMA_simulado,2026-05-24 10:00:00,2026-05-24 10:00:00,2026-05-24 11:00:00,1,3.55,0.875
1578,2,IPMA_simulado,2026-05-24 10:00:00,2026-05-24 10:00:00,2026-05-24 11:00:00,1,0,0.732
1579,3,IPMA_simulado,2026-05-24 10:00:00,2026-05-24 10:00:00,2026-05-24 11:00:00,1,5.36,0.822
1580,4,IPMA_simulado,2026-05-24 10:00:00,2026-05-24 10:00:00,2026-05-24 11:00:00,1,47.42,0.682
1581,1,IPMA_simulado,2026-05-24 11:00:00,2026-05-24 11:00:00,2026-05-24 12:00:00,1,17.51,0.759
1582,2,IPMA_simulado,2026-05-24 11:00:00,2026-05-24 11:00:00,2026-05-24 12:00:00,1,0,0.763
1583,3,IPMA_simulado,2026-05-24 11:00:00,2026-05-24 11:00:00,2026-05-24 12:00:00,1,8.21,0.903
1584,4,IPMA_simulado,2026-05-24 11:00:00,2026-05-24 11:00:00,2026-05-24 12:00:00,1,6.51,0.85
1585,1,IPMA_simulado,2026-05-24 12:00:00,2026-05-24 12:00:00,2026-05-24 13:00:00,1,3.1,0.93
1586,2,IPMA_simulado,2026-05-24 12:00:00,2026-05-24 12:00:00,2026-05-24 13:00:00,1,0,0.674
1587,3,IPMA_simulado,2026-05-24 12:00:00,2026-05-24 12:00:00,2026-05-24 13:00:00,1,0,0.732
1588,4,IPMA_simulado,2026-05-24 12:00:00,2026-05-24 12:00:00,2026-05-24 13:00:00,1,0,0.669
1589,1,IPMA_simulado,2026-05-24 13:00:00,2026-05-24 13:00:00,2026-05-24 14:00:00,1,12.25,0.848
1590,2,IPMA_simulado,2026-05-24 13:00:00,2026-05-24 13:00:00,2026-05-24 14:00:00,1,20.78,0.912
1591,3,IPMA_simulado,2026-05-24 13:00:00,2026-05-24 13:00:00,2026-05-24 14:00:00,1,2.86,0.662
1592,4,IPMA_simulado,2026-05-24 13:00:00,2026-05-24 13:00:00,2026-05-24 14:00:00,1,0,0.688
1593,1,IPMA_simulado,2026-05-24 14:00:00,2026-05-24 14:00:00,2026-05-24 15:00:00,1,24.96,0.692
1594,2,IPMA_simulado,2026-05-24 14:00:00,2026-05-24 14:00:00,2026-05-24 15:00:00,1,0,0.737
1595,3,IPMA_simulado,2026-05-24 14:00:00,2026-05-24 14:00:00,2026-05-24 15:00:00,1,2.51,0.657
1596,4,IPMA_simulado,2026-05-24 14:00:00,2026-05-24 14:00:00,2026-05-24 15:00:00,1,14.99,0.733
1597,1,IPMA_simulado,2026-05-24 15:00:00,2026-05-24 15:00:00,2026-05-24 16:00:00,1,34.52,0.689
1598,2,IPMA_simulado,2026-05-24 15:00:00,2026-05-24 15:00:00,2026-05-24 16:00:00,1,0,0.824
1599,3,IPMA_simulado,2026-05-24 15:00:00,2026-05-24 15:00:00,2026-05-24 16:00:00,1,12.73,0.751
1600,4,IPMA_simulado,2026-05-24 15:00:00,2026-05-24 15:00:00,2026-05-24 16:00:00,1,35.34,0.928
1601,1,IPMA_simulado,2026-05-24 16:00:00,2026-05-24 16:00:00,2026-05-24 17:00:00,1,0,0.73
1602,2,IPMA_simulado,2026-05-24 16:00:00,2026-05-24 16:00:00,2026-05-24 17:00:00,1,0,0.863
1603,3,IPMA_simulado,2026-05-24 16:00:00,2026-05-24 16:00:00,2026-05-24 17:00:00,1,6.48,0.719
1604,4,IPMA_simulado,2026-05-24 16:00:00,2026-05-24 16:00:00,2026-05-24 17:00:00,1,19.82,0.781
1605,1,IPMA_simulado,2026-05-24 17:00:00,2026-05-24 17:00:00,2026-05-24 18:00:00,1,2.5,0.808
1606,2,IPMA_simulado,2026-05-24 17:00:00,2026-05-24 17:00:00,2026-05-24 18:00:00,1,5.61,0.711
1607,3,IPMA_simulado,2026-05-24 17:00:00,2026-05-24 17:00:00,2026-05-24 18:00:00,1,6.91,0.768
1608,4,IPMA_simulado,2026-05-24 17:00:00,2026-05-24 17:00:00,2026-05-24 18:00:00,1,0.59,0.831
1609,1,IPMA_simulado,2026-05-24 18:00:00,2026-05-24 18:00:00,2026-05-24 19:00:00,1,0,0.895
1610,2,IPMA_simulado,2026-05-24 18:00:00,2026-05-24 18:00:00,2026-05-24 19:00:00,1,2.76,0.847
1611,3,IPMA_simulado,2026-05-24 18:00:00,2026-05-24 18:00:00,2026-05-24 19:00:00,1,3.12,0.925
1612,4,IPMA_simulado,2026-05-24 18:00:00,2026-05-24 18:00:00,2026-05-24 19:00:00,1,19.73,0.905
1613,1,IPMA_simulado,2026-05-24 19:00:00,2026-05-24 19:00:00,2026-05-24 20:00:00,1,8.19,0.652
1614,2,IPMA_simulado,2026-05-24 19:00:00,2026-05-24 19:00:00,2026-05-24 20:00:00,1,16.25,0.861
1615,3,IPMA_simulado,2026-05-24 19:00:00,2026-05-24 19:00:00,2026-05-24 20:00:00,1,26.43,0.755
1616,4,IPMA_simulado,2026-05-24 19:00:00,2026-05-24 19:00:00,2026-05-24 20:00:00,1,9.05,0.924
1617,1,IPMA_simulado,2026-05-24 20:00:00,2026-05-24 20:00:00,2026-05-24 21:00:00,1,0,0.867
1618,2,IPMA_simulado,2026-05-24 20:00:00,2026-05-24 20:00:00,2026-05-24 21:00:00,1,0,0.714
1619,3,IPMA_simulado,2026-05-24 20:00:00,2026-05-24 20:00:00,2026-05-24 21:00:00,1,0.82,0.686
1620,4,IPMA_simulado,2026-05-24 20:00:00,2026-05-24 20:00:00,2026-05-24 21:00:00,1,1.86,0.852
1621,1,IPMA_simulado,2026-05-24 21:00:00,2026-05-24 21:00:00,2026-05-24 22:00:00,1,0,0.657
1622,2,IPMA_simulado,2026-05-24 21:00:00,2026-05-24 21:00:00,2026-05-24 22:00:00,1,6.14,0.785
1623,3,IPMA_simulado,2026-05-24 21:00:00,2026-05-24 21:00:00,2026-05-24 22:00:00,1,8.26,0.782
1624,4,IPMA_simulado,2026-05-24 21:00:00,2026-05-24 21:00:00,2026-05-24 22:00:00,1,6.03,0.7
1625,1,IPMA_simulado,2026-05-24 22:00:00,2026-05-24 22:00:00,2026-05-24 23:00:00,1,0,0.671
1626,2,IPMA_simulado,2026-05-24 22:00:00,2026-05-24 22:00:00,2026-05-24 23:00:00,1,0,0.796
1627,3,IPMA_simulado,2026-05-24 22:00:00,2026-05-24 22:00:00,2026-05-24 23:00:00,1,11.51,0.704
1628,4,IPMA_simulado,2026-05-24 22:00:00,2026-05-24 22:00:00,2026-05-24 23:00:00,1,0,0.947
1629,1,IPMA_simulado,2026-05-24 23:00:00,2026-05-24 23:00:00,2026-05-25 00:00:00,1,9.25,0.827
1630,2,IPMA_simulado,2026-05-24 23:00:00,2026-05-24 23:00:00,2026-05-25 00:00:00,1,6.71,0.947
1631,3,IPMA_simulado,2026-05-24 23:00:00,2026-05-24 23:00:00,2026-05-25 00:00:00,1,6.53,0.839
1632,4,IPMA_simulado,2026-05-24 23:00:00,2026-05-24 23:00:00,2026-05-25 00:00:00,1,13.77,0.929
1633,1,IPMA_simulado,2026-05-25 00:00:00,2026-05-25 00:00:00,2026-05-25 01:00:00,1,0,0.75
1634,2,IPMA_simulado,2026-05-25 00:00:00,2026-05-25 00:00:00,2026-05-25 01:00:00,1,0,0.794
1635,3,IPMA_simulado,2026-05-25 00:00:00,2026-05-25 00:00:00,2026-05-25 01:00:00,1,22.69,0.765
1636,4,IPMA_simulado,2026-05-25 00:00:00,2026-05-25 00:00:00,2026-05-25 01:00:00,1,0,0.898
1637,1,IPMA_simulado,2026-05-25 01:00:00,2026-05-25 01:00:00,2026-05-25 02:00:00,1,7.55,0.737
1638,2,IPMA_simulado,2026-05-25 01:00:00,2026-05-25 01:00:00,2026-05-25 02:00:00,1,11.64,0.863
1639,3,IPMA_simulado,2026-05-25 01:00:00,2026-05-25 01:00:00,2026-05-25 02:00:00,1,1.77,0.914
1640,4,IPMA_simulado,2026-05-25 01:00:00,2026-05-25 01:00:00,2026-05-25 02:00:00,1,17.71,0.678
1641,1,IPMA_simulado,2026-05-25 02:00:00,2026-05-25 02:00:00,2026-05-25 03:00:00,1,15.88,0.714
1642,2,IPMA_simulado,2026-05-25 02:00:00,2026-05-25 02:00:00,2026-05-25 03:00:00,1,17.69,0.817
1643,3,IPMA_simulado,2026-05-25 02:00:00,2026-05-25 02:00:00,2026-05-25 03:00:00,1,12.56,0.69
1644,4,IPMA_simulado,2026-05-25 02:00:00,2026-05-25 02:00:00,2026-05-25 03:00:00,1,11.21,0.759
1645,1,IPMA_simulado,2026-05-25 03:00:00,2026-05-25 03:00:00,2026-05-25 04:00:00,1,28.07,0.777
1646,2,IPMA_simulado,2026-05-25 03:00:00,2026-05-25 03:00:00,2026-05-25 04:00:00,1,12.51,0.675
1647,3,IPMA_simulado,2026-05-25 03:00:00,2026-05-25 03:00:00,2026-05-25 04:00:00,1,7.05,0.679
1648,4,IPMA_simulado,2026-05-25 03:00:00,2026-05-25 03:00:00,2026-05-25 04:00:00,1,17.54,0.781
1649,1,IPMA_simulado,2026-05-25 04:00:00,2026-05-25 04:00:00,2026-05-25 05:00:00,1,13.24,0.746
1650,2,IPMA_simulado,2026-05-25 04:00:00,2026-05-25 04:00:00,2026-05-25 05:00:00,1,16.38,0.729
1651,3,IPMA_simulado,2026-05-25 04:00:00,2026-05-25 04:00:00,2026-05-25 05:00:00,1,5.64,0.813
1652,4,IPMA_simulado,2026-05-25 04:00:00,2026-05-25 04:00:00,2026-05-25 05:00:00,1,0,0.864
1653,1,IPMA_simulado,2026-05-25 05:00:00,2026-05-25 05:00:00,2026-05-25 06:00:00,1,6.89,0.708
1654,2,IPMA_simulado,2026-05-25 05:00:00,2026-05-25 05:00:00,2026-05-25 06:00:00,1,6.53,0.713
1655,3,IPMA_simulado,2026-05-25 05:00:00,2026-05-25 05:00:00,2026-05-25 06:00:00,1,14.16,0.934
1656,4,IPMA_simulado,2026-05-25 05:00:00,2026-05-25 05:00:00,2026-05-25 06:00:00,1,0,0.843
1657,1,IPMA_simulado,2026-05-25 06:00:00,2026-05-25 06:00:00,2026-05-25 07:00:00,1,0,0.902
1658,2,IPMA_simulado,2026-05-25 06:00:00,2026-05-25 06:00:00,2026-05-25 07:00:00,1,11.17,0.69
1659,3,IPMA_simulado,2026-05-25 06:00:00,2026-05-25 06:00:00,2026-05-25 07:00:00,1,48.61,0.706
1660,4,IPMA_simulado,2026-05-25 06:00:00,2026-05-25 06:00:00,2026-05-25 07:00:00,1,0,0.768
1661,1,IPMA_simulado,2026-05-25 07:00:00,2026-05-25 07:00:00,2026-05-25 08:00:00,1,0,0.71
1662,2,IPMA_simulado,2026-05-25 07:00:00,2026-05-25 07:00:00,2026-05-25 08:00:00,1,7.91,0.691
1663,3,IPMA_simulado,2026-05-25 07:00:00,2026-05-25 07:00:00,2026-05-25 08:00:00,1,19.44,0.758
1664,4,IPMA_simulado,2026-05-25 07:00:00,2026-05-25 07:00:00,2026-05-25 08:00:00,1,0,0.916
1665,1,IPMA_simulado,2026-05-25 08:00:00,2026-05-25 08:00:00,2026-05-25 09:00:00,1,4.31,0.768
1666,2,IPMA_simulado,2026-05-25 08:00:00,2026-05-25 08:00:00,2026-05-25 09:00:00,1,8.71,0.945
1667,3,IPMA_simulado,2026-05-25 08:00:00,2026-05-25 08:00:00,2026-05-25 09:00:00,1,8.42,0.896
1668,4,IPMA_simulado,2026-05-25 08:00:00,2026-05-25 08:00:00,2026-05-25 09:00:00,1,42,0.898
1669,1,IPMA_simulado,2026-05-25 09:00:00,2026-05-25 09:00:00,2026-05-25 10:00:00,1,8.73,0.768
1670,2,IPMA_simulado,2026-05-25 09:00:00,2026-05-25 09:00:00,2026-05-25 10:00:00,1,4.22,0.904
1671,3,IPMA_simulado,2026-05-25 09:00:00,2026-05-25 09:00:00,2026-05-25 10:00:00,1,0,0.751
1672,4,IPMA_simulado,2026-05-25 09:00:00,2026-05-25 09:00:00,2026-05-25 10:00:00,1,13.78,0.656
1673,1,IPMA_simulado,2026-05-25 10:00:00,2026-05-25 10:00:00,2026-05-25 11:00:00,1,0,0.83
1674,2,IPMA_simulado,2026-05-25 10:00:00,2026-05-25 10:00:00,2026-05-25 11:00:00,1,8.82,0.849
1675,3,IPMA_simulado,2026-05-25 10:00:00,2026-05-25 10:00:00,2026-05-25 11:00:00,1,1.41,0.794
1676,4,IPMA_simulado,2026-05-25 10:00:00,2026-05-25 10:00:00,2026-05-25 11:00:00,1,12.48,0.823
1677,1,IPMA_simulado,2026-05-25 11:00:00,2026-05-25 11:00:00,2026-05-25 12:00:00,1,1.45,0.847
1678,2,IPMA_simulado,2026-05-25 11:00:00,2026-05-25 11:00:00,2026-05-25 12:00:00,1,4.27,0.69
1679,3,IPMA_simulado,2026-05-25 11:00:00,2026-05-25 11:00:00,2026-05-25 12:00:00,1,3.4,0.666
1680,4,IPMA_simulado,2026-05-25 11:00:00,2026-05-25 11:00:00,2026-05-25 12:00:00,1,6.5,0.809
1681,1,IPMA_simulado,2026-05-25 12:00:00,2026-05-25 12:00:00,2026-05-25 13:00:00,1,4.98,0.928
1682,2,IPMA_simulado,2026-05-25 12:00:00,2026-05-25 12:00:00,2026-05-25 13:00:00,1,3.19,0.811
1683,3,IPMA_simulado,2026-05-25 12:00:00,2026-05-25 12:00:00,2026-05-25 13:00:00,1,3.75,0.709
1684,4,IPMA_simulado,2026-05-25 12:00:00,2026-05-25 12:00:00,2026-05-25 13:00:00,1,4.62,0.784
1685,1,IPMA_simulado,2026-05-25 13:00:00,2026-05-25 13:00:00,2026-05-25 14:00:00,1,3.94,0.715
1686,2,IPMA_simulado,2026-05-25 13:00:00,2026-05-25 13:00:00,2026-05-25 14:00:00,1,6.1,0.736
1687,3,IPMA_simulado,2026-05-25 13:00:00,2026-05-25 13:00:00,2026-05-25 14:00:00,1,0,0.889
1688,4,IPMA_simulado,2026-05-25 13:00:00,2026-05-25 13:00:00,2026-05-25 14:00:00,1,1.31,0.864
1689,1,IPMA_simulado,2026-05-25 14:00:00,2026-05-25 14:00:00,2026-05-25 15:00:00,1,0,0.802
1690,2,IPMA_simulado,2026-05-25 14:00:00,2026-05-25 14:00:00,2026-05-25 15:00:00,1,12.55,0.834
1691,3,IPMA_simulado,2026-05-25 14:00:00,2026-05-25 14:00:00,2026-05-25 15:00:00,1,4.54,0.689
1692,4,IPMA_simulado,2026-05-25 14:00:00,2026-05-25 14:00:00,2026-05-25 15:00:00,1,8.65,0.653
1693,1,IPMA_simulado,2026-05-25 15:00:00,2026-05-25 15:00:00,2026-05-25 16:00:00,1,10.07,0.806
1694,2,IPMA_simulado,2026-05-25 15:00:00,2026-05-25 15:00:00,2026-05-25 16:00:00,1,18.53,0.829
1695,3,IPMA_simulado,2026-05-25 15:00:00,2026-05-25 15:00:00,2026-05-25 16:00:00,1,12.67,0.68
1696,4,IPMA_simulado,2026-05-25 15:00:00,2026-05-25 15:00:00,2026-05-25 16:00:00,1,9.99,0.948
1697,1,IPMA_simulado,2026-05-25 16:00:00,2026-05-25 16:00:00,2026-05-25 17:00:00,1,0,0.759
1698,2,IPMA_simulado,2026-05-25 16:00:00,2026-05-25 16:00:00,2026-05-25 17:00:00,1,15.53,0.795
1699,3,IPMA_simulado,2026-05-25 16:00:00,2026-05-25 16:00:00,2026-05-25 17:00:00,1,3.66,0.806
1700,4,IPMA_simulado,2026-05-25 16:00:00,2026-05-25 16:00:00,2026-05-25 17:00:00,1,11.36,0.744
1701,1,IPMA_simulado,2026-05-25 17:00:00,2026-05-25 17:00:00,2026-05-25 18:00:00,1,10.36,0.886
1702,2,IPMA_simulado,2026-05-25 17:00:00,2026-05-25 17:00:00,2026-05-25 18:00:00,1,5.08,0.942
1703,3,IPMA_simulado,2026-05-25 17:00:00,2026-05-25 17:00:00,2026-05-25 18:00:00,1,30.02,0.669
1704,4,IPMA_simulado,2026-05-25 17:00:00,2026-05-25 17:00:00,2026-05-25 18:00:00,1,0,0.8
1705,1,IPMA_simulado,2026-05-25 18:00:00,2026-05-25 18:00:00,2026-05-25 19:00:00,1,0.99,0.787
1706,2,IPMA_simulado,2026-05-25 18:00:00,2026-05-25 18:00:00,2026-05-25 19:00:00,1,27.53,0.685
1707,3,IPMA_simulado,2026-05-25 18:00:00,2026-05-25 18:00:00,2026-05-25 19:00:00,1,9.94,0.685
1708,4,IPMA_simulado,2026-05-25 18:00:00,2026-05-25 18:00:00,2026-05-25 19:00:00,1,2.2,0.723
1709,1,IPMA_simulado,2026-05-25 19:00:00,2026-05-25 19:00:00,2026-05-25 20:00:00,1,0,0.887
1710,2,IPMA_simulado,2026-05-25 19:00:00,2026-05-25 19:00:00,2026-05-25 20:00:00,1,0,0.948
1711,3,IPMA_simulado,2026-05-25 19:00:00,2026-05-25 19:00:00,2026-05-25 20:00:00,1,0.64,0.671
1712,4,IPMA_simulado,2026-05-25 19:00:00,2026-05-25 19:00:00,2026-05-25 20:00:00,1,0,0.827
1713,1,IPMA_simulado,2026-05-25 20:00:00,2026-05-25 20:00:00,2026-05-25 21:00:00,1,1.87,0.815
1714,2,IPMA_simulado,2026-05-25 20:00:00,2026-05-25 20:00:00,2026-05-25 21:00:00,1,0,0.885
1715,3,IPMA_simulado,2026-05-25 20:00:00,2026-05-25 20:00:00,2026-05-25 21:00:00,1,29.51,0.949
1716,4,IPMA_simulado,2026-05-25 20:00:00,2026-05-25 20:00:00,2026-05-25 21:00:00,1,20.5,0.914
1717,1,IPMA_simulado,2026-05-25 21:00:00,2026-05-25 21:00:00,2026-05-25 22:00:00,1,3.37,0.757
1718,2,IPMA_simulado,2026-05-25 21:00:00,2026-05-25 21:00:00,2026-05-25 22:00:00,1,1.09,0.768
1719,3,IPMA_simulado,2026-05-25 21:00:00,2026-05-25 21:00:00,2026-05-25 22:00:00,1,14.68,0.706
1720,4,IPMA_simulado,2026-05-25 21:00:00,2026-05-25 21:00:00,2026-05-25 22:00:00,1,5.26,0.667
1721,1,IPMA_simulado,2026-05-25 22:00:00,2026-05-25 22:00:00,2026-05-25 23:00:00,1,29.77,0.659
1722,2,IPMA_simulado,2026-05-25 22:00:00,2026-05-25 22:00:00,2026-05-25 23:00:00,1,7.55,0.757
1723,3,IPMA_simulado,2026-05-25 22:00:00,2026-05-25 22:00:00,2026-05-25 23:00:00,1,0,0.849
1724,4,IPMA_simulado,2026-05-25 22:00:00,2026-05-25 22:00:00,2026-05-25 23:00:00,1,9.96,0.843
1725,1,IPMA_simulado,2026-05-25 23:00:00,2026-05-25 23:00:00,2026-05-26 00:00:00,1,0,0.944
1726,2,IPMA_simulado,2026-05-25 23:00:00,2026-05-25 23:00:00,2026-05-26 00:00:00,1,18.7,0.825
1727,3,IPMA_simulado,2026-05-25 23:00:00,2026-05-25 23:00:00,2026-05-26 00:00:00,1,5.59,0.703
1728,4,IPMA_simulado,2026-05-25 23:00:00,2026-05-25 23:00:00,2026-05-26 00:00:00,1,7.53,0.834
1729,1,IPMA_simulado,2026-05-26 00:00:00,2026-05-26 00:00:00,2026-05-26 01:00:00,1,11.45,0.835
1730,2,IPMA_simulado,2026-05-26 00:00:00,2026-05-26 00:00:00,2026-05-26 01:00:00,1,5.64,0.767
1731,3,IPMA_simulado,2026-05-26 00:00:00,2026-05-26 00:00:00,2026-05-26 01:00:00,1,0.08,0.673
1732,4,IPMA_simulado,2026-05-26 00:00:00,2026-05-26 00:00:00,2026-05-26 01:00:00,1,0,0.902
1733,1,IPMA_simulado,2026-05-26 01:00:00,2026-05-26 01:00:00,2026-05-26 02:00:00,1,12.19,0.722
1734,2,IPMA_simulado,2026-05-26 01:00:00,2026-05-26 01:00:00,2026-05-26 02:00:00,1,70,0.916
1735,3,IPMA_simulado,2026-05-26 01:00:00,2026-05-26 01:00:00,2026-05-26 02:00:00,1,0,0.85
1736,4,IPMA_simulado,2026-05-26 01:00:00,2026-05-26 01:00:00,2026-05-26 02:00:00,1,13.14,0.69
1737,1,IPMA_simulado,2026-05-26 02:00:00,2026-05-26 02:00:00,2026-05-26 03:00:00,1,5.13,0.835
1738,2,IPMA_simulado,2026-05-26 02:00:00,2026-05-26 02:00:00,2026-05-26 03:00:00,1,2.89,0.753
1739,3,IPMA_simulado,2026-05-26 02:00:00,2026-05-26 02:00:00,2026-05-26 03:00:00,1,17.68,0.751
1740,4,IPMA_simulado,2026-05-26 02:00:00,2026-05-26 02:00:00,2026-05-26 03:00:00,1,11.7,0.666
1741,1,IPMA_simulado,2026-05-26 03:00:00,2026-05-26 03:00:00,2026-05-26 04:00:00,1,7.51,0.869
1742,2,IPMA_simulado,2026-05-26 03:00:00,2026-05-26 03:00:00,2026-05-26 04:00:00,1,0,0.752
1743,3,IPMA_simulado,2026-05-26 03:00:00,2026-05-26 03:00:00,2026-05-26 04:00:00,1,0,0.831
1744,4,IPMA_simulado,2026-05-26 03:00:00,2026-05-26 03:00:00,2026-05-26 04:00:00,1,0,0.816
1745,1,IPMA_simulado,2026-05-26 04:00:00,2026-05-26 04:00:00,2026-05-26 05:00:00,1,1.25,0.946
1746,2,IPMA_simulado,2026-05-26 04:00:00,2026-05-26 04:00:00,2026-05-26 05:00:00,1,16.34,0.836
1747,3,IPMA_simulado,2026-05-26 04:00:00,2026-05-26 04:00:00,2026-05-26 05:00:00,1,6.54,0.676
1748,4,IPMA_simulado,2026-05-26 04:00:00,2026-05-26 04:00:00,2026-05-26 05:00:00,1,0,0.802
1749,1,IPMA_simulado,2026-05-26 05:00:00,2026-05-26 05:00:00,2026-05-26 06:00:00,1,0,0.839
1750,2,IPMA_simulado,2026-05-26 05:00:00,2026-05-26 05:00:00,2026-05-26 06:00:00,1,0,0.651
1751,3,IPMA_simulado,2026-05-26 05:00:00,2026-05-26 05:00:00,2026-05-26 06:00:00,1,9.34,0.91
1752,4,IPMA_simulado,2026-05-26 05:00:00,2026-05-26 05:00:00,2026-05-26 06:00:00,1,18.13,0.813
1753,1,IPMA_simulado,2026-05-26 06:00:00,2026-05-26 06:00:00,2026-05-26 07:00:00,1,21.45,0.739
1754,2,IPMA_simulado,2026-05-26 06:00:00,2026-05-26 06:00:00,2026-05-26 07:00:00,1,0,0.899
1755,3,IPMA_simulado,2026-05-26 06:00:00,2026-05-26 06:00:00,2026-05-26 07:00:00,1,0,0.821
1756,4,IPMA_simulado,2026-05-26 06:00:00,2026-05-26 06:00:00,2026-05-26 07:00:00,1,0,0.729
1757,1,IPMA_simulado,2026-05-26 07:00:00,2026-05-26 07:00:00,2026-05-26 08:00:00,1,1.26,0.769
1758,2,IPMA_simulado,2026-05-26 07:00:00,2026-05-26 07:00:00,2026-05-26 08:00:00,1,0,0.677
1759,3,IPMA_simulado,2026-05-26 07:00:00,2026-05-26 07:00:00,2026-05-26 08:00:00,1,10.03,0.765
1760,4,IPMA_simulado,2026-05-26 07:00:00,2026-05-26 07:00:00,2026-05-26 08:00:00,1,0,0.758
1761,1,IPMA_simulado,2026-05-26 08:00:00,2026-05-26 08:00:00,2026-05-26 09:00:00,1,0,0.692
1762,2,IPMA_simulado,2026-05-26 08:00:00,2026-05-26 08:00:00,2026-05-26 09:00:00,1,15.73,0.841
1763,3,IPMA_simulado,2026-05-26 08:00:00,2026-05-26 08:00:00,2026-05-26 09:00:00,1,4.96,0.766
1764,4,IPMA_simulado,2026-05-26 08:00:00,2026-05-26 08:00:00,2026-05-26 09:00:00,1,6.02,0.798
1765,1,IPMA_simulado,2026-05-26 09:00:00,2026-05-26 09:00:00,2026-05-26 10:00:00,1,0,0.682
1766,2,IPMA_simulado,2026-05-26 09:00:00,2026-05-26 09:00:00,2026-05-26 10:00:00,1,0,0.874
1767,3,IPMA_simulado,2026-05-26 09:00:00,2026-05-26 09:00:00,2026-05-26 10:00:00,1,9.51,0.695
1768,4,IPMA_simulado,2026-05-26 09:00:00,2026-05-26 09:00:00,2026-05-26 10:00:00,1,0,0.942
1769,1,IPMA_simulado,2026-05-26 10:00:00,2026-05-26 10:00:00,2026-05-26 11:00:00,1,0,0.7
1770,2,IPMA_simulado,2026-05-26 10:00:00,2026-05-26 10:00:00,2026-05-26 11:00:00,1,0,0.909
1771,3,IPMA_simulado,2026-05-26 10:00:00,2026-05-26 10:00:00,2026-05-26 11:00:00,1,0,0.917
1772,4,IPMA_simulado,2026-05-26 10:00:00,2026-05-26 10:00:00,2026-05-26 11:00:00,1,0,0.824
1773,1,IPMA_simulado,2026-05-26 11:00:00,2026-05-26 11:00:00,2026-05-26 12:00:00,1,0,0.804
1774,2,IPMA_simulado,2026-05-26 11:00:00,2026-05-26 11:00:00,2026-05-26 12:00:00,1,0,0.791
1775,3,IPMA_simulado,2026-05-26 11:00:00,2026-05-26 11:00:00,2026-05-26 12:00:00,1,0,0.916
1776,4,IPMA_simulado,2026-05-26 11:00:00,2026-05-26 11:00:00,2026-05-26 12:00:00,1,0,0.934
1777,1,IPMA_simulado,2026-05-26 12:00:00,2026-05-26 12:00:00,2026-05-26 13:00:00,1,3.73,0.898
1778,2,IPMA_simulado,2026-05-26 12:00:00,2026-05-26 12:00:00,2026-05-26 13:00:00,1,2.91,0.786
1779,3,IPMA_simulado,2026-05-26 12:00:00,2026-05-26 12:00:00,2026-05-26 13:00:00,1,4.01,0.707
1780,4,IPMA_simulado,2026-05-26 12:00:00,2026-05-26 12:00:00,2026-05-26 13:00:00,1,47.94,0.658
1781,1,IPMA_simulado,2026-05-26 13:00:00,2026-05-26 13:00:00,2026-05-26 14:00:00,1,0.73,0.722
1782,2,IPMA_simulado,2026-05-26 13:00:00,2026-05-26 13:00:00,2026-05-26 14:00:00,1,9.16,0.932
1783,3,IPMA_simulado,2026-05-26 13:00:00,2026-05-26 13:00:00,2026-05-26 14:00:00,1,13.6,0.886
1784,4,IPMA_simulado,2026-05-26 13:00:00,2026-05-26 13:00:00,2026-05-26 14:00:00,1,0,0.73
1785,1,IPMA_simulado,2026-05-26 14:00:00,2026-05-26 14:00:00,2026-05-26 15:00:00,1,1.29,0.836
1786,2,IPMA_simulado,2026-05-26 14:00:00,2026-05-26 14:00:00,2026-05-26 15:00:00,1,5.18,0.914
1787,3,IPMA_simulado,2026-05-26 14:00:00,2026-05-26 14:00:00,2026-05-26 15:00:00,1,14.12,0.852
1788,4,IPMA_simulado,2026-05-26 14:00:00,2026-05-26 14:00:00,2026-05-26 15:00:00,1,22.45,0.891
1789,1,IPMA_simulado,2026-05-26 15:00:00,2026-05-26 15:00:00,2026-05-26 16:00:00,1,37.77,0.661
1790,2,IPMA_simulado,2026-05-26 15:00:00,2026-05-26 15:00:00,2026-05-26 16:00:00,1,18.46,0.788
1791,3,IPMA_simulado,2026-05-26 15:00:00,2026-05-26 15:00:00,2026-05-26 16:00:00,1,0,0.856
1792,4,IPMA_simulado,2026-05-26 15:00:00,2026-05-26 15:00:00,2026-05-26 16:00:00,1,0,0.694
1793,1,IPMA_simulado,2026-05-26 16:00:00,2026-05-26 16:00:00,2026-05-26 17:00:00,1,15.6,0.852
1794,2,IPMA_simulado,2026-05-26 16:00:00,2026-05-26 16:00:00,2026-05-26 17:00:00,1,0,0.729
1795,3,IPMA_simulado,2026-05-26 16:00:00,2026-05-26 16:00:00,2026-05-26 17:00:00,1,10.95,0.665
1796,4,IPMA_simulado,2026-05-26 16:00:00,2026-05-26 16:00:00,2026-05-26 17:00:00,1,2.17,0.682
1797,1,IPMA_simulado,2026-05-26 17:00:00,2026-05-26 17:00:00,2026-05-26 18:00:00,1,11.53,0.659
1798,2,IPMA_simulado,2026-05-26 17:00:00,2026-05-26 17:00:00,2026-05-26 18:00:00,1,12.93,0.929
1799,3,IPMA_simulado,2026-05-26 17:00:00,2026-05-26 17:00:00,2026-05-26 18:00:00,1,2.47,0.742
1800,4,IPMA_simulado,2026-05-26 17:00:00,2026-05-26 17:00:00,2026-05-26 18:00:00,1,41.94,0.698
1801,1,IPMA_simulado,2026-05-26 18:00:00,2026-05-26 18:00:00,2026-05-26 19:00:00,1,10.29,0.917
1802,2,IPMA_simulado,2026-05-26 18:00:00,2026-05-26 18:00:00,2026-05-26 19:00:00,1,4.68,0.71
1803,3,IPMA_simulado,2026-05-26 18:00:00,2026-05-26 18:00:00,2026-05-26 19:00:00,1,19.3,0.734
1804,4,IPMA_simulado,2026-05-26 18:00:00,2026-05-26 18:00:00,2026-05-26 19:00:00,1,2.99,0.706
1805,1,IPMA_simulado,2026-05-26 19:00:00,2026-05-26 19:00:00,2026-05-26 20:00:00,1,5.05,0.674
1806,2,IPMA_simulado,2026-05-26 19:00:00,2026-05-26 19:00:00,2026-05-26 20:00:00,1,7.28,0.668
1807,3,IPMA_simulado,2026-05-26 19:00:00,2026-05-26 19:00:00,2026-05-26 20:00:00,1,13.43,0.79
1808,4,IPMA_simulado,2026-05-26 19:00:00,2026-05-26 19:00:00,2026-05-26 20:00:00,1,16.1,0.867
1809,1,IPMA_simulado,2026-05-26 20:00:00,2026-05-26 20:00:00,2026-05-26 21:00:00,1,5.31,0.794
1810,2,IPMA_simulado,2026-05-26 20:00:00,2026-05-26 20:00:00,2026-05-26 21:00:00,1,0.31,0.868
1811,3,IPMA_simulado,2026-05-26 20:00:00,2026-05-26 20:00:00,2026-05-26 21:00:00,1,0,0.907
1812,4,IPMA_simulado,2026-05-26 20:00:00,2026-05-26 20:00:00,2026-05-26 21:00:00,1,0,0.694
1813,1,IPMA_simulado,2026-05-26 21:00:00,2026-05-26 21:00:00,2026-05-26 22:00:00,1,14.5,0.708
1814,2,IPMA_simulado,2026-05-26 21:00:00,2026-05-26 21:00:00,2026-05-26 22:00:00,1,4.88,0.932
1815,3,IPMA_simulado,2026-05-26 21:00:00,2026-05-26 21:00:00,2026-05-26 22:00:00,1,2.21,0.946
1816,4,IPMA_simulado,2026-05-26 21:00:00,2026-05-26 21:00:00,2026-05-26 22:00:00,1,14.55,0.763
1817,1,IPMA_simulado,2026-05-26 22:00:00,2026-05-26 22:00:00,2026-05-26 23:00:00,1,2.19,0.896
1818,2,IPMA_simulado,2026-05-26 22:00:00,2026-05-26 22:00:00,2026-05-26 23:00:00,1,4.37,0.714
1819,3,IPMA_simulado,2026-05-26 22:00:00,2026-05-26 22:00:00,2026-05-26 23:00:00,1,0,0.792
1820,4,IPMA_simulado,2026-05-26 22:00:00,2026-05-26 22:00:00,2026-05-26 23:00:00,1,5.14,0.872
1821,1,IPMA_simulado,2026-05-26 23:00:00,2026-05-26 23:00:00,2026-05-27 00:00:00,1,12.25,0.699
1822,2,IPMA_simulado,2026-05-26 23:00:00,2026-05-26 23:00:00,2026-05-27 00:00:00,1,17.64,0.777
1823,3,IPMA_simulado,2026-05-26 23:00:00,2026-05-26 23:00:00,2026-05-27 00:00:00,1,0,0.724
1824,4,IPMA_simulado,2026-05-26 23:00:00,2026-05-26 23:00:00,2026-05-27 00:00:00,1,42.18,0.919
1825,1,IPMA_simulado,2026-05-27 00:00:00,2026-05-27 00:00:00,2026-05-27 01:00:00,1,0,0.761
1826,2,IPMA_simulado,2026-05-27 00:00:00,2026-05-27 00:00:00,2026-05-27 01:00:00,1,11.74,0.791
1827,3,IPMA_simulado,2026-05-27 00:00:00,2026-05-27 00:00:00,2026-05-27 01:00:00,1,0,0.706
1828,4,IPMA_simulado,2026-05-27 00:00:00,2026-05-27 00:00:00,2026-05-27 01:00:00,1,0,0.682
1829,1,IPMA_simulado,2026-05-27 01:00:00,2026-05-27 01:00:00,2026-05-27 02:00:00,1,0,0.838
1830,2,IPMA_simulado,2026-05-27 01:00:00,2026-05-27 01:00:00,2026-05-27 02:00:00,1,50.18,0.92
1831,3,IPMA_simulado,2026-05-27 01:00:00,2026-05-27 01:00:00,2026-05-27 02:00:00,1,20.73,0.684
1832,4,IPMA_simulado,2026-05-27 01:00:00,2026-05-27 01:00:00,2026-05-27 02:00:00,1,6.37,0.693
1833,1,IPMA_simulado,2026-05-27 02:00:00,2026-05-27 02:00:00,2026-05-27 03:00:00,1,3.47,0.754
1834,2,IPMA_simulado,2026-05-27 02:00:00,2026-05-27 02:00:00,2026-05-27 03:00:00,1,8.37,0.769
1835,3,IPMA_simulado,2026-05-27 02:00:00,2026-05-27 02:00:00,2026-05-27 03:00:00,1,8.77,0.81
1836,4,IPMA_simulado,2026-05-27 02:00:00,2026-05-27 02:00:00,2026-05-27 03:00:00,1,4.71,0.71
1837,1,IPMA_simulado,2026-05-27 03:00:00,2026-05-27 03:00:00,2026-05-27 04:00:00,1,17.04,0.774
1838,2,IPMA_simulado,2026-05-27 03:00:00,2026-05-27 03:00:00,2026-05-27 04:00:00,1,0,0.866
1839,3,IPMA_simulado,2026-05-27 03:00:00,2026-05-27 03:00:00,2026-05-27 04:00:00,1,0,0.768
1840,4,IPMA_simulado,2026-05-27 03:00:00,2026-05-27 03:00:00,2026-05-27 04:00:00,1,0,0.867
1841,1,IPMA_simulado,2026-05-27 04:00:00,2026-05-27 04:00:00,2026-05-27 05:00:00,1,0,0.785
1842,2,IPMA_simulado,2026-05-27 04:00:00,2026-05-27 04:00:00,2026-05-27 05:00:00,1,0,0.807
1843,3,IPMA_simulado,2026-05-27 04:00:00,2026-05-27 04:00:00,2026-05-27 05:00:00,1,17.72,0.918
1844,4,IPMA_simulado,2026-05-27 04:00:00,2026-05-27 04:00:00,2026-05-27 05:00:00,1,2.32,0.697
1845,1,IPMA_simulado,2026-05-27 05:00:00,2026-05-27 05:00:00,2026-05-27 06:00:00,1,0,0.93
1846,2,IPMA_simulado,2026-05-27 05:00:00,2026-05-27 05:00:00,2026-05-27 06:00:00,1,1.71,0.66
1847,3,IPMA_simulado,2026-05-27 05:00:00,2026-05-27 05:00:00,2026-05-27 06:00:00,1,18.54,0.777
1848,4,IPMA_simulado,2026-05-27 05:00:00,2026-05-27 05:00:00,2026-05-27 06:00:00,1,17.6,0.939
1849,1,IPMA_simulado,2026-05-27 06:00:00,2026-05-27 06:00:00,2026-05-27 07:00:00,1,25.33,0.67
1850,2,IPMA_simulado,2026-05-27 06:00:00,2026-05-27 06:00:00,2026-05-27 07:00:00,1,0,0.897
1851,3,IPMA_simulado,2026-05-27 06:00:00,2026-05-27 06:00:00,2026-05-27 07:00:00,1,7.41,0.856
1852,4,IPMA_simulado,2026-05-27 06:00:00,2026-05-27 06:00:00,2026-05-27 07:00:00,1,8.55,0.699
1853,1,IPMA_simulado,2026-05-27 07:00:00,2026-05-27 07:00:00,2026-05-27 08:00:00,1,11.78,0.785
1854,2,IPMA_simulado,2026-05-27 07:00:00,2026-05-27 07:00:00,2026-05-27 08:00:00,1,8.21,0.842
1855,3,IPMA_simulado,2026-05-27 07:00:00,2026-05-27 07:00:00,2026-05-27 08:00:00,1,0,0.791
1856,4,IPMA_simulado,2026-05-27 07:00:00,2026-05-27 07:00:00,2026-05-27 08:00:00,1,7.77,0.727
1857,1,IPMA_simulado,2026-05-27 08:00:00,2026-05-27 08:00:00,2026-05-27 09:00:00,1,0,0.788
1858,2,IPMA_simulado,2026-05-27 08:00:00,2026-05-27 08:00:00,2026-05-27 09:00:00,1,0,0.904
1859,3,IPMA_simulado,2026-05-27 08:00:00,2026-05-27 08:00:00,2026-05-27 09:00:00,1,6.03,0.935
1860,4,IPMA_simulado,2026-05-27 08:00:00,2026-05-27 08:00:00,2026-05-27 09:00:00,1,18.64,0.793
1861,1,IPMA_simulado,2026-05-27 09:00:00,2026-05-27 09:00:00,2026-05-27 10:00:00,1,8.57,0.732
1862,2,IPMA_simulado,2026-05-27 09:00:00,2026-05-27 09:00:00,2026-05-27 10:00:00,1,11.9,0.672
1863,3,IPMA_simulado,2026-05-27 09:00:00,2026-05-27 09:00:00,2026-05-27 10:00:00,1,13.7,0.749
1864,4,IPMA_simulado,2026-05-27 09:00:00,2026-05-27 09:00:00,2026-05-27 10:00:00,1,4.33,0.736
1865,1,IPMA_simulado,2026-05-27 10:00:00,2026-05-27 10:00:00,2026-05-27 11:00:00,1,8.15,0.673
1866,2,IPMA_simulado,2026-05-27 10:00:00,2026-05-27 10:00:00,2026-05-27 11:00:00,1,0,0.832
1867,3,IPMA_simulado,2026-05-27 10:00:00,2026-05-27 10:00:00,2026-05-27 11:00:00,1,20.35,0.699
1868,4,IPMA_simulado,2026-05-27 10:00:00,2026-05-27 10:00:00,2026-05-27 11:00:00,1,0,0.822
1869,1,IPMA_simulado,2026-05-27 11:00:00,2026-05-27 11:00:00,2026-05-27 12:00:00,1,9.36,0.842
1870,2,IPMA_simulado,2026-05-27 11:00:00,2026-05-27 11:00:00,2026-05-27 12:00:00,1,10.41,0.672
1871,3,IPMA_simulado,2026-05-27 11:00:00,2026-05-27 11:00:00,2026-05-27 12:00:00,1,1.27,0.74
1872,4,IPMA_simulado,2026-05-27 11:00:00,2026-05-27 11:00:00,2026-05-27 12:00:00,1,12.96,0.83
1873,1,IPMA_simulado,2026-05-27 12:00:00,2026-05-27 12:00:00,2026-05-27 13:00:00,1,7.56,0.904
1874,2,IPMA_simulado,2026-05-27 12:00:00,2026-05-27 12:00:00,2026-05-27 13:00:00,1,0,0.929
1875,3,IPMA_simulado,2026-05-27 12:00:00,2026-05-27 12:00:00,2026-05-27 13:00:00,1,4.45,0.833
1876,4,IPMA_simulado,2026-05-27 12:00:00,2026-05-27 12:00:00,2026-05-27 13:00:00,1,19.67,0.934
1877,1,IPMA_simulado,2026-05-27 13:00:00,2026-05-27 13:00:00,2026-05-27 14:00:00,1,15.74,0.759
1878,2,IPMA_simulado,2026-05-27 13:00:00,2026-05-27 13:00:00,2026-05-27 14:00:00,1,8.35,0.662
1879,3,IPMA_simulado,2026-05-27 13:00:00,2026-05-27 13:00:00,2026-05-27 14:00:00,1,0,0.695
1880,4,IPMA_simulado,2026-05-27 13:00:00,2026-05-27 13:00:00,2026-05-27 14:00:00,1,0,0.844
1881,1,IPMA_simulado,2026-05-27 14:00:00,2026-05-27 14:00:00,2026-05-27 15:00:00,1,17.36,0.889
1882,2,IPMA_simulado,2026-05-27 14:00:00,2026-05-27 14:00:00,2026-05-27 15:00:00,1,14.04,0.746
1883,3,IPMA_simulado,2026-05-27 14:00:00,2026-05-27 14:00:00,2026-05-27 15:00:00,1,13.38,0.93
1884,4,IPMA_simulado,2026-05-27 14:00:00,2026-05-27 14:00:00,2026-05-27 15:00:00,1,15.66,0.889
1885,1,IPMA_simulado,2026-05-27 15:00:00,2026-05-27 15:00:00,2026-05-27 16:00:00,1,5.96,0.762
1886,2,IPMA_simulado,2026-05-27 15:00:00,2026-05-27 15:00:00,2026-05-27 16:00:00,1,0,0.721
1887,3,IPMA_simulado,2026-05-27 15:00:00,2026-05-27 15:00:00,2026-05-27 16:00:00,1,10.17,0.846
1888,4,IPMA_simulado,2026-05-27 15:00:00,2026-05-27 15:00:00,2026-05-27 16:00:00,1,0,0.774
1889,1,IPMA_simulado,2026-05-27 16:00:00,2026-05-27 16:00:00,2026-05-27 17:00:00,1,6.83,0.667
1890,2,IPMA_simulado,2026-05-27 16:00:00,2026-05-27 16:00:00,2026-05-27 17:00:00,1,3.54,0.927
1891,3,IPMA_simulado,2026-05-27 16:00:00,2026-05-27 16:00:00,2026-05-27 17:00:00,1,10.91,0.898
1892,4,IPMA_simulado,2026-05-27 16:00:00,2026-05-27 16:00:00,2026-05-27 17:00:00,1,19.34,0.917
1893,1,IPMA_simulado,2026-05-27 17:00:00,2026-05-27 17:00:00,2026-05-27 18:00:00,1,16.5,0.818
1894,2,IPMA_simulado,2026-05-27 17:00:00,2026-05-27 17:00:00,2026-05-27 18:00:00,1,12.25,0.929
1895,3,IPMA_simulado,2026-05-27 17:00:00,2026-05-27 17:00:00,2026-05-27 18:00:00,1,3.06,0.911
1896,4,IPMA_simulado,2026-05-27 17:00:00,2026-05-27 17:00:00,2026-05-27 18:00:00,1,22.65,0.72
1897,1,IPMA_simulado,2026-05-27 18:00:00,2026-05-27 18:00:00,2026-05-27 19:00:00,1,6.63,0.758
1898,2,IPMA_simulado,2026-05-27 18:00:00,2026-05-27 18:00:00,2026-05-27 19:00:00,1,0,0.684
1899,3,IPMA_simulado,2026-05-27 18:00:00,2026-05-27 18:00:00,2026-05-27 19:00:00,1,0,0.798
1900,4,IPMA_simulado,2026-05-27 18:00:00,2026-05-27 18:00:00,2026-05-27 19:00:00,1,15.58,0.707
1901,1,IPMA_simulado,2026-05-27 19:00:00,2026-05-27 19:00:00,2026-05-27 20:00:00,1,0,0.948
1902,2,IPMA_simulado,2026-05-27 19:00:00,2026-05-27 19:00:00,2026-05-27 20:00:00,1,5.58,0.83
1903,3,IPMA_simulado,2026-05-27 19:00:00,2026-05-27 19:00:00,2026-05-27 20:00:00,1,0,0.853
1904,4,IPMA_simulado,2026-05-27 19:00:00,2026-05-27 19:00:00,2026-05-27 20:00:00,1,18.94,0.919
1905,1,IPMA_simulado,2026-05-27 20:00:00,2026-05-27 20:00:00,2026-05-27 21:00:00,1,11.76,0.815
1906,2,IPMA_simulado,2026-05-27 20:00:00,2026-05-27 20:00:00,2026-05-27 21:00:00,1,37.62,0.942
1907,3,IPMA_simulado,2026-05-27 20:00:00,2026-05-27 20:00:00,2026-05-27 21:00:00,1,0,0.944
1908,4,IPMA_simulado,2026-05-27 20:00:00,2026-05-27 20:00:00,2026-05-27 21:00:00,1,39.66,0.659
1909,1,IPMA_simulado,2026-05-27 21:00:00,2026-05-27 21:00:00,2026-05-27 22:00:00,1,0,0.867
1910,2,IPMA_simulado,2026-05-27 21:00:00,2026-05-27 21:00:00,2026-05-27 22:00:00,1,11.42,0.918
1911,3,IPMA_simulado,2026-05-27 21:00:00,2026-05-27 21:00:00,2026-05-27 22:00:00,1,0,0.708
1912,4,IPMA_simulado,2026-05-27 21:00:00,2026-05-27 21:00:00,2026-05-27 22:00:00,1,14.62,0.857
1913,1,IPMA_simulado,2026-05-27 22:00:00,2026-05-27 22:00:00,2026-05-27 23:00:00,1,12.9,0.712
1914,2,IPMA_simulado,2026-05-27 22:00:00,2026-05-27 22:00:00,2026-05-27 23:00:00,1,11.04,0.726
1915,3,IPMA_simulado,2026-05-27 22:00:00,2026-05-27 22:00:00,2026-05-27 23:00:00,1,11.64,0.755
1916,4,IPMA_simulado,2026-05-27 22:00:00,2026-05-27 22:00:00,2026-05-27 23:00:00,1,15.35,0.692
1917,1,IPMA_simulado,2026-05-27 23:00:00,2026-05-27 23:00:00,2026-05-28 00:00:00,1,20.95,0.713
1918,2,IPMA_simulado,2026-05-27 23:00:00,2026-05-27 23:00:00,2026-05-28 00:00:00,1,5.63,0.815
1919,3,IPMA_simulado,2026-05-27 23:00:00,2026-05-27 23:00:00,2026-05-28 00:00:00,1,2.67,0.664
1920,4,IPMA_simulado,2026-05-27 23:00:00,2026-05-27 23:00:00,2026-05-28 00:00:00,1,0,0.697
1921,1,IPMA_simulado,2026-05-28 00:00:00,2026-05-28 00:00:00,2026-05-28 01:00:00,1,14.52,0.767
1922,2,IPMA_simulado,2026-05-28 00:00:00,2026-05-28 00:00:00,2026-05-28 01:00:00,1,19.62,0.939
1923,3,IPMA_simulado,2026-05-28 00:00:00,2026-05-28 00:00:00,2026-05-28 01:00:00,1,41.95,0.822
1924,4,IPMA_simulado,2026-05-28 00:00:00,2026-05-28 00:00:00,2026-05-28 01:00:00,1,27.86,0.897
1925,1,IPMA_simulado,2026-05-28 01:00:00,2026-05-28 01:00:00,2026-05-28 02:00:00,1,26.38,0.751
1926,2,IPMA_simulado,2026-05-28 01:00:00,2026-05-28 01:00:00,2026-05-28 02:00:00,1,0,0.921
1927,3,IPMA_simulado,2026-05-28 01:00:00,2026-05-28 01:00:00,2026-05-28 02:00:00,1,63.76,0.845
1928,4,IPMA_simulado,2026-05-28 01:00:00,2026-05-28 01:00:00,2026-05-28 02:00:00,1,52.17,0.796
1929,1,IPMA_simulado,2026-05-28 02:00:00,2026-05-28 02:00:00,2026-05-28 03:00:00,1,18.79,0.938
1930,2,IPMA_simulado,2026-05-28 02:00:00,2026-05-28 02:00:00,2026-05-28 03:00:00,1,0,0.927
1931,3,IPMA_simulado,2026-05-28 02:00:00,2026-05-28 02:00:00,2026-05-28 03:00:00,1,0.73,0.909
1932,4,IPMA_simulado,2026-05-28 02:00:00,2026-05-28 02:00:00,2026-05-28 03:00:00,1,0,0.787
1933,1,IPMA_simulado,2026-05-28 03:00:00,2026-05-28 03:00:00,2026-05-28 04:00:00,1,12.51,0.848
1934,2,IPMA_simulado,2026-05-28 03:00:00,2026-05-28 03:00:00,2026-05-28 04:00:00,1,12.28,0.658
1935,3,IPMA_simulado,2026-05-28 03:00:00,2026-05-28 03:00:00,2026-05-28 04:00:00,1,21.9,0.703
1936,4,IPMA_simulado,2026-05-28 03:00:00,2026-05-28 03:00:00,2026-05-28 04:00:00,1,24.81,0.699
1937,1,IPMA_simulado,2026-05-28 04:00:00,2026-05-28 04:00:00,2026-05-28 05:00:00,1,9.7,0.812
1938,2,IPMA_simulado,2026-05-28 04:00:00,2026-05-28 04:00:00,2026-05-28 05:00:00,1,13.84,0.682
1939,3,IPMA_simulado,2026-05-28 04:00:00,2026-05-28 04:00:00,2026-05-28 05:00:00,1,0,0.717
1940,4,IPMA_simulado,2026-05-28 04:00:00,2026-05-28 04:00:00,2026-05-28 05:00:00,1,0,0.76
1941,1,IPMA_simulado,2026-05-28 05:00:00,2026-05-28 05:00:00,2026-05-28 06:00:00,1,0,0.683
1942,2,IPMA_simulado,2026-05-28 05:00:00,2026-05-28 05:00:00,2026-05-28 06:00:00,1,7.6,0.828
1943,3,IPMA_simulado,2026-05-28 05:00:00,2026-05-28 05:00:00,2026-05-28 06:00:00,1,0,0.794
1944,4,IPMA_simulado,2026-05-28 05:00:00,2026-05-28 05:00:00,2026-05-28 06:00:00,1,0,0.917
1945,1,IPMA_simulado,2026-05-28 06:00:00,2026-05-28 06:00:00,2026-05-28 07:00:00,1,51,0.656
1946,2,IPMA_simulado,2026-05-28 06:00:00,2026-05-28 06:00:00,2026-05-28 07:00:00,1,23.9,0.932
1947,3,IPMA_simulado,2026-05-28 06:00:00,2026-05-28 06:00:00,2026-05-28 07:00:00,1,3.49,0.75
1948,4,IPMA_simulado,2026-05-28 06:00:00,2026-05-28 06:00:00,2026-05-28 07:00:00,1,7.97,0.714
1949,1,IPMA_simulado,2026-05-28 07:00:00,2026-05-28 07:00:00,2026-05-28 08:00:00,1,0.74,0.789
1950,2,IPMA_simulado,2026-05-28 07:00:00,2026-05-28 07:00:00,2026-05-28 08:00:00,1,0,0.842
1951,3,IPMA_simulado,2026-05-28 07:00:00,2026-05-28 07:00:00,2026-05-28 08:00:00,1,29.13,0.803
1952,4,IPMA_simulado,2026-05-28 07:00:00,2026-05-28 07:00:00,2026-05-28 08:00:00,1,4.85,0.73
1953,1,IPMA_simulado,2026-05-28 08:00:00,2026-05-28 08:00:00,2026-05-28 09:00:00,1,60.18,0.701
1954,2,IPMA_simulado,2026-05-28 08:00:00,2026-05-28 08:00:00,2026-05-28 09:00:00,1,0.46,0.916
1955,3,IPMA_simulado,2026-05-28 08:00:00,2026-05-28 08:00:00,2026-05-28 09:00:00,1,4.15,0.913
1956,4,IPMA_simulado,2026-05-28 08:00:00,2026-05-28 08:00:00,2026-05-28 09:00:00,1,2.99,0.755
1957,1,IPMA_simulado,2026-05-28 09:00:00,2026-05-28 09:00:00,2026-05-28 10:00:00,1,0,0.696
1958,2,IPMA_simulado,2026-05-28 09:00:00,2026-05-28 09:00:00,2026-05-28 10:00:00,1,11.82,0.723
1959,3,IPMA_simulado,2026-05-28 09:00:00,2026-05-28 09:00:00,2026-05-28 10:00:00,1,12.24,0.743
1960,4,IPMA_simulado,2026-05-28 09:00:00,2026-05-28 09:00:00,2026-05-28 10:00:00,1,42.84,0.912
1961,1,IPMA_simulado,2026-05-28 10:00:00,2026-05-28 10:00:00,2026-05-28 11:00:00,1,0,0.745
1962,2,IPMA_simulado,2026-05-28 10:00:00,2026-05-28 10:00:00,2026-05-28 11:00:00,1,12.76,0.914
1963,3,IPMA_simulado,2026-05-28 10:00:00,2026-05-28 10:00:00,2026-05-28 11:00:00,1,2.79,0.716
1964,4,IPMA_simulado,2026-05-28 10:00:00,2026-05-28 10:00:00,2026-05-28 11:00:00,1,0,0.681
1965,1,IPMA_simulado,2026-05-28 11:00:00,2026-05-28 11:00:00,2026-05-28 12:00:00,1,0,0.828
1966,2,IPMA_simulado,2026-05-28 11:00:00,2026-05-28 11:00:00,2026-05-28 12:00:00,1,25.44,0.697
1967,3,IPMA_simulado,2026-05-28 11:00:00,2026-05-28 11:00:00,2026-05-28 12:00:00,1,14.23,0.673
1968,4,IPMA_simulado,2026-05-28 11:00:00,2026-05-28 11:00:00,2026-05-28 12:00:00,1,0,0.771
1969,1,IPMA_simulado,2026-05-28 12:00:00,2026-05-28 12:00:00,2026-05-28 13:00:00,1,50.5,0.853
1970,2,IPMA_simulado,2026-05-28 12:00:00,2026-05-28 12:00:00,2026-05-28 13:00:00,1,53.2,0.872
1971,3,IPMA_simulado,2026-05-28 12:00:00,2026-05-28 12:00:00,2026-05-28 13:00:00,1,28.08,0.733
1972,4,IPMA_simulado,2026-05-28 12:00:00,2026-05-28 12:00:00,2026-05-28 13:00:00,1,0,0.705
1973,1,IPMA_simulado,2026-05-28 13:00:00,2026-05-28 13:00:00,2026-05-28 14:00:00,1,5.7,0.666
1974,2,IPMA_simulado,2026-05-28 13:00:00,2026-05-28 13:00:00,2026-05-28 14:00:00,1,5.86,0.782
1975,3,IPMA_simulado,2026-05-28 13:00:00,2026-05-28 13:00:00,2026-05-28 14:00:00,1,11.7,0.838
1976,4,IPMA_simulado,2026-05-28 13:00:00,2026-05-28 13:00:00,2026-05-28 14:00:00,1,4.61,0.766
1977,1,IPMA_simulado,2026-05-28 14:00:00,2026-05-28 14:00:00,2026-05-28 15:00:00,1,0,0.939
1978,2,IPMA_simulado,2026-05-28 14:00:00,2026-05-28 14:00:00,2026-05-28 15:00:00,1,2.99,0.852
1979,3,IPMA_simulado,2026-05-28 14:00:00,2026-05-28 14:00:00,2026-05-28 15:00:00,1,15.3,0.846
1980,4,IPMA_simulado,2026-05-28 14:00:00,2026-05-28 14:00:00,2026-05-28 15:00:00,1,0,0.655
1981,1,IPMA_simulado,2026-05-28 15:00:00,2026-05-28 15:00:00,2026-05-28 16:00:00,1,9.38,0.874
1982,2,IPMA_simulado,2026-05-28 15:00:00,2026-05-28 15:00:00,2026-05-28 16:00:00,1,0.55,0.9
1983,3,IPMA_simulado,2026-05-28 15:00:00,2026-05-28 15:00:00,2026-05-28 16:00:00,1,11.85,0.777
1984,4,IPMA_simulado,2026-05-28 15:00:00,2026-05-28 15:00:00,2026-05-28 16:00:00,1,3.03,0.753
1985,1,IPMA_simulado,2026-05-28 16:00:00,2026-05-28 16:00:00,2026-05-28 17:00:00,1,0,0.914
1986,2,IPMA_simulado,2026-05-28 16:00:00,2026-05-28 16:00:00,2026-05-28 17:00:00,1,0,0.856
1987,3,IPMA_simulado,2026-05-28 16:00:00,2026-05-28 16:00:00,2026-05-28 17:00:00,1,0,0.686
1988,4,IPMA_simulado,2026-05-28 16:00:00,2026-05-28 16:00:00,2026-05-28 17:00:00,1,0,0.859
1989,1,IPMA_simulado,2026-05-28 17:00:00,2026-05-28 17:00:00,2026-05-28 18:00:00,1,1.03,0.798
1990,2,IPMA_simulado,2026-05-28 17:00:00,2026-05-28 17:00:00,2026-05-28 18:00:00,1,0,0.655
1991,3,IPMA_simulado,2026-05-28 17:00:00,2026-05-28 17:00:00,2026-05-28 18:00:00,1,9.24,0.8
1992,4,IPMA_simulado,2026-05-28 17:00:00,2026-05-28 17:00:00,2026-05-28 18:00:00,1,5.05,0.931
1993,1,IPMA_simulado,2026-05-28 18:00:00,2026-05-28 18:00:00,2026-05-28 19:00:00,1,14.92,0.76
1994,2,IPMA_simulado,2026-05-28 18:00:00,2026-05-28 18:00:00,2026-05-28 19:00:00,1,10.52,0.815
1995,3,IPMA_simulado,2026-05-28 18:00:00,2026-05-28 18:00:00,2026-05-28 19:00:00,1,49.97,0.709
1996,4,IPMA_simulado,2026-05-28 18:00:00,2026-05-28 18:00:00,2026-05-28 19:00:00,1,6.23,0.913
1997,1,IPMA_simulado,2026-05-28 19:00:00,2026-05-28 19:00:00,2026-05-28 20:00:00,1,15.61,0.89
1998,2,IPMA_simulado,2026-05-28 19:00:00,2026-05-28 19:00:00,2026-05-28 20:00:00,1,0,0.87
1999,3,IPMA_simulado,2026-05-28 19:00:00,2026-05-28 19:00:00,2026-05-28 20:00:00,1,18.56,0.671
2000,4,IPMA_simulado,2026-05-28 19:00:00,2026-05-28 19:00:00,2026-05-28 20:00:00,1,0,0.692
2001,1,IPMA_simulado,2026-05-28 20:00:00,2026-05-28 20:00:00,2026-05-28 21:00:00,1,2.24,0.651
2002,2,IPMA_simulado,2026-05-28 20:00:00,2026-05-28 20:00:00,2026-05-28 21:00:00,1,11.32,0.828
2003,3,IPMA_simulado,2026-05-28 20:00:00,2026-05-28 20:00:00,2026-05-28 21:00:00,1,18.23,0.661
2004,4,IPMA_simulado,2026-05-28 20:00:00,2026-05-28 20:00:00,2026-05-28 21:00:00,1,7.18,0.897
2005,1,IPMA_simulado,2026-05-28 21:00:00,2026-05-28 21:00:00,2026-05-28 22:00:00,1,0,0.819
2006,2,IPMA_simulado,2026-05-28 21:00:00,2026-05-28 21:00:00,2026-05-28 22:00:00,1,17.31,0.711
2007,3,IPMA_simulado,2026-05-28 21:00:00,2026-05-28 21:00:00,2026-05-28 22:00:00,1,8.8,0.804
2008,4,IPMA_simulado,2026-05-28 21:00:00,2026-05-28 21:00:00,2026-05-28 22:00:00,1,32.62,0.851
2009,1,IPMA_simulado,2026-05-28 22:00:00,2026-05-28 22:00:00,2026-05-28 23:00:00,1,2.2,0.808
2010,2,IPMA_simulado,2026-05-28 22:00:00,2026-05-28 22:00:00,2026-05-28 23:00:00,1,0,0.761
2011,3,IPMA_simulado,2026-05-28 22:00:00,2026-05-28 22:00:00,2026-05-28 23:00:00,1,4.43,0.927
2012,4,IPMA_simulado,2026-05-28 22:00:00,2026-05-28 22:00:00,2026-05-28 23:00:00,1,7.99,0.762
2013,1,IPMA_simulado,2026-05-28 23:00:00,2026-05-28 23:00:00,2026-05-29 00:00:00,1,0,0.745
2014,2,IPMA_simulado,2026-05-28 23:00:00,2026-05-28 23:00:00,2026-05-29 00:00:00,1,8.34,0.943
2015,3,IPMA_simulado,2026-05-28 23:00:00,2026-05-28 23:00:00,2026-05-29 00:00:00,1,0,0.849
2016,4,IPMA_simulado,2026-05-28 23:00:00,2026-05-28 23:00:00,2026-05-29 00:00:00,1,0,0.709
2017,1,IPMA_simulado,2026-05-29 00:00:00,2026-05-29 00:00:00,2026-05-29 01:00:00,1,1.45,0.689
2018,2,IPMA_simulado,2026-05-29 00:00:00,2026-05-29 00:00:00,2026-05-29 01:00:00,1,0,0.751
2019,3,IPMA_simulado,2026-05-29 00:00:00,2026-05-29 00:00:00,2026-05-29 01:00:00,1,0,0.694
2020,4,IPMA_simulado,2026-05-29 00:00:00,2026-05-29 00:00:00,2026-05-29 01:00:00,1,16.32,0.865
2021,1,IPMA_simulado,2026-05-29 01:00:00,2026-05-29 01:00:00,2026-05-29 02:00:00,1,18.58,0.878
2022,2,IPMA_simulado,2026-05-29 01:00:00,2026-05-29 01:00:00,2026-05-29 02:00:00,1,8.48,0.714
2023,3,IPMA_simulado,2026-05-29 01:00:00,2026-05-29 01:00:00,2026-05-29 02:00:00,1,11.08,0.77
2024,4,IPMA_simulado,2026-05-29 01:00:00,2026-05-29 01:00:00,2026-05-29 02:00:00,1,23.22,0.668
2025,1,IPMA_simulado,2026-05-29 02:00:00,2026-05-29 02:00:00,2026-05-29 03:00:00,1,7.23,0.828
2026,2,IPMA_simulado,2026-05-29 02:00:00,2026-05-29 02:00:00,2026-05-29 03:00:00,1,10.72,0.779
2027,3,IPMA_simulado,2026-05-29 02:00:00,2026-05-29 02:00:00,2026-05-29 03:00:00,1,15.76,0.84
2028,4,IPMA_simulado,2026-05-29 02:00:00,2026-05-29 02:00:00,2026-05-29 03:00:00,1,19.8,0.923
2029,1,IPMA_simulado,2026-05-29 03:00:00,2026-05-29 03:00:00,2026-05-29 04:00:00,1,0.11,0.784
2030,2,IPMA_simulado,2026-05-29 03:00:00,2026-05-29 03:00:00,2026-05-29 04:00:00,1,13.2,0.78
2031,3,IPMA_simulado,2026-05-29 03:00:00,2026-05-29 03:00:00,2026-05-29 04:00:00,1,4.23,0.926
2032,4,IPMA_simulado,2026-05-29 03:00:00,2026-05-29 03:00:00,2026-05-29 04:00:00,1,0,0.893
2033,1,IPMA_simulado,2026-05-29 04:00:00,2026-05-29 04:00:00,2026-05-29 05:00:00,1,0,0.78
2034,2,IPMA_simulado,2026-05-29 04:00:00,2026-05-29 04:00:00,2026-05-29 05:00:00,1,16.93,0.884
2035,3,IPMA_simulado,2026-05-29 04:00:00,2026-05-29 04:00:00,2026-05-29 05:00:00,1,0,0.947
2036,4,IPMA_simulado,2026-05-29 04:00:00,2026-05-29 04:00:00,2026-05-29 05:00:00,1,13.11,0.68
2037,1,IPMA_simulado,2026-05-29 05:00:00,2026-05-29 05:00:00,2026-05-29 06:00:00,1,16.56,0.772
2038,2,IPMA_simulado,2026-05-29 05:00:00,2026-05-29 05:00:00,2026-05-29 06:00:00,1,17.84,0.656
2039,3,IPMA_simulado,2026-05-29 05:00:00,2026-05-29 05:00:00,2026-05-29 06:00:00,1,8,0.895
2040,4,IPMA_simulado,2026-05-29 05:00:00,2026-05-29 05:00:00,2026-05-29 06:00:00,1,6.09,0.663
2041,1,IPMA_simulado,2026-05-29 06:00:00,2026-05-29 06:00:00,2026-05-29 07:00:00,1,4.7,0.818
2042,2,IPMA_simulado,2026-05-29 06:00:00,2026-05-29 06:00:00,2026-05-29 07:00:00,1,0,0.659
2043,3,IPMA_simulado,2026-05-29 06:00:00,2026-05-29 06:00:00,2026-05-29 07:00:00,1,21.41,0.671
2044,4,IPMA_simulado,2026-05-29 06:00:00,2026-05-29 06:00:00,2026-05-29 07:00:00,1,0.39,0.744
2045,1,IPMA_simulado,2026-05-29 07:00:00,2026-05-29 07:00:00,2026-05-29 08:00:00,1,0,0.797
2046,2,IPMA_simulado,2026-05-29 07:00:00,2026-05-29 07:00:00,2026-05-29 08:00:00,1,30.39,0.828
2047,3,IPMA_simulado,2026-05-29 07:00:00,2026-05-29 07:00:00,2026-05-29 08:00:00,1,7.01,0.655
2048,4,IPMA_simulado,2026-05-29 07:00:00,2026-05-29 07:00:00,2026-05-29 08:00:00,1,10.86,0.737
2049,1,IPMA_simulado,2026-05-29 08:00:00,2026-05-29 08:00:00,2026-05-29 09:00:00,1,1.89,0.923
2050,2,IPMA_simulado,2026-05-29 08:00:00,2026-05-29 08:00:00,2026-05-29 09:00:00,1,13.07,0.802
2051,3,IPMA_simulado,2026-05-29 08:00:00,2026-05-29 08:00:00,2026-05-29 09:00:00,1,0.64,0.72
2052,4,IPMA_simulado,2026-05-29 08:00:00,2026-05-29 08:00:00,2026-05-29 09:00:00,1,19.7,0.842
2053,1,IPMA_simulado,2026-05-29 09:00:00,2026-05-29 09:00:00,2026-05-29 10:00:00,1,16.92,0.733
2054,2,IPMA_simulado,2026-05-29 09:00:00,2026-05-29 09:00:00,2026-05-29 10:00:00,1,8.31,0.814
2055,3,IPMA_simulado,2026-05-29 09:00:00,2026-05-29 09:00:00,2026-05-29 10:00:00,1,0.83,0.891
2056,4,IPMA_simulado,2026-05-29 09:00:00,2026-05-29 09:00:00,2026-05-29 10:00:00,1,0,0.657
2057,1,IPMA_simulado,2026-05-29 10:00:00,2026-05-29 10:00:00,2026-05-29 11:00:00,1,0,0.877
2058,2,IPMA_simulado,2026-05-29 10:00:00,2026-05-29 10:00:00,2026-05-29 11:00:00,1,2.51,0.857
2059,3,IPMA_simulado,2026-05-29 10:00:00,2026-05-29 10:00:00,2026-05-29 11:00:00,1,0,0.665
2060,4,IPMA_simulado,2026-05-29 10:00:00,2026-05-29 10:00:00,2026-05-29 11:00:00,1,0,0.672
2061,1,IPMA_simulado,2026-05-29 11:00:00,2026-05-29 11:00:00,2026-05-29 12:00:00,1,2.78,0.837
2062,2,IPMA_simulado,2026-05-29 11:00:00,2026-05-29 11:00:00,2026-05-29 12:00:00,1,12.56,0.849
2063,3,IPMA_simulado,2026-05-29 11:00:00,2026-05-29 11:00:00,2026-05-29 12:00:00,1,13.2,0.78
2064,4,IPMA_simulado,2026-05-29 11:00:00,2026-05-29 11:00:00,2026-05-29 12:00:00,1,12.64,0.771
2065,1,IPMA_simulado,2026-05-29 12:00:00,2026-05-29 12:00:00,2026-05-29 13:00:00,1,10.05,0.701
2066,2,IPMA_simulado,2026-05-29 12:00:00,2026-05-29 12:00:00,2026-05-29 13:00:00,1,13.04,0.658
2067,3,IPMA_simulado,2026-05-29 12:00:00,2026-05-29 12:00:00,2026-05-29 13:00:00,1,20.95,0.683
2068,4,IPMA_simulado,2026-05-29 12:00:00,2026-05-29 12:00:00,2026-05-29 13:00:00,1,22.73,0.736
2069,1,IPMA_simulado,2026-05-29 13:00:00,2026-05-29 13:00:00,2026-05-29 14:00:00,1,21.81,0.664
2070,2,IPMA_simulado,2026-05-29 13:00:00,2026-05-29 13:00:00,2026-05-29 14:00:00,1,12.64,0.743
2071,3,IPMA_simulado,2026-05-29 13:00:00,2026-05-29 13:00:00,2026-05-29 14:00:00,1,8.7,0.866
2072,4,IPMA_simulado,2026-05-29 13:00:00,2026-05-29 13:00:00,2026-05-29 14:00:00,1,0,0.866
2073,1,IPMA_simulado,2026-05-29 14:00:00,2026-05-29 14:00:00,2026-05-29 15:00:00,1,7.13,0.756
2074,2,IPMA_simulado,2026-05-29 14:00:00,2026-05-29 14:00:00,2026-05-29 15:00:00,1,0.95,0.928
2075,3,IPMA_simulado,2026-05-29 14:00:00,2026-05-29 14:00:00,2026-05-29 15:00:00,1,5.21,0.653
2076,4,IPMA_simulado,2026-05-29 14:00:00,2026-05-29 14:00:00,2026-05-29 15:00:00,1,6.5,0.793
2077,1,IPMA_simulado,2026-05-29 15:00:00,2026-05-29 15:00:00,2026-05-29 16:00:00,1,9.45,0.733
2078,2,IPMA_simulado,2026-05-29 15:00:00,2026-05-29 15:00:00,2026-05-29 16:00:00,1,43.17,0.847
2079,3,IPMA_simulado,2026-05-29 15:00:00,2026-05-29 15:00:00,2026-05-29 16:00:00,1,7.04,0.716
2080,4,IPMA_simulado,2026-05-29 15:00:00,2026-05-29 15:00:00,2026-05-29 16:00:00,1,6.36,0.914
2081,1,IPMA_simulado,2026-05-29 16:00:00,2026-05-29 16:00:00,2026-05-29 17:00:00,1,10.67,0.746
2082,2,IPMA_simulado,2026-05-29 16:00:00,2026-05-29 16:00:00,2026-05-29 17:00:00,1,9.62,0.845
2083,3,IPMA_simulado,2026-05-29 16:00:00,2026-05-29 16:00:00,2026-05-29 17:00:00,1,2.34,0.895
2084,4,IPMA_simulado,2026-05-29 16:00:00,2026-05-29 16:00:00,2026-05-29 17:00:00,1,0,0.839
2085,1,IPMA_simulado,2026-05-29 17:00:00,2026-05-29 17:00:00,2026-05-29 18:00:00,1,17.69,0.745
2086,2,IPMA_simulado,2026-05-29 17:00:00,2026-05-29 17:00:00,2026-05-29 18:00:00,1,12.56,0.905
2087,3,IPMA_simulado,2026-05-29 17:00:00,2026-05-29 17:00:00,2026-05-29 18:00:00,1,0,0.656
2088,4,IPMA_simulado,2026-05-29 17:00:00,2026-05-29 17:00:00,2026-05-29 18:00:00,1,3.12,0.874
2089,1,IPMA_simulado,2026-05-29 18:00:00,2026-05-29 18:00:00,2026-05-29 19:00:00,1,6.06,0.914
2090,2,IPMA_simulado,2026-05-29 18:00:00,2026-05-29 18:00:00,2026-05-29 19:00:00,1,31.59,0.68
2091,3,IPMA_simulado,2026-05-29 18:00:00,2026-05-29 18:00:00,2026-05-29 19:00:00,1,0,0.93
2092,4,IPMA_simulado,2026-05-29 18:00:00,2026-05-29 18:00:00,2026-05-29 19:00:00,1,20.4,0.764
2093,1,IPMA_simulado,2026-05-29 19:00:00,2026-05-29 19:00:00,2026-05-29 20:00:00,1,0,0.917
2094,2,IPMA_simulado,2026-05-29 19:00:00,2026-05-29 19:00:00,2026-05-29 20:00:00,1,0.33,0.659
2095,3,IPMA_simulado,2026-05-29 19:00:00,2026-05-29 19:00:00,2026-05-29 20:00:00,1,2.81,0.688
2096,4,IPMA_simulado,2026-05-29 19:00:00,2026-05-29 19:00:00,2026-05-29 20:00:00,1,6.06,0.931
2097,1,IPMA_simulado,2026-05-29 20:00:00,2026-05-29 20:00:00,2026-05-29 21:00:00,1,0.13,0.698
2098,2,IPMA_simulado,2026-05-29 20:00:00,2026-05-29 20:00:00,2026-05-29 21:00:00,1,20.49,0.758
2099,3,IPMA_simulado,2026-05-29 20:00:00,2026-05-29 20:00:00,2026-05-29 21:00:00,1,14.04,0.839
2100,4,IPMA_simulado,2026-05-29 20:00:00,2026-05-29 20:00:00,2026-05-29 21:00:00,1,2.55,0.814
2101,1,IPMA_simulado,2026-05-29 21:00:00,2026-05-29 21:00:00,2026-05-29 22:00:00,1,1.52,0.757
2102,2,IPMA_simulado,2026-05-29 21:00:00,2026-05-29 21:00:00,2026-05-29 22:00:00,1,15.92,0.83
2103,3,IPMA_simulado,2026-05-29 21:00:00,2026-05-29 21:00:00,2026-05-29 22:00:00,1,3.47,0.756
2104,4,IPMA_simulado,2026-05-29 21:00:00,2026-05-29 21:00:00,2026-05-29 22:00:00,1,0,0.828
2105,1,IPMA_simulado,2026-05-29 22:00:00,2026-05-29 22:00:00,2026-05-29 23:00:00,1,4.89,0.83
2106,2,IPMA_simulado,2026-05-29 22:00:00,2026-05-29 22:00:00,2026-05-29 23:00:00,1,27.09,0.949
2107,3,IPMA_simulado,2026-05-29 22:00:00,2026-05-29 22:00:00,2026-05-29 23:00:00,1,10.34,0.753
2108,4,IPMA_simulado,2026-05-29 22:00:00,2026-05-29 22:00:00,2026-05-29 23:00:00,1,9.77,0.808
2109,1,IPMA_simulado,2026-05-29 23:00:00,2026-05-29 23:00:00,2026-05-30 00:00:00,1,1.55,0.755
2110,2,IPMA_simulado,2026-05-29 23:00:00,2026-05-29 23:00:00,2026-05-30 00:00:00,1,2.44,0.858
2111,3,IPMA_simulado,2026-05-29 23:00:00,2026-05-29 23:00:00,2026-05-30 00:00:00,1,10.24,0.812
2112,4,IPMA_simulado,2026-05-29 23:00:00,2026-05-29 23:00:00,2026-05-30 00:00:00,1,0,0.943
2113,1,IPMA_simulado,2026-05-30 00:00:00,2026-05-30 00:00:00,2026-05-30 01:00:00,1,13.57,0.79
2114,2,IPMA_simulado,2026-05-30 00:00:00,2026-05-30 00:00:00,2026-05-30 01:00:00,1,6.32,0.679
2115,3,IPMA_simulado,2026-05-30 00:00:00,2026-05-30 00:00:00,2026-05-30 01:00:00,1,7.13,0.669
2116,4,IPMA_simulado,2026-05-30 00:00:00,2026-05-30 00:00:00,2026-05-30 01:00:00,1,2.5,0.874
2117,1,IPMA_simulado,2026-05-30 01:00:00,2026-05-30 01:00:00,2026-05-30 02:00:00,1,2.23,0.739
2118,2,IPMA_simulado,2026-05-30 01:00:00,2026-05-30 01:00:00,2026-05-30 02:00:00,1,8.12,0.867
2119,3,IPMA_simulado,2026-05-30 01:00:00,2026-05-30 01:00:00,2026-05-30 02:00:00,1,5.61,0.925
2120,4,IPMA_simulado,2026-05-30 01:00:00,2026-05-30 01:00:00,2026-05-30 02:00:00,1,13.9,0.937
2121,1,IPMA_simulado,2026-05-30 02:00:00,2026-05-30 02:00:00,2026-05-30 03:00:00,1,3.27,0.851
2122,2,IPMA_simulado,2026-05-30 02:00:00,2026-05-30 02:00:00,2026-05-30 03:00:00,1,7.74,0.719
2123,3,IPMA_simulado,2026-05-30 02:00:00,2026-05-30 02:00:00,2026-05-30 03:00:00,1,4.37,0.92
2124,4,IPMA_simulado,2026-05-30 02:00:00,2026-05-30 02:00:00,2026-05-30 03:00:00,1,9.8,0.689
2125,1,IPMA_simulado,2026-05-30 03:00:00,2026-05-30 03:00:00,2026-05-30 04:00:00,1,0,0.697
2126,2,IPMA_simulado,2026-05-30 03:00:00,2026-05-30 03:00:00,2026-05-30 04:00:00,1,0,0.945
2127,3,IPMA_simulado,2026-05-30 03:00:00,2026-05-30 03:00:00,2026-05-30 04:00:00,1,15.12,0.826
2128,4,IPMA_simulado,2026-05-30 03:00:00,2026-05-30 03:00:00,2026-05-30 04:00:00,1,3.21,0.66
2129,1,IPMA_simulado,2026-05-30 04:00:00,2026-05-30 04:00:00,2026-05-30 05:00:00,1,3.23,0.707
2130,2,IPMA_simulado,2026-05-30 04:00:00,2026-05-30 04:00:00,2026-05-30 05:00:00,1,18.9,0.7
2131,3,IPMA_simulado,2026-05-30 04:00:00,2026-05-30 04:00:00,2026-05-30 05:00:00,1,4.65,0.655
2132,4,IPMA_simulado,2026-05-30 04:00:00,2026-05-30 04:00:00,2026-05-30 05:00:00,1,0,0.946
2133,1,IPMA_simulado,2026-05-30 05:00:00,2026-05-30 05:00:00,2026-05-30 06:00:00,1,7.39,0.943
2134,2,IPMA_simulado,2026-05-30 05:00:00,2026-05-30 05:00:00,2026-05-30 06:00:00,1,2.67,0.853
2135,3,IPMA_simulado,2026-05-30 05:00:00,2026-05-30 05:00:00,2026-05-30 06:00:00,1,0,0.81
2136,4,IPMA_simulado,2026-05-30 05:00:00,2026-05-30 05:00:00,2026-05-30 06:00:00,1,9.51,0.803
2137,1,IPMA_simulado,2026-05-30 06:00:00,2026-05-30 06:00:00,2026-05-30 07:00:00,1,6.39,0.776
2138,2,IPMA_simulado,2026-05-30 06:00:00,2026-05-30 06:00:00,2026-05-30 07:00:00,1,0.97,0.652
2139,3,IPMA_simulado,2026-05-30 06:00:00,2026-05-30 06:00:00,2026-05-30 07:00:00,1,10.44,0.765
2140,4,IPMA_simulado,2026-05-30 06:00:00,2026-05-30 06:00:00,2026-05-30 07:00:00,1,0,0.698
2141,1,IPMA_simulado,2026-05-30 07:00:00,2026-05-30 07:00:00,2026-05-30 08:00:00,1,3.47,0.908
2142,2,IPMA_simulado,2026-05-30 07:00:00,2026-05-30 07:00:00,2026-05-30 08:00:00,1,8.98,0.784
2143,3,IPMA_simulado,2026-05-30 07:00:00,2026-05-30 07:00:00,2026-05-30 08:00:00,1,0,0.826
2144,4,IPMA_simulado,2026-05-30 07:00:00,2026-05-30 07:00:00,2026-05-30 08:00:00,1,12.09,0.911
2145,1,IPMA_simulado,2026-05-30 08:00:00,2026-05-30 08:00:00,2026-05-30 09:00:00,1,13.36,0.797
2146,2,IPMA_simulado,2026-05-30 08:00:00,2026-05-30 08:00:00,2026-05-30 09:00:00,1,5.27,0.841
2147,3,IPMA_simulado,2026-05-30 08:00:00,2026-05-30 08:00:00,2026-05-30 09:00:00,1,16.54,0.748
2148,4,IPMA_simulado,2026-05-30 08:00:00,2026-05-30 08:00:00,2026-05-30 09:00:00,1,13.89,0.782
2149,1,IPMA_simulado,2026-05-30 09:00:00,2026-05-30 09:00:00,2026-05-30 10:00:00,1,43.58,0.937
2150,2,IPMA_simulado,2026-05-30 09:00:00,2026-05-30 09:00:00,2026-05-30 10:00:00,1,8.22,0.788
2151,3,IPMA_simulado,2026-05-30 09:00:00,2026-05-30 09:00:00,2026-05-30 10:00:00,1,0.6,0.823
2152,4,IPMA_simulado,2026-05-30 09:00:00,2026-05-30 09:00:00,2026-05-30 10:00:00,1,18.66,0.808
2153,1,IPMA_simulado,2026-05-30 10:00:00,2026-05-30 10:00:00,2026-05-30 11:00:00,1,16.46,0.733
2154,2,IPMA_simulado,2026-05-30 10:00:00,2026-05-30 10:00:00,2026-05-30 11:00:00,1,19.58,0.751
2155,3,IPMA_simulado,2026-05-30 10:00:00,2026-05-30 10:00:00,2026-05-30 11:00:00,1,0,0.946
2156,4,IPMA_simulado,2026-05-30 10:00:00,2026-05-30 10:00:00,2026-05-30 11:00:00,1,18,0.815
2157,1,IPMA_simulado,2026-05-30 11:00:00,2026-05-30 11:00:00,2026-05-30 12:00:00,1,1.86,0.933
2158,2,IPMA_simulado,2026-05-30 11:00:00,2026-05-30 11:00:00,2026-05-30 12:00:00,1,11.05,0.762
2159,3,IPMA_simulado,2026-05-30 11:00:00,2026-05-30 11:00:00,2026-05-30 12:00:00,1,0,0.736
2160,4,IPMA_simulado,2026-05-30 11:00:00,2026-05-30 11:00:00,2026-05-30 12:00:00,1,4,0.679
2161,1,IPMA_simulado,2026-05-30 12:00:00,2026-05-30 12:00:00,2026-05-30 13:00:00,1,2.18,0.759
2162,2,IPMA_simulado,2026-05-30 12:00:00,2026-05-30 12:00:00,2026-05-30 13:00:00,1,0,0.906
2163,3,IPMA_simulado,2026-05-30 12:00:00,2026-05-30 12:00:00,2026-05-30 13:00:00,1,0,0.74
2164,4,IPMA_simulado,2026-05-30 12:00:00,2026-05-30 12:00:00,2026-05-30 13:00:00,1,0,0.788
2165,1,IPMA_simulado,2026-05-30 13:00:00,2026-05-30 13:00:00,2026-05-30 14:00:00,1,0,0.736
2166,2,IPMA_simulado,2026-05-30 13:00:00,2026-05-30 13:00:00,2026-05-30 14:00:00,1,9.92,0.684
2167,3,IPMA_simulado,2026-05-30 13:00:00,2026-05-30 13:00:00,2026-05-30 14:00:00,1,18.35,0.674
2168,4,IPMA_simulado,2026-05-30 13:00:00,2026-05-30 13:00:00,2026-05-30 14:00:00,1,12.24,0.704
2169,1,IPMA_simulado,2026-05-30 14:00:00,2026-05-30 14:00:00,2026-05-30 15:00:00,1,9.68,0.739
2170,2,IPMA_simulado,2026-05-30 14:00:00,2026-05-30 14:00:00,2026-05-30 15:00:00,1,0,0.77
2171,3,IPMA_simulado,2026-05-30 14:00:00,2026-05-30 14:00:00,2026-05-30 15:00:00,1,0,0.888
2172,4,IPMA_simulado,2026-05-30 14:00:00,2026-05-30 14:00:00,2026-05-30 15:00:00,1,30.35,0.806
2173,1,IPMA_simulado,2026-05-30 15:00:00,2026-05-30 15:00:00,2026-05-30 16:00:00,1,3.76,0.844
2174,2,IPMA_simulado,2026-05-30 15:00:00,2026-05-30 15:00:00,2026-05-30 16:00:00,1,6.14,0.897
2175,3,IPMA_simulado,2026-05-30 15:00:00,2026-05-30 15:00:00,2026-05-30 16:00:00,1,0,0.659
2176,4,IPMA_simulado,2026-05-30 15:00:00,2026-05-30 15:00:00,2026-05-30 16:00:00,1,7.4,0.879
2177,1,IPMA_simulado,2026-05-30 16:00:00,2026-05-30 16:00:00,2026-05-30 17:00:00,1,2.1,0.941
2178,2,IPMA_simulado,2026-05-30 16:00:00,2026-05-30 16:00:00,2026-05-30 17:00:00,1,6.67,0.838
2179,3,IPMA_simulado,2026-05-30 16:00:00,2026-05-30 16:00:00,2026-05-30 17:00:00,1,10.23,0.789
2180,4,IPMA_simulado,2026-05-30 16:00:00,2026-05-30 16:00:00,2026-05-30 17:00:00,1,1.72,0.662
2181,1,IPMA_simulado,2026-05-30 17:00:00,2026-05-30 17:00:00,2026-05-30 18:00:00,1,16.93,0.922
2182,2,IPMA_simulado,2026-05-30 17:00:00,2026-05-30 17:00:00,2026-05-30 18:00:00,1,0,0.723
2183,3,IPMA_simulado,2026-05-30 17:00:00,2026-05-30 17:00:00,2026-05-30 18:00:00,1,21.88,0.919
2184,4,IPMA_simulado,2026-05-30 17:00:00,2026-05-30 17:00:00,2026-05-30 18:00:00,1,0,0.75
2185,1,IPMA_simulado,2026-05-30 18:00:00,2026-05-30 18:00:00,2026-05-30 19:00:00,1,0.75,0.801
2186,2,IPMA_simulado,2026-05-30 18:00:00,2026-05-30 18:00:00,2026-05-30 19:00:00,1,0,0.781
2187,3,IPMA_simulado,2026-05-30 18:00:00,2026-05-30 18:00:00,2026-05-30 19:00:00,1,4.15,0.696
2188,4,IPMA_simulado,2026-05-30 18:00:00,2026-05-30 18:00:00,2026-05-30 19:00:00,1,16.36,0.82
2189,1,IPMA_simulado,2026-05-30 19:00:00,2026-05-30 19:00:00,2026-05-30 20:00:00,1,10.04,0.812
2190,2,IPMA_simulado,2026-05-30 19:00:00,2026-05-30 19:00:00,2026-05-30 20:00:00,1,18.71,0.925
2191,3,IPMA_simulado,2026-05-30 19:00:00,2026-05-30 19:00:00,2026-05-30 20:00:00,1,9.83,0.884
2192,4,IPMA_simulado,2026-05-30 19:00:00,2026-05-30 19:00:00,2026-05-30 20:00:00,1,0.52,0.654
2193,1,IPMA_simulado,2026-05-30 20:00:00,2026-05-30 20:00:00,2026-05-30 21:00:00,1,7.27,0.918
2194,2,IPMA_simulado,2026-05-30 20:00:00,2026-05-30 20:00:00,2026-05-30 21:00:00,1,52.31,0.775
2195,3,IPMA_simulado,2026-05-30 20:00:00,2026-05-30 20:00:00,2026-05-30 21:00:00,1,0,0.928
2196,4,IPMA_simulado,2026-05-30 20:00:00,2026-05-30 20:00:00,2026-05-30 21:00:00,1,3.62,0.653
2197,1,IPMA_simulado,2026-05-30 21:00:00,2026-05-30 21:00:00,2026-05-30 22:00:00,1,8.9,0.935
2198,2,IPMA_simulado,2026-05-30 21:00:00,2026-05-30 21:00:00,2026-05-30 22:00:00,1,24.31,0.799
2199,3,IPMA_simulado,2026-05-30 21:00:00,2026-05-30 21:00:00,2026-05-30 22:00:00,1,0,0.78
2200,4,IPMA_simulado,2026-05-30 21:00:00,2026-05-30 21:00:00,2026-05-30 22:00:00,1,6.49,0.654
2201,1,IPMA_simulado,2026-05-30 22:00:00,2026-05-30 22:00:00,2026-05-30 23:00:00,1,3.88,0.752
2202,2,IPMA_simulado,2026-05-30 22:00:00,2026-05-30 22:00:00,2026-05-30 23:00:00,1,0,0.802
2203,3,IPMA_simulado,2026-05-30 22:00:00,2026-05-30 22:00:00,2026-05-30 23:00:00,1,5.76,0.874
2204,4,IPMA_simulado,2026-05-30 22:00:00,2026-05-30 22:00:00,2026-05-30 23:00:00,1,20.25,0.735
2205,1,IPMA_simulado,2026-05-30 23:00:00,2026-05-30 23:00:00,2026-05-31 00:00:00,1,5.68,0.82
2206,2,IPMA_simulado,2026-05-30 23:00:00,2026-05-30 23:00:00,2026-05-31 00:00:00,1,7.58,0.824
2207,3,IPMA_simulado,2026-05-30 23:00:00,2026-05-30 23:00:00,2026-05-31 00:00:00,1,7.69,0.88
2208,4,IPMA_simulado,2026-05-30 23:00:00,2026-05-30 23:00:00,2026-05-31 00:00:00,1,0,0.681
2209,1,IPMA_simulado,2026-05-31 00:00:00,2026-05-31 00:00:00,2026-05-31 01:00:00,1,25.62,0.854
2210,2,IPMA_simulado,2026-05-31 00:00:00,2026-05-31 00:00:00,2026-05-31 01:00:00,1,0,0.863
2211,3,IPMA_simulado,2026-05-31 00:00:00,2026-05-31 00:00:00,2026-05-31 01:00:00,1,11.31,0.666
2212,4,IPMA_simulado,2026-05-31 00:00:00,2026-05-31 00:00:00,2026-05-31 01:00:00,1,0,0.808
2213,1,IPMA_simulado,2026-05-31 01:00:00,2026-05-31 01:00:00,2026-05-31 02:00:00,1,17.46,0.788
2214,2,IPMA_simulado,2026-05-31 01:00:00,2026-05-31 01:00:00,2026-05-31 02:00:00,1,0.82,0.662
2215,3,IPMA_simulado,2026-05-31 01:00:00,2026-05-31 01:00:00,2026-05-31 02:00:00,1,22.33,0.809
2216,4,IPMA_simulado,2026-05-31 01:00:00,2026-05-31 01:00:00,2026-05-31 02:00:00,1,11.94,0.769
2217,1,IPMA_simulado,2026-05-31 02:00:00,2026-05-31 02:00:00,2026-05-31 03:00:00,1,0,0.724
2218,2,IPMA_simulado,2026-05-31 02:00:00,2026-05-31 02:00:00,2026-05-31 03:00:00,1,10.69,0.889
2219,3,IPMA_simulado,2026-05-31 02:00:00,2026-05-31 02:00:00,2026-05-31 03:00:00,1,6.02,0.785
2220,4,IPMA_simulado,2026-05-31 02:00:00,2026-05-31 02:00:00,2026-05-31 03:00:00,1,7.35,0.806
2221,1,IPMA_simulado,2026-05-31 03:00:00,2026-05-31 03:00:00,2026-05-31 04:00:00,1,9.71,0.823
2222,2,IPMA_simulado,2026-05-31 03:00:00,2026-05-31 03:00:00,2026-05-31 04:00:00,1,0,0.657
2223,3,IPMA_simulado,2026-05-31 03:00:00,2026-05-31 03:00:00,2026-05-31 04:00:00,1,35.59,0.845
2224,4,IPMA_simulado,2026-05-31 03:00:00,2026-05-31 03:00:00,2026-05-31 04:00:00,1,44.68,0.799
2225,1,IPMA_simulado,2026-05-31 04:00:00,2026-05-31 04:00:00,2026-05-31 05:00:00,1,10.71,0.737
2226,2,IPMA_simulado,2026-05-31 04:00:00,2026-05-31 04:00:00,2026-05-31 05:00:00,1,28.12,0.774
2227,3,IPMA_simulado,2026-05-31 04:00:00,2026-05-31 04:00:00,2026-05-31 05:00:00,1,4.87,0.821
2228,4,IPMA_simulado,2026-05-31 04:00:00,2026-05-31 04:00:00,2026-05-31 05:00:00,1,5.81,0.923
2229,1,IPMA_simulado,2026-05-31 05:00:00,2026-05-31 05:00:00,2026-05-31 06:00:00,1,3.25,0.914
2230,2,IPMA_simulado,2026-05-31 05:00:00,2026-05-31 05:00:00,2026-05-31 06:00:00,1,0,0.935
2231,3,IPMA_simulado,2026-05-31 05:00:00,2026-05-31 05:00:00,2026-05-31 06:00:00,1,3.47,0.659
2232,4,IPMA_simulado,2026-05-31 05:00:00,2026-05-31 05:00:00,2026-05-31 06:00:00,1,10.21,0.8
2233,1,IPMA_simulado,2026-05-31 06:00:00,2026-05-31 06:00:00,2026-05-31 07:00:00,1,6.72,0.798
2234,2,IPMA_simulado,2026-05-31 06:00:00,2026-05-31 06:00:00,2026-05-31 07:00:00,1,0.97,0.701
2235,3,IPMA_simulado,2026-05-31 06:00:00,2026-05-31 06:00:00,2026-05-31 07:00:00,1,0,0.914
2236,4,IPMA_simulado,2026-05-31 06:00:00,2026-05-31 06:00:00,2026-05-31 07:00:00,1,26.62,0.904
2237,1,IPMA_simulado,2026-05-31 07:00:00,2026-05-31 07:00:00,2026-05-31 08:00:00,1,0,0.783
2238,2,IPMA_simulado,2026-05-31 07:00:00,2026-05-31 07:00:00,2026-05-31 08:00:00,1,15.06,0.67
2239,3,IPMA_simulado,2026-05-31 07:00:00,2026-05-31 07:00:00,2026-05-31 08:00:00,1,6.28,0.833
2240,4,IPMA_simulado,2026-05-31 07:00:00,2026-05-31 07:00:00,2026-05-31 08:00:00,1,8.31,0.673
2241,1,IPMA_simulado,2026-05-31 08:00:00,2026-05-31 08:00:00,2026-05-31 09:00:00,1,13.26,0.732
2242,2,IPMA_simulado,2026-05-31 08:00:00,2026-05-31 08:00:00,2026-05-31 09:00:00,1,13.89,0.796
2243,3,IPMA_simulado,2026-05-31 08:00:00,2026-05-31 08:00:00,2026-05-31 09:00:00,1,16.07,0.773
2244,4,IPMA_simulado,2026-05-31 08:00:00,2026-05-31 08:00:00,2026-05-31 09:00:00,1,0,0.916
2245,1,IPMA_simulado,2026-05-31 09:00:00,2026-05-31 09:00:00,2026-05-31 10:00:00,1,4.17,0.769
2246,2,IPMA_simulado,2026-05-31 09:00:00,2026-05-31 09:00:00,2026-05-31 10:00:00,1,2.44,0.719
2247,3,IPMA_simulado,2026-05-31 09:00:00,2026-05-31 09:00:00,2026-05-31 10:00:00,1,8.88,0.892
2248,4,IPMA_simulado,2026-05-31 09:00:00,2026-05-31 09:00:00,2026-05-31 10:00:00,1,0,0.882
2249,1,IPMA_simulado,2026-05-31 10:00:00,2026-05-31 10:00:00,2026-05-31 11:00:00,1,0,0.818
2250,2,IPMA_simulado,2026-05-31 10:00:00,2026-05-31 10:00:00,2026-05-31 11:00:00,1,4.76,0.764
2251,3,IPMA_simulado,2026-05-31 10:00:00,2026-05-31 10:00:00,2026-05-31 11:00:00,1,19.44,0.752
2252,4,IPMA_simulado,2026-05-31 10:00:00,2026-05-31 10:00:00,2026-05-31 11:00:00,1,14.98,0.694
2253,1,IPMA_simulado,2026-05-31 11:00:00,2026-05-31 11:00:00,2026-05-31 12:00:00,1,0,0.861
2254,2,IPMA_simulado,2026-05-31 11:00:00,2026-05-31 11:00:00,2026-05-31 12:00:00,1,4.36,0.692
2255,3,IPMA_simulado,2026-05-31 11:00:00,2026-05-31 11:00:00,2026-05-31 12:00:00,1,55.94,0.841
2256,4,IPMA_simulado,2026-05-31 11:00:00,2026-05-31 11:00:00,2026-05-31 12:00:00,1,10.9,0.67
2257,1,IPMA_simulado,2026-05-31 12:00:00,2026-05-31 12:00:00,2026-05-31 13:00:00,1,24.03,0.88
2258,2,IPMA_simulado,2026-05-31 12:00:00,2026-05-31 12:00:00,2026-05-31 13:00:00,1,40.83,0.84
2259,3,IPMA_simulado,2026-05-31 12:00:00,2026-05-31 12:00:00,2026-05-31 13:00:00,1,0,0.778
2260,4,IPMA_simulado,2026-05-31 12:00:00,2026-05-31 12:00:00,2026-05-31 13:00:00,1,0,0.651
2261,1,IPMA_simulado,2026-05-31 13:00:00,2026-05-31 13:00:00,2026-05-31 14:00:00,1,1.02,0.867
2262,2,IPMA_simulado,2026-05-31 13:00:00,2026-05-31 13:00:00,2026-05-31 14:00:00,1,0.32,0.789
2263,3,IPMA_simulado,2026-05-31 13:00:00,2026-05-31 13:00:00,2026-05-31 14:00:00,1,0,0.866
2264,4,IPMA_simulado,2026-05-31 13:00:00,2026-05-31 13:00:00,2026-05-31 14:00:00,1,0,0.912
2265,1,IPMA_simulado,2026-05-31 14:00:00,2026-05-31 14:00:00,2026-05-31 15:00:00,1,44.35,0.703
2266,2,IPMA_simulado,2026-05-31 14:00:00,2026-05-31 14:00:00,2026-05-31 15:00:00,1,5.16,0.756
2267,3,IPMA_simulado,2026-05-31 14:00:00,2026-05-31 14:00:00,2026-05-31 15:00:00,1,39.14,0.863
2268,4,IPMA_simulado,2026-05-31 14:00:00,2026-05-31 14:00:00,2026-05-31 15:00:00,1,0,0.766
2269,1,IPMA_simulado,2026-05-31 15:00:00,2026-05-31 15:00:00,2026-05-31 16:00:00,1,14.58,0.943
2270,2,IPMA_simulado,2026-05-31 15:00:00,2026-05-31 15:00:00,2026-05-31 16:00:00,1,24.75,0.948
2271,3,IPMA_simulado,2026-05-31 15:00:00,2026-05-31 15:00:00,2026-05-31 16:00:00,1,18.25,0.838
2272,4,IPMA_simulado,2026-05-31 15:00:00,2026-05-31 15:00:00,2026-05-31 16:00:00,1,0,0.797
2273,1,IPMA_simulado,2026-05-31 16:00:00,2026-05-31 16:00:00,2026-05-31 17:00:00,1,7.66,0.758
2274,2,IPMA_simulado,2026-05-31 16:00:00,2026-05-31 16:00:00,2026-05-31 17:00:00,1,8.04,0.733
2275,3,IPMA_simulado,2026-05-31 16:00:00,2026-05-31 16:00:00,2026-05-31 17:00:00,1,4.19,0.915
2276,4,IPMA_simulado,2026-05-31 16:00:00,2026-05-31 16:00:00,2026-05-31 17:00:00,1,0,0.731
2277,1,IPMA_simulado,2026-05-31 17:00:00,2026-05-31 17:00:00,2026-05-31 18:00:00,1,18.81,0.85
2278,2,IPMA_simulado,2026-05-31 17:00:00,2026-05-31 17:00:00,2026-05-31 18:00:00,1,11.02,0.852
2279,3,IPMA_simulado,2026-05-31 17:00:00,2026-05-31 17:00:00,2026-05-31 18:00:00,1,4.88,0.789
2280,4,IPMA_simulado,2026-05-31 17:00:00,2026-05-31 17:00:00,2026-05-31 18:00:00,1,10.1,0.89
2281,1,IPMA_simulado,2026-05-31 18:00:00,2026-05-31 18:00:00,2026-05-31 19:00:00,1,4.72,0.701
2282,2,IPMA_simulado,2026-05-31 18:00:00,2026-05-31 18:00:00,2026-05-31 19:00:00,1,9.43,0.776
2283,3,IPMA_simulado,2026-05-31 18:00:00,2026-05-31 18:00:00,2026-05-31 19:00:00,1,1.24,0.83
2284,4,IPMA_simulado,2026-05-31 18:00:00,2026-05-31 18:00:00,2026-05-31 19:00:00,1,12.44,0.902
2285,1,IPMA_simulado,2026-05-31 19:00:00,2026-05-31 19:00:00,2026-05-31 20:00:00,1,0.77,0.661
2286,2,IPMA_simulado,2026-05-31 19:00:00,2026-05-31 19:00:00,2026-05-31 20:00:00,1,11.35,0.901
2287,3,IPMA_simulado,2026-05-31 19:00:00,2026-05-31 19:00:00,2026-05-31 20:00:00,1,0,0.679
2288,4,IPMA_simulado,2026-05-31 19:00:00,2026-05-31 19:00:00,2026-05-31 20:00:00,1,0.47,0.941
2289,1,IPMA_simulado,2026-05-31 20:00:00,2026-05-31 20:00:00,2026-05-31 21:00:00,1,6.09,0.734
2290,2,IPMA_simulado,2026-05-31 20:00:00,2026-05-31 20:00:00,2026-05-31 21:00:00,1,0,0.899
2291,3,IPMA_simulado,2026-05-31 20:00:00,2026-05-31 20:00:00,2026-05-31 21:00:00,1,19.85,0.852
2292,4,IPMA_simulado,2026-05-31 20:00:00,2026-05-31 20:00:00,2026-05-31 21:00:00,1,1.01,0.83
2293,1,IPMA_simulado,2026-05-31 21:00:00,2026-05-31 21:00:00,2026-05-31 22:00:00,1,27.49,0.799
2294,2,IPMA_simulado,2026-05-31 21:00:00,2026-05-31 21:00:00,2026-05-31 22:00:00,1,7.16,0.909
2295,3,IPMA_simulado,2026-05-31 21:00:00,2026-05-31 21:00:00,2026-05-31 22:00:00,1,10.39,0.741
2296,4,IPMA_simulado,2026-05-31 21:00:00,2026-05-31 21:00:00,2026-05-31 22:00:00,1,9.32,0.81
2297,1,IPMA_simulado,2026-05-31 22:00:00,2026-05-31 22:00:00,2026-05-31 23:00:00,1,0,0.742
2298,2,IPMA_simulado,2026-05-31 22:00:00,2026-05-31 22:00:00,2026-05-31 23:00:00,1,7.82,0.692
2299,3,IPMA_simulado,2026-05-31 22:00:00,2026-05-31 22:00:00,2026-05-31 23:00:00,1,5.18,0.715
2300,4,IPMA_simulado,2026-05-31 22:00:00,2026-05-31 22:00:00,2026-05-31 23:00:00,1,0.99,0.892
2301,1,IPMA_simulado,2026-05-31 23:00:00,2026-05-31 23:00:00,2026-06-01 00:00:00,1,0,0.89
2302,2,IPMA_simulado,2026-05-31 23:00:00,2026-05-31 23:00:00,2026-06-01 00:00:00,1,33.22,0.694
2303,3,IPMA_simulado,2026-05-31 23:00:00,2026-05-31 23:00:00,2026-06-01 00:00:00,1,8.24,0.676
2304,4,IPMA_simulado,2026-05-31 23:00:00,2026-05-31 23:00:00,2026-06-01 00:00:00,1,0,0.857
2305,1,IPMA_simulado,2026-06-01 00:00:00,2026-06-01 00:00:00,2026-06-01 01:00:00,1,0,0.762
2306,2,IPMA_simulado,2026-06-01 00:00:00,2026-06-01 00:00:00,2026-06-01 01:00:00,1,21.88,0.79
2307,3,IPMA_simulado,2026-06-01 00:00:00,2026-06-01 00:00:00,2026-06-01 01:00:00,1,19.68,0.797
2308,4,IPMA_simulado,2026-06-01 00:00:00,2026-06-01 00:00:00,2026-06-01 01:00:00,1,6.12,0.713
2309,1,IPMA_simulado,2026-06-01 01:00:00,2026-06-01 01:00:00,2026-06-01 02:00:00,1,44.03,0.933
2310,2,IPMA_simulado,2026-06-01 01:00:00,2026-06-01 01:00:00,2026-06-01 02:00:00,1,4.59,0.695
2311,3,IPMA_simulado,2026-06-01 01:00:00,2026-06-01 01:00:00,2026-06-01 02:00:00,1,9.49,0.786
2312,4,IPMA_simulado,2026-06-01 01:00:00,2026-06-01 01:00:00,2026-06-01 02:00:00,1,0,0.896
2313,1,IPMA_simulado,2026-06-01 02:00:00,2026-06-01 02:00:00,2026-06-01 03:00:00,1,69.01,0.662
2314,2,IPMA_simulado,2026-06-01 02:00:00,2026-06-01 02:00:00,2026-06-01 03:00:00,1,17.82,0.793
2315,3,IPMA_simulado,2026-06-01 02:00:00,2026-06-01 02:00:00,2026-06-01 03:00:00,1,32.49,0.843
2316,4,IPMA_simulado,2026-06-01 02:00:00,2026-06-01 02:00:00,2026-06-01 03:00:00,1,22.2,0.66
2317,1,IPMA_simulado,2026-06-01 03:00:00,2026-06-01 03:00:00,2026-06-01 04:00:00,1,4.62,0.767
2318,2,IPMA_simulado,2026-06-01 03:00:00,2026-06-01 03:00:00,2026-06-01 04:00:00,1,6.55,0.926
2319,3,IPMA_simulado,2026-06-01 03:00:00,2026-06-01 03:00:00,2026-06-01 04:00:00,1,44.24,0.924
2320,4,IPMA_simulado,2026-06-01 03:00:00,2026-06-01 03:00:00,2026-06-01 04:00:00,1,33.73,0.876
2321,1,IPMA_simulado,2026-06-01 04:00:00,2026-06-01 04:00:00,2026-06-01 05:00:00,1,24.71,0.822
2322,2,IPMA_simulado,2026-06-01 04:00:00,2026-06-01 04:00:00,2026-06-01 05:00:00,1,28.53,0.946
2323,3,IPMA_simulado,2026-06-01 04:00:00,2026-06-01 04:00:00,2026-06-01 05:00:00,1,0,0.901
2324,4,IPMA_simulado,2026-06-01 04:00:00,2026-06-01 04:00:00,2026-06-01 05:00:00,1,8.14,0.853
2325,1,IPMA_simulado,2026-06-01 05:00:00,2026-06-01 05:00:00,2026-06-01 06:00:00,1,0,0.654
2326,2,IPMA_simulado,2026-06-01 05:00:00,2026-06-01 05:00:00,2026-06-01 06:00:00,1,10.19,0.812
2327,3,IPMA_simulado,2026-06-01 05:00:00,2026-06-01 05:00:00,2026-06-01 06:00:00,1,0,0.72
2328,4,IPMA_simulado,2026-06-01 05:00:00,2026-06-01 05:00:00,2026-06-01 06:00:00,1,0,0.845
2329,1,IPMA_simulado,2026-06-01 06:00:00,2026-06-01 06:00:00,2026-06-01 07:00:00,1,6.21,0.762
2330,2,IPMA_simulado,2026-06-01 06:00:00,2026-06-01 06:00:00,2026-06-01 07:00:00,1,2.62,0.676
2331,3,IPMA_simulado,2026-06-01 06:00:00,2026-06-01 06:00:00,2026-06-01 07:00:00,1,35.22,0.724
2332,4,IPMA_simulado,2026-06-01 06:00:00,2026-06-01 06:00:00,2026-06-01 07:00:00,1,3.4,0.703
2333,1,IPMA_simulado,2026-06-01 07:00:00,2026-06-01 07:00:00,2026-06-01 08:00:00,1,14.14,0.883
2334,2,IPMA_simulado,2026-06-01 07:00:00,2026-06-01 07:00:00,2026-06-01 08:00:00,1,10.66,0.679
2335,3,IPMA_simulado,2026-06-01 07:00:00,2026-06-01 07:00:00,2026-06-01 08:00:00,1,0,0.791
2336,4,IPMA_simulado,2026-06-01 07:00:00,2026-06-01 07:00:00,2026-06-01 08:00:00,1,7.69,0.787
2337,1,IPMA_simulado,2026-06-01 08:00:00,2026-06-01 08:00:00,2026-06-01 09:00:00,1,0,0.87
2338,2,IPMA_simulado,2026-06-01 08:00:00,2026-06-01 08:00:00,2026-06-01 09:00:00,1,13.3,0.942
2339,3,IPMA_simulado,2026-06-01 08:00:00,2026-06-01 08:00:00,2026-06-01 09:00:00,1,11.59,0.795
2340,4,IPMA_simulado,2026-06-01 08:00:00,2026-06-01 08:00:00,2026-06-01 09:00:00,1,9.8,0.814
2341,1,IPMA_simulado,2026-06-01 09:00:00,2026-06-01 09:00:00,2026-06-01 10:00:00,1,0,0.765
2342,2,IPMA_simulado,2026-06-01 09:00:00,2026-06-01 09:00:00,2026-06-01 10:00:00,1,0,0.894
2343,3,IPMA_simulado,2026-06-01 09:00:00,2026-06-01 09:00:00,2026-06-01 10:00:00,1,9.66,0.784
2344,4,IPMA_simulado,2026-06-01 09:00:00,2026-06-01 09:00:00,2026-06-01 10:00:00,1,5.83,0.651
2345,1,IPMA_simulado,2026-06-01 10:00:00,2026-06-01 10:00:00,2026-06-01 11:00:00,1,6.38,0.767
2346,2,IPMA_simulado,2026-06-01 10:00:00,2026-06-01 10:00:00,2026-06-01 11:00:00,1,0,0.917
2347,3,IPMA_simulado,2026-06-01 10:00:00,2026-06-01 10:00:00,2026-06-01 11:00:00,1,0.85,0.735
2348,4,IPMA_simulado,2026-06-01 10:00:00,2026-06-01 10:00:00,2026-06-01 11:00:00,1,4.52,0.66
2349,1,IPMA_simulado,2026-06-01 11:00:00,2026-06-01 11:00:00,2026-06-01 12:00:00,1,21.6,0.84
2350,2,IPMA_simulado,2026-06-01 11:00:00,2026-06-01 11:00:00,2026-06-01 12:00:00,1,18.35,0.942
2351,3,IPMA_simulado,2026-06-01 11:00:00,2026-06-01 11:00:00,2026-06-01 12:00:00,1,0,0.944
2352,4,IPMA_simulado,2026-06-01 11:00:00,2026-06-01 11:00:00,2026-06-01 12:00:00,1,8.85,0.743
2353,1,IPMA_simulado,2026-06-01 12:00:00,2026-06-01 12:00:00,2026-06-01 13:00:00,1,5.58,0.762
2354,2,IPMA_simulado,2026-06-01 12:00:00,2026-06-01 12:00:00,2026-06-01 13:00:00,1,7.96,0.761
2355,3,IPMA_simulado,2026-06-01 12:00:00,2026-06-01 12:00:00,2026-06-01 13:00:00,1,7.54,0.95
2356,4,IPMA_simulado,2026-06-01 12:00:00,2026-06-01 12:00:00,2026-06-01 13:00:00,1,23.39,0.654
2357,1,IPMA_simulado,2026-06-01 13:00:00,2026-06-01 13:00:00,2026-06-01 14:00:00,1,9.74,0.722
2358,2,IPMA_simulado,2026-06-01 13:00:00,2026-06-01 13:00:00,2026-06-01 14:00:00,1,8.21,0.658
2359,3,IPMA_simulado,2026-06-01 13:00:00,2026-06-01 13:00:00,2026-06-01 14:00:00,1,6.37,0.68
2360,4,IPMA_simulado,2026-06-01 13:00:00,2026-06-01 13:00:00,2026-06-01 14:00:00,1,7.51,0.746
2361,1,IPMA_simulado,2026-06-01 14:00:00,2026-06-01 14:00:00,2026-06-01 15:00:00,1,0,0.747
2362,2,IPMA_simulado,2026-06-01 14:00:00,2026-06-01 14:00:00,2026-06-01 15:00:00,1,10.29,0.92
2363,3,IPMA_simulado,2026-06-01 14:00:00,2026-06-01 14:00:00,2026-06-01 15:00:00,1,0,0.854
2364,4,IPMA_simulado,2026-06-01 14:00:00,2026-06-01 14:00:00,2026-06-01 15:00:00,1,26.95,0.777
2365,1,IPMA_simulado,2026-06-01 15:00:00,2026-06-01 15:00:00,2026-06-01 16:00:00,1,12.43,0.928
2366,2,IPMA_simulado,2026-06-01 15:00:00,2026-06-01 15:00:00,2026-06-01 16:00:00,1,2.59,0.905
2367,3,IPMA_simulado,2026-06-01 15:00:00,2026-06-01 15:00:00,2026-06-01 16:00:00,1,20.67,0.687
2368,4,IPMA_simulado,2026-06-01 15:00:00,2026-06-01 15:00:00,2026-06-01 16:00:00,1,14.49,0.807
2369,1,IPMA_simulado,2026-06-01 16:00:00,2026-06-01 16:00:00,2026-06-01 17:00:00,1,1.47,0.816
2370,2,IPMA_simulado,2026-06-01 16:00:00,2026-06-01 16:00:00,2026-06-01 17:00:00,1,10.48,0.663
2371,3,IPMA_simulado,2026-06-01 16:00:00,2026-06-01 16:00:00,2026-06-01 17:00:00,1,29.02,0.845
2372,4,IPMA_simulado,2026-06-01 16:00:00,2026-06-01 16:00:00,2026-06-01 17:00:00,1,0,0.909
2373,1,IPMA_simulado,2026-06-01 17:00:00,2026-06-01 17:00:00,2026-06-01 18:00:00,1,16.5,0.877
2374,2,IPMA_simulado,2026-06-01 17:00:00,2026-06-01 17:00:00,2026-06-01 18:00:00,1,11.14,0.889
2375,3,IPMA_simulado,2026-06-01 17:00:00,2026-06-01 17:00:00,2026-06-01 18:00:00,1,1.3,0.875
2376,4,IPMA_simulado,2026-06-01 17:00:00,2026-06-01 17:00:00,2026-06-01 18:00:00,1,15.44,0.73
2377,1,IPMA_simulado,2026-06-01 18:00:00,2026-06-01 18:00:00,2026-06-01 19:00:00,1,10.44,0.917
2378,2,IPMA_simulado,2026-06-01 18:00:00,2026-06-01 18:00:00,2026-06-01 19:00:00,1,0,0.833
2379,3,IPMA_simulado,2026-06-01 18:00:00,2026-06-01 18:00:00,2026-06-01 19:00:00,1,10.37,0.916
2380,4,IPMA_simulado,2026-06-01 18:00:00,2026-06-01 18:00:00,2026-06-01 19:00:00,1,13.13,0.95
2381,1,IPMA_simulado,2026-06-01 19:00:00,2026-06-01 19:00:00,2026-06-01 20:00:00,1,8.59,0.682
2382,2,IPMA_simulado,2026-06-01 19:00:00,2026-06-01 19:00:00,2026-06-01 20:00:00,1,0,0.743
2383,3,IPMA_simulado,2026-06-01 19:00:00,2026-06-01 19:00:00,2026-06-01 20:00:00,1,0,0.703
2384,4,IPMA_simulado,2026-06-01 19:00:00,2026-06-01 19:00:00,2026-06-01 20:00:00,1,9.46,0.71
2385,1,IPMA_simulado,2026-06-01 20:00:00,2026-06-01 20:00:00,2026-06-01 21:00:00,1,15.7,0.895
2386,2,IPMA_simulado,2026-06-01 20:00:00,2026-06-01 20:00:00,2026-06-01 21:00:00,1,0,0.852
2387,3,IPMA_simulado,2026-06-01 20:00:00,2026-06-01 20:00:00,2026-06-01 21:00:00,1,1.73,0.899
2388,4,IPMA_simulado,2026-06-01 20:00:00,2026-06-01 20:00:00,2026-06-01 21:00:00,1,7.48,0.706
2389,1,IPMA_simulado,2026-06-01 21:00:00,2026-06-01 21:00:00,2026-06-01 22:00:00,1,12.03,0.928
2390,2,IPMA_simulado,2026-06-01 21:00:00,2026-06-01 21:00:00,2026-06-01 22:00:00,1,7.9,0.88
2391,3,IPMA_simulado,2026-06-01 21:00:00,2026-06-01 21:00:00,2026-06-01 22:00:00,1,0,0.93
2392,4,IPMA_simulado,2026-06-01 21:00:00,2026-06-01 21:00:00,2026-06-01 22:00:00,1,6.54,0.692
2393,1,IPMA_simulado,2026-06-01 22:00:00,2026-06-01 22:00:00,2026-06-01 23:00:00,1,2.64,0.839
2394,2,IPMA_simulado,2026-06-01 22:00:00,2026-06-01 22:00:00,2026-06-01 23:00:00,1,6.14,0.836
2395,3,IPMA_simulado,2026-06-01 22:00:00,2026-06-01 22:00:00,2026-06-01 23:00:00,1,11.21,0.876
2396,4,IPMA_simulado,2026-06-01 22:00:00,2026-06-01 22:00:00,2026-06-01 23:00:00,1,15.37,0.828
2397,1,IPMA_simulado,2026-06-01 23:00:00,2026-06-01 23:00:00,2026-06-02 00:00:00,1,9.93,0.872
2398,2,IPMA_simulado,2026-06-01 23:00:00,2026-06-01 23:00:00,2026-06-02 00:00:00,1,0,0.848
2399,3,IPMA_simulado,2026-06-01 23:00:00,2026-06-01 23:00:00,2026-06-02 00:00:00,1,20.99,0.886
2400,4,IPMA_simulado,2026-06-01 23:00:00,2026-06-01 23:00:00,2026-06-02 00:00:00,1,15.11,0.827
2401,1,IPMA_simulado,2026-06-02 00:00:00,2026-06-02 00:00:00,2026-06-02 01:00:00,1,0.08,0.687
2402,2,IPMA_simulado,2026-06-02 00:00:00,2026-06-02 00:00:00,2026-06-02 01:00:00,1,4.45,0.91
2403,3,IPMA_simulado,2026-06-02 00:00:00,2026-06-02 00:00:00,2026-06-02 01:00:00,1,2.06,0.906
2404,4,IPMA_simulado,2026-06-02 00:00:00,2026-06-02 00:00:00,2026-06-02 01:00:00,1,0,0.719
2405,1,IPMA_simulado,2026-06-02 01:00:00,2026-06-02 01:00:00,2026-06-02 02:00:00,1,5.03,0.667
2406,2,IPMA_simulado,2026-06-02 01:00:00,2026-06-02 01:00:00,2026-06-02 02:00:00,1,17.39,0.736
2407,3,IPMA_simulado,2026-06-02 01:00:00,2026-06-02 01:00:00,2026-06-02 02:00:00,1,10.67,0.797
2408,4,IPMA_simulado,2026-06-02 01:00:00,2026-06-02 01:00:00,2026-06-02 02:00:00,1,7.94,0.74
2409,1,IPMA_simulado,2026-06-02 02:00:00,2026-06-02 02:00:00,2026-06-02 03:00:00,1,10.54,0.897
2410,2,IPMA_simulado,2026-06-02 02:00:00,2026-06-02 02:00:00,2026-06-02 03:00:00,1,12.58,0.786
2411,3,IPMA_simulado,2026-06-02 02:00:00,2026-06-02 02:00:00,2026-06-02 03:00:00,1,3.1,0.776
2412,4,IPMA_simulado,2026-06-02 02:00:00,2026-06-02 02:00:00,2026-06-02 03:00:00,1,0,0.773
2413,1,IPMA_simulado,2026-06-02 03:00:00,2026-06-02 03:00:00,2026-06-02 04:00:00,1,1.6,0.79
2414,2,IPMA_simulado,2026-06-02 03:00:00,2026-06-02 03:00:00,2026-06-02 04:00:00,1,3.33,0.656
2415,3,IPMA_simulado,2026-06-02 03:00:00,2026-06-02 03:00:00,2026-06-02 04:00:00,1,38.65,0.902
2416,4,IPMA_simulado,2026-06-02 03:00:00,2026-06-02 03:00:00,2026-06-02 04:00:00,1,7.61,0.933
2417,1,IPMA_simulado,2026-06-02 04:00:00,2026-06-02 04:00:00,2026-06-02 05:00:00,1,16.99,0.817
2418,2,IPMA_simulado,2026-06-02 04:00:00,2026-06-02 04:00:00,2026-06-02 05:00:00,1,32.62,0.658
2419,3,IPMA_simulado,2026-06-02 04:00:00,2026-06-02 04:00:00,2026-06-02 05:00:00,1,1.75,0.729
2420,4,IPMA_simulado,2026-06-02 04:00:00,2026-06-02 04:00:00,2026-06-02 05:00:00,1,8.95,0.694
2421,1,IPMA_simulado,2026-06-02 05:00:00,2026-06-02 05:00:00,2026-06-02 06:00:00,1,7.02,0.77
2422,2,IPMA_simulado,2026-06-02 05:00:00,2026-06-02 05:00:00,2026-06-02 06:00:00,1,0,0.693
2423,3,IPMA_simulado,2026-06-02 05:00:00,2026-06-02 05:00:00,2026-06-02 06:00:00,1,0,0.799
2424,4,IPMA_simulado,2026-06-02 05:00:00,2026-06-02 05:00:00,2026-06-02 06:00:00,1,0,0.808
2425,1,IPMA_simulado,2026-06-02 06:00:00,2026-06-02 06:00:00,2026-06-02 07:00:00,1,0,0.917
2426,2,IPMA_simulado,2026-06-02 06:00:00,2026-06-02 06:00:00,2026-06-02 07:00:00,1,0,0.808
2427,3,IPMA_simulado,2026-06-02 06:00:00,2026-06-02 06:00:00,2026-06-02 07:00:00,1,0.77,0.852
2428,4,IPMA_simulado,2026-06-02 06:00:00,2026-06-02 06:00:00,2026-06-02 07:00:00,1,7.56,0.949
2429,1,IPMA_simulado,2026-06-02 07:00:00,2026-06-02 07:00:00,2026-06-02 08:00:00,1,18.2,0.708
2430,2,IPMA_simulado,2026-06-02 07:00:00,2026-06-02 07:00:00,2026-06-02 08:00:00,1,22.08,0.948
2431,3,IPMA_simulado,2026-06-02 07:00:00,2026-06-02 07:00:00,2026-06-02 08:00:00,1,0.25,0.84
2432,4,IPMA_simulado,2026-06-02 07:00:00,2026-06-02 07:00:00,2026-06-02 08:00:00,1,3.68,0.781
2433,1,IPMA_simulado,2026-06-02 08:00:00,2026-06-02 08:00:00,2026-06-02 09:00:00,1,0,0.86
2434,2,IPMA_simulado,2026-06-02 08:00:00,2026-06-02 08:00:00,2026-06-02 09:00:00,1,3.71,0.687
2435,3,IPMA_simulado,2026-06-02 08:00:00,2026-06-02 08:00:00,2026-06-02 09:00:00,1,0,0.756
2436,4,IPMA_simulado,2026-06-02 08:00:00,2026-06-02 08:00:00,2026-06-02 09:00:00,1,0,0.876
2437,1,IPMA_simulado,2026-06-02 09:00:00,2026-06-02 09:00:00,2026-06-02 10:00:00,1,37.86,0.762
2438,2,IPMA_simulado,2026-06-02 09:00:00,2026-06-02 09:00:00,2026-06-02 10:00:00,1,0,0.871
2439,3,IPMA_simulado,2026-06-02 09:00:00,2026-06-02 09:00:00,2026-06-02 10:00:00,1,2.75,0.763
2440,4,IPMA_simulado,2026-06-02 09:00:00,2026-06-02 09:00:00,2026-06-02 10:00:00,1,7.8,0.737
2441,1,IPMA_simulado,2026-06-02 10:00:00,2026-06-02 10:00:00,2026-06-02 11:00:00,1,7.14,0.9
2442,2,IPMA_simulado,2026-06-02 10:00:00,2026-06-02 10:00:00,2026-06-02 11:00:00,1,10.83,0.819
2443,3,IPMA_simulado,2026-06-02 10:00:00,2026-06-02 10:00:00,2026-06-02 11:00:00,1,0,0.767
2444,4,IPMA_simulado,2026-06-02 10:00:00,2026-06-02 10:00:00,2026-06-02 11:00:00,1,11.21,0.873
2445,1,IPMA_simulado,2026-06-02 11:00:00,2026-06-02 11:00:00,2026-06-02 12:00:00,1,16.72,0.781
2446,2,IPMA_simulado,2026-06-02 11:00:00,2026-06-02 11:00:00,2026-06-02 12:00:00,1,5.4,0.868
2447,3,IPMA_simulado,2026-06-02 11:00:00,2026-06-02 11:00:00,2026-06-02 12:00:00,1,0,0.875
2448,4,IPMA_simulado,2026-06-02 11:00:00,2026-06-02 11:00:00,2026-06-02 12:00:00,1,17.36,0.725
2449,1,IPMA_simulado,2026-06-02 12:00:00,2026-06-02 12:00:00,2026-06-02 13:00:00,1,16.68,0.713
2450,2,IPMA_simulado,2026-06-02 12:00:00,2026-06-02 12:00:00,2026-06-02 13:00:00,1,7.77,0.756
2451,3,IPMA_simulado,2026-06-02 12:00:00,2026-06-02 12:00:00,2026-06-02 13:00:00,1,6.58,0.919
2452,4,IPMA_simulado,2026-06-02 12:00:00,2026-06-02 12:00:00,2026-06-02 13:00:00,1,39.26,0.807
2453,1,IPMA_simulado,2026-06-02 13:00:00,2026-06-02 13:00:00,2026-06-02 14:00:00,1,9.75,0.891
2454,2,IPMA_simulado,2026-06-02 13:00:00,2026-06-02 13:00:00,2026-06-02 14:00:00,1,8.5,0.883
2455,3,IPMA_simulado,2026-06-02 13:00:00,2026-06-02 13:00:00,2026-06-02 14:00:00,1,2.81,0.655
2456,4,IPMA_simulado,2026-06-02 13:00:00,2026-06-02 13:00:00,2026-06-02 14:00:00,1,14.35,0.842
2457,1,IPMA_simulado,2026-06-02 14:00:00,2026-06-02 14:00:00,2026-06-02 15:00:00,1,0,0.891
2458,2,IPMA_simulado,2026-06-02 14:00:00,2026-06-02 14:00:00,2026-06-02 15:00:00,1,5.33,0.947
2459,3,IPMA_simulado,2026-06-02 14:00:00,2026-06-02 14:00:00,2026-06-02 15:00:00,1,20.69,0.676
2460,4,IPMA_simulado,2026-06-02 14:00:00,2026-06-02 14:00:00,2026-06-02 15:00:00,1,14.55,0.693
2461,1,IPMA_simulado,2026-06-02 15:00:00,2026-06-02 15:00:00,2026-06-02 16:00:00,1,19.62,0.711
2462,2,IPMA_simulado,2026-06-02 15:00:00,2026-06-02 15:00:00,2026-06-02 16:00:00,1,13.12,0.844
2463,3,IPMA_simulado,2026-06-02 15:00:00,2026-06-02 15:00:00,2026-06-02 16:00:00,1,5.39,0.933
2464,4,IPMA_simulado,2026-06-02 15:00:00,2026-06-02 15:00:00,2026-06-02 16:00:00,1,9.73,0.931
2465,1,IPMA_simulado,2026-06-02 16:00:00,2026-06-02 16:00:00,2026-06-02 17:00:00,1,19.43,0.678
2466,2,IPMA_simulado,2026-06-02 16:00:00,2026-06-02 16:00:00,2026-06-02 17:00:00,1,15.5,0.699
2467,3,IPMA_simulado,2026-06-02 16:00:00,2026-06-02 16:00:00,2026-06-02 17:00:00,1,0,0.744
2468,4,IPMA_simulado,2026-06-02 16:00:00,2026-06-02 16:00:00,2026-06-02 17:00:00,1,42.77,0.745
2469,1,IPMA_simulado,2026-06-02 17:00:00,2026-06-02 17:00:00,2026-06-02 18:00:00,1,70,0.937
2470,2,IPMA_simulado,2026-06-02 17:00:00,2026-06-02 17:00:00,2026-06-02 18:00:00,1,12.85,0.797
2471,3,IPMA_simulado,2026-06-02 17:00:00,2026-06-02 17:00:00,2026-06-02 18:00:00,1,22.62,0.936
2472,4,IPMA_simulado,2026-06-02 17:00:00,2026-06-02 17:00:00,2026-06-02 18:00:00,1,0,0.866
2473,1,IPMA_simulado,2026-06-02 18:00:00,2026-06-02 18:00:00,2026-06-02 19:00:00,1,5.62,0.89
2474,2,IPMA_simulado,2026-06-02 18:00:00,2026-06-02 18:00:00,2026-06-02 19:00:00,1,33.09,0.813
2475,3,IPMA_simulado,2026-06-02 18:00:00,2026-06-02 18:00:00,2026-06-02 19:00:00,1,29.98,0.778
2476,4,IPMA_simulado,2026-06-02 18:00:00,2026-06-02 18:00:00,2026-06-02 19:00:00,1,7.09,0.675
2477,1,IPMA_simulado,2026-06-02 19:00:00,2026-06-02 19:00:00,2026-06-02 20:00:00,1,0,0.847
2478,2,IPMA_simulado,2026-06-02 19:00:00,2026-06-02 19:00:00,2026-06-02 20:00:00,1,20.67,0.831
2479,3,IPMA_simulado,2026-06-02 19:00:00,2026-06-02 19:00:00,2026-06-02 20:00:00,1,17.25,0.682
2480,4,IPMA_simulado,2026-06-02 19:00:00,2026-06-02 19:00:00,2026-06-02 20:00:00,1,20.5,0.904
2481,1,IPMA_simulado,2026-06-02 20:00:00,2026-06-02 20:00:00,2026-06-02 21:00:00,1,7.48,0.824
2482,2,IPMA_simulado,2026-06-02 20:00:00,2026-06-02 20:00:00,2026-06-02 21:00:00,1,0.52,0.758
2483,3,IPMA_simulado,2026-06-02 20:00:00,2026-06-02 20:00:00,2026-06-02 21:00:00,1,20.73,0.819
2484,4,IPMA_simulado,2026-06-02 20:00:00,2026-06-02 20:00:00,2026-06-02 21:00:00,1,15.59,0.747
2485,1,IPMA_simulado,2026-06-02 21:00:00,2026-06-02 21:00:00,2026-06-02 22:00:00,1,8.92,0.813
2486,2,IPMA_simulado,2026-06-02 21:00:00,2026-06-02 21:00:00,2026-06-02 22:00:00,1,0,0.782
2487,3,IPMA_simulado,2026-06-02 21:00:00,2026-06-02 21:00:00,2026-06-02 22:00:00,1,2.54,0.785
2488,4,IPMA_simulado,2026-06-02 21:00:00,2026-06-02 21:00:00,2026-06-02 22:00:00,1,5.34,0.823
2489,1,IPMA_simulado,2026-06-02 22:00:00,2026-06-02 22:00:00,2026-06-02 23:00:00,1,2.89,0.849
2490,2,IPMA_simulado,2026-06-02 22:00:00,2026-06-02 22:00:00,2026-06-02 23:00:00,1,0,0.942
2491,3,IPMA_simulado,2026-06-02 22:00:00,2026-06-02 22:00:00,2026-06-02 23:00:00,1,11.23,0.742
2492,4,IPMA_simulado,2026-06-02 22:00:00,2026-06-02 22:00:00,2026-06-02 23:00:00,1,8.72,0.945
2493,1,IPMA_simulado,2026-06-02 23:00:00,2026-06-02 23:00:00,2026-06-03 00:00:00,1,7.67,0.675
2494,2,IPMA_simulado,2026-06-02 23:00:00,2026-06-02 23:00:00,2026-06-03 00:00:00,1,2.4,0.745
2495,3,IPMA_simulado,2026-06-02 23:00:00,2026-06-02 23:00:00,2026-06-03 00:00:00,1,2.97,0.891
2496,4,IPMA_simulado,2026-06-02 23:00:00,2026-06-02 23:00:00,2026-06-03 00:00:00,1,0,0.773
2497,1,IPMA_simulado,2026-06-03 00:00:00,2026-06-03 00:00:00,2026-06-03 01:00:00,1,3.09,0.735
2498,2,IPMA_simulado,2026-06-03 00:00:00,2026-06-03 00:00:00,2026-06-03 01:00:00,1,0,0.679
2499,3,IPMA_simulado,2026-06-03 00:00:00,2026-06-03 00:00:00,2026-06-03 01:00:00,1,9.88,0.714
2500,4,IPMA_simulado,2026-06-03 00:00:00,2026-06-03 00:00:00,2026-06-03 01:00:00,1,26.66,0.809
2501,1,IPMA_simulado,2026-06-03 01:00:00,2026-06-03 01:00:00,2026-06-03 02:00:00,1,0,0.796
2502,2,IPMA_simulado,2026-06-03 01:00:00,2026-06-03 01:00:00,2026-06-03 02:00:00,1,0,0.692
2503,3,IPMA_simulado,2026-06-03 01:00:00,2026-06-03 01:00:00,2026-06-03 02:00:00,1,9.9,0.681
2504,4,IPMA_simulado,2026-06-03 01:00:00,2026-06-03 01:00:00,2026-06-03 02:00:00,1,9.17,0.672
2505,1,IPMA_simulado,2026-06-03 02:00:00,2026-06-03 02:00:00,2026-06-03 03:00:00,1,47.32,0.703
2506,2,IPMA_simulado,2026-06-03 02:00:00,2026-06-03 02:00:00,2026-06-03 03:00:00,1,4.52,0.777
2507,3,IPMA_simulado,2026-06-03 02:00:00,2026-06-03 02:00:00,2026-06-03 03:00:00,1,5.67,0.86
2508,4,IPMA_simulado,2026-06-03 02:00:00,2026-06-03 02:00:00,2026-06-03 03:00:00,1,4.32,0.707
2509,1,IPMA_simulado,2026-06-03 03:00:00,2026-06-03 03:00:00,2026-06-03 04:00:00,1,0,0.921
2510,2,IPMA_simulado,2026-06-03 03:00:00,2026-06-03 03:00:00,2026-06-03 04:00:00,1,5.89,0.819
2511,3,IPMA_simulado,2026-06-03 03:00:00,2026-06-03 03:00:00,2026-06-03 04:00:00,1,10.78,0.765
2512,4,IPMA_simulado,2026-06-03 03:00:00,2026-06-03 03:00:00,2026-06-03 04:00:00,1,7.95,0.948
2513,1,IPMA_simulado,2026-06-03 04:00:00,2026-06-03 04:00:00,2026-06-03 05:00:00,1,8.59,0.934
2514,2,IPMA_simulado,2026-06-03 04:00:00,2026-06-03 04:00:00,2026-06-03 05:00:00,1,0,0.95
2515,3,IPMA_simulado,2026-06-03 04:00:00,2026-06-03 04:00:00,2026-06-03 05:00:00,1,48.42,0.889
2516,4,IPMA_simulado,2026-06-03 04:00:00,2026-06-03 04:00:00,2026-06-03 05:00:00,1,0,0.937
2517,1,IPMA_simulado,2026-06-03 05:00:00,2026-06-03 05:00:00,2026-06-03 06:00:00,1,17.63,0.812
2518,2,IPMA_simulado,2026-06-03 05:00:00,2026-06-03 05:00:00,2026-06-03 06:00:00,1,0,0.797
2519,3,IPMA_simulado,2026-06-03 05:00:00,2026-06-03 05:00:00,2026-06-03 06:00:00,1,16.02,0.696
2520,4,IPMA_simulado,2026-06-03 05:00:00,2026-06-03 05:00:00,2026-06-03 06:00:00,1,7.67,0.745
2521,1,IPMA_simulado,2026-06-03 06:00:00,2026-06-03 06:00:00,2026-06-03 07:00:00,1,1.64,0.79
2522,2,IPMA_simulado,2026-06-03 06:00:00,2026-06-03 06:00:00,2026-06-03 07:00:00,1,11.67,0.763
2523,3,IPMA_simulado,2026-06-03 06:00:00,2026-06-03 06:00:00,2026-06-03 07:00:00,1,14.89,0.722
2524,4,IPMA_simulado,2026-06-03 06:00:00,2026-06-03 06:00:00,2026-06-03 07:00:00,1,0,0.718
2525,1,IPMA_simulado,2026-06-03 07:00:00,2026-06-03 07:00:00,2026-06-03 08:00:00,1,6.79,0.838
2526,2,IPMA_simulado,2026-06-03 07:00:00,2026-06-03 07:00:00,2026-06-03 08:00:00,1,4.81,0.723
2527,3,IPMA_simulado,2026-06-03 07:00:00,2026-06-03 07:00:00,2026-06-03 08:00:00,1,4.9,0.756
2528,4,IPMA_simulado,2026-06-03 07:00:00,2026-06-03 07:00:00,2026-06-03 08:00:00,1,1.88,0.803
2529,1,IPMA_simulado,2026-06-03 08:00:00,2026-06-03 08:00:00,2026-06-03 09:00:00,1,0,0.757
2530,2,IPMA_simulado,2026-06-03 08:00:00,2026-06-03 08:00:00,2026-06-03 09:00:00,1,10.58,0.826
2531,3,IPMA_simulado,2026-06-03 08:00:00,2026-06-03 08:00:00,2026-06-03 09:00:00,1,13.53,0.697
2532,4,IPMA_simulado,2026-06-03 08:00:00,2026-06-03 08:00:00,2026-06-03 09:00:00,1,0.14,0.79
2533,1,IPMA_simulado,2026-06-03 09:00:00,2026-06-03 09:00:00,2026-06-03 10:00:00,1,4.13,0.713
2534,2,IPMA_simulado,2026-06-03 09:00:00,2026-06-03 09:00:00,2026-06-03 10:00:00,1,0,0.675
2535,3,IPMA_simulado,2026-06-03 09:00:00,2026-06-03 09:00:00,2026-06-03 10:00:00,1,1.22,0.866
2536,4,IPMA_simulado,2026-06-03 09:00:00,2026-06-03 09:00:00,2026-06-03 10:00:00,1,0,0.696
2537,1,IPMA_simulado,2026-06-03 10:00:00,2026-06-03 10:00:00,2026-06-03 11:00:00,1,27.34,0.763
2538,2,IPMA_simulado,2026-06-03 10:00:00,2026-06-03 10:00:00,2026-06-03 11:00:00,1,57.03,0.72
2539,3,IPMA_simulado,2026-06-03 10:00:00,2026-06-03 10:00:00,2026-06-03 11:00:00,1,3.08,0.669
2540,4,IPMA_simulado,2026-06-03 10:00:00,2026-06-03 10:00:00,2026-06-03 11:00:00,1,0,0.846
2541,1,IPMA_simulado,2026-06-03 11:00:00,2026-06-03 11:00:00,2026-06-03 12:00:00,1,4.36,0.765
2542,2,IPMA_simulado,2026-06-03 11:00:00,2026-06-03 11:00:00,2026-06-03 12:00:00,1,16.17,0.834
2543,3,IPMA_simulado,2026-06-03 11:00:00,2026-06-03 11:00:00,2026-06-03 12:00:00,1,5.81,0.723
2544,4,IPMA_simulado,2026-06-03 11:00:00,2026-06-03 11:00:00,2026-06-03 12:00:00,1,0,0.95
2545,1,IPMA_simulado,2026-06-03 12:00:00,2026-06-03 12:00:00,2026-06-03 13:00:00,1,0.47,0.942
2546,2,IPMA_simulado,2026-06-03 12:00:00,2026-06-03 12:00:00,2026-06-03 13:00:00,1,15.79,0.83
2547,3,IPMA_simulado,2026-06-03 12:00:00,2026-06-03 12:00:00,2026-06-03 13:00:00,1,2.49,0.789
2548,4,IPMA_simulado,2026-06-03 12:00:00,2026-06-03 12:00:00,2026-06-03 13:00:00,1,5.83,0.926
2549,1,IPMA_simulado,2026-06-03 13:00:00,2026-06-03 13:00:00,2026-06-03 14:00:00,1,6.52,0.901
2550,2,IPMA_simulado,2026-06-03 13:00:00,2026-06-03 13:00:00,2026-06-03 14:00:00,1,17.96,0.715
2551,3,IPMA_simulado,2026-06-03 13:00:00,2026-06-03 13:00:00,2026-06-03 14:00:00,1,16.12,0.76
2552,4,IPMA_simulado,2026-06-03 13:00:00,2026-06-03 13:00:00,2026-06-03 14:00:00,1,0,0.766
2553,1,IPMA_simulado,2026-06-03 14:00:00,2026-06-03 14:00:00,2026-06-03 15:00:00,1,18.29,0.652
2554,2,IPMA_simulado,2026-06-03 14:00:00,2026-06-03 14:00:00,2026-06-03 15:00:00,1,0.27,0.941
2555,3,IPMA_simulado,2026-06-03 14:00:00,2026-06-03 14:00:00,2026-06-03 15:00:00,1,17.12,0.716
2556,4,IPMA_simulado,2026-06-03 14:00:00,2026-06-03 14:00:00,2026-06-03 15:00:00,1,0,0.777
2557,1,IPMA_simulado,2026-06-03 15:00:00,2026-06-03 15:00:00,2026-06-03 16:00:00,1,1.1,0.806
2558,2,IPMA_simulado,2026-06-03 15:00:00,2026-06-03 15:00:00,2026-06-03 16:00:00,1,19.49,0.774
2559,3,IPMA_simulado,2026-06-03 15:00:00,2026-06-03 15:00:00,2026-06-03 16:00:00,1,3.27,0.77
2560,4,IPMA_simulado,2026-06-03 15:00:00,2026-06-03 15:00:00,2026-06-03 16:00:00,1,17.9,0.949
2561,1,IPMA_simulado,2026-06-03 16:00:00,2026-06-03 16:00:00,2026-06-03 17:00:00,1,1.18,0.858
2562,2,IPMA_simulado,2026-06-03 16:00:00,2026-06-03 16:00:00,2026-06-03 17:00:00,1,12.82,0.758
2563,3,IPMA_simulado,2026-06-03 16:00:00,2026-06-03 16:00:00,2026-06-03 17:00:00,1,8.14,0.887
2564,4,IPMA_simulado,2026-06-03 16:00:00,2026-06-03 16:00:00,2026-06-03 17:00:00,1,0,0.849
2565,1,IPMA_simulado,2026-06-03 17:00:00,2026-06-03 17:00:00,2026-06-03 18:00:00,1,19.32,0.859
2566,2,IPMA_simulado,2026-06-03 17:00:00,2026-06-03 17:00:00,2026-06-03 18:00:00,1,13.26,0.714
2567,3,IPMA_simulado,2026-06-03 17:00:00,2026-06-03 17:00:00,2026-06-03 18:00:00,1,13.38,0.787
2568,4,IPMA_simulado,2026-06-03 17:00:00,2026-06-03 17:00:00,2026-06-03 18:00:00,1,6.74,0.693
2569,1,IPMA_simulado,2026-06-03 18:00:00,2026-06-03 18:00:00,2026-06-03 19:00:00,1,0.49,0.794
2570,2,IPMA_simulado,2026-06-03 18:00:00,2026-06-03 18:00:00,2026-06-03 19:00:00,1,42.81,0.681
2571,3,IPMA_simulado,2026-06-03 18:00:00,2026-06-03 18:00:00,2026-06-03 19:00:00,1,6.64,0.752
2572,4,IPMA_simulado,2026-06-03 18:00:00,2026-06-03 18:00:00,2026-06-03 19:00:00,1,12.87,0.928
2573,1,IPMA_simulado,2026-06-03 19:00:00,2026-06-03 19:00:00,2026-06-03 20:00:00,1,16.37,0.774
2574,2,IPMA_simulado,2026-06-03 19:00:00,2026-06-03 19:00:00,2026-06-03 20:00:00,1,0,0.895
2575,3,IPMA_simulado,2026-06-03 19:00:00,2026-06-03 19:00:00,2026-06-03 20:00:00,1,15.2,0.743
2576,4,IPMA_simulado,2026-06-03 19:00:00,2026-06-03 19:00:00,2026-06-03 20:00:00,1,15.04,0.859
2577,1,IPMA_simulado,2026-06-03 20:00:00,2026-06-03 20:00:00,2026-06-03 21:00:00,1,14.05,0.891
2578,2,IPMA_simulado,2026-06-03 20:00:00,2026-06-03 20:00:00,2026-06-03 21:00:00,1,0,0.707
2579,3,IPMA_simulado,2026-06-03 20:00:00,2026-06-03 20:00:00,2026-06-03 21:00:00,1,13.68,0.883
2580,4,IPMA_simulado,2026-06-03 20:00:00,2026-06-03 20:00:00,2026-06-03 21:00:00,1,1.32,0.708
2581,1,IPMA_simulado,2026-06-03 21:00:00,2026-06-03 21:00:00,2026-06-03 22:00:00,1,26.02,0.768
2582,2,IPMA_simulado,2026-06-03 21:00:00,2026-06-03 21:00:00,2026-06-03 22:00:00,1,10.31,0.938
2583,3,IPMA_simulado,2026-06-03 21:00:00,2026-06-03 21:00:00,2026-06-03 22:00:00,1,6.83,0.682
2584,4,IPMA_simulado,2026-06-03 21:00:00,2026-06-03 21:00:00,2026-06-03 22:00:00,1,1.83,0.845
2585,1,IPMA_simulado,2026-06-03 22:00:00,2026-06-03 22:00:00,2026-06-03 23:00:00,1,14.52,0.702
2586,2,IPMA_simulado,2026-06-03 22:00:00,2026-06-03 22:00:00,2026-06-03 23:00:00,1,2.32,0.746
2587,3,IPMA_simulado,2026-06-03 22:00:00,2026-06-03 22:00:00,2026-06-03 23:00:00,1,3.07,0.703
2588,4,IPMA_simulado,2026-06-03 22:00:00,2026-06-03 22:00:00,2026-06-03 23:00:00,1,10.23,0.823
2589,1,IPMA_simulado,2026-06-03 23:00:00,2026-06-03 23:00:00,2026-06-04 00:00:00,1,0,0.887
2590,2,IPMA_simulado,2026-06-03 23:00:00,2026-06-03 23:00:00,2026-06-04 00:00:00,1,3.18,0.9
2591,3,IPMA_simulado,2026-06-03 23:00:00,2026-06-03 23:00:00,2026-06-04 00:00:00,1,0,0.786
2592,4,IPMA_simulado,2026-06-03 23:00:00,2026-06-03 23:00:00,2026-06-04 00:00:00,1,0,0.679
2593,1,IPMA_simulado,2026-06-04 00:00:00,2026-06-04 00:00:00,2026-06-04 01:00:00,1,1,0.748
2594,2,IPMA_simulado,2026-06-04 00:00:00,2026-06-04 00:00:00,2026-06-04 01:00:00,1,0,0.802
2595,3,IPMA_simulado,2026-06-04 00:00:00,2026-06-04 00:00:00,2026-06-04 01:00:00,1,0.4,0.931
2596,4,IPMA_simulado,2026-06-04 00:00:00,2026-06-04 00:00:00,2026-06-04 01:00:00,1,21.83,0.878
2597,1,IPMA_simulado,2026-06-04 01:00:00,2026-06-04 01:00:00,2026-06-04 02:00:00,1,7.76,0.786
2598,2,IPMA_simulado,2026-06-04 01:00:00,2026-06-04 01:00:00,2026-06-04 02:00:00,1,2.15,0.929
2599,3,IPMA_simulado,2026-06-04 01:00:00,2026-06-04 01:00:00,2026-06-04 02:00:00,1,12.47,0.89
2600,4,IPMA_simulado,2026-06-04 01:00:00,2026-06-04 01:00:00,2026-06-04 02:00:00,1,15.06,0.773
2601,1,IPMA_simulado,2026-06-04 02:00:00,2026-06-04 02:00:00,2026-06-04 03:00:00,1,1.25,0.8
2602,2,IPMA_simulado,2026-06-04 02:00:00,2026-06-04 02:00:00,2026-06-04 03:00:00,1,10.01,0.869
2603,3,IPMA_simulado,2026-06-04 02:00:00,2026-06-04 02:00:00,2026-06-04 03:00:00,1,10.54,0.912
2604,4,IPMA_simulado,2026-06-04 02:00:00,2026-06-04 02:00:00,2026-06-04 03:00:00,1,11.55,0.826
2605,1,IPMA_simulado,2026-06-04 03:00:00,2026-06-04 03:00:00,2026-06-04 04:00:00,1,15.13,0.851
2606,2,IPMA_simulado,2026-06-04 03:00:00,2026-06-04 03:00:00,2026-06-04 04:00:00,1,0,0.652
2607,3,IPMA_simulado,2026-06-04 03:00:00,2026-06-04 03:00:00,2026-06-04 04:00:00,1,4.62,0.757
2608,4,IPMA_simulado,2026-06-04 03:00:00,2026-06-04 03:00:00,2026-06-04 04:00:00,1,0,0.653
2609,1,IPMA_simulado,2026-06-04 04:00:00,2026-06-04 04:00:00,2026-06-04 05:00:00,1,23.07,0.759
2610,2,IPMA_simulado,2026-06-04 04:00:00,2026-06-04 04:00:00,2026-06-04 05:00:00,1,5.28,0.707
2611,3,IPMA_simulado,2026-06-04 04:00:00,2026-06-04 04:00:00,2026-06-04 05:00:00,1,0,0.909
2612,4,IPMA_simulado,2026-06-04 04:00:00,2026-06-04 04:00:00,2026-06-04 05:00:00,1,0,0.664
2613,1,IPMA_simulado,2026-06-04 05:00:00,2026-06-04 05:00:00,2026-06-04 06:00:00,1,5.45,0.777
2614,2,IPMA_simulado,2026-06-04 05:00:00,2026-06-04 05:00:00,2026-06-04 06:00:00,1,37.54,0.686
2615,3,IPMA_simulado,2026-06-04 05:00:00,2026-06-04 05:00:00,2026-06-04 06:00:00,1,5.53,0.885
2616,4,IPMA_simulado,2026-06-04 05:00:00,2026-06-04 05:00:00,2026-06-04 06:00:00,1,37.23,0.727
2617,1,IPMA_simulado,2026-06-04 06:00:00,2026-06-04 06:00:00,2026-06-04 07:00:00,1,15.79,0.832
2618,2,IPMA_simulado,2026-06-04 06:00:00,2026-06-04 06:00:00,2026-06-04 07:00:00,1,10.77,0.746
2619,3,IPMA_simulado,2026-06-04 06:00:00,2026-06-04 06:00:00,2026-06-04 07:00:00,1,0,0.876
2620,4,IPMA_simulado,2026-06-04 06:00:00,2026-06-04 06:00:00,2026-06-04 07:00:00,1,12.33,0.708
2621,1,IPMA_simulado,2026-06-04 07:00:00,2026-06-04 07:00:00,2026-06-04 08:00:00,1,26.25,0.897
2622,2,IPMA_simulado,2026-06-04 07:00:00,2026-06-04 07:00:00,2026-06-04 08:00:00,1,25.26,0.741
2623,3,IPMA_simulado,2026-06-04 07:00:00,2026-06-04 07:00:00,2026-06-04 08:00:00,1,0,0.697
2624,4,IPMA_simulado,2026-06-04 07:00:00,2026-06-04 07:00:00,2026-06-04 08:00:00,1,22.35,0.95
2625,1,IPMA_simulado,2026-06-04 08:00:00,2026-06-04 08:00:00,2026-06-04 09:00:00,1,0,0.822
2626,2,IPMA_simulado,2026-06-04 08:00:00,2026-06-04 08:00:00,2026-06-04 09:00:00,1,10.04,0.914
2627,3,IPMA_simulado,2026-06-04 08:00:00,2026-06-04 08:00:00,2026-06-04 09:00:00,1,0,0.708
2628,4,IPMA_simulado,2026-06-04 08:00:00,2026-06-04 08:00:00,2026-06-04 09:00:00,1,6.1,0.899
2629,1,IPMA_simulado,2026-06-04 09:00:00,2026-06-04 09:00:00,2026-06-04 10:00:00,1,5.81,0.676
2630,2,IPMA_simulado,2026-06-04 09:00:00,2026-06-04 09:00:00,2026-06-04 10:00:00,1,4.05,0.895
2631,3,IPMA_simulado,2026-06-04 09:00:00,2026-06-04 09:00:00,2026-06-04 10:00:00,1,17.55,0.931
2632,4,IPMA_simulado,2026-06-04 09:00:00,2026-06-04 09:00:00,2026-06-04 10:00:00,1,12.35,0.732
2633,1,IPMA_simulado,2026-06-04 10:00:00,2026-06-04 10:00:00,2026-06-04 11:00:00,1,66.21,0.744
2634,2,IPMA_simulado,2026-06-04 10:00:00,2026-06-04 10:00:00,2026-06-04 11:00:00,1,0,0.911
2635,3,IPMA_simulado,2026-06-04 10:00:00,2026-06-04 10:00:00,2026-06-04 11:00:00,1,13.97,0.893
2636,4,IPMA_simulado,2026-06-04 10:00:00,2026-06-04 10:00:00,2026-06-04 11:00:00,1,0.16,0.751
2637,1,IPMA_simulado,2026-06-04 11:00:00,2026-06-04 11:00:00,2026-06-04 12:00:00,1,9.99,0.71
2638,2,IPMA_simulado,2026-06-04 11:00:00,2026-06-04 11:00:00,2026-06-04 12:00:00,1,7.51,0.876
2639,3,IPMA_simulado,2026-06-04 11:00:00,2026-06-04 11:00:00,2026-06-04 12:00:00,1,9.85,0.797
2640,4,IPMA_simulado,2026-06-04 11:00:00,2026-06-04 11:00:00,2026-06-04 12:00:00,1,4.37,0.731
2641,1,IPMA_simulado,2026-06-04 12:00:00,2026-06-04 12:00:00,2026-06-04 13:00:00,1,0,0.674
2642,2,IPMA_simulado,2026-06-04 12:00:00,2026-06-04 12:00:00,2026-06-04 13:00:00,1,6.87,0.654
2643,3,IPMA_simulado,2026-06-04 12:00:00,2026-06-04 12:00:00,2026-06-04 13:00:00,1,18.88,0.785
2644,4,IPMA_simulado,2026-06-04 12:00:00,2026-06-04 12:00:00,2026-06-04 13:00:00,1,0,0.833
2645,1,IPMA_simulado,2026-06-04 13:00:00,2026-06-04 13:00:00,2026-06-04 14:00:00,1,55.16,0.804
2646,2,IPMA_simulado,2026-06-04 13:00:00,2026-06-04 13:00:00,2026-06-04 14:00:00,1,7.2,0.705
2647,3,IPMA_simulado,2026-06-04 13:00:00,2026-06-04 13:00:00,2026-06-04 14:00:00,1,4.31,0.906
2648,4,IPMA_simulado,2026-06-04 13:00:00,2026-06-04 13:00:00,2026-06-04 14:00:00,1,12.01,0.659
2649,1,IPMA_simulado,2026-06-04 14:00:00,2026-06-04 14:00:00,2026-06-04 15:00:00,1,0,0.892
2650,2,IPMA_simulado,2026-06-04 14:00:00,2026-06-04 14:00:00,2026-06-04 15:00:00,1,12.39,0.796
2651,3,IPMA_simulado,2026-06-04 14:00:00,2026-06-04 14:00:00,2026-06-04 15:00:00,1,15.4,0.944
2652,4,IPMA_simulado,2026-06-04 14:00:00,2026-06-04 14:00:00,2026-06-04 15:00:00,1,8.98,0.673
2653,1,IPMA_simulado,2026-06-04 15:00:00,2026-06-04 15:00:00,2026-06-04 16:00:00,1,0,0.758
2654,2,IPMA_simulado,2026-06-04 15:00:00,2026-06-04 15:00:00,2026-06-04 16:00:00,1,0,0.946
2655,3,IPMA_simulado,2026-06-04 15:00:00,2026-06-04 15:00:00,2026-06-04 16:00:00,1,0,0.779
2656,4,IPMA_simulado,2026-06-04 15:00:00,2026-06-04 15:00:00,2026-06-04 16:00:00,1,13.62,0.699
2657,1,IPMA_simulado,2026-06-04 16:00:00,2026-06-04 16:00:00,2026-06-04 17:00:00,1,14.71,0.72
2658,2,IPMA_simulado,2026-06-04 16:00:00,2026-06-04 16:00:00,2026-06-04 17:00:00,1,14.32,0.838
2659,3,IPMA_simulado,2026-06-04 16:00:00,2026-06-04 16:00:00,2026-06-04 17:00:00,1,13.76,0.8
2660,4,IPMA_simulado,2026-06-04 16:00:00,2026-06-04 16:00:00,2026-06-04 17:00:00,1,3.25,0.66
2661,1,IPMA_simulado,2026-06-04 17:00:00,2026-06-04 17:00:00,2026-06-04 18:00:00,1,7.25,0.934
2662,2,IPMA_simulado,2026-06-04 17:00:00,2026-06-04 17:00:00,2026-06-04 18:00:00,1,15.95,0.812
2663,3,IPMA_simulado,2026-06-04 17:00:00,2026-06-04 17:00:00,2026-06-04 18:00:00,1,8.16,0.773
2664,4,IPMA_simulado,2026-06-04 17:00:00,2026-06-04 17:00:00,2026-06-04 18:00:00,1,8.48,0.712
2665,1,IPMA_simulado,2026-06-04 18:00:00,2026-06-04 18:00:00,2026-06-04 19:00:00,1,3.13,0.915
2666,2,IPMA_simulado,2026-06-04 18:00:00,2026-06-04 18:00:00,2026-06-04 19:00:00,1,0,0.87
2667,3,IPMA_simulado,2026-06-04 18:00:00,2026-06-04 18:00:00,2026-06-04 19:00:00,1,5.39,0.843
2668,4,IPMA_simulado,2026-06-04 18:00:00,2026-06-04 18:00:00,2026-06-04 19:00:00,1,10.18,0.793
2669,1,IPMA_simulado,2026-06-04 19:00:00,2026-06-04 19:00:00,2026-06-04 20:00:00,1,7.23,0.739
2670,2,IPMA_simulado,2026-06-04 19:00:00,2026-06-04 19:00:00,2026-06-04 20:00:00,1,0.41,0.9
2671,3,IPMA_simulado,2026-06-04 19:00:00,2026-06-04 19:00:00,2026-06-04 20:00:00,1,0,0.777
2672,4,IPMA_simulado,2026-06-04 19:00:00,2026-06-04 19:00:00,2026-06-04 20:00:00,1,16.54,0.855
2673,1,IPMA_simulado,2026-06-04 20:00:00,2026-06-04 20:00:00,2026-06-04 21:00:00,1,11.17,0.919
2674,2,IPMA_simulado,2026-06-04 20:00:00,2026-06-04 20:00:00,2026-06-04 21:00:00,1,14.01,0.72
2675,3,IPMA_simulado,2026-06-04 20:00:00,2026-06-04 20:00:00,2026-06-04 21:00:00,1,13.93,0.934
2676,4,IPMA_simulado,2026-06-04 20:00:00,2026-06-04 20:00:00,2026-06-04 21:00:00,1,4.83,0.685
2677,1,IPMA_simulado,2026-06-04 21:00:00,2026-06-04 21:00:00,2026-06-04 22:00:00,1,49.71,0.943
2678,2,IPMA_simulado,2026-06-04 21:00:00,2026-06-04 21:00:00,2026-06-04 22:00:00,1,0.2,0.672
2679,3,IPMA_simulado,2026-06-04 21:00:00,2026-06-04 21:00:00,2026-06-04 22:00:00,1,31.51,0.67
2680,4,IPMA_simulado,2026-06-04 21:00:00,2026-06-04 21:00:00,2026-06-04 22:00:00,1,0.51,0.729
2681,1,IPMA_simulado,2026-06-04 22:00:00,2026-06-04 22:00:00,2026-06-04 23:00:00,1,0,0.747
2682,2,IPMA_simulado,2026-06-04 22:00:00,2026-06-04 22:00:00,2026-06-04 23:00:00,1,0,0.831
2683,3,IPMA_simulado,2026-06-04 22:00:00,2026-06-04 22:00:00,2026-06-04 23:00:00,1,0,0.932
2684,4,IPMA_simulado,2026-06-04 22:00:00,2026-06-04 22:00:00,2026-06-04 23:00:00,1,24.45,0.681
2685,1,IPMA_simulado,2026-06-04 23:00:00,2026-06-04 23:00:00,2026-06-05 00:00:00,1,0.47,0.827
2686,2,IPMA_simulado,2026-06-04 23:00:00,2026-06-04 23:00:00,2026-06-05 00:00:00,1,14.22,0.908
2687,3,IPMA_simulado,2026-06-04 23:00:00,2026-06-04 23:00:00,2026-06-05 00:00:00,1,0,0.854
2688,4,IPMA_simulado,2026-06-04 23:00:00,2026-06-04 23:00:00,2026-06-05 00:00:00,1,3.68,0.675
2689,1,IPMA_simulado,2026-06-05 00:00:00,2026-06-05 00:00:00,2026-06-05 01:00:00,1,17.59,0.653
2690,2,IPMA_simulado,2026-06-05 00:00:00,2026-06-05 00:00:00,2026-06-05 01:00:00,1,0,0.733
2691,3,IPMA_simulado,2026-06-05 00:00:00,2026-06-05 00:00:00,2026-06-05 01:00:00,1,0,0.847
2692,4,IPMA_simulado,2026-06-05 00:00:00,2026-06-05 00:00:00,2026-06-05 01:00:00,1,10.9,0.704
2693,1,IPMA_simulado,2026-06-05 01:00:00,2026-06-05 01:00:00,2026-06-05 02:00:00,1,29.42,0.858
2694,2,IPMA_simulado,2026-06-05 01:00:00,2026-06-05 01:00:00,2026-06-05 02:00:00,1,15.99,0.895
2695,3,IPMA_simulado,2026-06-05 01:00:00,2026-06-05 01:00:00,2026-06-05 02:00:00,1,14.45,0.913
2696,4,IPMA_simulado,2026-06-05 01:00:00,2026-06-05 01:00:00,2026-06-05 02:00:00,1,3.78,0.898
2697,1,IPMA_simulado,2026-06-05 02:00:00,2026-06-05 02:00:00,2026-06-05 03:00:00,1,16.24,0.73
2698,2,IPMA_simulado,2026-06-05 02:00:00,2026-06-05 02:00:00,2026-06-05 03:00:00,1,0,0.759
2699,3,IPMA_simulado,2026-06-05 02:00:00,2026-06-05 02:00:00,2026-06-05 03:00:00,1,5.15,0.868
2700,4,IPMA_simulado,2026-06-05 02:00:00,2026-06-05 02:00:00,2026-06-05 03:00:00,1,13.78,0.71
2701,1,IPMA_simulado,2026-06-05 03:00:00,2026-06-05 03:00:00,2026-06-05 04:00:00,1,3.74,0.885
2702,2,IPMA_simulado,2026-06-05 03:00:00,2026-06-05 03:00:00,2026-06-05 04:00:00,1,0,0.902
2703,3,IPMA_simulado,2026-06-05 03:00:00,2026-06-05 03:00:00,2026-06-05 04:00:00,1,0,0.715
2704,4,IPMA_simulado,2026-06-05 03:00:00,2026-06-05 03:00:00,2026-06-05 04:00:00,1,5.64,0.848
2705,1,IPMA_simulado,2026-06-05 04:00:00,2026-06-05 04:00:00,2026-06-05 05:00:00,1,59.61,0.704
2706,2,IPMA_simulado,2026-06-05 04:00:00,2026-06-05 04:00:00,2026-06-05 05:00:00,1,0.67,0.719
2707,3,IPMA_simulado,2026-06-05 04:00:00,2026-06-05 04:00:00,2026-06-05 05:00:00,1,0,0.904
2708,4,IPMA_simulado,2026-06-05 04:00:00,2026-06-05 04:00:00,2026-06-05 05:00:00,1,11.9,0.877
2709,1,IPMA_simulado,2026-06-05 05:00:00,2026-06-05 05:00:00,2026-06-05 06:00:00,1,6.7,0.672
2710,2,IPMA_simulado,2026-06-05 05:00:00,2026-06-05 05:00:00,2026-06-05 06:00:00,1,15.51,0.877
2711,3,IPMA_simulado,2026-06-05 05:00:00,2026-06-05 05:00:00,2026-06-05 06:00:00,1,0,0.681
2712,4,IPMA_simulado,2026-06-05 05:00:00,2026-06-05 05:00:00,2026-06-05 06:00:00,1,4.05,0.706
2713,1,IPMA_simulado,2026-06-05 06:00:00,2026-06-05 06:00:00,2026-06-05 07:00:00,1,0,0.66
2714,2,IPMA_simulado,2026-06-05 06:00:00,2026-06-05 06:00:00,2026-06-05 07:00:00,1,0.17,0.706
2715,3,IPMA_simulado,2026-06-05 06:00:00,2026-06-05 06:00:00,2026-06-05 07:00:00,1,25.74,0.827
2716,4,IPMA_simulado,2026-06-05 06:00:00,2026-06-05 06:00:00,2026-06-05 07:00:00,1,0,0.792
2717,1,IPMA_simulado,2026-06-05 07:00:00,2026-06-05 07:00:00,2026-06-05 08:00:00,1,1.66,0.759
2718,2,IPMA_simulado,2026-06-05 07:00:00,2026-06-05 07:00:00,2026-06-05 08:00:00,1,70,0.678
2719,3,IPMA_simulado,2026-06-05 07:00:00,2026-06-05 07:00:00,2026-06-05 08:00:00,1,0,0.728
2720,4,IPMA_simulado,2026-06-05 07:00:00,2026-06-05 07:00:00,2026-06-05 08:00:00,1,32.7,0.724
2721,1,IPMA_simulado,2026-06-05 08:00:00,2026-06-05 08:00:00,2026-06-05 09:00:00,1,9.61,0.894
2722,2,IPMA_simulado,2026-06-05 08:00:00,2026-06-05 08:00:00,2026-06-05 09:00:00,1,38.89,0.935
2723,3,IPMA_simulado,2026-06-05 08:00:00,2026-06-05 08:00:00,2026-06-05 09:00:00,1,5.12,0.847
2724,4,IPMA_simulado,2026-06-05 08:00:00,2026-06-05 08:00:00,2026-06-05 09:00:00,1,7.94,0.784
2725,1,IPMA_simulado,2026-06-05 09:00:00,2026-06-05 09:00:00,2026-06-05 10:00:00,1,0,0.855
2726,2,IPMA_simulado,2026-06-05 09:00:00,2026-06-05 09:00:00,2026-06-05 10:00:00,1,26.99,0.753
2727,3,IPMA_simulado,2026-06-05 09:00:00,2026-06-05 09:00:00,2026-06-05 10:00:00,1,6.13,0.903
2728,4,IPMA_simulado,2026-06-05 09:00:00,2026-06-05 09:00:00,2026-06-05 10:00:00,1,1.17,0.815
2729,1,IPMA_simulado,2026-06-05 10:00:00,2026-06-05 10:00:00,2026-06-05 11:00:00,1,0,0.885
2730,2,IPMA_simulado,2026-06-05 10:00:00,2026-06-05 10:00:00,2026-06-05 11:00:00,1,0,0.733
2731,3,IPMA_simulado,2026-06-05 10:00:00,2026-06-05 10:00:00,2026-06-05 11:00:00,1,15.06,0.742
2732,4,IPMA_simulado,2026-06-05 10:00:00,2026-06-05 10:00:00,2026-06-05 11:00:00,1,5.06,0.843
2733,1,IPMA_simulado,2026-06-05 11:00:00,2026-06-05 11:00:00,2026-06-05 12:00:00,1,26.57,0.92
2734,2,IPMA_simulado,2026-06-05 11:00:00,2026-06-05 11:00:00,2026-06-05 12:00:00,1,0,0.913
2735,3,IPMA_simulado,2026-06-05 11:00:00,2026-06-05 11:00:00,2026-06-05 12:00:00,1,0,0.799
2736,4,IPMA_simulado,2026-06-05 11:00:00,2026-06-05 11:00:00,2026-06-05 12:00:00,1,9.79,0.708
2737,1,IPMA_simulado,2026-06-05 12:00:00,2026-06-05 12:00:00,2026-06-05 13:00:00,1,47.39,0.946
2738,2,IPMA_simulado,2026-06-05 12:00:00,2026-06-05 12:00:00,2026-06-05 13:00:00,1,18.84,0.823
2739,3,IPMA_simulado,2026-06-05 12:00:00,2026-06-05 12:00:00,2026-06-05 13:00:00,1,3.62,0.812
2740,4,IPMA_simulado,2026-06-05 12:00:00,2026-06-05 12:00:00,2026-06-05 13:00:00,1,5.83,0.929
2741,1,IPMA_simulado,2026-06-05 13:00:00,2026-06-05 13:00:00,2026-06-05 14:00:00,1,0,0.71
2742,2,IPMA_simulado,2026-06-05 13:00:00,2026-06-05 13:00:00,2026-06-05 14:00:00,1,0.23,0.755
2743,3,IPMA_simulado,2026-06-05 13:00:00,2026-06-05 13:00:00,2026-06-05 14:00:00,1,26.03,0.685
2744,4,IPMA_simulado,2026-06-05 13:00:00,2026-06-05 13:00:00,2026-06-05 14:00:00,1,12.29,0.669
2745,1,IPMA_simulado,2026-06-05 14:00:00,2026-06-05 14:00:00,2026-06-05 15:00:00,1,3.96,0.93
2746,2,IPMA_simulado,2026-06-05 14:00:00,2026-06-05 14:00:00,2026-06-05 15:00:00,1,0,0.681
2747,3,IPMA_simulado,2026-06-05 14:00:00,2026-06-05 14:00:00,2026-06-05 15:00:00,1,35.48,0.929
2748,4,IPMA_simulado,2026-06-05 14:00:00,2026-06-05 14:00:00,2026-06-05 15:00:00,1,8.95,0.781
2749,1,IPMA_simulado,2026-06-05 15:00:00,2026-06-05 15:00:00,2026-06-05 16:00:00,1,0,0.811
2750,2,IPMA_simulado,2026-06-05 15:00:00,2026-06-05 15:00:00,2026-06-05 16:00:00,1,10.68,0.767
2751,3,IPMA_simulado,2026-06-05 15:00:00,2026-06-05 15:00:00,2026-06-05 16:00:00,1,0,0.947
2752,4,IPMA_simulado,2026-06-05 15:00:00,2026-06-05 15:00:00,2026-06-05 16:00:00,1,6.24,0.825
2753,1,IPMA_simulado,2026-06-05 16:00:00,2026-06-05 16:00:00,2026-06-05 17:00:00,1,0,0.929
2754,2,IPMA_simulado,2026-06-05 16:00:00,2026-06-05 16:00:00,2026-06-05 17:00:00,1,12.8,0.673
2755,3,IPMA_simulado,2026-06-05 16:00:00,2026-06-05 16:00:00,2026-06-05 17:00:00,1,10.66,0.901
2756,4,IPMA_simulado,2026-06-05 16:00:00,2026-06-05 16:00:00,2026-06-05 17:00:00,1,9.14,0.797
2757,1,IPMA_simulado,2026-06-05 17:00:00,2026-06-05 17:00:00,2026-06-05 18:00:00,1,0.08,0.919
2758,2,IPMA_simulado,2026-06-05 17:00:00,2026-06-05 17:00:00,2026-06-05 18:00:00,1,11.51,0.707
2759,3,IPMA_simulado,2026-06-05 17:00:00,2026-06-05 17:00:00,2026-06-05 18:00:00,1,1.8,0.903
2760,4,IPMA_simulado,2026-06-05 17:00:00,2026-06-05 17:00:00,2026-06-05 18:00:00,1,0,0.743
2761,1,IPMA_simulado,2026-06-05 18:00:00,2026-06-05 18:00:00,2026-06-05 19:00:00,1,21.11,0.683
2762,2,IPMA_simulado,2026-06-05 18:00:00,2026-06-05 18:00:00,2026-06-05 19:00:00,1,13.45,0.881
2763,3,IPMA_simulado,2026-06-05 18:00:00,2026-06-05 18:00:00,2026-06-05 19:00:00,1,9.86,0.772
2764,4,IPMA_simulado,2026-06-05 18:00:00,2026-06-05 18:00:00,2026-06-05 19:00:00,1,10.59,0.838
2765,1,IPMA_simulado,2026-06-05 19:00:00,2026-06-05 19:00:00,2026-06-05 20:00:00,1,8.52,0.889
2766,2,IPMA_simulado,2026-06-05 19:00:00,2026-06-05 19:00:00,2026-06-05 20:00:00,1,0,0.693
2767,3,IPMA_simulado,2026-06-05 19:00:00,2026-06-05 19:00:00,2026-06-05 20:00:00,1,4.8,0.938
2768,4,IPMA_simulado,2026-06-05 19:00:00,2026-06-05 19:00:00,2026-06-05 20:00:00,1,0,0.871
2769,1,IPMA_simulado,2026-06-05 20:00:00,2026-06-05 20:00:00,2026-06-05 21:00:00,1,11.96,0.894
2770,2,IPMA_simulado,2026-06-05 20:00:00,2026-06-05 20:00:00,2026-06-05 21:00:00,1,35.34,0.909
2771,3,IPMA_simulado,2026-06-05 20:00:00,2026-06-05 20:00:00,2026-06-05 21:00:00,1,0,0.707
2772,4,IPMA_simulado,2026-06-05 20:00:00,2026-06-05 20:00:00,2026-06-05 21:00:00,1,10.56,0.883
2773,1,IPMA_simulado,2026-06-05 21:00:00,2026-06-05 21:00:00,2026-06-05 22:00:00,1,9.02,0.853
2774,2,IPMA_simulado,2026-06-05 21:00:00,2026-06-05 21:00:00,2026-06-05 22:00:00,1,14.2,0.858
2775,3,IPMA_simulado,2026-06-05 21:00:00,2026-06-05 21:00:00,2026-06-05 22:00:00,1,6.06,0.675
2776,4,IPMA_simulado,2026-06-05 21:00:00,2026-06-05 21:00:00,2026-06-05 22:00:00,1,8.29,0.874
2777,1,IPMA_simulado,2026-06-05 22:00:00,2026-06-05 22:00:00,2026-06-05 23:00:00,1,13.47,0.935
2778,2,IPMA_simulado,2026-06-05 22:00:00,2026-06-05 22:00:00,2026-06-05 23:00:00,1,31.02,0.702
2779,3,IPMA_simulado,2026-06-05 22:00:00,2026-06-05 22:00:00,2026-06-05 23:00:00,1,5.49,0.948
2780,4,IPMA_simulado,2026-06-05 22:00:00,2026-06-05 22:00:00,2026-06-05 23:00:00,1,7.07,0.89
2781,1,IPMA_simulado,2026-06-05 23:00:00,2026-06-05 23:00:00,2026-06-06 00:00:00,1,0,0.879
2782,2,IPMA_simulado,2026-06-05 23:00:00,2026-06-05 23:00:00,2026-06-06 00:00:00,1,14.99,0.724
2783,3,IPMA_simulado,2026-06-05 23:00:00,2026-06-05 23:00:00,2026-06-06 00:00:00,1,0,0.693
2784,4,IPMA_simulado,2026-06-05 23:00:00,2026-06-05 23:00:00,2026-06-06 00:00:00,1,10.58,0.702
2785,1,IPMA_simulado,2026-06-06 00:00:00,2026-06-06 00:00:00,2026-06-06 01:00:00,1,2.24,0.856
2786,2,IPMA_simulado,2026-06-06 00:00:00,2026-06-06 00:00:00,2026-06-06 01:00:00,1,1.96,0.913
2787,3,IPMA_simulado,2026-06-06 00:00:00,2026-06-06 00:00:00,2026-06-06 01:00:00,1,9.89,0.775
2788,4,IPMA_simulado,2026-06-06 00:00:00,2026-06-06 00:00:00,2026-06-06 01:00:00,1,0,0.719
2789,1,IPMA_simulado,2026-06-06 01:00:00,2026-06-06 01:00:00,2026-06-06 02:00:00,1,12.99,0.943
2790,2,IPMA_simulado,2026-06-06 01:00:00,2026-06-06 01:00:00,2026-06-06 02:00:00,1,4.37,0.751
2791,3,IPMA_simulado,2026-06-06 01:00:00,2026-06-06 01:00:00,2026-06-06 02:00:00,1,0,0.856
2792,4,IPMA_simulado,2026-06-06 01:00:00,2026-06-06 01:00:00,2026-06-06 02:00:00,1,44.63,0.916
2793,1,IPMA_simulado,2026-06-06 02:00:00,2026-06-06 02:00:00,2026-06-06 03:00:00,1,0,0.67
2794,2,IPMA_simulado,2026-06-06 02:00:00,2026-06-06 02:00:00,2026-06-06 03:00:00,1,10.69,0.788
2795,3,IPMA_simulado,2026-06-06 02:00:00,2026-06-06 02:00:00,2026-06-06 03:00:00,1,7.31,0.798
2796,4,IPMA_simulado,2026-06-06 02:00:00,2026-06-06 02:00:00,2026-06-06 03:00:00,1,3.71,0.687
2797,1,IPMA_simulado,2026-06-06 03:00:00,2026-06-06 03:00:00,2026-06-06 04:00:00,1,0,0.799
2798,2,IPMA_simulado,2026-06-06 03:00:00,2026-06-06 03:00:00,2026-06-06 04:00:00,1,17.54,0.659
2799,3,IPMA_simulado,2026-06-06 03:00:00,2026-06-06 03:00:00,2026-06-06 04:00:00,1,5.78,0.857
2800,4,IPMA_simulado,2026-06-06 03:00:00,2026-06-06 03:00:00,2026-06-06 04:00:00,1,6.12,0.826
2801,1,IPMA_simulado,2026-06-06 04:00:00,2026-06-06 04:00:00,2026-06-06 05:00:00,1,3.82,0.856
2802,2,IPMA_simulado,2026-06-06 04:00:00,2026-06-06 04:00:00,2026-06-06 05:00:00,1,17.31,0.822
2803,3,IPMA_simulado,2026-06-06 04:00:00,2026-06-06 04:00:00,2026-06-06 05:00:00,1,12.13,0.708
2804,4,IPMA_simulado,2026-06-06 04:00:00,2026-06-06 04:00:00,2026-06-06 05:00:00,1,7.51,0.768
2805,1,IPMA_simulado,2026-06-06 05:00:00,2026-06-06 05:00:00,2026-06-06 06:00:00,1,18.8,0.664
2806,2,IPMA_simulado,2026-06-06 05:00:00,2026-06-06 05:00:00,2026-06-06 06:00:00,1,4.01,0.811
2807,3,IPMA_simulado,2026-06-06 05:00:00,2026-06-06 05:00:00,2026-06-06 06:00:00,1,46.14,0.688
2808,4,IPMA_simulado,2026-06-06 05:00:00,2026-06-06 05:00:00,2026-06-06 06:00:00,1,12.77,0.807
2809,1,IPMA_simulado,2026-06-06 06:00:00,2026-06-06 06:00:00,2026-06-06 07:00:00,1,0,0.795
2810,2,IPMA_simulado,2026-06-06 06:00:00,2026-06-06 06:00:00,2026-06-06 07:00:00,1,2.67,0.711
2811,3,IPMA_simulado,2026-06-06 06:00:00,2026-06-06 06:00:00,2026-06-06 07:00:00,1,0.43,0.941
2812,4,IPMA_simulado,2026-06-06 06:00:00,2026-06-06 06:00:00,2026-06-06 07:00:00,1,8.35,0.681
2813,1,IPMA_simulado,2026-06-06 07:00:00,2026-06-06 07:00:00,2026-06-06 08:00:00,1,0.63,0.726
2814,2,IPMA_simulado,2026-06-06 07:00:00,2026-06-06 07:00:00,2026-06-06 08:00:00,1,23.74,0.876
2815,3,IPMA_simulado,2026-06-06 07:00:00,2026-06-06 07:00:00,2026-06-06 08:00:00,1,6.8,0.86
2816,4,IPMA_simulado,2026-06-06 07:00:00,2026-06-06 07:00:00,2026-06-06 08:00:00,1,0.4,0.901
2817,1,IPMA_simulado,2026-06-06 08:00:00,2026-06-06 08:00:00,2026-06-06 09:00:00,1,0,0.942
2818,2,IPMA_simulado,2026-06-06 08:00:00,2026-06-06 08:00:00,2026-06-06 09:00:00,1,15.75,0.767
2819,3,IPMA_simulado,2026-06-06 08:00:00,2026-06-06 08:00:00,2026-06-06 09:00:00,1,0,0.684
2820,4,IPMA_simulado,2026-06-06 08:00:00,2026-06-06 08:00:00,2026-06-06 09:00:00,1,34.89,0.803
2821,1,IPMA_simulado,2026-06-06 09:00:00,2026-06-06 09:00:00,2026-06-06 10:00:00,1,21.01,0.832
2822,2,IPMA_simulado,2026-06-06 09:00:00,2026-06-06 09:00:00,2026-06-06 10:00:00,1,14.4,0.817
2823,3,IPMA_simulado,2026-06-06 09:00:00,2026-06-06 09:00:00,2026-06-06 10:00:00,1,13.59,0.76
2824,4,IPMA_simulado,2026-06-06 09:00:00,2026-06-06 09:00:00,2026-06-06 10:00:00,1,4.93,0.746
2825,1,IPMA_simulado,2026-06-06 10:00:00,2026-06-06 10:00:00,2026-06-06 11:00:00,1,0,0.894
2826,2,IPMA_simulado,2026-06-06 10:00:00,2026-06-06 10:00:00,2026-06-06 11:00:00,1,9.75,0.839
2827,3,IPMA_simulado,2026-06-06 10:00:00,2026-06-06 10:00:00,2026-06-06 11:00:00,1,22.31,0.929
2828,4,IPMA_simulado,2026-06-06 10:00:00,2026-06-06 10:00:00,2026-06-06 11:00:00,1,16.06,0.843
2829,1,IPMA_simulado,2026-06-06 11:00:00,2026-06-06 11:00:00,2026-06-06 12:00:00,1,13.42,0.812
2830,2,IPMA_simulado,2026-06-06 11:00:00,2026-06-06 11:00:00,2026-06-06 12:00:00,1,10.81,0.761
2831,3,IPMA_simulado,2026-06-06 11:00:00,2026-06-06 11:00:00,2026-06-06 12:00:00,1,13.45,0.78
2832,4,IPMA_simulado,2026-06-06 11:00:00,2026-06-06 11:00:00,2026-06-06 12:00:00,1,14.73,0.914
2833,1,IPMA_simulado,2026-06-06 12:00:00,2026-06-06 12:00:00,2026-06-06 13:00:00,1,0,0.938
2834,2,IPMA_simulado,2026-06-06 12:00:00,2026-06-06 12:00:00,2026-06-06 13:00:00,1,0,0.756
2835,3,IPMA_simulado,2026-06-06 12:00:00,2026-06-06 12:00:00,2026-06-06 13:00:00,1,1.51,0.765
2836,4,IPMA_simulado,2026-06-06 12:00:00,2026-06-06 12:00:00,2026-06-06 13:00:00,1,1.6,0.948
2837,1,IPMA_simulado,2026-06-06 13:00:00,2026-06-06 13:00:00,2026-06-06 14:00:00,1,4.58,0.668
2838,2,IPMA_simulado,2026-06-06 13:00:00,2026-06-06 13:00:00,2026-06-06 14:00:00,1,0,0.729
2839,3,IPMA_simulado,2026-06-06 13:00:00,2026-06-06 13:00:00,2026-06-06 14:00:00,1,6.83,0.882
2840,4,IPMA_simulado,2026-06-06 13:00:00,2026-06-06 13:00:00,2026-06-06 14:00:00,1,24.01,0.85
2841,1,IPMA_simulado,2026-06-06 14:00:00,2026-06-06 14:00:00,2026-06-06 15:00:00,1,6.86,0.747
2842,2,IPMA_simulado,2026-06-06 14:00:00,2026-06-06 14:00:00,2026-06-06 15:00:00,1,0,0.858
2843,3,IPMA_simulado,2026-06-06 14:00:00,2026-06-06 14:00:00,2026-06-06 15:00:00,1,0,0.749
2844,4,IPMA_simulado,2026-06-06 14:00:00,2026-06-06 14:00:00,2026-06-06 15:00:00,1,9.61,0.939
2845,1,IPMA_simulado,2026-06-06 15:00:00,2026-06-06 15:00:00,2026-06-06 16:00:00,1,9.24,0.934
2846,2,IPMA_simulado,2026-06-06 15:00:00,2026-06-06 15:00:00,2026-06-06 16:00:00,1,19.76,0.857
2847,3,IPMA_simulado,2026-06-06 15:00:00,2026-06-06 15:00:00,2026-06-06 16:00:00,1,15.55,0.705
2848,4,IPMA_simulado,2026-06-06 15:00:00,2026-06-06 15:00:00,2026-06-06 16:00:00,1,0,0.74
2849,1,IPMA_simulado,2026-06-06 16:00:00,2026-06-06 16:00:00,2026-06-06 17:00:00,1,4.49,0.837
2850,2,IPMA_simulado,2026-06-06 16:00:00,2026-06-06 16:00:00,2026-06-06 17:00:00,1,0,0.762
2851,3,IPMA_simulado,2026-06-06 16:00:00,2026-06-06 16:00:00,2026-06-06 17:00:00,1,14.29,0.732
2852,4,IPMA_simulado,2026-06-06 16:00:00,2026-06-06 16:00:00,2026-06-06 17:00:00,1,2.31,0.814
2853,1,IPMA_simulado,2026-06-06 17:00:00,2026-06-06 17:00:00,2026-06-06 18:00:00,1,11.76,0.767
2854,2,IPMA_simulado,2026-06-06 17:00:00,2026-06-06 17:00:00,2026-06-06 18:00:00,1,1.9,0.691
2855,3,IPMA_simulado,2026-06-06 17:00:00,2026-06-06 17:00:00,2026-06-06 18:00:00,1,11.31,0.809
2856,4,IPMA_simulado,2026-06-06 17:00:00,2026-06-06 17:00:00,2026-06-06 18:00:00,1,0,0.922
2857,1,IPMA_simulado,2026-06-06 18:00:00,2026-06-06 18:00:00,2026-06-06 19:00:00,1,0,0.692
2858,2,IPMA_simulado,2026-06-06 18:00:00,2026-06-06 18:00:00,2026-06-06 19:00:00,1,11.31,0.946
2859,3,IPMA_simulado,2026-06-06 18:00:00,2026-06-06 18:00:00,2026-06-06 19:00:00,1,0,0.844
2860,4,IPMA_simulado,2026-06-06 18:00:00,2026-06-06 18:00:00,2026-06-06 19:00:00,1,22.26,0.708
2861,1,IPMA_simulado,2026-06-06 19:00:00,2026-06-06 19:00:00,2026-06-06 20:00:00,1,7.07,0.89
2862,2,IPMA_simulado,2026-06-06 19:00:00,2026-06-06 19:00:00,2026-06-06 20:00:00,1,17.12,0.935
2863,3,IPMA_simulado,2026-06-06 19:00:00,2026-06-06 19:00:00,2026-06-06 20:00:00,1,11.3,0.81
2864,4,IPMA_simulado,2026-06-06 19:00:00,2026-06-06 19:00:00,2026-06-06 20:00:00,1,0.28,0.933
2865,1,IPMA_simulado,2026-06-06 20:00:00,2026-06-06 20:00:00,2026-06-06 21:00:00,1,5.31,0.76
2866,2,IPMA_simulado,2026-06-06 20:00:00,2026-06-06 20:00:00,2026-06-06 21:00:00,1,15.21,0.731
2867,3,IPMA_simulado,2026-06-06 20:00:00,2026-06-06 20:00:00,2026-06-06 21:00:00,1,3.11,0.88
2868,4,IPMA_simulado,2026-06-06 20:00:00,2026-06-06 20:00:00,2026-06-06 21:00:00,1,0,0.901
2869,1,IPMA_simulado,2026-06-06 21:00:00,2026-06-06 21:00:00,2026-06-06 22:00:00,1,16.26,0.737
2870,2,IPMA_simulado,2026-06-06 21:00:00,2026-06-06 21:00:00,2026-06-06 22:00:00,1,34.69,0.863
2871,3,IPMA_simulado,2026-06-06 21:00:00,2026-06-06 21:00:00,2026-06-06 22:00:00,1,15.09,0.857
2872,4,IPMA_simulado,2026-06-06 21:00:00,2026-06-06 21:00:00,2026-06-06 22:00:00,1,19.7,0.764
2873,1,IPMA_simulado,2026-06-06 22:00:00,2026-06-06 22:00:00,2026-06-06 23:00:00,1,17.06,0.91
2874,2,IPMA_simulado,2026-06-06 22:00:00,2026-06-06 22:00:00,2026-06-06 23:00:00,1,10.59,0.742
2875,3,IPMA_simulado,2026-06-06 22:00:00,2026-06-06 22:00:00,2026-06-06 23:00:00,1,13.58,0.677
2876,4,IPMA_simulado,2026-06-06 22:00:00,2026-06-06 22:00:00,2026-06-06 23:00:00,1,0,0.846
2877,1,IPMA_simulado,2026-06-06 23:00:00,2026-06-06 23:00:00,2026-06-07 00:00:00,1,8.22,0.65
2878,2,IPMA_simulado,2026-06-06 23:00:00,2026-06-06 23:00:00,2026-06-07 00:00:00,1,11.25,0.915
2879,3,IPMA_simulado,2026-06-06 23:00:00,2026-06-06 23:00:00,2026-06-07 00:00:00,1,4.92,0.82
2880,4,IPMA_simulado,2026-06-06 23:00:00,2026-06-06 23:00:00,2026-06-07 00:00:00,1,16.26,0.877
