idrelatorio,data,descricao,idutilizador,idalerta
1,2026-05-08 00:15:00,Relatório automático do alerta Vermelho. Razões principais: Precipitação acumulada entre 41 e 60 mm nas últimas 6 horas. Precipitação prevista superior a 40 mm na próxima hora. Score de risco: 60.20.,1,1
2,2026-05-08 00:15:00,Relatório automático do alerta Vermelho. Razões principais: Precipitação acumulada entre 41 e 60 mm nas últimas 6 horas. Precipitação prevista superior a 40 mm na próxima hora. Score de risco: 53.16.,2,2
3,2026-05-08 01:15:00,Relatório automático do alerta Amarelo. Razões principais: Precipitação prevista entre 10 e 20 mm na próxima hora. Score de risco: 17.62.,3,3
4,2026-05-08 01:15:00,Relatório automático do alerta Laranja. Razões principais: Nível de água entre 70% e 85%. Precipitação acumulada entre 41 e 60 mm nas últimas 6 horas. Score de risco: 47.90.,3,4
5,2026-05-08 01:15:00,Relatório automático do alerta Laranja. Razões principais: Precipitação acumulada entre 41 e 60 mm nas últimas 6 horas. Score de risco: 46.81.,1,5
6,2026-05-08 02:15:00,Relatório automático do alerta Amarelo. Razões principais: Precipitação prevista entre 10 e 20 mm na próxima hora. Score de risco: 25.42.,1,6
7,2026-05-08 02:15:00,Relatório automático do alerta Laranja. Razões principais: Nível de água entre 70% e 85%. Precipitação acumulada entre 41 e 60 mm nas últimas 6 horas. Score de risco: 48.78.,2,7
8,2026-05-08 02:15:00,Relatório automático do alerta Laranja. Razões principais: Nível de água entre 70% e 85%. Precipitação acumulada entre 41 e 60 mm nas últimas 6 horas. Score de risco: 48.69.,1,8
9,2026-05-08 03:15:00,Relatório automático do alerta Laranja. Razões principais: Precipitação prevista entre 21 e 40 mm na próxima hora. Score de risco: 26.74.,1,9
10,2026-05-08 03:15:00,Relatório automático do alerta Laranja. Razões principais: Nível de água entre 70% e 85%. Precipitação acumulada entre 41 e 60 mm nas últimas 6 horas. Precipitação prevista entre 10 e 20 mm na próxima hora. Score de risco: 53.24.,2,10
11,2026-05-08 03:15:00,Relatório automático do alerta Vermelho. Razões principais: Nível de água entre 85% e 90%. Precipitação acumulada superior a 60 mm nas últimas 6 horas. Precipitação prevista superior a 40 mm na próxima hora. Score de risco: 75.70.,3,11
12,2026-05-08 04:15:00,Relatório automático do alerta Laranja. Razões principais: Precipitação acumulada entre 30 e 40 mm nas últimas 6 horas. Precipitação prevista entre 21 e 40 mm na próxima hora. Score de risco: 42.20.,3,12
13,2026-05-08 04:15:00,Relatório automático do alerta Laranja. Razões principais: Nível de água entre 85% e 90%. Precipitação acumulada entre 41 e 60 mm nas últimas 6 horas. Score de risco: 57.38.,3,13
14,2026-05-08 04:15:00,Relatório automático do alerta Vermelho. Razões principais: Nível de água entre 85% e 90%. Precipitação acumulada superior a 60 mm nas últimas 6 horas. Precipitação prevista entre 10 e 20 mm na próxima hora. Score de risco: 67.18.,2,14
15,2026-05-08 05:15:00,Relatório automático do alerta Vermelho. Razões principais: Nível de água superior ou igual a 90%. Precipitação acumulada superior a 60 mm nas últimas 6 horas. Precipitação prevista superior a 40 mm na próxima hora. Score de risco: 72.10.,2,15
16,2026-05-08 05:15:00,Relatório automático do alerta Laranja. Razões principais: Nível de água entre 70% e 85%. Precipitação acumulada entre 41 e 60 mm nas últimas 6 horas. Score de risco: 53.98.,2,16
17,2026-05-08 05:15:00,Relatório automático do alerta Vermelho. Razões principais: Nível de água entre 85% e 90%. Precipitação acumulada superior a 60 mm nas últimas 6 horas. Score de risco: 62.91.,3,17
18,2026-05-08 06:15:00,Relatório automático do alerta Vermelho. Razões principais: Nível de água superior ou igual a 90%. Precipitação acumulada superior a 60 mm nas últimas 6 horas. Score de risco: 60.77.,3,18
19,2026-05-08 06:15:00,Relatório automático do alerta Laranja. Razões principais: Precipitação prevista entre 21 e 40 mm na próxima hora. Score de risco: 27.04.,2,19
20,2026-05-08 06:15:00,Relatório automático do alerta Amarelo. Razões principais: Precipitação prevista entre 10 e 20 mm na próxima hora. Score de risco: 27.63.,3,20
21,2026-05-08 06:15:00,Relatório automático do alerta Amarelo. Razões principais: Precipitação acumulada entre 30 e 40 mm nas últimas 6 horas. Score de risco: 35.28.,3,21
22,2026-05-08 07:15:00,Relatório automático do alerta Vermelho. Razões principais: Nível de água superior ou igual a 90%. Precipitação acumulada superior a 60 mm nas últimas 6 horas. Score de risco: 61.41.,1,22
23,2026-05-08 07:15:00,Relatório automático do alerta Amarelo. Razões principais: Precipitação prevista entre 10 e 20 mm na próxima hora. Score de risco: 28.14.,2,23
24,2026-05-08 07:15:00,Relatório automático do alerta Amarelo. Razões principais: Precipitação prevista entre 10 e 20 mm na próxima hora. Score de risco: 25.03.,3,24
25,2026-05-08 07:15:00,Relatório automático do alerta Laranja. Razões principais: Precipitação acumulada entre 30 e 40 mm nas últimas 6 horas. Precipitação prevista entre 10 e 20 mm na próxima hora. Score de risco: 41.28.,1,25
26,2026-05-08 08:15:00,Relatório automático do alerta Vermelho. Razões principais: Nível de água superior ou igual a 90%. Precipitação acumulada superior a 60 mm nas últimas 6 horas. Score de risco: 63.50.,3,26
27,2026-05-08 08:15:00,Relatório automático do alerta Amarelo. Razões principais: Precipitação prevista entre 10 e 20 mm na próxima hora. Score de risco: 28.75.,1,27
28,2026-05-08 08:15:00,Relatório automático do alerta Laranja. Razões principais: Precipitação acumulada entre 30 e 40 mm nas últimas 6 horas. Precipitação prevista entre 10 e 20 mm na próxima hora. Score de risco: 41.37.,3,28
29,2026-05-08 09:15:00,Relatório automático do alerta Vermelho. Razões principais: Nível de água superior ou igual a 90%. Precipitação acumulada superior a 60 mm nas últimas 6 horas. Precipitação prevista entre 10 e 20 mm na próxima hora. Score de risco: 62.91.,3,29
30,2026-05-08 09:15:00,Relatório automático do alerta Amarelo. Razões principais: Precipitação prevista entre 10 e 20 mm na próxima hora. Score de risco: 32.15.,1,30
31,2026-05-08 09:15:00,Relatório automático do alerta Vermelho. Razões principais: Nível de água superior ou igual a 90%. Precipitação acumulada superior a 60 mm nas últimas 6 horas. Precipitação prevista superior a 40 mm na próxima hora. Score de risco: 79.56.,3,31
32,2026-05-08 10:15:00,Relatório automático do alerta Laranja. Razões principais: Nível de água entre 70% e 85%. Precipitação acumulada entre 41 e 60 mm nas últimas 6 horas. Score de risco: 49.71.,2,32
33,2026-05-08 10:15:00,Relatório automático do alerta Vermelho. Razões principais: Nível de água superior ou igual a 90%. Precipitação acumulada superior a 60 mm nas últimas 6 horas. Precipitação prevista entre 10 e 20 mm na próxima hora. Score de risco: 73.25.,1,33
34,2026-05-08 10:15:00,Relatório automático do alerta Verde. Razões principais: Valores abaixo dos limites iniciais. Score de risco: 25.36.,3,34
35,2026-05-08 11:15:00,Relatório automático do alerta Amarelo. Razões principais: Precipitação prevista entre 10 e 20 mm na próxima hora. Score de risco: 30.57.,2,35
36,2026-05-08 11:15:00,Relatório automático do alerta Laranja. Razões principais: Nível de água entre 70% e 85%. Precipitação acumulada entre 41 e 60 mm nas últimas 6 horas. Precipitação prevista entre 21 e 40 mm na próxima hora. Score de risco: 60.05.,1,36
37,2026-05-08 11:15:00,Relatório automático do alerta Vermelho. Razões principais: Nível de água superior ou igual a 90%. Precipitação acumulada superior a 60 mm nas últimas 6 horas. Score de risco: 67.88.,3,37
38,2026-05-08 12:15:00,Relatório automático do alerta Amarelo. Razões principais: Precipitação prevista entre 10 e 20 mm na próxima hora. Score de risco: 41.17.,1,38
39,2026-05-08 12:15:00,Relatório automático do alerta Laranja. Razões principais: Nível de água entre 70% e 85%. Precipitação acumulada entre 41 e 60 mm nas últimas 6 horas. Score de risco: 50.83.,2,39
40,2026-05-08 12:15:00,Relatório automático do alerta Vermelho. Razões principais: Nível de água superior ou igual a 90%. Precipitação acumulada superior a 60 mm nas últimas 6 horas. Precipitação prevista entre 10 e 20 mm na próxima hora. Score de risco: 71.74.,2,40
41,2026-05-08 13:15:00,Relatório automático do alerta Laranja. Razões principais: Nível de água entre 70% e 85%. Precipitação acumulada entre 41 e 60 mm nas últimas 6 horas. Precipitação prevista entre 10 e 20 mm na próxima hora. Score de risco: 54.66.,1,41
42,2026-05-08 13:15:00,Relatório automático do alerta Vermelho. Razões principais: Nível de água superior ou igual a 90%. Precipitação acumulada superior a 60 mm nas últimas 6 horas. Score de risco: 69.00.,3,42
43,2026-05-08 14:15:00,Relatório automático do alerta Laranja. Razões principais: Nível de água entre 70% e 85%. Precipitação acumulada entre 41 e 60 mm nas últimas 6 horas. Precipitação prevista entre 10 e 20 mm na próxima hora. Score de risco: 54.38.,1,43
44,2026-05-08 14:15:00,Relatório automático do alerta Vermelho. Razões principais: Nível de água superior ou igual a 90%. Precipitação acumulada superior a 60 mm nas últimas 6 horas. Score de risco: 69.66.,2,44
45,2026-05-08 15:15:00,Relatório automático do alerta Laranja. Razões principais: Nível de água entre 70% e 85%. Precipitação acumulada entre 41 e 60 mm nas últimas 6 horas. Score de risco: 49.98.,3,45
46,2026-05-08 15:15:00,Relatório automático do alerta Laranja. Razões principais: Precipitação acumulada entre 30 e 40 mm nas últimas 6 horas. Precipitação prevista entre 21 e 40 mm na próxima hora. Score de risco: 48.95.,2,46
47,2026-05-08 15:15:00,Relatório automático do alerta Laranja. Razões principais: Precipitação prevista entre 21 e 40 mm na próxima hora. Score de risco: 22.00.,1,47
48,2026-05-08 16:15:00,Relatório automático do alerta Amarelo. Razões principais: Precipitação prevista entre 10 e 20 mm na próxima hora. Score de risco: 40.48.,2,48
49,2026-05-08 16:15:00,Relatório automático do alerta Laranja. Razões principais: Nível de água entre 70% e 85%. Precipitação acumulada entre 41 e 60 mm nas últimas 6 horas. Score de risco: 52.89.,2,49
50,2026-05-08 16:15:00,Relatório automático do alerta Amarelo. Razões principais: Precipitação acumulada entre 30 e 40 mm nas últimas 6 horas. Score de risco: 43.05.,3,50
51,2026-05-08 16:15:00,Relatório automático do alerta Amarelo. Razões principais: Precipitação prevista entre 10 e 20 mm na próxima hora. Score de risco: 22.95.,3,51
52,2026-05-08 17:15:00,Relatório automático do alerta Laranja. Razões principais: Precipitação acumulada entre 30 e 40 mm nas últimas 6 horas. Precipitação prevista entre 21 e 40 mm na próxima hora. Score de risco: 46.82.,3,52
53,2026-05-08 18:15:00,Relatório automático do alerta Amarelo. Razões principais: Precipitação prevista entre 10 e 20 mm na próxima hora. Score de risco: 29.48.,1,53
54,2026-05-08 18:15:00,Relatório automático do alerta Amarelo. Razões principais: Precipitação acumulada entre 30 e 40 mm nas últimas 6 horas. Score de risco: 41.67.,1,54
55,2026-05-08 19:15:00,Relatório automático do alerta Amarelo. Razões principais: Precipitação prevista entre 10 e 20 mm na próxima hora. Score de risco: 31.68.,3,55
56,2026-05-08 19:15:00,Relatório automático do alerta Amarelo. Razões principais: Precipitação acumulada entre 30 e 40 mm nas últimas 6 horas. Score de risco: 40.99.,3,56
57,2026-05-08 19:15:00,Relatório automático do alerta Laranja. Razões principais: Precipitação acumulada entre 30 e 40 mm nas últimas 6 horas. Precipitação prevista entre 21 e 40 mm na próxima hora. Score de risco: 39.22.,2,57
58,2026-05-08 20:15:00,Relatório automático do alerta Amarelo. Razões principais: Precipitação acumulada entre 30 e 40 mm nas últimas 6 horas. Score de risco: 41.28.,2,58
59,2026-05-08 20:15:00,Relatório automático do alerta Laranja. Razões principais: Precipitação acumulada entre 30 e 40 mm nas últimas 6 horas. Precipitação prevista entre 10 e 20 mm na próxima hora. Score de risco: 35.28.,2,59
60,2026-05-08 21:15:00,Relatório automático do alerta Amarelo. Razões principais: Precipitação prevista entre 10 e 20 mm na próxima hora. Score de risco: 33.05.,3,60
61,2026-05-08 21:15:00,Relatório automático do alerta Amarelo. Razões principais: Precipitação prevista entre 10 e 20 mm na próxima hora. Score de risco: 31.20.,2,61
62,2026-05-08 21:15:00,Relatório automático do alerta Laranja. Razões principais: Precipitação acumulada entre 30 e 40 mm nas últimas 6 horas. Precipitação prevista entre 21 e 40 mm na próxima hora. Score de risco: 44.36.,3,62
63,2026-05-08 22:15:00,Relatório automático do alerta Verde. Razões principais: Valores abaixo dos limites iniciais. Score de risco: 24.84.,3,63
64,2026-05-08 22:15:00,Relatório automático do alerta Amarelo. Razões principais: Precipitação prevista entre 10 e 20 mm na próxima hora. Score de risco: 29.15.,1,64
65,2026-05-08 22:15:00,Relatório automático do alerta Laranja. Razões principais: Precipitação acumulada entre 30 e 40 mm nas últimas 6 horas. Precipitação prevista entre 10 e 20 mm na próxima hora. Score de risco: 37.12.,3,65
66,2026-05-08 23:15:00,Relatório automático do alerta Vermelho. Razões principais: Precipitação acumulada entre 41 e 60 mm nas últimas 6 horas. Precipitação prevista superior a 40 mm na próxima hora. Score de risco: 54.48.,3,66
67,2026-05-08 23:15:00,Relatório automático do alerta Amarelo. Razões principais: Precipitação acumulada entre 30 e 40 mm nas últimas 6 horas. Score de risco: 37.77.,3,67
68,2026-05-09 00:15:00,Relatório automático do alerta Laranja. Razões principais: Nível de água entre 70% e 85%. Precipitação acumulada entre 41 e 60 mm nas últimas 6 horas. Precipitação prevista entre 21 e 40 mm na próxima hora. Score de risco: 51.52.,3,68
69,2026-05-09 00:15:00,Relatório automático do alerta Amarelo. Razões principais: Precipitação prevista entre 10 e 20 mm na próxima hora. Score de risco: 29.95.,2,69
70,2026-05-09 00:15:00,Relatório automático do alerta Amarelo. Razões principais: Precipitação acumulada entre 30 e 40 mm nas últimas 6 horas. Score de risco: 33.43.,2,70
71,2026-05-09 01:15:00,Relatório automático do alerta Laranja. Razões principais: Nível de água entre 70% e 85%. Precipitação acumulada entre 41 e 60 mm nas últimas 6 horas. Score de risco: 46.23.,1,71
72,2026-05-09 02:15:00,Relatório automático do alerta Laranja. Razões principais: Nível de água entre 70% e 85%. Precipitação acumulada entre 30 e 40 mm nas últimas 6 horas. Score de risco: 46.10.,1,72
73,2026-05-09 02:15:00,Relatório automático do alerta Verde. Razões principais: Valores abaixo dos limites iniciais. Score de risco: 24.32.,1,73
74,2026-05-09 03:15:00,Relatório automático do alerta Amarelo. Razões principais: Precipitação acumulada entre 30 e 40 mm nas últimas 6 horas. Score de risco: 41.55.,3,74
75,2026-05-09 03:15:00,Relatório automático do alerta Amarelo. Razões principais: Precipitação prevista entre 10 e 20 mm na próxima hora. Score de risco: 26.78.,2,75
76,2026-05-09 03:15:00,Relatório automático do alerta Laranja. Razões principais: Precipitação prevista entre 21 e 40 mm na próxima hora. Score de risco: 32.88.,3,76
77,2026-05-09 04:15:00,Relatório automático do alerta Vermelho. Razões principais: Nível de água superior ou igual a 90%. Precipitação acumulada superior a 60 mm nas últimas 6 horas. Precipitação prevista superior a 40 mm na próxima hora. Score de risco: 81.43.,2,77
78,2026-05-09 04:15:00,Relatório automático do alerta Verde. Razões principais: Valores abaixo dos limites iniciais. Score de risco: 21.45.,1,78
79,2026-05-09 04:15:00,Relatório automático do alerta Amarelo. Razões principais: Precipitação prevista entre 10 e 20 mm na próxima hora. Score de risco: 30.67.,1,79
80,2026-05-09 04:15:00,Relatório automático do alerta Laranja. Razões principais: Precipitação acumulada entre 30 e 40 mm nas últimas 6 horas. Precipitação prevista entre 21 e 40 mm na próxima hora. Score de risco: 39.98.,3,80
81,2026-05-09 05:15:00,Relatório automático do alerta Laranja. Razões principais: Nível de água entre 70% e 85%. Precipitação acumulada entre 41 e 60 mm nas últimas 6 horas. Precipitação prevista entre 10 e 20 mm na próxima hora. Score de risco: 57.17.,2,81
82,2026-05-09 05:15:00,Relatório automático do alerta Amarelo. Razões principais: Precipitação acumulada entre 30 e 40 mm nas últimas 6 horas. Score de risco: 35.59.,3,82
83,2026-05-09 06:15:00,Relatório automático do alerta Laranja. Razões principais: Nível de água entre 70% e 85%. Precipitação acumulada entre 41 e 60 mm nas últimas 6 horas. Score de risco: 53.64.,3,83
84,2026-05-09 06:15:00,Relatório automático do alerta Verde. Razões principais: Valores abaixo dos limites iniciais. Score de risco: 25.27.,2,84
85,2026-05-09 06:15:00,Relatório automático do alerta Laranja. Razões principais: Precipitação prevista entre 21 e 40 mm na próxima hora. Score de risco: 35.87.,3,85
86,2026-05-09 06:15:00,Relatório automático do alerta Amarelo. Razões principais: Precipitação acumulada entre 30 e 40 mm nas últimas 6 horas. Score de risco: 38.58.,2,86
87,2026-05-09 07:15:00,Relatório automático do alerta Laranja. Razões principais: Nível de água entre 70% e 85%. Precipitação acumulada entre 41 e 60 mm nas últimas 6 horas. Score de risco: 52.25.,1,87
88,2026-05-09 07:15:00,Relatório automático do alerta Amarelo. Razões principais: Precipitação prevista entre 10 e 20 mm na próxima hora. Score de risco: 27.57.,1,88
89,2026-05-09 07:15:00,Relatório automático do alerta Amarelo. Razões principais: Precipitação prevista entre 10 e 20 mm na próxima hora. Score de risco: 32.85.,3,89
90,2026-05-09 07:15:00,Relatório automático do alerta Amarelo. Razões principais: Precipitação acumulada entre 30 e 40 mm nas últimas 6 horas. Score de risco: 34.76.,2,90
91,2026-05-09 08:15:00,Relatório automático do alerta Vermelho. Razões principais: Nível de água superior ou igual a 90%. Precipitação acumulada superior a 60 mm nas últimas 6 horas. Precipitação prevista entre 21 e 40 mm na próxima hora. Score de risco: 70.87.,3,91
92,2026-05-09 08:15:00,Relatório automático do alerta Amarelo. Razões principais: Precipitação acumulada entre 30 e 40 mm nas últimas 6 horas. Score de risco: 33.57.,2,92
93,2026-05-09 09:15:00,Relatório automático do alerta Vermelho. Razões principais: Nível de água superior ou igual a 90%. Precipitação acumulada superior a 60 mm nas últimas 6 horas. Score de risco: 67.67.,3,93
94,2026-05-09 09:15:00,Relatório automático do alerta Amarelo. Razões principais: Precipitação prevista entre 10 e 20 mm na próxima hora. Score de risco: 26.76.,2,94
95,2026-05-09 09:15:00,Relatório automático do alerta Amarelo. Razões principais: Precipitação acumulada entre 30 e 40 mm nas últimas 6 horas. Score de risco: 35.20.,3,95
96,2026-05-09 10:15:00,Relatório automático do alerta Laranja. Razões principais: Precipitação acumulada entre 30 e 40 mm nas últimas 6 horas. Precipitação prevista entre 10 e 20 mm na próxima hora. Score de risco: 43.86.,2,96
97,2026-05-09 10:15:00,Relatório automático do alerta Amarelo. Razões principais: Precipitação prevista entre 10 e 20 mm na próxima hora. Score de risco: 27.39.,2,97
98,2026-05-09 11:15:00,Relatório automático do alerta Amarelo. Razões principais: Precipitação acumulada entre 30 e 40 mm nas últimas 6 horas. Score de risco: 41.91.,2,98
99,2026-05-09 11:15:00,Relatório automático do alerta Amarelo. Razões principais: Precipitação prevista entre 10 e 20 mm na próxima hora. Score de risco: 27.82.,2,99
100,2026-05-09 12:15:00,Relatório automático do alerta Laranja. Razões principais: Precipitação acumulada entre 30 e 40 mm nas últimas 6 horas. Precipitação prevista entre 10 e 20 mm na próxima hora. Score de risco: 43.29.,1,100
101,2026-05-09 12:15:00,Relatório automático do alerta Laranja. Razões principais: Precipitação prevista entre 21 e 40 mm na próxima hora. Score de risco: 30.40.,1,101
102,2026-05-09 13:15:00,Relatório automático do alerta Laranja. Razões principais: Nível de água entre 70% e 85%. Precipitação acumulada entre 30 e 40 mm nas últimas 6 horas. Score de risco: 44.90.,3,102
103,2026-05-09 13:15:00,Relatório automático do alerta Amarelo. Razões principais: Precipitação prevista entre 10 e 20 mm na próxima hora. Score de risco: 30.26.,1,103
104,2026-05-09 14:15:00,Relatório automático do alerta Verde. Razões principais: Valores abaixo dos limites iniciais. Score de risco: 32.12.,3,104
105,2026-05-09 15:15:00,Relatório automático do alerta Amarelo. Razões principais: Precipitação prevista entre 10 e 20 mm na próxima hora. Score de risco: 30.50.,2,105
106,2026-05-09 15:15:00,Relatório automático do alerta Amarelo. Razões principais: Precipitação prevista entre 10 e 20 mm na próxima hora. Score de risco: 28.70.,3,106
107,2026-05-09 16:15:00,Relatório automático do alerta Amarelo. Razões principais: Precipitação prevista entre 10 e 20 mm na próxima hora. Score de risco: 33.28.,3,107
108,2026-05-09 17:15:00,Relatório automático do alerta Laranja. Razões principais: Precipitação prevista entre 21 e 40 mm na próxima hora. Score de risco: 40.43.,3,108
109,2026-05-09 17:15:00,Relatório automático do alerta Laranja. Razões principais: Precipitação prevista entre 21 e 40 mm na próxima hora. Score de risco: 21.88.,2,109
110,2026-05-09 18:15:00,Relatório automático do alerta Amarelo. Razões principais: Precipitação prevista entre 10 e 20 mm na próxima hora. Score de risco: 32.17.,2,110
111,2026-05-09 18:15:00,Relatório automático do alerta Amarelo. Razões principais: Precipitação prevista entre 10 e 20 mm na próxima hora. Score de risco: 35.36.,2,111
112,2026-05-09 18:15:00,Relatório automático do alerta Laranja. Razões principais: Precipitação acumulada entre 30 e 40 mm nas últimas 6 horas. Precipitação prevista entre 10 e 20 mm na próxima hora. Score de risco: 36.11.,1,112
113,2026-05-09 19:15:00,Relatório automático do alerta Vermelho. Razões principais: Nível de água entre 70% e 85%. Precipitação acumulada entre 41 e 60 mm nas últimas 6 horas. Precipitação prevista superior a 40 mm na próxima hora. Score de risco: 59.65.,2,113
114,2026-05-09 19:15:00,Relatório automático do alerta Amarelo. Razões principais: Precipitação prevista entre 10 e 20 mm na próxima hora. Score de risco: 36.45.,2,114
115,2026-05-09 19:15:00,Relatório automático do alerta Amarelo. Razões principais: Precipitação acumulada entre 30 e 40 mm nas últimas 6 horas. Score de risco: 38.60.,3,115
116,2026-05-09 20:15:00,Relatório automático do alerta Laranja. Razões principais: Nível de água entre 70% e 85%. Precipitação acumulada entre 41 e 60 mm nas últimas 6 horas. Score de risco: 54.01.,1,116
117,2026-05-09 20:15:00,Relatório automático do alerta Amarelo. Razões principais: Precipitação prevista entre 10 e 20 mm na próxima hora. Score de risco: 34.88.,3,117
118,2026-05-09 20:15:00,Relatório automático do alerta Amarelo. Razões principais: Precipitação acumulada entre 30 e 40 mm nas últimas 6 horas. Score de risco: 35.03.,3,118
119,2026-05-09 21:15:00,Relatório automático do alerta Laranja. Razões principais: Nível de água entre 70% e 85%. Precipitação acumulada entre 41 e 60 mm nas últimas 6 horas. Score de risco: 52.88.,3,119
120,2026-05-09 21:15:00,Relatório automático do alerta Laranja. Razões principais: Precipitação acumulada entre 30 e 40 mm nas últimas 6 horas. Precipitação prevista entre 21 e 40 mm na próxima hora. Score de risco: 44.11.,2,120
121,2026-05-09 22:15:00,Relatório automático do alerta Laranja. Razões principais: Nível de água entre 70% e 85%. Precipitação acumulada entre 41 e 60 mm nas últimas 6 horas. Score de risco: 52.08.,3,121
122,2026-05-09 22:15:00,Relatório automático do alerta Amarelo. Razões principais: Precipitação prevista entre 10 e 20 mm na próxima hora. Score de risco: 39.89.,2,122
123,2026-05-09 22:15:00,Relatório automático do alerta Amarelo. Razões principais: Precipitação prevista entre 10 e 20 mm na próxima hora. Score de risco: 36.25.,1,123
124,2026-05-09 22:15:00,Relatório automático do alerta Amarelo. Razões principais: Precipitação acumulada entre 30 e 40 mm nas últimas 6 horas. Score de risco: 37.41.,2,124
125,2026-05-09 23:15:00,Relatório automático do alerta Laranja. Razões principais: Nível de água entre 70% e 85%. Precipitação acumulada entre 41 e 60 mm nas últimas 6 horas. Precipitação prevista entre 10 e 20 mm na próxima hora. Score de risco: 56.93.,1,125
126,2026-05-09 23:15:00,Relatório automático do alerta Laranja. Razões principais: Precipitação acumulada entre 30 e 40 mm nas últimas 6 horas. Precipitação prevista entre 10 e 20 mm na próxima hora. Score de risco: 44.97.,1,126
127,2026-05-10 00:15:00,Relatório automático do alerta Laranja. Razões principais: Nível de água entre 70% e 85%. Precipitação acumulada entre 41 e 60 mm nas últimas 6 horas. Score de risco: 55.02.,3,127
128,2026-05-10 00:15:00,Relatório automático do alerta Amarelo. Razões principais: Precipitação prevista entre 10 e 20 mm na próxima hora. Score de risco: 34.01.,2,128
129,2026-05-10 00:15:00,Relatório automático do alerta Amarelo. Razões principais: Precipitação prevista entre 10 e 20 mm na próxima hora. Score de risco: 27.47.,3,129
130,2026-05-10 01:15:00,Relatório automático do alerta Amarelo. Razões principais: Precipitação prevista entre 10 e 20 mm na próxima hora. Score de risco: 40.32.,2,130
131,2026-05-10 01:15:00,Relatório automático do alerta Amarelo. Razões principais: Precipitação prevista entre 10 e 20 mm na próxima hora. Score de risco: 31.21.,2,131
132,2026-05-10 01:15:00,Relatório automático do alerta Amarelo. Razões principais: Precipitação prevista entre 10 e 20 mm na próxima hora. Score de risco: 25.53.,1,132
133,2026-05-10 02:15:00,Relatório automático do alerta Amarelo. Razões principais: Precipitação prevista entre 10 e 20 mm na próxima hora. Score de risco: 35.59.,3,133
134,2026-05-10 02:15:00,Relatório automático do alerta Laranja. Razões principais: Precipitação prevista entre 21 e 40 mm na próxima hora. Score de risco: 32.85.,3,134
135,2026-05-10 02:15:00,Relatório automático do alerta Amarelo. Razões principais: Precipitação prevista entre 10 e 20 mm na próxima hora. Score de risco: 19.61.,2,135
136,2026-05-10 03:15:00,Relatório automático do alerta Amarelo. Razões principais: Precipitação prevista entre 10 e 20 mm na próxima hora. Score de risco: 36.28.,2,136
137,2026-05-10 03:15:00,Relatório automático do alerta Laranja. Razões principais: Precipitação prevista entre 21 e 40 mm na próxima hora. Score de risco: 25.31.,2,137
138,2026-05-10 04:15:00,Relatório automático do alerta Amarelo. Razões principais: Precipitação prevista entre 10 e 20 mm na próxima hora. Score de risco: 36.66.,1,138
139,2026-05-10 04:15:00,Relatório automático do alerta Laranja. Razões principais: Nível de água entre 70% e 85%. Precipitação acumulada entre 41 e 60 mm nas últimas 6 horas. Precipitação prevista entre 21 e 40 mm na próxima hora. Score de risco: 52.84.,2,139
140,2026-05-10 05:15:00,Relatório automático do alerta Laranja. Razões principais: Nível de água entre 70% e 85%. Precipitação acumulada entre 41 e 60 mm nas últimas 6 horas. Precipitação prevista entre 10 e 20 mm na próxima hora. Score de risco: 48.50.,1,140
141,2026-05-10 05:15:00,Relatório automático do alerta Amarelo. Razões principais: Precipitação prevista entre 10 e 20 mm na próxima hora. Score de risco: 31.04.,2,141
142,2026-05-10 06:15:00,Relatório automático do alerta Laranja. Razões principais: Nível de água entre 70% e 85%. Precipitação acumulada entre 41 e 60 mm nas últimas 6 horas. Score de risco: 47.49.,3,142
143,2026-05-10 06:15:00,Relatório automático do alerta Laranja. Razões principais: Precipitação prevista entre 21 e 40 mm na próxima hora. Score de risco: 24.25.,3,143
144,2026-05-10 07:15:00,Relatório automático do alerta Vermelho. Razões principais: Nível de água entre 70% e 85%. Precipitação acumulada entre 41 e 60 mm nas últimas 6 horas. Precipitação prevista superior a 40 mm na próxima hora. Score de risco: 60.66.,2,144
145,2026-05-10 07:15:00,Relatório automático do alerta Laranja. Razões principais: Nível de água entre 70% e 85%. Precipitação acumulada entre 41 e 60 mm nas últimas 6 horas. Score de risco: 47.36.,3,145
146,2026-05-10 07:15:00,Relatório automático do alerta Laranja. Razões principais: Precipitação prevista entre 21 e 40 mm na próxima hora. Score de risco: 37.05.,3,146
147,2026-05-10 07:15:00,Relatório automático do alerta Verde. Razões principais: Valores abaixo dos limites iniciais. Score de risco: 21.85.,1,147
148,2026-05-10 08:15:00,Relatório automático do alerta Laranja. Razões principais: Nível de água entre 70% e 85%. Precipitação acumulada entre 41 e 60 mm nas últimas 6 horas. Score de risco: 56.63.,1,148
149,2026-05-10 08:15:00,Relatório automático do alerta Laranja. Razões principais: Precipitação acumulada entre 41 e 60 mm nas últimas 6 horas. Score de risco: 43.70.,1,149
150,2026-05-10 08:15:00,Relatório automático do alerta Amarelo. Razões principais: Precipitação prevista entre 10 e 20 mm na próxima hora. Score de risco: 30.86.,3,150
151,2026-05-10 09:15:00,Relatório automático do alerta Laranja. Razões principais: Nível de água entre 85% e 90%. Precipitação acumulada entre 41 e 60 mm nas últimas 6 horas. Precipitação prevista entre 10 e 20 mm na próxima hora. Score de risco: 62.39.,3,151
152,2026-05-10 09:15:00,Relatório automático do alerta Laranja. Razões principais: Nível de água entre 70% e 85%. Precipitação acumulada entre 41 e 60 mm nas últimas 6 horas. Precipitação prevista entre 10 e 20 mm na próxima hora. Score de risco: 48.77.,1,152
153,2026-05-10 09:15:00,Relatório automático do alerta Verde. Razões principais: Valores abaixo dos limites iniciais. Score de risco: 30.44.,1,153
154,2026-05-10 09:15:00,Relatório automático do alerta Amarelo. Razões principais: Precipitação prevista entre 10 e 20 mm na próxima hora. Score de risco: 34.60.,1,154
155,2026-05-10 10:15:00,Relatório automático do alerta Vermelho. Razões principais: Nível de água entre 70% e 85%. Precipitação acumulada superior a 60 mm nas últimas 6 horas. Score de risco: 56.09.,3,155
156,2026-05-10 10:15:00,Relatório automático do alerta Amarelo. Razões principais: Precipitação prevista entre 10 e 20 mm na próxima hora. Score de risco: 31.99.,1,156
157,2026-05-10 10:15:00,Relatório automático do alerta Amarelo. Razões principais: Precipitação prevista entre 10 e 20 mm na próxima hora. Score de risco: 32.52.,1,157
158,2026-05-10 10:15:00,Relatório automático do alerta Amarelo. Razões principais: Precipitação prevista entre 10 e 20 mm na próxima hora. Score de risco: 31.78.,3,158
159,2026-05-10 11:15:00,Relatório automático do alerta Vermelho. Razões principais: Nível de água entre 85% e 90%. Precipitação acumulada superior a 60 mm nas últimas 6 horas. Precipitação prevista entre 21 e 40 mm na próxima hora. Score de risco: 63.19.,1,159
160,2026-05-10 11:15:00,Relatório automático do alerta Amarelo. Razões principais: Precipitação prevista entre 10 e 20 mm na próxima hora. Score de risco: 31.37.,2,160
161,2026-05-10 11:15:00,Relatório automático do alerta Verde. Razões principais: Valores abaixo dos limites iniciais. Score de risco: 24.80.,1,161
162,2026-05-10 11:15:00,Relatório automático do alerta Amarelo. Razões principais: Precipitação prevista entre 10 e 20 mm na próxima hora. Score de risco: 34.49.,1,162
163,2026-05-10 12:15:00,Relatório automático do alerta Vermelho. Razões principais: Nível de água superior ou igual a 90%. Precipitação acumulada superior a 60 mm nas últimas 6 horas. Score de risco: 62.12.,3,163
164,2026-05-10 12:15:00,Relatório automático do alerta Amarelo. Razões principais: Precipitação prevista entre 10 e 20 mm na próxima hora. Score de risco: 31.57.,2,164
165,2026-05-10 12:15:00,Relatório automático do alerta Amarelo. Razões principais: Precipitação prevista entre 10 e 20 mm na próxima hora. Score de risco: 35.65.,2,165
166,2026-05-10 13:15:00,Relatório automático do alerta Amarelo. Razões principais: Precipitação prevista entre 10 e 20 mm na próxima hora. Score de risco: 32.74.,3,166
167,2026-05-10 14:15:00,Relatório automático do alerta Amarelo. Razões principais: Precipitação prevista entre 10 e 20 mm na próxima hora. Score de risco: 34.57.,1,167
168,2026-05-10 15:15:00,Relatório automático do alerta Laranja. Razões principais: Nível de água entre 70% e 85%. Precipitação acumulada entre 41 e 60 mm nas últimas 6 horas. Precipitação prevista entre 21 e 40 mm na próxima hora. Score de risco: 52.34.,3,168
169,2026-05-10 15:15:00,Relatório automático do alerta Laranja. Razões principais: Precipitação prevista entre 21 e 40 mm na próxima hora. Score de risco: 37.05.,3,169
170,2026-05-10 15:15:00,Relatório automático do alerta Laranja. Razões principais: Precipitação prevista entre 21 e 40 mm na próxima hora. Score de risco: 33.53.,2,170
171,2026-05-10 15:15:00,Relatório automático do alerta Laranja. Razões principais: Precipitação acumulada entre 41 e 60 mm nas últimas 6 horas. Precipitação prevista entre 21 e 40 mm na próxima hora. Score de risco: 49.94.,2,171
172,2026-05-10 16:15:00,Relatório automático do alerta Laranja. Razões principais: Nível de água entre 70% e 85%. Precipitação acumulada entre 41 e 60 mm nas últimas 6 horas. Precipitação prevista entre 10 e 20 mm na próxima hora. Score de risco: 51.60.,1,172
173,2026-05-10 16:15:00,Relatório automático do alerta Laranja. Razões principais: Precipitação acumulada entre 41 e 60 mm nas últimas 6 horas. Precipitação prevista entre 10 e 20 mm na próxima hora. Score de risco: 45.08.,3,173
174,2026-05-10 17:15:00,Relatório automático do alerta Laranja. Razões principais: Nível de água entre 70% e 85%. Precipitação acumulada entre 41 e 60 mm nas últimas 6 horas. Precipitação prevista entre 10 e 20 mm na próxima hora. Score de risco: 52.47.,3,174
175,2026-05-10 17:15:00,Relatório automático do alerta Amarelo. Razões principais: Precipitação prevista entre 10 e 20 mm na próxima hora. Score de risco: 33.60.,1,175
176,2026-05-10 17:15:00,Relatório automático do alerta Amarelo. Razões principais: Precipitação acumulada entre 30 e 40 mm nas últimas 6 horas. Score de risco: 42.38.,2,176
177,2026-05-10 18:15:00,Relatório automático do alerta Laranja. Razões principais: Nível de água entre 70% e 85%. Precipitação acumulada entre 41 e 60 mm nas últimas 6 horas. Precipitação prevista entre 10 e 20 mm na próxima hora. Score de risco: 52.73.,3,177
178,2026-05-10 18:15:00,Relatório automático do alerta Amarelo. Razões principais: Precipitação prevista entre 10 e 20 mm na próxima hora. Score de risco: 30.86.,2,178
179,2026-05-10 18:15:00,Relatório automático do alerta Laranja. Razões principais: Precipitação acumulada entre 41 e 60 mm nas últimas 6 horas. Score de risco: 40.97.,1,179
180,2026-05-10 19:15:00,Relatório automático do alerta Laranja. Razões principais: Nível de água entre 70% e 85%. Precipitação acumulada entre 41 e 60 mm nas últimas 6 horas. Precipitação prevista entre 21 e 40 mm na próxima hora. Score de risco: 57.59.,1,180
181,2026-05-10 19:15:00,Relatório automático do alerta Laranja. Razões principais: Precipitação acumulada entre 41 e 60 mm nas últimas 6 horas. Score de risco: 40.22.,2,181
182,2026-05-10 20:15:00,Relatório automático do alerta Laranja. Razões principais: Nível de água entre 70% e 85%. Precipitação acumulada entre 41 e 60 mm nas últimas 6 horas. Precipitação prevista entre 10 e 20 mm na próxima hora. Score de risco: 51.21.,2,182
183,2026-05-10 20:15:00,Relatório automático do alerta Vermelho. Razões principais: Nível de água superior ou igual a 90%. Precipitação acumulada superior a 60 mm nas últimas 6 horas. Precipitação prevista superior a 40 mm na próxima hora. Score de risco: 81.79.,2,183
184,2026-05-10 20:15:00,Relatório automático do alerta Laranja. Razões principais: Precipitação acumulada entre 41 e 60 mm nas últimas 6 horas. Score de risco: 44.46.,3,184
185,2026-05-10 21:15:00,Relatório automático do alerta Vermelho. Razões principais: Nível de água superior ou igual a 90%. Precipitação acumulada superior a 60 mm nas últimas 6 horas. Precipitação prevista entre 10 e 20 mm na próxima hora. Score de risco: 71.70.,2,185
186,2026-05-10 21:15:00,Relatório automático do alerta Amarelo. Razões principais: Precipitação prevista entre 10 e 20 mm na próxima hora. Score de risco: 28.62.,3,186
187,2026-05-10 21:15:00,Relatório automático do alerta Laranja. Razões principais: Precipitação prevista entre 21 e 40 mm na próxima hora. Score de risco: 29.38.,2,187
188,2026-05-10 22:15:00,Relatório automático do alerta Laranja. Razões principais: Precipitação acumulada entre 41 e 60 mm nas últimas 6 horas. Precipitação prevista entre 21 e 40 mm na próxima hora. Score de risco: 51.27.,2,188
189,2026-05-10 22:15:00,Relatório automático do alerta Vermelho. Razões principais: Nível de água superior ou igual a 90%. Precipitação acumulada superior a 60 mm nas últimas 6 horas. Precipitação prevista entre 10 e 20 mm na próxima hora. Score de risco: 71.58.,3,189
190,2026-05-10 22:15:00,Relatório automático do alerta Amarelo. Razões principais: Precipitação prevista entre 10 e 20 mm na próxima hora. Score de risco: 29.17.,2,190
191,2026-05-10 22:15:00,Relatório automático do alerta Amarelo. Razões principais: Precipitação prevista entre 10 e 20 mm na próxima hora. Score de risco: 25.71.,1,191
192,2026-05-10 23:15:00,Relatório automático do alerta Amarelo. Razões principais: Precipitação acumulada entre 30 e 40 mm nas últimas 6 horas. Score de risco: 42.21.,2,192
193,2026-05-10 23:15:00,Relatório automático do alerta Vermelho. Razões principais: Nível de água superior ou igual a 90%. Precipitação acumulada superior a 60 mm nas últimas 6 horas. Precipitação prevista entre 10 e 20 mm na próxima hora. Score de risco: 72.04.,3,193
194,2026-05-10 23:15:00,Relatório automático do alerta Laranja. Razões principais: Nível de água entre 70% e 85%. Precipitação acumulada entre 41 e 60 mm nas últimas 6 horas. Precipitação prevista entre 21 e 40 mm na próxima hora. Score de risco: 54.72.,2,194
195,2026-05-11 00:15:00,Relatório automático do alerta Amarelo. Razões principais: Precipitação acumulada entre 30 e 40 mm nas últimas 6 horas. Score de risco: 43.78.,2,195
196,2026-05-11 00:15:00,Relatório automático do alerta Vermelho. Razões principais: Nível de água superior ou igual a 90%. Precipitação acumulada superior a 60 mm nas últimas 6 horas. Score de risco: 68.94.,3,196
197,2026-05-11 00:15:00,Relatório automático do alerta Laranja. Razões principais: Nível de água entre 70% e 85%. Precipitação acumulada entre 41 e 60 mm nas últimas 6 horas. Precipitação prevista entre 10 e 20 mm na próxima hora. Score de risco: 53.91.,1,197
198,2026-05-11 00:15:00,Relatório automático do alerta Amarelo. Razões principais: Precipitação prevista entre 10 e 20 mm na próxima hora. Score de risco: 25.65.,3,198
199,2026-05-11 01:15:00,Relatório automático do alerta Laranja. Razões principais: Nível de água entre 70% e 85%. Precipitação acumulada entre 30 e 40 mm nas últimas 6 horas. Score de risco: 45.84.,2,199
200,2026-05-11 01:15:00,Relatório automático do alerta Vermelho. Razões principais: Nível de água superior ou igual a 90%. Precipitação acumulada superior a 60 mm nas últimas 6 horas. Score de risco: 69.00.,2,200
201,2026-05-11 01:15:00,Relatório automático do alerta Laranja. Razões principais: Nível de água entre 70% e 85%. Precipitação acumulada entre 41 e 60 mm nas últimas 6 horas. Precipitação prevista entre 10 e 20 mm na próxima hora. Score de risco: 52.54.,1,201
202,2026-05-11 02:15:00,Relatório automático do alerta Amarelo. Razões principais: Precipitação acumulada entre 30 e 40 mm nas últimas 6 horas. Score de risco: 42.16.,3,202
203,2026-05-11 02:15:00,Relatório automático do alerta Laranja. Razões principais: Nível de água entre 70% e 85%. Precipitação acumulada entre 41 e 60 mm nas últimas 6 horas. Score de risco: 53.19.,2,203
204,2026-05-11 03:15:00,Relatório automático do alerta Laranja. Razões principais: Nível de água entre 70% e 85%. Precipitação acumulada entre 41 e 60 mm nas últimas 6 horas. Score de risco: 45.97.,1,204
205,2026-05-11 03:15:00,Relatório automático do alerta Laranja. Razões principais: Nível de água entre 70% e 85%. Precipitação acumulada entre 41 e 60 mm nas últimas 6 horas. Precipitação prevista entre 10 e 20 mm na próxima hora. Score de risco: 55.23.,2,205
206,2026-05-11 04:15:00,Relatório automático do alerta Laranja. Razões principais: Nível de água entre 70% e 85%. Precipitação acumulada entre 41 e 60 mm nas últimas 6 horas. Precipitação prevista entre 10 e 20 mm na próxima hora. Score de risco: 51.45.,1,206
207,2026-05-11 04:15:00,Relatório automático do alerta Amarelo. Razões principais: Precipitação prevista entre 10 e 20 mm na próxima hora. Score de risco: 30.76.,2,207
208,2026-05-11 04:15:00,Relatório automático do alerta Laranja. Razões principais: Nível de água entre 70% e 85%. Precipitação acumulada entre 41 e 60 mm nas últimas 6 horas. Precipitação prevista entre 21 e 40 mm na próxima hora. Score de risco: 54.65.,2,208
209,2026-05-11 05:15:00,Relatório automático do alerta Laranja. Razões principais: Nível de água entre 70% e 85%. Precipitação acumulada entre 41 e 60 mm nas últimas 6 horas. Precipitação prevista entre 10 e 20 mm na próxima hora. Score de risco: 50.78.,3,209
210,2026-05-11 05:15:00,Relatório automático do alerta Verde. Razões principais: Valores abaixo dos limites iniciais. Score de risco: 32.44.,3,210
211,2026-05-11 06:15:00,Relatório automático do alerta Laranja. Razões principais: Nível de água entre 70% e 85%. Precipitação acumulada entre 41 e 60 mm nas últimas 6 horas. Precipitação prevista entre 21 e 40 mm na próxima hora. Score de risco: 54.49.,3,211
212,2026-05-11 06:15:00,Relatório automático do alerta Amarelo. Razões principais: Precipitação prevista entre 10 e 20 mm na próxima hora. Score de risco: 35.15.,3,212
213,2026-05-11 07:15:00,Relatório automático do alerta Laranja. Razões principais: Nível de água entre 70% e 85%. Precipitação acumulada entre 41 e 60 mm nas últimas 6 horas. Score de risco: 47.91.,2,213
214,2026-05-11 07:15:00,Relatório automático do alerta Laranja. Razões principais: Precipitação prevista entre 21 e 40 mm na próxima hora. Score de risco: 38.85.,1,214
215,2026-05-11 08:15:00,Relatório automático do alerta Laranja. Razões principais: Nível de água entre 70% e 85%. Precipitação acumulada entre 41 e 60 mm nas últimas 6 horas. Score de risco: 47.67.,1,215
216,2026-05-11 08:15:00,Relatório automático do alerta Amarelo. Razões principais: Precipitação prevista entre 10 e 20 mm na próxima hora. Score de risco: 35.05.,1,216
217,2026-05-11 08:15:00,Relatório automático do alerta Laranja. Razões principais: Precipitação prevista entre 21 e 40 mm na próxima hora. Score de risco: 33.42.,1,217
218,2026-05-11 09:15:00,Relatório automático do alerta Laranja. Razões principais: Nível de água entre 70% e 85%. Precipitação acumulada entre 41 e 60 mm nas últimas 6 horas. Score de risco: 45.23.,3,218
219,2026-05-11 09:15:00,Relatório automático do alerta Laranja. Razões principais: Precipitação acumulada entre 30 e 40 mm nas últimas 6 horas. Precipitação prevista entre 21 e 40 mm na próxima hora. Score de risco: 44.74.,1,219
220,2026-05-11 09:15:00,Relatório automático do alerta Verde. Razões principais: Valores abaixo dos limites iniciais. Score de risco: 32.68.,2,220
221,2026-05-11 09:15:00,Relatório automático do alerta Amarelo. Razões principais: Precipitação prevista entre 10 e 20 mm na próxima hora. Score de risco: 31.77.,2,221
222,2026-05-11 10:15:00,Relatório automático do alerta Amarelo. Razões principais: Precipitação prevista entre 10 e 20 mm na próxima hora. Score de risco: 32.40.,2,222
223,2026-05-11 10:15:00,Relatório automático do alerta Laranja. Razões principais: Precipitação acumulada entre 30 e 40 mm nas últimas 6 horas. Precipitação prevista entre 10 e 20 mm na próxima hora. Score de risco: 42.69.,3,223
224,2026-05-11 10:15:00,Relatório automático do alerta Amarelo. Razões principais: Precipitação prevista entre 10 e 20 mm na próxima hora. Score de risco: 34.09.,3,224
225,2026-05-11 11:15:00,Relatório automático do alerta Amarelo. Razões principais: Precipitação acumulada entre 30 e 40 mm nas últimas 6 horas. Score de risco: 42.64.,3,225
226,2026-05-11 11:15:00,Relatório automático do alerta Amarelo. Razões principais: Precipitação prevista entre 10 e 20 mm na próxima hora. Score de risco: 35.98.,3,226
227,2026-05-11 12:15:00,Relatório automático do alerta Amarelo. Razões principais: Precipitação prevista entre 10 e 20 mm na próxima hora. Score de risco: 31.28.,2,227
228,2026-05-11 12:15:00,Relatório automático do alerta Laranja. Razões principais: Precipitação acumulada entre 30 e 40 mm nas últimas 6 horas. Precipitação prevista entre 10 e 20 mm na próxima hora. Score de risco: 44.64.,3,228
229,2026-05-11 12:15:00,Relatório automático do alerta Amarelo. Razões principais: Precipitação prevista entre 10 e 20 mm na próxima hora. Score de risco: 27.12.,1,229
230,2026-05-11 13:15:00,Relatório automático do alerta Amarelo. Razões principais: Precipitação acumulada entre 30 e 40 mm nas últimas 6 horas. Score de risco: 41.06.,3,230
231,2026-05-11 13:15:00,Relatório automático do alerta Amarelo. Razões principais: Precipitação prevista entre 10 e 20 mm na próxima hora. Score de risco: 34.22.,1,231
232,2026-05-11 13:15:00,Relatório automático do alerta Amarelo. Razões principais: Precipitação prevista entre 10 e 20 mm na próxima hora. Score de risco: 29.30.,1,232
233,2026-05-11 14:15:00,Relatório automático do alerta Laranja. Razões principais: Precipitação acumulada entre 30 e 40 mm nas últimas 6 horas. Precipitação prevista entre 21 e 40 mm na próxima hora. Score de risco: 46.58.,2,233
234,2026-05-11 14:15:00,Relatório automático do alerta Amarelo. Razões principais: Precipitação prevista entre 10 e 20 mm na próxima hora. Score de risco: 33.12.,2,234
235,2026-05-11 15:15:00,Relatório automático do alerta Laranja. Razões principais: Precipitação prevista entre 21 e 40 mm na próxima hora. Score de risco: 36.67.,1,235
236,2026-05-11 15:15:00,Relatório automático do alerta Laranja. Razões principais: Precipitação prevista entre 21 e 40 mm na próxima hora. Score de risco: 34.85.,3,236
237,2026-05-11 16:15:00,Relatório automático do alerta Amarelo. Razões principais: Precipitação prevista entre 10 e 20 mm na próxima hora. Score de risco: 41.11.,2,237
238,2026-05-11 16:15:00,Relatório automático do alerta Laranja. Razões principais: Precipitação acumulada entre 30 e 40 mm nas últimas 6 horas. Precipitação prevista entre 21 e 40 mm na próxima hora. Score de risco: 44.06.,3,238
239,2026-05-11 17:15:00,Relatório automático do alerta Vermelho. Razões principais: Precipitação acumulada entre 41 e 60 mm nas últimas 6 horas. Precipitação prevista superior a 40 mm na próxima hora. Score de risco: 53.47.,2,239
240,2026-05-11 17:15:00,Relatório automático do alerta Amarelo. Razões principais: Precipitação prevista entre 10 e 20 mm na próxima hora. Score de risco: 35.38.,2,240
241,2026-05-11 17:15:00,Relatório automático do alerta Amarelo. Razões principais: Precipitação acumulada entre 30 e 40 mm nas últimas 6 horas. Score de risco: 39.72.,2,241
242,2026-05-11 18:15:00,Relatório automático do alerta Amarelo. Razões principais: Precipitação prevista entre 10 e 20 mm na próxima hora. Score de risco: 36.59.,3,242
243,2026-05-11 18:15:00,Relatório automático do alerta Laranja. Razões principais: Nível de água entre 70% e 85%. Precipitação acumulada entre 30 e 40 mm nas últimas 6 horas. Score de risco: 45.76.,3,243
244,2026-05-11 18:15:00,Relatório automático do alerta Amarelo. Razões principais: Precipitação prevista entre 10 e 20 mm na próxima hora. Score de risco: 36.48.,1,244
245,2026-05-11 18:15:00,Relatório automático do alerta Amarelo. Razões principais: Precipitação acumulada entre 30 e 40 mm nas últimas 6 horas. Score de risco: 35.49.,3,245
246,2026-05-11 19:15:00,Relatório automático do alerta Laranja. Razões principais: Nível de água entre 70% e 85%. Precipitação acumulada entre 30 e 40 mm nas últimas 6 horas. Score de risco: 47.23.,1,246
247,2026-05-11 19:15:00,Relatório automático do alerta Amarelo. Razões principais: Precipitação prevista entre 10 e 20 mm na próxima hora. Score de risco: 34.62.,3,247
248,2026-05-11 19:15:00,Relatório automático do alerta Amarelo. Razões principais: Precipitação acumulada entre 30 e 40 mm nas últimas 6 horas. Score de risco: 35.92.,3,248
249,2026-05-11 20:15:00,Relatório automático do alerta Laranja. Razões principais: Nível de água entre 70% e 85%. Precipitação acumulada entre 41 e 60 mm nas últimas 6 horas. Precipitação prevista entre 10 e 20 mm na próxima hora. Score de risco: 49.92.,1,249
250,2026-05-11 20:15:00,Relatório automático do alerta Laranja. Razões principais: Nível de água entre 70% e 85%. Precipitação acumulada entre 41 e 60 mm nas últimas 6 horas. Precipitação prevista entre 21 e 40 mm na próxima hora. Score de risco: 53.11.,2,250
251,2026-05-11 21:15:00,Relatório automático do alerta Laranja. Razões principais: Nível de água entre 70% e 85%. Precipitação acumulada entre 41 e 60 mm nas últimas 6 horas. Score de risco: 49.68.,2,251
252,2026-05-11 21:15:00,Relatório automático do alerta Vermelho. Razões principais: Nível de água entre 70% e 85%. Precipitação acumulada superior a 60 mm nas últimas 6 horas. Precipitação prevista entre 10 e 20 mm na próxima hora. Score de risco: 61.40.,3,252
253,2026-05-11 22:15:00,Relatório automático do alerta Amarelo. Razões principais: Precipitação prevista entre 10 e 20 mm na próxima hora. Score de risco: 38.51.,1,253
254,2026-05-11 22:15:00,Relatório automático do alerta Laranja. Razões principais: Nível de água entre 70% e 85%. Precipitação acumulada entre 41 e 60 mm nas últimas 6 horas. Score de risco: 49.44.,1,254
255,2026-05-11 22:15:00,Relatório automático do alerta Laranja. Razões principais: Nível de água entre 70% e 85%. Precipitação acumulada entre 41 e 60 mm nas últimas 6 horas. Precipitação prevista entre 10 e 20 mm na próxima hora. Score de risco: 51.76.,3,255
256,2026-05-11 23:15:00,Relatório automático do alerta Amarelo. Razões principais: Precipitação prevista entre 10 e 20 mm na próxima hora. Score de risco: 37.71.,2,256
257,2026-05-11 23:15:00,Relatório automático do alerta Laranja. Razões principais: Nível de água entre 70% e 85%. Precipitação acumulada entre 41 e 60 mm nas últimas 6 horas. Score de risco: 48.47.,2,257
258,2026-05-12 00:15:00,Relatório automático do alerta Amarelo. Razões principais: Precipitação prevista entre 10 e 20 mm na próxima hora. Score de risco: 43.48.,3,258
259,2026-05-12 00:15:00,Relatório automático do alerta Vermelho. Razões principais: Precipitação acumulada entre 41 e 60 mm nas últimas 6 horas. Precipitação prevista superior a 40 mm na próxima hora. Score de risco: 57.72.,3,259
260,2026-05-12 00:15:00,Relatório automático do alerta Laranja. Razões principais: Nível de água entre 70% e 85%. Precipitação acumulada entre 41 e 60 mm nas últimas 6 horas. Score de risco: 48.45.,2,260
261,2026-05-12 01:15:00,Relatório automático do alerta Amarelo. Razões principais: Precipitação prevista entre 10 e 20 mm na próxima hora. Score de risco: 40.07.,1,261
262,2026-05-12 01:15:00,Relatório automático do alerta Vermelho. Razões principais: Nível de água superior ou igual a 90%. Precipitação acumulada superior a 60 mm nas últimas 6 horas. Precipitação prevista superior a 40 mm na próxima hora. Score de risco: 84.00.,3,262
263,2026-05-12 01:15:00,Relatório automático do alerta Laranja. Razões principais: Nível de água entre 70% e 85%. Precipitação acumulada entre 41 e 60 mm nas últimas 6 horas. Score de risco: 51.01.,1,263
264,2026-05-12 01:15:00,Relatório automático do alerta Laranja. Razões principais: Nível de água entre 70% e 85%. Precipitação acumulada entre 41 e 60 mm nas últimas 6 horas. Score de risco: 50.25.,1,264
265,2026-05-12 02:15:00,Relatório automático do alerta Vermelho. Razões principais: Nível de água superior ou igual a 90%. Precipitação acumulada superior a 60 mm nas últimas 6 horas. Precipitação prevista entre 21 e 40 mm na próxima hora. Score de risco: 77.68.,2,265
266,2026-05-12 02:15:00,Relatório automático do alerta Laranja. Razões principais: Nível de água entre 70% e 85%. Precipitação acumulada entre 41 e 60 mm nas últimas 6 horas. Score de risco: 54.76.,3,266
267,2026-05-12 02:15:00,Relatório automático do alerta Amarelo. Razões principais: Precipitação acumulada entre 30 e 40 mm nas últimas 6 horas. Score de risco: 37.65.,1,267
268,2026-05-12 03:15:00,Relatório automático do alerta Vermelho. Razões principais: Nível de água superior ou igual a 90%. Precipitação acumulada superior a 60 mm nas últimas 6 horas. Score de risco: 71.39.,2,268
269,2026-05-12 03:15:00,Relatório automático do alerta Laranja. Razões principais: Nível de água entre 70% e 85%. Precipitação acumulada entre 41 e 60 mm nas últimas 6 horas. Score de risco: 57.74.,1,269
270,2026-05-12 03:15:00,Relatório automático do alerta Amarelo. Razões principais: Precipitação prevista entre 10 e 20 mm na próxima hora. Score de risco: 28.01.,1,270
271,2026-05-12 04:15:00,Relatório automático do alerta Vermelho. Razões principais: Nível de água superior ou igual a 90%. Precipitação acumulada superior a 60 mm nas últimas 6 horas. Score de risco: 69.14.,3,271
272,2026-05-12 04:15:00,Relatório automático do alerta Vermelho. Razões principais: Nível de água entre 70% e 85%. Precipitação acumulada superior a 60 mm nas últimas 6 horas. Score de risco: 54.59.,1,272
273,2026-05-12 04:15:00,Relatório automático do alerta Laranja. Razões principais: Precipitação acumulada entre 41 e 60 mm nas últimas 6 horas. Precipitação prevista entre 21 e 40 mm na próxima hora. Score de risco: 51.01.,3,273
274,2026-05-12 05:15:00,Relatório automático do alerta Amarelo. Razões principais: Precipitação acumulada entre 30 e 40 mm nas últimas 6 horas. Score de risco: 43.81.,1,274
275,2026-05-12 05:15:00,Relatório automático do alerta Vermelho. Razões principais: Nível de água superior ou igual a 90%. Precipitação acumulada superior a 60 mm nas últimas 6 horas. Precipitação prevista entre 10 e 20 mm na próxima hora. Score de risco: 74.22.,1,275
276,2026-05-12 05:15:00,Relatório automático do alerta Vermelho. Razões principais: Nível de água entre 85% e 90%. Precipitação acumulada superior a 60 mm nas últimas 6 horas. Score de risco: 59.49.,2,276
277,2026-05-12 05:15:00,Relatório automático do alerta Laranja. Razões principais: Precipitação acumulada entre 41 e 60 mm nas últimas 6 horas. Precipitação prevista entre 10 e 20 mm na próxima hora. Score de risco: 46.81.,2,277
278,2026-05-12 06:15:00,Relatório automático do alerta Laranja. Razões principais: Precipitação acumulada entre 30 e 40 mm nas últimas 6 horas. Precipitação prevista entre 10 e 20 mm na próxima hora. Score de risco: 44.64.,2,278
279,2026-05-12 06:15:00,Relatório automático do alerta Vermelho. Razões principais: Nível de água superior ou igual a 90%. Precipitação acumulada superior a 60 mm nas últimas 6 horas. Precipitação prevista entre 10 e 20 mm na próxima hora. Score de risco: 71.62.,1,279
280,2026-05-12 06:15:00,Relatório automático do alerta Amarelo. Razões principais: Precipitação prevista entre 10 e 20 mm na próxima hora. Score de risco: 37.24.,3,280
281,2026-05-12 06:15:00,Relatório automático do alerta Laranja. Razões principais: Precipitação acumulada entre 41 e 60 mm nas últimas 6 horas. Score de risco: 43.76.,1,281
282,2026-05-12 07:15:00,Relatório automático do alerta Laranja. Razões principais: Nível de água entre 70% e 85%. Precipitação acumulada entre 30 e 40 mm nas últimas 6 horas. Precipitação prevista entre 21 e 40 mm na próxima hora. Score de risco: 50.58.,2,282
283,2026-05-12 07:15:00,Relatório automático do alerta Laranja. Razões principais: Nível de água entre 85% e 90%. Precipitação acumulada entre 41 e 60 mm nas últimas 6 horas. Score de risco: 56.47.,1,283
284,2026-05-12 07:15:00,Relatório automático do alerta Laranja. Razões principais: Nível de água entre 70% e 85%. Precipitação acumulada entre 41 e 60 mm nas últimas 6 horas. Score de risco: 45.75.,1,284
285,2026-05-12 08:15:00,Relatório automático do alerta Laranja. Razões principais: Nível de água entre 70% e 85%. Precipitação acumulada entre 41 e 60 mm nas últimas 6 horas. Precipitação prevista entre 10 e 20 mm na próxima hora. Score de risco: 51.65.,1,285
286,2026-05-12 08:15:00,Relatório automático do alerta Laranja. Razões principais: Precipitação prevista entre 21 e 40 mm na próxima hora. Score de risco: 36.45.,3,286
287,2026-05-12 08:15:00,Relatório automático do alerta Laranja. Razões principais: Precipitação acumulada entre 41 e 60 mm nas últimas 6 horas. Score de risco: 46.81.,2,287
288,2026-05-12 09:15:00,Relatório automático do alerta Amarelo. Razões principais: Precipitação acumulada entre 30 e 40 mm nas últimas 6 horas. Score de risco: 42.87.,2,288
289,2026-05-12 09:15:00,Relatório automático do alerta Amarelo. Razões principais: Precipitação prevista entre 10 e 20 mm na próxima hora. Score de risco: 33.39.,3,289
290,2026-05-12 09:15:00,Relatório automático do alerta Amarelo. Razões principais: Precipitação prevista entre 10 e 20 mm na próxima hora. Score de risco: 30.10.,1,290
291,2026-05-12 09:15:00,Relatório automático do alerta Laranja. Razões principais: Precipitação acumulada entre 41 e 60 mm nas últimas 6 horas. Score de risco: 48.11.,2,291
292,2026-05-12 10:15:00,Relatório automático do alerta Laranja. Razões principais: Nível de água entre 70% e 85%. Precipitação acumulada entre 30 e 40 mm nas últimas 6 horas. Precipitação prevista entre 21 e 40 mm na próxima hora. Score de risco: 50.73.,1,292
293,2026-05-12 10:15:00,Relatório automático do alerta Amarelo. Razões principais: Precipitação prevista entre 10 e 20 mm na próxima hora. Score de risco: 33.44.,2,293
294,2026-05-12 11:15:00,Relatório automático do alerta Vermelho. Razões principais: Nível de água superior ou igual a 90%. Precipitação acumulada superior a 60 mm nas últimas 6 horas. Precipitação prevista superior a 40 mm na próxima hora. Score de risco: 79.68.,2,294
295,2026-05-12 11:15:00,Relatório automático do alerta Verde. Razões principais: Valores abaixo dos limites iniciais. Score de risco: 27.58.,2,295
296,2026-05-12 11:15:00,Relatório automático do alerta Amarelo. Razões principais: Precipitação prevista entre 10 e 20 mm na próxima hora. Score de risco: 30.35.,3,296
297,2026-05-12 12:15:00,Relatório automático do alerta Vermelho. Razões principais: Nível de água superior ou igual a 90%. Precipitação acumulada superior a 60 mm nas últimas 6 horas. Precipitação prevista entre 10 e 20 mm na próxima hora. Score de risco: 71.78.,1,297
298,2026-05-12 12:15:00,Relatório automático do alerta Laranja. Razões principais: Precipitação prevista entre 21 e 40 mm na próxima hora. Score de risco: 34.89.,3,298
299,2026-05-12 12:15:00,Relatório automático do alerta Amarelo. Razões principais: Precipitação prevista entre 10 e 20 mm na próxima hora. Score de risco: 29.44.,1,299
300,2026-05-12 13:15:00,Relatório automático do alerta Vermelho. Razões principais: Nível de água superior ou igual a 90%. Precipitação acumulada superior a 60 mm nas últimas 6 horas. Precipitação prevista entre 10 e 20 mm na próxima hora. Score de risco: 73.83.,2,300
301,2026-05-12 13:15:00,Relatório automático do alerta Laranja. Razões principais: Nível de água entre 70% e 85%. Precipitação acumulada entre 41 e 60 mm nas últimas 6 horas. Precipitação prevista entre 21 e 40 mm na próxima hora. Score de risco: 53.73.,2,301
302,2026-05-12 14:15:00,Relatório automático do alerta Vermelho. Razões principais: Nível de água superior ou igual a 90%. Precipitação acumulada superior a 60 mm nas últimas 6 horas. Precipitação prevista entre 10 e 20 mm na próxima hora. Score de risco: 73.66.,2,302
303,2026-05-12 14:15:00,Relatório automático do alerta Laranja. Razões principais: Precipitação acumulada entre 41 e 60 mm nas últimas 6 horas. Score de risco: 42.33.,3,303
304,2026-05-12 14:15:00,Relatório automático do alerta Amarelo. Razões principais: Precipitação prevista entre 10 e 20 mm na próxima hora. Score de risco: 23.82.,2,304
305,2026-05-12 15:15:00,Relatório automático do alerta Vermelho. Razões principais: Nível de água superior ou igual a 90%. Precipitação acumulada superior a 60 mm nas últimas 6 horas. Score de risco: 71.08.,1,305
306,2026-05-12 15:15:00,Relatório automático do alerta Amarelo. Razões principais: Precipitação prevista entre 10 e 20 mm na próxima hora. Score de risco: 34.09.,2,306
307,2026-05-12 15:15:00,Relatório automático do alerta Laranja. Razões principais: Precipitação acumulada entre 41 e 60 mm nas últimas 6 horas. Score de risco: 41.98.,2,307
308,2026-05-12 16:15:00,Relatório automático do alerta Vermelho. Razões principais: Nível de água superior ou igual a 90%. Precipitação acumulada superior a 60 mm nas últimas 6 horas. Precipitação prevista entre 10 e 20 mm na próxima hora. Score de risco: 72.73.,3,308
309,2026-05-12 16:15:00,Relatório automático do alerta Amarelo. Razões principais: Precipitação prevista entre 10 e 20 mm na próxima hora. Score de risco: 36.64.,1,309
310,2026-05-12 16:15:00,Relatório automático do alerta Laranja. Razões principais: Precipitação acumulada entre 41 e 60 mm nas últimas 6 horas. Score de risco: 45.58.,3,310
311,2026-05-12 17:15:00,Relatório automático do alerta Laranja. Razões principais: Nível de água entre 70% e 85%. Precipitação acumulada entre 30 e 40 mm nas últimas 6 horas. Score de risco: 46.29.,2,311
312,2026-05-12 17:15:00,Relatório automático do alerta Amarelo. Razões principais: Precipitação prevista entre 10 e 20 mm na próxima hora. Score de risco: 36.64.,3,312
313,2026-05-12 17:15:00,Relatório automático do alerta Laranja. Razões principais: Precipitação acumulada entre 41 e 60 mm nas últimas 6 horas. Score de risco: 44.81.,2,313
314,2026-05-12 17:15:00,Relatório automático do alerta Amarelo. Razões principais: Precipitação prevista entre 10 e 20 mm na próxima hora. Score de risco: 29.18.,2,314
315,2026-05-12 18:15:00,Relatório automático do alerta Amarelo. Razões principais: Precipitação prevista entre 10 e 20 mm na próxima hora. Score de risco: 43.45.,3,315
316,2026-05-12 18:15:00,Relatório automático do alerta Amarelo. Razões principais: Precipitação prevista entre 10 e 20 mm na próxima hora. Score de risco: 35.96.,2,316
317,2026-05-12 18:15:00,Relatório automático do alerta Laranja. Razões principais: Precipitação acumulada entre 41 e 60 mm nas últimas 6 horas. Score de risco: 46.65.,2,317
318,2026-05-12 19:15:00,Relatório automático do alerta Amarelo. Razões principais: Precipitação prevista entre 10 e 20 mm na próxima hora. Score de risco: 39.14.,3,318
319,2026-05-12 19:15:00,Relatório automático do alerta Laranja. Razões principais: Precipitação acumulada entre 30 e 40 mm nas últimas 6 horas. Precipitação prevista entre 10 e 20 mm na próxima hora. Score de risco: 44.94.,1,319
320,2026-05-12 19:15:00,Relatório automático do alerta Laranja. Razões principais: Precipitação prevista entre 21 e 40 mm na próxima hora. Score de risco: 39.54.,2,320
321,2026-05-12 20:15:00,Relatório automático do alerta Amarelo. Razões principais: Precipitação prevista entre 10 e 20 mm na próxima hora. Score de risco: 34.87.,2,321
322,2026-05-12 20:15:00,Relatório automático do alerta Amarelo. Razões principais: Precipitação acumulada entre 30 e 40 mm nas últimas 6 horas. Score de risco: 42.24.,3,322
323,2026-05-12 20:15:00,Relatório automático do alerta Amarelo. Razões principais: Precipitação acumulada entre 30 e 40 mm nas últimas 6 horas. Score de risco: 36.58.,2,323
324,2026-05-12 20:15:00,Relatório automático do alerta Amarelo. Razões principais: Precipitação prevista entre 10 e 20 mm na próxima hora. Score de risco: 27.40.,1,324
325,2026-05-12 21:15:00,Relatório automático do alerta Amarelo. Razões principais: Precipitação prevista entre 10 e 20 mm na próxima hora. Score de risco: 36.67.,2,325
326,2026-05-12 21:15:00,Relatório automático do alerta Laranja. Razões principais: Precipitação acumulada entre 30 e 40 mm nas últimas 6 horas. Precipitação prevista entre 10 e 20 mm na próxima hora. Score de risco: 43.33.,1,326
327,2026-05-12 21:15:00,Relatório automático do alerta Laranja. Razões principais: Precipitação acumulada entre 30 e 40 mm nas últimas 6 horas. Precipitação prevista entre 10 e 20 mm na próxima hora. Score de risco: 40.01.,3,327
328,2026-05-12 21:15:00,Relatório automático do alerta Amarelo. Razões principais: Precipitação prevista entre 10 e 20 mm na próxima hora. Score de risco: 28.10.,3,328
329,2026-05-12 22:15:00,Relatório automático do alerta Amarelo. Razões principais: Precipitação acumulada entre 30 e 40 mm nas últimas 6 horas. Score de risco: 37.91.,3,329
330,2026-05-12 22:15:00,Relatório automático do alerta Amarelo. Razões principais: Precipitação acumulada entre 30 e 40 mm nas últimas 6 horas. Score de risco: 37.98.,1,330
331,2026-05-12 22:15:00,Relatório automático do alerta Laranja. Razões principais: Precipitação prevista entre 21 e 40 mm na próxima hora. Score de risco: 32.14.,2,331
332,2026-05-12 23:15:00,Relatório automático do alerta Amarelo. Razões principais: Precipitação prevista entre 10 e 20 mm na próxima hora. Score de risco: 35.17.,2,332
333,2026-05-12 23:15:00,Relatório automático do alerta Laranja. Razões principais: Precipitação acumulada entre 30 e 40 mm nas últimas 6 horas. Precipitação prevista entre 10 e 20 mm na próxima hora. Score de risco: 41.08.,1,333
334,2026-05-12 23:15:00,Relatório automático do alerta Amarelo. Razões principais: Precipitação acumulada entre 30 e 40 mm nas últimas 6 horas. Score de risco: 37.96.,1,334
335,2026-05-12 23:15:00,Relatório automático do alerta Vermelho. Razões principais: Nível de água entre 70% e 85%. Precipitação acumulada superior a 60 mm nas últimas 6 horas. Precipitação prevista superior a 40 mm na próxima hora. Score de risco: 64.51.,1,335
336,2026-05-13 00:15:00,Relatório automático do alerta Amarelo. Razões principais: Precipitação prevista entre 10 e 20 mm na próxima hora. Score de risco: 34.88.,3,336
337,2026-05-13 00:15:00,Relatório automático do alerta Laranja. Razões principais: Precipitação acumulada entre 30 e 40 mm nas últimas 6 horas. Precipitação prevista entre 21 e 40 mm na próxima hora. Score de risco: 43.09.,1,337
338,2026-05-13 00:15:00,Relatório automático do alerta Laranja. Razões principais: Nível de água entre 70% e 85%. Precipitação acumulada entre 41 e 60 mm nas últimas 6 horas. Precipitação prevista entre 10 e 20 mm na próxima hora. Score de risco: 54.88.,2,338
339,2026-05-13 01:15:00,Relatório automático do alerta Laranja. Razões principais: Precipitação prevista entre 21 e 40 mm na próxima hora. Score de risco: 41.79.,2,339
340,2026-05-13 01:15:00,Relatório automático do alerta Laranja. Razões principais: Precipitação acumulada entre 41 e 60 mm nas últimas 6 horas. Precipitação prevista entre 21 e 40 mm na próxima hora. Score de risco: 51.10.,2,340
341,2026-05-13 01:15:00,Relatório automático do alerta Vermelho. Razões principais: Nível de água entre 70% e 85%. Precipitação acumulada superior a 60 mm nas últimas 6 horas. Score de risco: 54.64.,1,341
342,2026-05-13 02:15:00,Relatório automático do alerta Verde. Razões principais: Valores abaixo dos limites iniciais. Score de risco: 30.73.,3,342
343,2026-05-13 02:15:00,Relatório automático do alerta Amarelo. Razões principais: Precipitação acumulada entre 30 e 40 mm nas últimas 6 horas. Score de risco: 42.37.,2,343
344,2026-05-13 02:15:00,Relatório automático do alerta Vermelho. Razões principais: Nível de água entre 70% e 85%. Precipitação acumulada superior a 60 mm nas últimas 6 horas. Precipitação prevista entre 10 e 20 mm na próxima hora. Score de risco: 54.28.,1,344
345,2026-05-13 03:15:00,Relatório automático do alerta Laranja. Razões principais: Nível de água entre 70% e 85%. Precipitação acumulada entre 41 e 60 mm nas últimas 6 horas. Precipitação prevista entre 21 e 40 mm na próxima hora. Score de risco: 57.84.,3,345
346,2026-05-13 03:15:00,Relatório automático do alerta Vermelho. Razões principais: Nível de água entre 70% e 85%. Precipitação acumulada superior a 60 mm nas últimas 6 horas. Precipitação prevista entre 10 e 20 mm na próxima hora. Score de risco: 58.64.,2,346
347,2026-05-13 04:15:00,Relatório automático do alerta Amarelo. Razões principais: Precipitação prevista entre 10 e 20 mm na próxima hora. Score de risco: 35.89.,2,347
348,2026-05-13 04:15:00,Relatório automático do alerta Laranja. Razões principais: Nível de água entre 70% e 85%. Precipitação acumulada entre 41 e 60 mm nas últimas 6 horas. Score de risco: 55.49.,3,348
349,2026-05-13 04:15:00,Relatório automático do alerta Vermelho. Razões principais: Nível de água superior ou igual a 90%. Precipitação acumulada superior a 60 mm nas últimas 6 horas. Precipitação prevista superior a 40 mm na próxima hora. Score de risco: 84.00.,3,349
350,2026-05-13 05:15:00,Relatório automático do alerta Vermelho. Razões principais: Nível de água entre 85% e 90%. Precipitação acumulada superior a 60 mm nas últimas 6 horas. Score de risco: 59.58.,2,350
351,2026-05-13 05:15:00,Relatório automático do alerta Vermelho. Razões principais: Nível de água entre 70% e 85%. Precipitação acumulada superior a 60 mm nas últimas 6 horas. Score de risco: 59.59.,2,351
352,2026-05-13 06:15:00,Relatório automático do alerta Laranja. Razões principais: Nível de água entre 70% e 85%. Precipitação acumulada entre 41 e 60 mm nas últimas 6 horas. Precipitação prevista entre 21 e 40 mm na próxima hora. Score de risco: 52.99.,2,352
353,2026-05-13 06:15:00,Relatório automático do alerta Amarelo. Razões principais: Precipitação prevista entre 10 e 20 mm na próxima hora. Score de risco: 35.21.,3,353
354,2026-05-13 06:15:00,Relatório automático do alerta Laranja. Razões principais: Nível de água entre 70% e 85%. Precipitação acumulada entre 41 e 60 mm nas últimas 6 horas. Precipitação prevista entre 10 e 20 mm na próxima hora. Score de risco: 57.81.,1,354
355,2026-05-13 06:15:00,Relatório automático do alerta Vermelho. Razões principais: Nível de água entre 85% e 90%. Precipitação acumulada superior a 60 mm nas últimas 6 horas. Score de risco: 60.97.,1,355
356,2026-05-13 07:15:00,Relatório automático do alerta Laranja. Razões principais: Nível de água entre 70% e 85%. Precipitação acumulada entre 41 e 60 mm nas últimas 6 horas. Score de risco: 48.74.,1,356
357,2026-05-13 07:15:00,Relatório automático do alerta Amarelo. Razões principais: Precipitação prevista entre 10 e 20 mm na próxima hora. Score de risco: 36.51.,2,357
358,2026-05-13 07:15:00,Relatório automático do alerta Amarelo. Razões principais: Precipitação acumulada entre 30 e 40 mm nas últimas 6 horas. Score de risco: 42.78.,3,358
359,2026-05-13 07:15:00,Relatório automático do alerta Vermelho. Razões principais: Nível de água entre 70% e 85%. Precipitação acumulada superior a 60 mm nas últimas 6 horas. Score de risco: 58.56.,2,359
360,2026-05-13 08:15:00,Relatório automático do alerta Laranja. Razões principais: Nível de água entre 70% e 85%. Precipitação acumulada entre 41 e 60 mm nas últimas 6 horas. Score de risco: 46.28.,2,360
361,2026-05-13 08:15:00,Relatório automático do alerta Laranja. Razões principais: Precipitação acumulada entre 30 e 40 mm nas últimas 6 horas. Precipitação prevista entre 10 e 20 mm na próxima hora. Score de risco: 43.79.,2,361
362,2026-05-13 08:15:00,Relatório automático do alerta Vermelho. Razões principais: Nível de água entre 85% e 90%. Precipitação acumulada superior a 60 mm nas últimas 6 horas. Precipitação prevista entre 10 e 20 mm na próxima hora. Score de risco: 63.68.,2,362
363,2026-05-13 09:15:00,Relatório automático do alerta Laranja. Razões principais: Nível de água entre 70% e 85%. Precipitação acumulada entre 41 e 60 mm nas últimas 6 horas. Precipitação prevista entre 10 e 20 mm na próxima hora. Score de risco: 48.81.,3,363
364,2026-05-13 09:15:00,Relatório automático do alerta Amarelo. Razões principais: Precipitação prevista entre 10 e 20 mm na próxima hora. Score de risco: 39.82.,2,364
365,2026-05-13 09:15:00,Relatório automático do alerta Vermelho. Razões principais: Nível de água entre 70% e 85%. Precipitação acumulada superior a 60 mm nas últimas 6 horas. Score de risco: 59.05.,3,365
366,2026-05-13 10:15:00,Relatório automático do alerta Laranja. Razões principais: Nível de água entre 70% e 85%. Precipitação acumulada entre 41 e 60 mm nas últimas 6 horas. Precipitação prevista entre 21 e 40 mm na próxima hora. Score de risco: 55.29.,3,366
367,2026-05-13 10:15:00,Relatório automático do alerta Laranja. Razões principais: Precipitação acumulada entre 30 e 40 mm nas últimas 6 horas. Precipitação prevista entre 10 e 20 mm na próxima hora. Score de risco: 43.84.,3,367
368,2026-05-13 10:15:00,Relatório automático do alerta Amarelo. Razões principais: Precipitação prevista entre 10 e 20 mm na próxima hora. Score de risco: 34.09.,2,368
369,2026-05-13 11:15:00,Relatório automático do alerta Laranja. Razões principais: Nível de água entre 70% e 85%. Precipitação acumulada entre 41 e 60 mm nas últimas 6 horas. Score de risco: 50.66.,2,369
370,2026-05-13 11:15:00,Relatório automático do alerta Laranja. Razões principais: Precipitação acumulada entre 30 e 40 mm nas últimas 6 horas. Precipitação prevista entre 10 e 20 mm na próxima hora. Score de risco: 42.98.,2,370
371,2026-05-13 11:15:00,Relatório automático do alerta Laranja. Razões principais: Precipitação acumulada entre 30 e 40 mm nas últimas 6 horas. Precipitação prevista entre 10 e 20 mm na próxima hora. Score de risco: 41.53.,3,371
372,2026-05-13 12:15:00,Relatório automático do alerta Laranja. Razões principais: Nível de água entre 70% e 85%. Precipitação acumulada entre 41 e 60 mm nas últimas 6 horas. Precipitação prevista entre 21 e 40 mm na próxima hora. Score de risco: 61.50.,1,372
373,2026-05-13 12:15:00,Relatório automático do alerta Amarelo. Razões principais: Precipitação prevista entre 10 e 20 mm na próxima hora. Score de risco: 31.98.,2,373
374,2026-05-13 13:15:00,Relatório automático do alerta Amarelo. Razões principais: Precipitação prevista entre 10 e 20 mm na próxima hora. Score de risco: 40.74.,2,374
375,2026-05-13 13:15:00,Relatório automático do alerta Laranja. Razões principais: Nível de água entre 70% e 85%. Precipitação acumulada entre 41 e 60 mm nas últimas 6 horas. Precipitação prevista entre 21 e 40 mm na próxima hora. Score de risco: 60.92.,2,375
376,2026-05-13 13:15:00,Relatório automático do alerta Laranja. Razões principais: Nível de água entre 70% e 85%. Precipitação acumulada entre 41 e 60 mm nas últimas 6 horas. Precipitação prevista entre 10 e 20 mm na próxima hora. Score de risco: 56.93.,2,376
377,2026-05-13 13:15:00,Relatório automático do alerta Verde. Razões principais: Valores abaixo dos limites iniciais. Score de risco: 29.75.,2,377
378,2026-05-13 14:15:00,Relatório automático do alerta Laranja. Razões principais: Precipitação prevista entre 21 e 40 mm na próxima hora. Score de risco: 43.33.,2,378
379,2026-05-13 14:15:00,Relatório automático do alerta Laranja. Razões principais: Nível de água entre 70% e 85%. Precipitação acumulada entre 41 e 60 mm nas últimas 6 horas. Score de risco: 51.27.,2,379
380,2026-05-13 14:15:00,Relatório automático do alerta Laranja. Razões principais: Nível de água entre 70% e 85%. Precipitação acumulada entre 41 e 60 mm nas últimas 6 horas. Score de risco: 51.00.,2,380
381,2026-05-13 15:15:00,Relatório automático do alerta Amarelo. Razões principais: Precipitação prevista entre 10 e 20 mm na próxima hora. Score de risco: 43.63.,2,381
382,2026-05-13 15:15:00,Relatório automático do alerta Laranja. Razões principais: Nível de água entre 70% e 85%. Precipitação acumulada entre 41 e 60 mm nas últimas 6 horas. Precipitação prevista entre 10 e 20 mm na próxima hora. Score de risco: 49.82.,3,382
383,2026-05-13 15:15:00,Relatório automático do alerta Laranja. Razões principais: Nível de água entre 70% e 85%. Precipitação acumulada entre 41 e 60 mm nas últimas 6 horas. Score de risco: 53.03.,2,383
384,2026-05-13 16:15:00,Relatório automático do alerta Amarelo. Razões principais: Precipitação prevista entre 10 e 20 mm na próxima hora. Score de risco: 37.19.,3,384
385,2026-05-13 16:15:00,Relatório automático do alerta Laranja. Razões principais: Nível de água entre 70% e 85%. Precipitação acumulada entre 41 e 60 mm nas últimas 6 horas. Precipitação prevista entre 10 e 20 mm na próxima hora. Score de risco: 48.84.,2,385
386,2026-05-13 16:15:00,Relatório automático do alerta Laranja. Razões principais: Precipitação acumulada entre 41 e 60 mm nas últimas 6 horas. Score de risco: 44.68.,2,386
387,2026-05-13 16:15:00,Relatório automático do alerta Laranja. Razões principais: Precipitação acumulada entre 41 e 60 mm nas últimas 6 horas. Precipitação prevista entre 21 e 40 mm na próxima hora. Score de risco: 50.67.,2,387
388,2026-05-13 17:15:00,Relatório automático do alerta Laranja. Razões principais: Nível de água entre 70% e 85%. Precipitação acumulada entre 30 e 40 mm nas últimas 6 horas. Precipitação prevista entre 10 e 20 mm na próxima hora. Score de risco: 49.61.,2,388
389,2026-05-13 17:15:00,Relatório automático do alerta Laranja. Razões principais: Precipitação acumulada entre 41 e 60 mm nas últimas 6 horas. Score de risco: 44.67.,1,389
390,2026-05-13 17:15:00,Relatório automático do alerta Laranja. Razões principais: Precipitação acumulada entre 41 e 60 mm nas últimas 6 horas. Score de risco: 42.60.,3,390
391,2026-05-13 18:15:00,Relatório automático do alerta Amarelo. Razões principais: Precipitação prevista entre 10 e 20 mm na próxima hora. Score de risco: 42.82.,1,391
392,2026-05-13 18:15:00,Relatório automático do alerta Laranja. Razões principais: Nível de água entre 70% e 85%. Precipitação acumulada entre 41 e 60 mm nas últimas 6 horas. Score de risco: 45.12.,2,392
393,2026-05-13 18:15:00,Relatório automático do alerta Vermelho. Razões principais: Nível de água entre 85% e 90%. Precipitação acumulada superior a 60 mm nas últimas 6 horas. Precipitação prevista superior a 40 mm na próxima hora. Score de risco: 72.96.,2,393
394,2026-05-13 19:15:00,Relatório automático do alerta Verde. Razões principais: Valores abaixo dos limites iniciais. Score de risco: 39.89.,2,394
395,2026-05-13 19:15:00,Relatório automático do alerta Vermelho. Razões principais: Nível de água superior ou igual a 90%. Precipitação acumulada superior a 60 mm nas últimas 6 horas. Precipitação prevista entre 10 e 20 mm na próxima hora. Score de risco: 69.59.,2,395
396,2026-05-13 20:15:00,Relatório automático do alerta Amarelo. Razões principais: Precipitação prevista entre 10 e 20 mm na próxima hora. Score de risco: 31.36.,3,396
397,2026-05-13 20:15:00,Relatório automático do alerta Amarelo. Razões principais: Precipitação prevista entre 10 e 20 mm na próxima hora. Score de risco: 36.40.,2,397
398,2026-05-13 20:15:00,Relatório automático do alerta Vermelho. Razões principais: Nível de água superior ou igual a 90%. Precipitação acumulada superior a 60 mm nas últimas 6 horas. Precipitação prevista superior a 40 mm na próxima hora. Score de risco: 80.14.,1,398
399,2026-05-13 21:15:00,Relatório automático do alerta Vermelho. Razões principais: Nível de água superior ou igual a 90%. Precipitação acumulada superior a 60 mm nas últimas 6 horas. Precipitação prevista entre 10 e 20 mm na próxima hora. Score de risco: 71.54.,2,399
400,2026-05-13 22:15:00,Relatório automático do alerta Laranja. Razões principais: Precipitação prevista entre 21 e 40 mm na próxima hora. Score de risco: 42.86.,1,400
401,2026-05-13 22:15:00,Relatório automático do alerta Vermelho. Razões principais: Nível de água superior ou igual a 90%. Precipitação acumulada superior a 60 mm nas últimas 6 horas. Precipitação prevista entre 10 e 20 mm na próxima hora. Score de risco: 70.14.,2,401
402,2026-05-13 23:15:00,Relatório automático do alerta Amarelo. Razões principais: Precipitação prevista entre 10 e 20 mm na próxima hora. Score de risco: 29.93.,1,402
403,2026-05-13 23:15:00,Relatório automático do alerta Vermelho. Razões principais: Nível de água superior ou igual a 90%. Precipitação acumulada superior a 60 mm nas últimas 6 horas. Score de risco: 65.61.,2,403
404,2026-05-14 00:15:00,Relatório automático do alerta Amarelo. Razões principais: Precipitação prevista entre 10 e 20 mm na próxima hora. Score de risco: 36.02.,3,404
405,2026-05-14 00:15:00,Relatório automático do alerta Amarelo. Razões principais: Precipitação prevista entre 10 e 20 mm na próxima hora. Score de risco: 27.43.,3,405
406,2026-05-14 00:15:00,Relatório automático do alerta Laranja. Razões principais: Nível de água entre 70% e 85%. Precipitação acumulada entre 41 e 60 mm nas últimas 6 horas. Score de risco: 47.30.,2,406
407,2026-05-14 01:15:00,Relatório automático do alerta Laranja. Razões principais: Precipitação prevista entre 21 e 40 mm na próxima hora. Score de risco: 41.88.,2,407
408,2026-05-14 01:15:00,Relatório automático do alerta Laranja. Razões principais: Precipitação acumulada entre 30 e 40 mm nas últimas 6 horas. Precipitação prevista entre 10 e 20 mm na próxima hora. Score de risco: 37.82.,2,408
409,2026-05-14 01:15:00,Relatório automático do alerta Vermelho. Razões principais: Nível de água entre 85% e 90%. Precipitação acumulada superior a 60 mm nas últimas 6 horas. Precipitação prevista superior a 40 mm na próxima hora. Score de risco: 70.02.,1,409
410,2026-05-14 02:15:00,Relatório automático do alerta Laranja. Razões principais: Precipitação acumulada entre 30 e 40 mm nas últimas 6 horas. Precipitação prevista entre 10 e 20 mm na próxima hora. Score de risco: 41.02.,3,410
411,2026-05-14 02:15:00,Relatório automático do alerta Amarelo. Razões principais: Precipitação prevista entre 10 e 20 mm na próxima hora. Score de risco: 38.06.,1,411
412,2026-05-14 02:15:00,Relatório automático do alerta Laranja. Razões principais: Precipitação acumulada entre 41 e 60 mm nas últimas 6 horas. Precipitação prevista entre 10 e 20 mm na próxima hora. Score de risco: 47.85.,2,412
413,2026-05-14 03:15:00,Relatório automático do alerta Amarelo. Razões principais: Precipitação acumulada entre 30 e 40 mm nas últimas 6 horas. Score de risco: 40.22.,2,413
414,2026-05-14 03:15:00,Relatório automático do alerta Amarelo. Razões principais: Precipitação prevista entre 10 e 20 mm na próxima hora. Score de risco: 38.90.,3,414
415,2026-05-14 03:15:00,Relatório automático do alerta Laranja. Razões principais: Precipitação acumulada entre 41 e 60 mm nas últimas 6 horas. Score de risco: 44.55.,2,415
416,2026-05-14 04:15:00,Relatório automático do alerta Amarelo. Razões principais: Precipitação acumulada entre 30 e 40 mm nas últimas 6 horas. Score de risco: 38.07.,1,416
417,2026-05-14 04:15:00,Relatório automático do alerta Laranja. Razões principais: Precipitação acumulada entre 30 e 40 mm nas últimas 6 horas. Precipitação prevista entre 10 e 20 mm na próxima hora. Score de risco: 39.21.,3,417
418,2026-05-14 04:15:00,Relatório automático do alerta Laranja. Razões principais: Precipitação acumulada entre 41 e 60 mm nas últimas 6 horas. Score de risco: 46.20.,1,418
419,2026-05-14 05:15:00,Relatório automático do alerta Amarelo. Razões principais: Precipitação acumulada entre 30 e 40 mm nas últimas 6 horas. Score de risco: 39.69.,1,419
420,2026-05-14 05:15:00,Relatório automático do alerta Laranja. Razões principais: Precipitação acumulada entre 41 e 60 mm nas últimas 6 horas. Precipitação prevista entre 10 e 20 mm na próxima hora. Score de risco: 48.25.,1,420
421,2026-05-14 06:15:00,Relatório automático do alerta Amarelo. Razões principais: Precipitação prevista entre 10 e 20 mm na próxima hora. Score de risco: 38.31.,1,421
422,2026-05-14 06:15:00,Relatório automático do alerta Laranja. Razões principais: Precipitação acumulada entre 30 e 40 mm nas últimas 6 horas. Precipitação prevista entre 21 e 40 mm na próxima hora. Score de risco: 42.77.,3,422
423,2026-05-14 06:15:00,Relatório automático do alerta Amarelo. Razões principais: Precipitação prevista entre 10 e 20 mm na próxima hora. Score de risco: 36.54.,2,423
424,2026-05-14 06:15:00,Relatório automático do alerta Laranja. Razões principais: Precipitação acumulada entre 41 e 60 mm nas últimas 6 horas. Score de risco: 43.95.,3,424
425,2026-05-14 07:15:00,Relatório automático do alerta Amarelo. Razões principais: Precipitação prevista entre 10 e 20 mm na próxima hora. Score de risco: 39.03.,1,425
426,2026-05-14 07:15:00,Relatório automático do alerta Laranja. Razões principais: Precipitação acumulada entre 30 e 40 mm nas últimas 6 horas. Precipitação prevista entre 10 e 20 mm na próxima hora. Score de risco: 41.47.,3,426
427,2026-05-14 08:15:00,Relatório automático do alerta Amarelo. Razões principais: Precipitação prevista entre 10 e 20 mm na próxima hora. Score de risco: 29.72.,3,427
428,2026-05-14 09:15:00,Relatório automático do alerta Amarelo. Razões principais: Precipitação prevista entre 10 e 20 mm na próxima hora. Score de risco: 37.43.,2,428
429,2026-05-14 09:15:00,Relatório automático do alerta Laranja. Razões principais: Precipitação acumulada entre 30 e 40 mm nas últimas 6 horas. Precipitação prevista entre 21 e 40 mm na próxima hora. Score de risco: 41.20.,3,429
430,2026-05-14 09:15:00,Relatório automático do alerta Laranja. Razões principais: Nível de água entre 70% e 85%. Precipitação acumulada entre 41 e 60 mm nas últimas 6 horas. Precipitação prevista entre 21 e 40 mm na próxima hora. Score de risco: 58.94.,2,430
431,2026-05-14 09:15:00,Relatório automático do alerta Verde. Razões principais: Valores abaixo dos limites iniciais. Score de risco: 27.26.,3,431
432,2026-05-14 10:15:00,Relatório automático do alerta Laranja. Razões principais: Nível de água entre 70% e 85%. Precipitação acumulada entre 41 e 60 mm nas últimas 6 horas. Score de risco: 52.16.,3,432
433,2026-05-14 10:15:00,Relatório automático do alerta Amarelo. Razões principais: Precipitação prevista entre 10 e 20 mm na próxima hora. Score de risco: 28.04.,1,433
434,2026-05-14 11:15:00,Relatório automático do alerta Amarelo. Razões principais: Precipitação prevista entre 10 e 20 mm na próxima hora. Score de risco: 37.53.,1,434
435,2026-05-14 11:15:00,Relatório automático do alerta Vermelho. Razões principais: Nível de água entre 70% e 85%. Precipitação acumulada superior a 60 mm nas últimas 6 horas. Precipitação prevista entre 21 e 40 mm na próxima hora. Score de risco: 59.82.,1,435
436,2026-05-14 11:15:00,Relatório automático do alerta Amarelo. Razões principais: Precipitação prevista entre 10 e 20 mm na próxima hora. Score de risco: 31.68.,3,436
437,2026-05-14 12:15:00,Relatório automático do alerta Amarelo. Razões principais: Precipitação prevista entre 10 e 20 mm na próxima hora. Score de risco: 40.72.,1,437
438,2026-05-14 12:15:00,Relatório automático do alerta Vermelho. Razões principais: Nível de água superior ou igual a 90%. Precipitação acumulada superior a 60 mm nas últimas 6 horas. Precipitação prevista superior a 40 mm na próxima hora. Score de risco: 77.14.,2,438
439,2026-05-14 12:15:00,Relatório automático do alerta Vermelho. Razões principais: Nível de água entre 85% e 90%. Precipitação acumulada superior a 60 mm nas últimas 6 horas. Precipitação prevista entre 10 e 20 mm na próxima hora. Score de risco: 60.55.,3,439
440,2026-05-14 12:15:00,Relatório automático do alerta Laranja. Razões principais: Precipitação prevista entre 21 e 40 mm na próxima hora. Score de risco: 35.28.,3,440
441,2026-05-14 13:15:00,Relatório automático do alerta Vermelho. Razões principais: Nível de água superior ou igual a 90%. Precipitação acumulada superior a 60 mm nas últimas 6 horas. Precipitação prevista entre 10 e 20 mm na próxima hora. Score de risco: 66.29.,2,441
442,2026-05-14 13:15:00,Relatório automático do alerta Vermelho. Razões principais: Nível de água superior ou igual a 90%. Precipitação acumulada superior a 60 mm nas últimas 6 horas. Precipitação prevista superior a 40 mm na próxima hora. Score de risco: 83.09.,3,442
443,2026-05-14 14:15:00,Relatório automático do alerta Amarelo. Razões principais: Precipitação prevista entre 10 e 20 mm na próxima hora. Score de risco: 42.06.,3,443
444,2026-05-14 14:15:00,Relatório automático do alerta Vermelho. Razões principais: Nível de água superior ou igual a 90%. Precipitação acumulada superior a 60 mm nas últimas 6 horas. Precipitação prevista entre 10 e 20 mm na próxima hora. Score de risco: 66.92.,1,444
445,2026-05-14 14:15:00,Relatório automático do alerta Vermelho. Razões principais: Nível de água superior ou igual a 90%. Precipitação acumulada superior a 60 mm nas últimas 6 horas. Precipitação prevista entre 21 e 40 mm na próxima hora. Score de risco: 74.41.,3,445
446,2026-05-14 14:15:00,Relatório automático do alerta Laranja. Razões principais: Precipitação prevista entre 21 e 40 mm na próxima hora. Score de risco: 39.73.,1,446
447,2026-05-14 15:15:00,Relatório automático do alerta Vermelho. Razões principais: Nível de água entre 85% e 90%. Precipitação acumulada superior a 60 mm nas últimas 6 horas. Score de risco: 60.72.,3,447
448,2026-05-14 15:15:00,Relatório automático do alerta Vermelho. Razões principais: Nível de água entre 85% e 90%. Precipitação acumulada superior a 60 mm nas últimas 6 horas. Score de risco: 60.06.,2,448
449,2026-05-14 16:15:00,Relatório automático do alerta Vermelho. Razões principais: Nível de água superior ou igual a 90%. Precipitação acumulada superior a 60 mm nas últimas 6 horas. Score de risco: 65.91.,2,449
450,2026-05-14 16:15:00,Relatório automático do alerta Vermelho. Razões principais: Nível de água entre 70% e 85%. Precipitação acumulada superior a 60 mm nas últimas 6 horas. Precipitação prevista entre 10 e 20 mm na próxima hora. Score de risco: 60.41.,3,450
451,2026-05-14 16:15:00,Relatório automático do alerta Laranja. Razões principais: Precipitação acumulada entre 30 e 40 mm nas últimas 6 horas. Precipitação prevista entre 10 e 20 mm na próxima hora. Score de risco: 44.10.,1,451
452,2026-05-14 17:15:00,Relatório automático do alerta Vermelho. Razões principais: Nível de água superior ou igual a 90%. Precipitação acumulada superior a 60 mm nas últimas 6 horas. Precipitação prevista superior a 40 mm na próxima hora. Score de risco: 77.44.,3,452
453,2026-05-14 17:15:00,Relatório automático do alerta Vermelho. Razões principais: Nível de água superior ou igual a 90%. Precipitação acumulada superior a 60 mm nas últimas 6 horas. Score de risco: 64.11.,1,453
454,2026-05-14 17:15:00,Relatório automático do alerta Laranja. Razões principais: Nível de água entre 70% e 85%. Precipitação acumulada entre 41 e 60 mm nas últimas 6 horas. Score de risco: 53.42.,2,454
455,2026-05-14 17:15:00,Relatório automático do alerta Amarelo. Razões principais: Precipitação acumulada entre 30 e 40 mm nas últimas 6 horas. Score de risco: 37.12.,1,455
456,2026-05-14 18:15:00,Relatório automático do alerta Vermelho. Razões principais: Nível de água superior ou igual a 90%. Precipitação acumulada superior a 60 mm nas últimas 6 horas. Precipitação prevista entre 10 e 20 mm na próxima hora. Score de risco: 68.13.,2,456
457,2026-05-14 18:15:00,Relatório automático do alerta Laranja. Razões principais: Nível de água entre 70% e 85%. Precipitação acumulada entre 41 e 60 mm nas últimas 6 horas. Precipitação prevista entre 10 e 20 mm na próxima hora. Score de risco: 54.87.,1,457
458,2026-05-14 18:15:00,Relatório automático do alerta Laranja. Razões principais: Precipitação acumulada entre 30 e 40 mm nas últimas 6 horas. Precipitação prevista entre 10 e 20 mm na próxima hora. Score de risco: 37.11.,2,458
459,2026-05-14 19:15:00,Relatório automático do alerta Vermelho. Razões principais: Nível de água superior ou igual a 90%. Precipitação acumulada superior a 60 mm nas últimas 6 horas. Score de risco: 68.19.,2,459
460,2026-05-14 19:15:00,Relatório automático do alerta Amarelo. Razões principais: Precipitação prevista entre 10 e 20 mm na próxima hora. Score de risco: 30.40.,3,460
461,2026-05-14 19:15:00,Relatório automático do alerta Amarelo. Razões principais: Precipitação prevista entre 10 e 20 mm na próxima hora. Score de risco: 37.60.,3,461
462,2026-05-14 20:15:00,Relatório automático do alerta Vermelho. Razões principais: Nível de água superior ou igual a 90%. Precipitação acumulada superior a 60 mm nas últimas 6 horas. Score de risco: 64.48.,2,462
463,2026-05-14 20:15:00,Relatório automático do alerta Amarelo. Razões principais: Precipitação prevista entre 10 e 20 mm na próxima hora. Score de risco: 35.75.,3,463
464,2026-05-14 20:15:00,Relatório automático do alerta Amarelo. Razões principais: Precipitação prevista entre 10 e 20 mm na próxima hora. Score de risco: 35.03.,1,464
465,2026-05-14 21:15:00,Relatório automático do alerta Vermelho. Razões principais: Nível de água superior ou igual a 90%. Precipitação acumulada superior a 60 mm nas últimas 6 horas. Precipitação prevista entre 21 e 40 mm na próxima hora. Score de risco: 74.54.,1,465
466,2026-05-14 21:15:00,Relatório automático do alerta Amarelo. Razões principais: Precipitação prevista entre 10 e 20 mm na próxima hora. Score de risco: 35.40.,3,466
467,2026-05-14 21:15:00,Relatório automático do alerta Amarelo. Razões principais: Precipitação prevista entre 10 e 20 mm na próxima hora. Score de risco: 36.91.,2,467
468,2026-05-14 22:15:00,Relatório automático do alerta Vermelho. Razões principais: Nível de água superior ou igual a 90%. Precipitação acumulada superior a 60 mm nas últimas 6 horas. Score de risco: 65.77.,1,468
469,2026-05-14 22:15:00,Relatório automático do alerta Laranja. Razões principais: Precipitação prevista entre 21 e 40 mm na próxima hora. Score de risco: 36.13.,1,469
470,2026-05-14 22:15:00,Relatório automático do alerta Amarelo. Razões principais: Precipitação prevista entre 10 e 20 mm na próxima hora. Score de risco: 32.92.,2,470
471,2026-05-14 23:15:00,Relatório automático do alerta Amarelo. Razões principais: Precipitação prevista entre 10 e 20 mm na próxima hora. Score de risco: 39.84.,3,471
472,2026-05-14 23:15:00,Relatório automático do alerta Vermelho. Razões principais: Nível de água entre 70% e 85%. Precipitação acumulada superior a 60 mm nas últimas 6 horas. Precipitação prevista superior a 40 mm na próxima hora. Score de risco: 68.26.,1,472
473,2026-05-14 23:15:00,Relatório automático do alerta Amarelo. Razões principais: Precipitação prevista entre 10 e 20 mm na próxima hora. Score de risco: 25.26.,3,473
474,2026-05-15 00:15:00,Relatório automático do alerta Vermelho. Razões principais: Nível de água superior ou igual a 90%. Precipitação acumulada superior a 60 mm nas últimas 6 horas. Precipitação prevista superior a 40 mm na próxima hora. Score de risco: 84.00.,1,474
475,2026-05-15 00:15:00,Relatório automático do alerta Vermelho. Razões principais: Nível de água superior ou igual a 90%. Precipitação acumulada superior a 60 mm nas últimas 6 horas. Precipitação prevista superior a 40 mm na próxima hora. Score de risco: 79.34.,3,475
476,2026-05-15 00:15:00,Relatório automático do alerta Amarelo. Razões principais: Precipitação prevista entre 10 e 20 mm na próxima hora. Score de risco: 29.91.,1,476
477,2026-05-15 01:15:00,Relatório automático do alerta Vermelho. Razões principais: Nível de água superior ou igual a 90%. Precipitação acumulada superior a 60 mm nas últimas 6 horas. Score de risco: 69.00.,2,477
478,2026-05-15 01:15:00,Relatório automático do alerta Vermelho. Razões principais: Nível de água superior ou igual a 90%. Precipitação acumulada superior a 60 mm nas últimas 6 horas. Precipitação prevista entre 21 e 40 mm na próxima hora. Score de risco: 78.13.,2,478
479,2026-05-15 02:15:00,Relatório automático do alerta Vermelho. Razões principais: Nível de água superior ou igual a 90%. Precipitação acumulada superior a 60 mm nas últimas 6 horas. Score de risco: 70.64.,3,479
480,2026-05-15 02:15:00,Relatório automático do alerta Vermelho. Razões principais: Nível de água superior ou igual a 90%. Precipitação acumulada superior a 60 mm nas últimas 6 horas. Score de risco: 70.51.,3,480
481,2026-05-15 02:15:00,Relatório automático do alerta Amarelo. Razões principais: Precipitação prevista entre 10 e 20 mm na próxima hora. Score de risco: 28.61.,2,481
482,2026-05-15 03:15:00,Relatório automático do alerta Vermelho. Razões principais: Nível de água superior ou igual a 90%. Precipitação acumulada superior a 60 mm nas últimas 6 horas. Precipitação prevista entre 10 e 20 mm na próxima hora. Score de risco: 71.99.,2,482
483,2026-05-15 03:15:00,Relatório automático do alerta Vermelho. Razões principais: Nível de água superior ou igual a 90%. Precipitação acumulada superior a 60 mm nas últimas 6 horas. Score de risco: 71.13.,3,483
484,2026-05-15 03:15:00,Relatório automático do alerta Amarelo. Razões principais: Precipitação prevista entre 10 e 20 mm na próxima hora. Score de risco: 29.82.,2,484
485,2026-05-15 04:15:00,Relatório automático do alerta Vermelho. Razões principais: Nível de água superior ou igual a 90%. Precipitação acumulada superior a 60 mm nas últimas 6 horas. Score de risco: 68.70.,2,485
486,2026-05-15 04:15:00,Relatório automático do alerta Vermelho. Razões principais: Nível de água superior ou igual a 90%. Precipitação acumulada superior a 60 mm nas últimas 6 horas. Precipitação prevista entre 21 e 40 mm na próxima hora. Score de risco: 75.72.,1,486
487,2026-05-15 04:15:00,Relatório automático do alerta Amarelo. Razões principais: Precipitação prevista entre 10 e 20 mm na próxima hora. Score de risco: 32.20.,2,487
488,2026-05-15 05:15:00,Relatório automático do alerta Vermelho. Razões principais: Nível de água superior ou igual a 90%. Precipitação acumulada superior a 60 mm nas últimas 6 horas. Score de risco: 68.02.,2,488
489,2026-05-15 05:15:00,Relatório automático do alerta Vermelho. Razões principais: Nível de água superior ou igual a 90%. Precipitação acumulada superior a 60 mm nas últimas 6 horas. Score de risco: 70.32.,3,489
490,2026-05-15 05:15:00,Relatório automático do alerta Amarelo. Razões principais: Precipitação prevista entre 10 e 20 mm na próxima hora. Score de risco: 32.12.,3,490
491,2026-05-15 06:15:00,Relatório automático do alerta Laranja. Razões principais: Nível de água entre 70% e 85%. Precipitação acumulada entre 41 e 60 mm nas últimas 6 horas. Score de risco: 49.48.,1,491
492,2026-05-15 08:15:00,Relatório automático do alerta Laranja. Razões principais: Nível de água entre 70% e 85%. Precipitação acumulada entre 41 e 60 mm nas últimas 6 horas. Precipitação prevista entre 21 e 40 mm na próxima hora. Score de risco: 53.06.,1,492
493,2026-05-15 09:15:00,Relatório automático do alerta Vermelho. Razões principais: Nível de água superior ou igual a 90%. Precipitação acumulada superior a 60 mm nas últimas 6 horas. Precipitação prevista superior a 40 mm na próxima hora. Score de risco: 78.46.,3,493
494,2026-05-15 09:15:00,Relatório automático do alerta Amarelo. Razões principais: Precipitação prevista entre 10 e 20 mm na próxima hora. Score de risco: 31.73.,2,494
495,2026-05-15 09:15:00,Relatório automático do alerta Laranja. Razões principais: Nível de água entre 70% e 85%. Precipitação acumulada entre 41 e 60 mm nas últimas 6 horas. Precipitação prevista entre 21 e 40 mm na próxima hora. Score de risco: 53.59.,3,495
496,2026-05-15 09:15:00,Relatório automático do alerta Amarelo. Razões principais: Precipitação prevista entre 10 e 20 mm na próxima hora. Score de risco: 26.97.,3,496
497,2026-05-15 10:15:00,Relatório automático do alerta Vermelho. Razões principais: Nível de água superior ou igual a 90%. Precipitação acumulada superior a 60 mm nas últimas 6 horas. Score de risco: 70.66.,1,497
498,2026-05-15 10:15:00,Relatório automático do alerta Laranja. Razões principais: Precipitação prevista entre 21 e 40 mm na próxima hora. Score de risco: 36.41.,2,498
499,2026-05-15 10:15:00,Relatório automático do alerta Laranja. Razões principais: Nível de água entre 70% e 85%. Precipitação acumulada entre 41 e 60 mm nas últimas 6 horas. Precipitação prevista entre 10 e 20 mm na próxima hora. Score de risco: 50.99.,2,499
500,2026-05-15 11:15:00,Relatório automático do alerta Vermelho. Razões principais: Nível de água superior ou igual a 90%. Precipitação acumulada superior a 60 mm nas últimas 6 horas. Score de risco: 67.83.,1,500
501,2026-05-15 11:15:00,Relatório automático do alerta Laranja. Razões principais: Nível de água entre 70% e 85%. Precipitação acumulada entre 41 e 60 mm nas últimas 6 horas. Precipitação prevista entre 10 e 20 mm na próxima hora. Score de risco: 49.38.,3,501
502,2026-05-15 12:15:00,Relatório automático do alerta Vermelho. Razões principais: Nível de água superior ou igual a 90%. Precipitação acumulada superior a 60 mm nas últimas 6 horas. Precipitação prevista entre 10 e 20 mm na próxima hora. Score de risco: 70.98.,2,502
503,2026-05-15 12:15:00,Relatório automático do alerta Laranja. Razões principais: Nível de água entre 70% e 85%. Precipitação acumulada entre 41 e 60 mm nas últimas 6 horas. Score de risco: 49.00.,2,503
504,2026-05-15 13:15:00,Relatório automático do alerta Vermelho. Razões principais: Nível de água superior ou igual a 90%. Precipitação acumulada superior a 60 mm nas últimas 6 horas. Score de risco: 69.98.,2,504
505,2026-05-15 13:15:00,Relatório automático do alerta Amarelo. Razões principais: Precipitação prevista entre 10 e 20 mm na próxima hora. Score de risco: 33.35.,1,505
506,2026-05-15 13:15:00,Relatório automático do alerta Laranja. Razões principais: Nível de água entre 70% e 85%. Precipitação acumulada entre 41 e 60 mm nas últimas 6 horas. Score de risco: 47.75.,1,506
507,2026-05-15 14:15:00,Relatório automático do alerta Vermelho. Razões principais: Nível de água superior ou igual a 90%. Precipitação acumulada superior a 60 mm nas últimas 6 horas. Precipitação prevista entre 21 e 40 mm na próxima hora. Score de risco: 68.60.,3,507
508,2026-05-15 14:15:00,Relatório automático do alerta Amarelo. Razões principais: Precipitação prevista entre 10 e 20 mm na próxima hora. Score de risco: 31.61.,2,508
509,2026-05-15 14:15:00,Relatório automático do alerta Laranja. Razões principais: Nível de água entre 70% e 85%. Precipitação acumulada entre 41 e 60 mm nas últimas 6 horas. Score de risco: 49.82.,3,509
510,2026-05-15 15:15:00,Relatório automático do alerta Amarelo. Razões principais: Precipitação prevista entre 10 e 20 mm na próxima hora. Score de risco: 32.53.,2,510
511,2026-05-15 15:15:00,Relatório automático do alerta Amarelo. Razões principais: Precipitação prevista entre 10 e 20 mm na próxima hora. Score de risco: 29.67.,2,511
512,2026-05-15 16:15:00,Relatório automático do alerta Amarelo. Razões principais: Precipitação prevista entre 10 e 20 mm na próxima hora. Score de risco: 34.49.,3,512
513,2026-05-15 16:15:00,Relatório automático do alerta Amarelo. Razões principais: Precipitação acumulada entre 30 e 40 mm nas últimas 6 horas. Score de risco: 38.80.,3,513
514,2026-05-15 16:15:00,Relatório automático do alerta Amarelo. Razões principais: Precipitação prevista entre 10 e 20 mm na próxima hora. Score de risco: 32.79.,2,514
515,2026-05-15 17:15:00,Relatório automático do alerta Laranja. Razões principais: Precipitação acumulada entre 30 e 40 mm nas últimas 6 horas. Precipitação prevista entre 10 e 20 mm na próxima hora. Score de risco: 43.88.,2,515
516,2026-05-15 17:15:00,Relatório automático do alerta Laranja. Razões principais: Precipitação prevista entre 21 e 40 mm na próxima hora. Score de risco: 35.14.,2,516
517,2026-05-15 17:15:00,Relatório automático do alerta Laranja. Razões principais: Precipitação acumulada entre 30 e 40 mm nas últimas 6 horas. Precipitação prevista entre 10 e 20 mm na próxima hora. Score de risco: 40.57.,3,517
518,2026-05-15 18:15:00,Relatório automático do alerta Laranja. Razões principais: Precipitação acumulada entre 30 e 40 mm nas últimas 6 horas. Precipitação prevista entre 21 e 40 mm na próxima hora. Score de risco: 45.81.,3,518
519,2026-05-15 18:15:00,Relatório automático do alerta Vermelho. Razões principais: Nível de água superior ou igual a 90%. Precipitação acumulada superior a 60 mm nas últimas 6 horas. Precipitação prevista superior a 40 mm na próxima hora. Score de risco: 82.34.,3,519
520,2026-05-15 18:15:00,Relatório automático do alerta Laranja. Razões principais: Precipitação acumulada entre 30 e 40 mm nas últimas 6 horas. Precipitação prevista entre 10 e 20 mm na próxima hora. Score de risco: 42.45.,1,520
521,2026-05-15 18:15:00,Relatório automático do alerta Laranja. Razões principais: Precipitação prevista entre 21 e 40 mm na próxima hora. Score de risco: 32.16.,1,521
522,2026-05-15 19:15:00,Relatório automático do alerta Amarelo. Razões principais: Precipitação acumulada entre 30 e 40 mm nas últimas 6 horas. Score de risco: 39.13.,2,522
523,2026-05-15 19:15:00,Relatório automático do alerta Vermelho. Razões principais: Nível de água superior ou igual a 90%. Precipitação acumulada superior a 60 mm nas últimas 6 horas. Score de risco: 69.00.,1,523
524,2026-05-15 19:15:00,Relatório automático do alerta Amarelo. Razões principais: Precipitação acumulada entre 30 e 40 mm nas últimas 6 horas. Score de risco: 38.94.,3,524
525,2026-05-15 19:15:00,Relatório automático do alerta Amarelo. Razões principais: Precipitação prevista entre 10 e 20 mm na próxima hora. Score de risco: 32.48.,1,525
526,2026-05-15 20:15:00,Relatório automático do alerta Vermelho. Razões principais: Nível de água superior ou igual a 90%. Precipitação acumulada superior a 60 mm nas últimas 6 horas. Precipitação prevista entre 10 e 20 mm na próxima hora. Score de risco: 73.74.,1,526
527,2026-05-15 20:15:00,Relatório automático do alerta Amarelo. Razões principais: Precipitação acumulada entre 30 e 40 mm nas últimas 6 horas. Score de risco: 37.91.,2,527
528,2026-05-15 21:15:00,Relatório automático do alerta Amarelo. Razões principais: Precipitação acumulada entre 30 e 40 mm nas últimas 6 horas. Score de risco: 39.04.,2,528
529,2026-05-15 21:15:00,Relatório automático do alerta Vermelho. Razões principais: Nível de água superior ou igual a 90%. Precipitação acumulada superior a 60 mm nas últimas 6 horas. Score de risco: 70.19.,1,529
530,2026-05-15 21:15:00,Relatório automático do alerta Laranja. Razões principais: Precipitação acumulada entre 30 e 40 mm nas últimas 6 horas. Precipitação prevista entre 10 e 20 mm na próxima hora. Score de risco: 44.37.,1,530
531,2026-05-15 21:15:00,Relatório automático do alerta Amarelo. Razões principais: Precipitação prevista entre 10 e 20 mm na próxima hora. Score de risco: 31.94.,3,531
532,2026-05-15 22:15:00,Relatório automático do alerta Vermelho. Razões principais: Nível de água superior ou igual a 90%. Precipitação acumulada superior a 60 mm nas últimas 6 horas. Score de risco: 69.65.,2,532
533,2026-05-15 23:15:00,Relatório automático do alerta Vermelho. Razões principais: Nível de água superior ou igual a 90%. Precipitação acumulada superior a 60 mm nas últimas 6 horas. Precipitação prevista entre 10 e 20 mm na próxima hora. Score de risco: 73.31.,1,533
534,2026-05-15 23:15:00,Relatório automático do alerta Vermelho. Razões principais: Nível de água superior ou igual a 90%. Precipitação acumulada superior a 60 mm nas últimas 6 horas. Precipitação prevista superior a 40 mm na próxima hora. Score de risco: 80.34.,1,534
535,2026-05-15 23:15:00,Relatório automático do alerta Amarelo. Razões principais: Precipitação prevista entre 10 e 20 mm na próxima hora. Score de risco: 28.67.,2,535
536,2026-05-16 00:15:00,Relatório automático do alerta Vermelho. Razões principais: Nível de água entre 85% e 90%. Precipitação acumulada entre 41 e 60 mm nas últimas 6 horas. Precipitação prevista superior a 40 mm na próxima hora. Score de risco: 67.87.,2,536
537,2026-05-16 00:15:00,Relatório automático do alerta Laranja. Razões principais: Nível de água entre 70% e 85%. Precipitação acumulada entre 41 e 60 mm nas últimas 6 horas. Precipitação prevista entre 21 e 40 mm na próxima hora. Score de risco: 55.42.,3,537
538,2026-05-16 00:15:00,Relatório automático do alerta Vermelho. Razões principais: Nível de água superior ou igual a 90%. Precipitação acumulada superior a 60 mm nas últimas 6 horas. Precipitação prevista entre 10 e 20 mm na próxima hora. Score de risco: 70.58.,1,538
539,2026-05-16 01:15:00,Relatório automático do alerta Laranja. Razões principais: Nível de água entre 85% e 90%. Precipitação acumulada entre 41 e 60 mm nas últimas 6 horas. Precipitação prevista entre 10 e 20 mm na próxima hora. Score de risco: 62.16.,3,539
540,2026-05-16 01:15:00,Relatório automático do alerta Laranja. Razões principais: Nível de água entre 70% e 85%. Precipitação acumulada entre 41 e 60 mm nas últimas 6 horas. Score de risco: 45.14.,1,540
541,2026-05-16 01:15:00,Relatório automático do alerta Vermelho. Razões principais: Nível de água superior ou igual a 90%. Precipitação acumulada superior a 60 mm nas últimas 6 horas. Score de risco: 65.45.,1,541
542,2026-05-16 02:15:00,Relatório automático do alerta Laranja. Razões principais: Nível de água entre 85% e 90%. Precipitação acumulada entre 41 e 60 mm nas últimas 6 horas. Score de risco: 57.69.,1,542
543,2026-05-16 02:15:00,Relatório automático do alerta Amarelo. Razões principais: Precipitação acumulada entre 30 e 40 mm nas últimas 6 horas. Score de risco: 43.45.,2,543
544,2026-05-16 02:15:00,Relatório automático do alerta Vermelho. Razões principais: Nível de água superior ou igual a 90%. Precipitação acumulada superior a 60 mm nas últimas 6 horas. Score de risco: 64.13.,3,544
545,2026-05-16 03:15:00,Relatório automático do alerta Laranja. Razões principais: Nível de água entre 85% e 90%. Precipitação acumulada entre 41 e 60 mm nas últimas 6 horas. Precipitação prevista entre 21 e 40 mm na próxima hora. Score de risco: 62.28.,3,545
546,2026-05-16 03:15:00,Relatório automático do alerta Laranja. Razões principais: Precipitação acumulada entre 30 e 40 mm nas últimas 6 horas. Precipitação prevista entre 21 e 40 mm na próxima hora. Score de risco: 49.02.,1,546
547,2026-05-16 03:15:00,Relatório automático do alerta Vermelho. Razões principais: Nível de água entre 85% e 90%. Precipitação acumulada superior a 60 mm nas últimas 6 horas. Precipitação prevista entre 10 e 20 mm na próxima hora. Score de risco: 65.63.,2,547
548,2026-05-16 04:15:00,Relatório automático do alerta Laranja. Razões principais: Nível de água entre 85% e 90%. Precipitação acumulada entre 41 e 60 mm nas últimas 6 horas. Score de risco: 57.00.,2,548
549,2026-05-16 04:15:00,Relatório automático do alerta Laranja. Razões principais: Nível de água entre 70% e 85%. Precipitação acumulada entre 30 e 40 mm nas últimas 6 horas. Score de risco: 45.09.,2,549
550,2026-05-16 04:15:00,Relatório automático do alerta Vermelho. Razões principais: Nível de água entre 85% e 90%. Precipitação acumulada superior a 60 mm nas últimas 6 horas. Score de risco: 62.29.,3,550
551,2026-05-16 05:15:00,Relatório automático do alerta Vermelho. Razões principais: Nível de água superior ou igual a 90%. Precipitação acumulada entre 41 e 60 mm nas últimas 6 horas. Precipitação prevista entre 21 e 40 mm na próxima hora. Score de risco: 64.76.,1,551
552,2026-05-16 05:15:00,Relatório automático do alerta Laranja. Razões principais: Nível de água entre 70% e 85%. Precipitação acumulada entre 41 e 60 mm nas últimas 6 horas. Precipitação prevista entre 10 e 20 mm na próxima hora. Score de risco: 52.94.,3,552
553,2026-05-16 05:15:00,Relatório automático do alerta Amarelo. Razões principais: Precipitação prevista entre 10 e 20 mm na próxima hora. Score de risco: 35.73.,3,553
554,2026-05-16 05:15:00,Relatório automático do alerta Amarelo. Razões principais: Precipitação prevista entre 10 e 20 mm na próxima hora. Score de risco: 31.85.,3,554
555,2026-05-16 06:15:00,Relatório automático do alerta Vermelho. Razões principais: Nível de água superior ou igual a 90%. Precipitação acumulada superior a 60 mm nas últimas 6 horas. Precipitação prevista superior a 40 mm na próxima hora. Score de risco: 73.24.,1,555
556,2026-05-16 06:15:00,Relatório automático do alerta Amarelo. Razões principais: Precipitação prevista entre 10 e 20 mm na próxima hora. Score de risco: 33.09.,1,556
557,2026-05-16 07:15:00,Relatório automático do alerta Amarelo. Razões principais: Precipitação prevista entre 10 e 20 mm na próxima hora. Score de risco: 37.81.,2,557
558,2026-05-16 07:15:00,Relatório automático do alerta Vermelho. Razões principais: Nível de água entre 85% e 90%. Precipitação acumulada superior a 60 mm nas últimas 6 horas. Precipitação prevista entre 10 e 20 mm na próxima hora. Score de risco: 63.03.,2,558
559,2026-05-16 07:15:00,Relatório automático do alerta Amarelo. Razões principais: Precipitação prevista entre 10 e 20 mm na próxima hora. Score de risco: 28.16.,2,559
560,2026-05-16 07:15:00,Relatório automático do alerta Amarelo. Razões principais: Precipitação prevista entre 10 e 20 mm na próxima hora. Score de risco: 32.44.,3,560
561,2026-05-16 08:15:00,Relatório automático do alerta Vermelho. Razões principais: Nível de água superior ou igual a 90%. Precipitação acumulada superior a 60 mm nas últimas 6 horas. Precipitação prevista superior a 40 mm na próxima hora. Score de risco: 83.19.,3,561
562,2026-05-16 08:15:00,Relatório automático do alerta Vermelho. Razões principais: Nível de água entre 85% e 90%. Precipitação acumulada superior a 60 mm nas últimas 6 horas. Precipitação prevista superior a 40 mm na próxima hora. Score de risco: 78.35.,3,562
563,2026-05-16 09:15:00,Relatório automático do alerta Vermelho. Razões principais: Nível de água superior ou igual a 90%. Precipitação acumulada superior a 60 mm nas últimas 6 horas. Score de risco: 69.00.,2,563
564,2026-05-16 09:15:00,Relatório automático do alerta Vermelho. Razões principais: Nível de água superior ou igual a 90%. Precipitação acumulada superior a 60 mm nas últimas 6 horas. Precipitação prevista entre 10 e 20 mm na próxima hora. Score de risco: 69.25.,2,564
565,2026-05-16 09:15:00,Relatório automático do alerta Amarelo. Razões principais: Precipitação prevista entre 10 e 20 mm na próxima hora. Score de risco: 28.61.,2,565
566,2026-05-16 10:15:00,Relatório automático do alerta Vermelho. Razões principais: Nível de água superior ou igual a 90%. Precipitação acumulada superior a 60 mm nas últimas 6 horas. Score de risco: 71.33.,1,566
567,2026-05-16 10:15:00,Relatório automático do alerta Vermelho. Razões principais: Nível de água superior ou igual a 90%. Precipitação acumulada superior a 60 mm nas últimas 6 horas. Score de risco: 70.09.,1,567
568,2026-05-16 10:15:00,Relatório automático do alerta Amarelo. Razões principais: Precipitação prevista entre 10 e 20 mm na próxima hora. Score de risco: 35.89.,1,568
569,2026-05-16 11:15:00,Relatório automático do alerta Amarelo. Razões principais: Precipitação prevista entre 10 e 20 mm na próxima hora. Score de risco: 35.83.,3,569
570,2026-05-16 11:15:00,Relatório automático do alerta Vermelho. Razões principais: Nível de água superior ou igual a 90%. Precipitação acumulada superior a 60 mm nas últimas 6 horas. Score de risco: 71.38.,3,570
571,2026-05-16 11:15:00,Relatório automático do alerta Vermelho. Razões principais: Nível de água superior ou igual a 90%. Precipitação acumulada superior a 60 mm nas últimas 6 horas. Score de risco: 69.00.,3,571
572,2026-05-16 12:15:00,Relatório automático do alerta Laranja. Razões principais: Precipitação prevista entre 21 e 40 mm na próxima hora. Score de risco: 41.72.,3,572
573,2026-05-16 12:15:00,Relatório automático do alerta Vermelho. Razões principais: Nível de água superior ou igual a 90%. Precipitação acumulada superior a 60 mm nas últimas 6 horas. Score de risco: 70.39.,3,573
574,2026-05-16 12:15:00,Relatório automático do alerta Vermelho. Razões principais: Nível de água superior ou igual a 90%. Precipitação acumulada superior a 60 mm nas últimas 6 horas. Score de risco: 70.18.,2,574
575,2026-05-16 13:15:00,Relatório automático do alerta Vermelho. Razões principais: Nível de água superior ou igual a 90%. Precipitação acumulada superior a 60 mm nas últimas 6 horas. Precipitação prevista entre 10 e 20 mm na próxima hora. Score de risco: 72.18.,3,575
576,2026-05-16 13:15:00,Relatório automático do alerta Vermelho. Razões principais: Nível de água superior ou igual a 90%. Precipitação acumulada superior a 60 mm nas últimas 6 horas. Precipitação prevista entre 10 e 20 mm na próxima hora. Score de risco: 74.14.,2,576
577,2026-05-16 13:15:00,Relatório automático do alerta Laranja. Razões principais: Precipitação acumulada entre 41 e 60 mm nas últimas 6 horas. Precipitação prevista entre 21 e 40 mm na próxima hora. Score de risco: 49.89.,1,577
578,2026-05-16 14:15:00,Relatório automático do alerta Vermelho. Razões principais: Nível de água superior ou igual a 90%. Precipitação acumulada superior a 60 mm nas últimas 6 horas. Precipitação prevista superior a 40 mm na próxima hora. Score de risco: 81.66.,1,578
579,2026-05-16 14:15:00,Relatório automático do alerta Amarelo. Razões principais: Precipitação acumulada entre 30 e 40 mm nas últimas 6 horas. Score de risco: 36.24.,3,579
580,2026-05-16 14:15:00,Relatório automático do alerta Laranja. Razões principais: Precipitação acumulada entre 41 e 60 mm nas últimas 6 horas. Score de risco: 42.61.,3,580
581,2026-05-16 15:15:00,Relatório automático do alerta Vermelho. Razões principais: Nível de água superior ou igual a 90%. Precipitação acumulada superior a 60 mm nas últimas 6 horas. Precipitação prevista entre 21 e 40 mm na próxima hora. Score de risco: 74.50.,3,581
582,2026-05-16 15:15:00,Relatório automático do alerta Laranja. Razões principais: Precipitação acumulada entre 30 e 40 mm nas últimas 6 horas. Precipitação prevista entre 10 e 20 mm na próxima hora. Score de risco: 41.62.,1,582
583,2026-05-16 15:15:00,Relatório automático do alerta Laranja. Razões principais: Precipitação acumulada entre 41 e 60 mm nas últimas 6 horas. Score de risco: 43.41.,3,583
584,2026-05-16 16:15:00,Relatório automático do alerta Verde. Razões principais: Valores abaixo dos limites iniciais. Score de risco: 37.09.,2,584
585,2026-05-16 16:15:00,Relatório automático do alerta Vermelho. Razões principais: Nível de água superior ou igual a 90%. Precipitação acumulada superior a 60 mm nas últimas 6 horas. Precipitação prevista entre 10 e 20 mm na próxima hora. Score de risco: 71.07.,1,585
586,2026-05-16 16:15:00,Relatório automático do alerta Amarelo. Razões principais: Precipitação acumulada entre 30 e 40 mm nas últimas 6 horas. Score de risco: 40.33.,3,586
587,2026-05-16 16:15:00,Relatório automático do alerta Laranja. Razões principais: Precipitação acumulada entre 41 e 60 mm nas últimas 6 horas. Score de risco: 43.49.,3,587
588,2026-05-16 17:15:00,Relatório automático do alerta Amarelo. Razões principais: Precipitação prevista entre 10 e 20 mm na próxima hora. Score de risco: 35.51.,2,588
589,2026-05-16 17:15:00,Relatório automático do alerta Vermelho. Razões principais: Nível de água superior ou igual a 90%. Precipitação acumulada superior a 60 mm nas últimas 6 horas. Score de risco: 68.65.,1,589
590,2026-05-16 17:15:00,Relatório automático do alerta Amarelo. Razões principais: Precipitação acumulada entre 30 e 40 mm nas últimas 6 horas. Score de risco: 37.42.,2,590
591,2026-05-16 17:15:00,Relatório automático do alerta Laranja. Razões principais: Nível de água entre 70% e 85%. Precipitação acumulada entre 41 e 60 mm nas últimas 6 horas. Precipitação prevista entre 10 e 20 mm na próxima hora. Score de risco: 50.72.,2,591
592,2026-05-16 18:15:00,Relatório automático do alerta Amarelo. Razões principais: Precipitação prevista entre 10 e 20 mm na próxima hora. Score de risco: 35.89.,3,592
593,2026-05-16 18:15:00,Relatório automático do alerta Vermelho. Razões principais: Nível de água superior ou igual a 90%. Precipitação acumulada superior a 60 mm nas últimas 6 horas. Precipitação prevista entre 21 e 40 mm na próxima hora. Score de risco: 71.65.,3,593
594,2026-05-16 18:15:00,Relatório automático do alerta Laranja. Razões principais: Precipitação acumulada entre 30 e 40 mm nas últimas 6 horas. Precipitação prevista entre 10 e 20 mm na próxima hora. Score de risco: 42.38.,1,594
595,2026-05-16 18:15:00,Relatório automático do alerta Laranja. Razões principais: Precipitação acumulada entre 41 e 60 mm nas últimas 6 horas. Precipitação prevista entre 10 e 20 mm na próxima hora. Score de risco: 49.73.,2,595
596,2026-05-16 19:15:00,Relatório automático do alerta Vermelho. Razões principais: Nível de água superior ou igual a 90%. Precipitação acumulada superior a 60 mm nas últimas 6 horas. Precipitação prevista superior a 40 mm na próxima hora. Score de risco: 83.37.,1,596
597,2026-05-16 19:15:00,Relatório automático do alerta Vermelho. Razões principais: Nível de água superior ou igual a 90%. Precipitação acumulada superior a 60 mm nas últimas 6 horas. Precipitação prevista entre 21 e 40 mm na próxima hora. Score de risco: 71.89.,3,597
598,2026-05-16 19:15:00,Relatório automático do alerta Amarelo. Razões principais: Precipitação prevista entre 10 e 20 mm na próxima hora. Score de risco: 33.81.,1,598
599,2026-05-16 20:15:00,Relatório automático do alerta Vermelho. Razões principais: Nível de água superior ou igual a 90%. Precipitação acumulada superior a 60 mm nas últimas 6 horas. Precipitação prevista entre 10 e 20 mm na próxima hora. Score de risco: 73.52.,3,599
600,2026-05-16 21:15:00,Relatório automático do alerta Vermelho. Razões principais: Nível de água superior ou igual a 90%. Precipitação acumulada superior a 60 mm nas últimas 6 horas. Precipitação prevista entre 21 e 40 mm na próxima hora. Score de risco: 74.97.,3,600
601,2026-05-16 21:15:00,Relatório automático do alerta Laranja. Razões principais: Precipitação prevista entre 21 e 40 mm na próxima hora. Score de risco: 34.91.,2,601
602,2026-05-16 22:15:00,Relatório automático do alerta Vermelho. Razões principais: Nível de água superior ou igual a 90%. Precipitação acumulada superior a 60 mm nas últimas 6 horas. Precipitação prevista superior a 40 mm na próxima hora. Score de risco: 84.00.,3,602
603,2026-05-16 22:15:00,Relatório automático do alerta Laranja. Razões principais: Precipitação prevista entre 21 e 40 mm na próxima hora. Score de risco: 38.12.,3,603
604,2026-05-16 22:15:00,Relatório automático do alerta Amarelo. Razões principais: Precipitação prevista entre 10 e 20 mm na próxima hora. Score de risco: 34.86.,1,604
605,2026-05-16 22:15:00,Relatório automático do alerta Laranja. Razões principais: Precipitação acumulada entre 30 e 40 mm nas últimas 6 horas. Precipitação prevista entre 10 e 20 mm na próxima hora. Score de risco: 44.05.,1,605
606,2026-05-16 23:15:00,Relatório automático do alerta Vermelho. Razões principais: Nível de água superior ou igual a 90%. Precipitação acumulada superior a 60 mm nas últimas 6 horas. Precipitação prevista entre 10 e 20 mm na próxima hora. Score de risco: 71.81.,1,606
607,2026-05-16 23:15:00,Relatório automático do alerta Amarelo. Razões principais: Precipitação prevista entre 10 e 20 mm na próxima hora. Score de risco: 38.23.,3,607
608,2026-05-16 23:15:00,Relatório automático do alerta Amarelo. Razões principais: Precipitação prevista entre 10 e 20 mm na próxima hora. Score de risco: 33.03.,1,608
609,2026-05-16 23:15:00,Relatório automático do alerta Amarelo. Razões principais: Precipitação acumulada entre 30 e 40 mm nas últimas 6 horas. Score de risco: 40.79.,1,609
610,2026-05-17 00:15:00,Relatório automático do alerta Vermelho. Razões principais: Nível de água superior ou igual a 90%. Precipitação acumulada superior a 60 mm nas últimas 6 horas. Precipitação prevista entre 10 e 20 mm na próxima hora. Score de risco: 74.08.,1,610
611,2026-05-17 00:15:00,Relatório automático do alerta Verde. Razões principais: Valores abaixo dos limites iniciais. Score de risco: 35.31.,1,611
612,2026-05-17 00:15:00,Relatório automático do alerta Amarelo. Razões principais: Precipitação acumulada entre 30 e 40 mm nas últimas 6 horas. Score de risco: 36.29.,1,612
613,2026-05-17 01:15:00,Relatório automático do alerta Vermelho. Razões principais: Nível de água superior ou igual a 90%. Precipitação acumulada superior a 60 mm nas últimas 6 horas. Score de risco: 65.22.,2,613
614,2026-05-17 01:15:00,Relatório automático do alerta Amarelo. Razões principais: Precipitação prevista entre 10 e 20 mm na próxima hora. Score de risco: 40.62.,1,614
615,2026-05-17 01:15:00,Relatório automático do alerta Laranja. Razões principais: Precipitação acumulada entre 41 e 60 mm nas últimas 6 horas. Precipitação prevista entre 21 e 40 mm na próxima hora. Score de risco: 50.54.,2,615
616,2026-05-17 01:15:00,Relatório automático do alerta Vermelho. Razões principais: Nível de água entre 70% e 85%. Precipitação acumulada superior a 60 mm nas últimas 6 horas. Precipitação prevista entre 10 e 20 mm na próxima hora. Score de risco: 56.71.,2,616
617,2026-05-17 02:15:00,Relatório automático do alerta Vermelho. Razões principais: Nível de água entre 85% e 90%. Precipitação acumulada superior a 60 mm nas últimas 6 horas. Score de risco: 64.21.,3,617
618,2026-05-17 02:15:00,Relatório automático do alerta Laranja. Razões principais: Nível de água entre 70% e 85%. Precipitação acumulada entre 41 e 60 mm nas últimas 6 horas. Score de risco: 47.36.,1,618
619,2026-05-17 02:15:00,Relatório automático do alerta Vermelho. Razões principais: Nível de água entre 70% e 85%. Precipitação acumulada superior a 60 mm nas últimas 6 horas. Precipitação prevista entre 10 e 20 mm na próxima hora. Score de risco: 56.75.,3,619
620,2026-05-17 03:15:00,Relatório automático do alerta Vermelho. Razões principais: Nível de água superior ou igual a 90%. Precipitação acumulada superior a 60 mm nas últimas 6 horas. Precipitação prevista entre 10 e 20 mm na próxima hora. Score de risco: 67.68.,1,620
621,2026-05-17 03:15:00,Relatório automático do alerta Vermelho. Razões principais: Nível de água entre 70% e 85%. Precipitação acumulada superior a 60 mm nas últimas 6 horas. Precipitação prevista entre 21 e 40 mm na próxima hora. Score de risco: 62.65.,3,621
622,2026-05-17 03:15:00,Relatório automático do alerta Vermelho. Razões principais: Nível de água entre 70% e 85%. Precipitação acumulada superior a 60 mm nas últimas 6 horas. Precipitação prevista entre 10 e 20 mm na próxima hora. Score de risco: 59.56.,3,622
623,2026-05-17 04:15:00,Relatório automático do alerta Laranja. Razões principais: Precipitação prevista entre 21 e 40 mm na próxima hora. Score de risco: 39.91.,3,623
624,2026-05-17 04:15:00,Relatório automático do alerta Vermelho. Razões principais: Nível de água entre 85% e 90%. Precipitação acumulada superior a 60 mm nas últimas 6 horas. Score de risco: 56.93.,2,624
625,2026-05-17 04:15:00,Relatório automático do alerta Laranja. Razões principais: Precipitação acumulada entre 41 e 60 mm nas últimas 6 horas. Precipitação prevista entre 10 e 20 mm na próxima hora. Score de risco: 49.95.,1,625
626,2026-05-17 05:15:00,Relatório automático do alerta Laranja. Razões principais: Precipitação acumulada entre 30 e 40 mm nas últimas 6 horas. Precipitação prevista entre 10 e 20 mm na próxima hora. Score de risco: 37.50.,1,626
627,2026-05-17 05:15:00,Relatório automático do alerta Laranja. Razões principais: Nível de água entre 70% e 85%. Precipitação acumulada entre 41 e 60 mm nas últimas 6 horas. Precipitação prevista entre 10 e 20 mm na próxima hora. Score de risco: 57.54.,3,627
628,2026-05-17 05:15:00,Relatório automático do alerta Laranja. Razões principais: Nível de água entre 70% e 85%. Precipitação acumulada entre 41 e 60 mm nas últimas 6 horas. Precipitação prevista entre 10 e 20 mm na próxima hora. Score de risco: 50.28.,1,628
629,2026-05-17 06:15:00,Relatório automático do alerta Amarelo. Razões principais: Precipitação acumulada entre 30 e 40 mm nas últimas 6 horas. Score de risco: 38.82.,1,629
630,2026-05-17 06:15:00,Relatório automático do alerta Vermelho. Razões principais: Nível de água entre 85% e 90%. Precipitação acumulada superior a 60 mm nas últimas 6 horas. Precipitação prevista entre 21 e 40 mm na próxima hora. Score de risco: 65.50.,2,630
631,2026-05-17 06:15:00,Relatório automático do alerta Vermelho. Razões principais: Nível de água entre 85% e 90%. Precipitação acumulada superior a 60 mm nas últimas 6 horas. Score de risco: 57.17.,3,631
632,2026-05-17 06:15:00,Relatório automático do alerta Laranja. Razões principais: Precipitação acumulada entre 41 e 60 mm nas últimas 6 horas. Score de risco: 45.90.,3,632
633,2026-05-17 07:15:00,Relatório automático do alerta Laranja. Razões principais: Precipitação prevista entre 21 e 40 mm na próxima hora. Score de risco: 41.57.,3,633
634,2026-05-17 07:15:00,Relatório automático do alerta Vermelho. Razões principais: Nível de água entre 85% e 90%. Precipitação acumulada superior a 60 mm nas últimas 6 horas. Precipitação prevista entre 10 e 20 mm na próxima hora. Score de risco: 60.60.,2,634
635,2026-05-17 07:15:00,Relatório automático do alerta Laranja. Razões principais: Nível de água entre 70% e 85%. Precipitação acumulada entre 30 e 40 mm nas últimas 6 horas. Score de risco: 45.11.,3,635
636,2026-05-17 08:15:00,Relatório automático do alerta Amarelo. Razões principais: Precipitação prevista entre 10 e 20 mm na próxima hora. Score de risco: 35.72.,1,636
637,2026-05-17 08:15:00,Relatório automático do alerta Vermelho. Razões principais: Nível de água superior ou igual a 90%. Precipitação acumulada superior a 60 mm nas últimas 6 horas. Precipitação prevista entre 10 e 20 mm na próxima hora. Score de risco: 64.50.,2,637
638,2026-05-17 08:15:00,Relatório automático do alerta Laranja. Razões principais: Precipitação acumulada entre 41 e 60 mm nas últimas 6 horas. Score de risco: 43.69.,1,638
639,2026-05-17 08:15:00,Relatório automático do alerta Amarelo. Razões principais: Precipitação prevista entre 10 e 20 mm na próxima hora. Score de risco: 30.64.,2,639
640,2026-05-17 09:15:00,Relatório automático do alerta Laranja. Razões principais: Precipitação acumulada entre 30 e 40 mm nas últimas 6 horas. Precipitação prevista entre 21 e 40 mm na próxima hora. Score de risco: 48.28.,1,640
641,2026-05-17 09:15:00,Relatório automático do alerta Vermelho. Razões principais: Nível de água entre 85% e 90%. Precipitação acumulada superior a 60 mm nas últimas 6 horas. Score de risco: 57.33.,1,641
642,2026-05-17 09:15:00,Relatório automático do alerta Vermelho. Razões principais: Nível de água entre 70% e 85%. Precipitação acumulada entre 41 e 60 mm nas últimas 6 horas. Precipitação prevista superior a 40 mm na próxima hora. Score de risco: 58.13.,3,642
643,2026-05-17 09:15:00,Relatório automático do alerta Amarelo. Razões principais: Precipitação prevista entre 10 e 20 mm na próxima hora. Score de risco: 28.14.,1,643
644,2026-05-17 10:15:00,Relatório automático do alerta Laranja. Razões principais: Nível de água entre 70% e 85%. Precipitação acumulada entre 30 e 40 mm nas últimas 6 horas. Precipitação prevista entre 21 e 40 mm na próxima hora. Score de risco: 51.52.,3,644
645,2026-05-17 10:15:00,Relatório automático do alerta Vermelho. Razões principais: Nível de água entre 85% e 90%. Precipitação acumulada superior a 60 mm nas últimas 6 horas. Score de risco: 57.54.,3,645
646,2026-05-17 10:15:00,Relatório automático do alerta Laranja. Razões principais: Nível de água entre 70% e 85%. Precipitação acumulada entre 41 e 60 mm nas últimas 6 horas. Score de risco: 50.23.,2,646
647,2026-05-17 10:15:00,Relatório automático do alerta Verde. Razões principais: Valores abaixo dos limites iniciais. Score de risco: 27.87.,2,647
648,2026-05-17 11:15:00,Relatório automático do alerta Amarelo. Razões principais: Precipitação acumulada entre 30 e 40 mm nas últimas 6 horas. Score de risco: 42.76.,1,648
649,2026-05-17 11:15:00,Relatório automático do alerta Laranja. Razões principais: Nível de água entre 85% e 90%. Precipitação acumulada entre 41 e 60 mm nas últimas 6 horas. Precipitação prevista entre 10 e 20 mm na próxima hora. Score de risco: 60.87.,2,649
650,2026-05-17 11:15:00,Relatório automático do alerta Laranja. Razões principais: Nível de água entre 70% e 85%. Precipitação acumulada entre 41 e 60 mm nas últimas 6 horas. Precipitação prevista entre 10 e 20 mm na próxima hora. Score de risco: 54.99.,1,650
651,2026-05-17 12:15:00,Relatório automático do alerta Laranja. Razões principais: Nível de água entre 70% e 85%. Precipitação acumulada entre 30 e 40 mm nas últimas 6 horas. Precipitação prevista entre 10 e 20 mm na próxima hora. Score de risco: 47.81.,1,651
652,2026-05-17 12:15:00,Relatório automático do alerta Laranja. Razões principais: Nível de água entre 70% e 85%. Precipitação acumulada entre 41 e 60 mm nas últimas 6 horas. Score de risco: 49.03.,3,652
653,2026-05-17 12:15:00,Relatório automático do alerta Vermelho. Razões principais: Nível de água entre 70% e 85%. Precipitação acumulada superior a 60 mm nas últimas 6 horas. Precipitação prevista superior a 40 mm na próxima hora. Score de risco: 74.40.,2,653
654,2026-05-17 13:15:00,Relatório automático do alerta Laranja. Razões principais: Nível de água entre 70% e 85%. Precipitação acumulada entre 41 e 60 mm nas últimas 6 horas. Score de risco: 46.39.,1,654
655,2026-05-17 13:15:00,Relatório automático do alerta Laranja. Razões principais: Precipitação acumulada entre 30 e 40 mm nas últimas 6 horas. Precipitação prevista entre 10 e 20 mm na próxima hora. Score de risco: 44.53.,3,655
656,2026-05-17 13:15:00,Relatório automático do alerta Laranja. Razões principais: Nível de água entre 70% e 85%. Precipitação acumulada entre 41 e 60 mm nas últimas 6 horas. Precipitação prevista entre 21 e 40 mm na próxima hora. Score de risco: 55.09.,2,656
657,2026-05-17 13:15:00,Relatório automático do alerta Vermelho. Razões principais: Nível de água entre 85% e 90%. Precipitação acumulada superior a 60 mm nas últimas 6 horas. Score de risco: 63.09.,1,657
658,2026-05-17 14:15:00,Relatório automático do alerta Laranja. Razões principais: Nível de água entre 70% e 85%. Precipitação acumulada entre 41 e 60 mm nas últimas 6 horas. Precipitação prevista entre 10 e 20 mm na próxima hora. Score de risco: 47.01.,1,658
659,2026-05-17 14:15:00,Relatório automático do alerta Amarelo. Razões principais: Precipitação acumulada entre 30 e 40 mm nas últimas 6 horas. Score de risco: 41.90.,1,659
660,2026-05-17 14:15:00,Relatório automático do alerta Laranja. Razões principais: Nível de água entre 70% e 85%. Precipitação acumulada entre 41 e 60 mm nas últimas 6 horas. Score de risco: 47.51.,1,660
661,2026-05-17 14:15:00,Relatório automático do alerta Vermelho. Razões principais: Nível de água entre 85% e 90%. Precipitação acumulada superior a 60 mm nas últimas 6 horas. Precipitação prevista entre 10 e 20 mm na próxima hora. Score de risco: 67.55.,3,661
662,2026-05-17 15:15:00,Relatório automático do alerta Laranja. Razões principais: Precipitação acumulada entre 30 e 40 mm nas últimas 6 horas. Precipitação prevista entre 21 e 40 mm na próxima hora. Score de risco: 45.32.,1,662
663,2026-05-17 15:15:00,Relatório automático do alerta Amarelo. Razões principais: Precipitação acumulada entre 30 e 40 mm nas últimas 6 horas. Score de risco: 42.38.,1,663
664,2026-05-17 15:15:00,Relatório automático do alerta Vermelho. Razões principais: Nível de água entre 85% e 90%. Precipitação acumulada superior a 60 mm nas últimas 6 horas. Score de risco: 64.15.,2,664
665,2026-05-17 16:15:00,Relatório automático do alerta Amarelo. Razões principais: Precipitação prevista entre 10 e 20 mm na próxima hora. Score de risco: 42.24.,1,665
666,2026-05-17 16:15:00,Relatório automático do alerta Laranja. Razões principais: Precipitação acumulada entre 41 e 60 mm nas últimas 6 horas. Precipitação prevista entre 10 e 20 mm na próxima hora. Score de risco: 45.73.,2,666
667,2026-05-17 16:15:00,Relatório automático do alerta Laranja. Razões principais: Precipitação acumulada entre 30 e 40 mm nas últimas 6 horas. Precipitação prevista entre 10 e 20 mm na próxima hora. Score de risco: 42.10.,1,667
668,2026-05-17 16:15:00,Relatório automático do alerta Vermelho. Razões principais: Nível de água superior ou igual a 90%. Precipitação acumulada superior a 60 mm nas últimas 6 horas. Score de risco: 65.76.,2,668
669,2026-05-17 17:15:00,Relatório automático do alerta Laranja. Razões principais: Nível de água entre 70% e 85%. Precipitação acumulada entre 41 e 60 mm nas últimas 6 horas. Score de risco: 46.11.,1,669
670,2026-05-17 17:15:00,Relatório automático do alerta Amarelo. Razões principais: Precipitação acumulada entre 30 e 40 mm nas últimas 6 horas. Score de risco: 37.71.,2,670
671,2026-05-17 17:15:00,Relatório automático do alerta Vermelho. Razões principais: Nível de água entre 85% e 90%. Precipitação acumulada superior a 60 mm nas últimas 6 horas. Score de risco: 61.58.,1,671
672,2026-05-17 18:15:00,Relatório automático do alerta Laranja. Razões principais: Nível de água entre 70% e 85%. Precipitação acumulada entre 41 e 60 mm nas últimas 6 horas. Precipitação prevista entre 21 e 40 mm na próxima hora. Score de risco: 56.85.,2,672
673,2026-05-17 18:15:00,Relatório automático do alerta Laranja. Razões principais: Precipitação acumulada entre 30 e 40 mm nas últimas 6 horas. Precipitação prevista entre 10 e 20 mm na próxima hora. Score de risco: 44.75.,2,673
674,2026-05-17 18:15:00,Relatório automático do alerta Laranja. Razões principais: Precipitação acumulada entre 30 e 40 mm nas últimas 6 horas. Precipitação prevista entre 10 e 20 mm na próxima hora. Score de risco: 41.35.,3,674
675,2026-05-17 19:15:00,Relatório automático do alerta Laranja. Razões principais: Nível de água entre 70% e 85%. Precipitação acumulada entre 41 e 60 mm nas últimas 6 horas. Precipitação prevista entre 10 e 20 mm na próxima hora. Score de risco: 57.34.,3,675
676,2026-05-17 19:15:00,Relatório automático do alerta Amarelo. Razões principais: Precipitação acumulada entre 30 e 40 mm nas últimas 6 horas. Score de risco: 35.06.,1,676
677,2026-05-17 19:15:00,Relatório automático do alerta Amarelo. Razões principais: Precipitação prevista entre 10 e 20 mm na próxima hora. Score de risco: 29.14.,1,677
678,2026-05-17 20:15:00,Relatório automático do alerta Laranja. Razões principais: Nível de água entre 70% e 85%. Precipitação acumulada entre 41 e 60 mm nas últimas 6 horas. Precipitação prevista entre 10 e 20 mm na próxima hora. Score de risco: 54.69.,3,678
679,2026-05-17 20:15:00,Relatório automático do alerta Laranja. Razões principais: Precipitação acumulada entre 30 e 40 mm nas últimas 6 horas. Precipitação prevista entre 10 e 20 mm na próxima hora. Score de risco: 45.46.,1,679
680,2026-05-17 20:15:00,Relatório automático do alerta Laranja. Razões principais: Nível de água entre 70% e 85%. Precipitação acumulada entre 41 e 60 mm nas últimas 6 horas. Precipitação prevista entre 21 e 40 mm na próxima hora. Score de risco: 55.46.,2,680
681,2026-05-17 21:15:00,Relatório automático do alerta Laranja. Razões principais: Nível de água entre 70% e 85%. Precipitação acumulada entre 41 e 60 mm nas últimas 6 horas. Precipitação prevista entre 10 e 20 mm na próxima hora. Score de risco: 56.49.,2,681
682,2026-05-17 21:15:00,Relatório automático do alerta Verde. Razões principais: Valores abaixo dos limites iniciais. Score de risco: 34.67.,3,682
683,2026-05-17 21:15:00,Relatório automático do alerta Amarelo. Razões principais: Precipitação acumulada entre 30 e 40 mm nas últimas 6 horas. Score de risco: 41.54.,1,683
684,2026-05-17 21:15:00,Relatório automático do alerta Laranja. Razões principais: Nível de água entre 70% e 85%. Precipitação acumulada entre 41 e 60 mm nas últimas 6 horas. Precipitação prevista entre 10 e 20 mm na próxima hora. Score de risco: 54.64.,2,684
685,2026-05-17 22:15:00,Relatório automático do alerta Vermelho. Razões principais: Nível de água superior ou igual a 90%. Precipitação acumulada superior a 60 mm nas últimas 6 horas. Precipitação prevista entre 21 e 40 mm na próxima hora. Score de risco: 77.08.,3,685
686,2026-05-17 22:15:00,Relatório automático do alerta Laranja. Razões principais: Nível de água entre 70% e 85%. Precipitação acumulada entre 41 e 60 mm nas últimas 6 horas. Precipitação prevista entre 10 e 20 mm na próxima hora. Score de risco: 53.68.,1,686
687,2026-05-17 23:15:00,Relatório automático do alerta Vermelho. Razões principais: Nível de água superior ou igual a 90%. Precipitação acumulada superior a 60 mm nas últimas 6 horas. Precipitação prevista entre 21 e 40 mm na próxima hora. Score de risco: 75.97.,1,687
688,2026-05-17 23:15:00,Relatório automático do alerta Amarelo. Razões principais: Precipitação prevista entre 10 e 20 mm na próxima hora. Score de risco: 36.09.,3,688
689,2026-05-17 23:15:00,Relatório automático do alerta Amarelo. Razões principais: Precipitação prevista entre 10 e 20 mm na próxima hora. Score de risco: 38.91.,3,689
690,2026-05-17 23:15:00,Relatório automático do alerta Laranja. Razões principais: Nível de água entre 70% e 85%. Precipitação acumulada entre 41 e 60 mm nas últimas 6 horas. Score de risco: 50.46.,2,690
691,2026-05-18 00:15:00,Relatório automático do alerta Laranja. Razões principais: Nível de água entre 85% e 90%. Precipitação acumulada entre 41 e 60 mm nas últimas 6 horas. Score de risco: 56.41.,2,691
692,2026-05-18 00:15:00,Relatório automático do alerta Amarelo. Razões principais: Precipitação prevista entre 10 e 20 mm na próxima hora. Score de risco: 36.26.,2,692
693,2026-05-18 00:15:00,Relatório automático do alerta Laranja. Razões principais: Nível de água entre 70% e 85%. Precipitação acumulada entre 41 e 60 mm nas últimas 6 horas. Precipitação prevista entre 10 e 20 mm na próxima hora. Score de risco: 53.10.,3,693
694,2026-05-18 01:15:00,Relatório automático do alerta Laranja. Razões principais: Nível de água entre 70% e 85%. Precipitação acumulada entre 41 e 60 mm nas últimas 6 horas. Score de risco: 52.90.,1,694
695,2026-05-18 01:15:00,Relatório automático do alerta Verde. Razões principais: Valores abaixo dos limites iniciais. Score de risco: 35.62.,3,695
696,2026-05-18 01:15:00,Relatório automático do alerta Laranja. Razões principais: Nível de água entre 70% e 85%. Precipitação acumulada entre 41 e 60 mm nas últimas 6 horas. Precipitação prevista entre 10 e 20 mm na próxima hora. Score de risco: 51.65.,3,696
697,2026-05-18 02:15:00,Relatório automático do alerta Laranja. Razões principais: Nível de água entre 70% e 85%. Precipitação acumulada entre 41 e 60 mm nas últimas 6 horas. Score de risco: 54.20.,1,697
698,2026-05-18 02:15:00,Relatório automático do alerta Laranja. Razões principais: Precipitação prevista entre 21 e 40 mm na próxima hora. Score de risco: 39.79.,1,698
699,2026-05-18 03:15:00,Relatório automático do alerta Laranja. Razões principais: Nível de água entre 70% e 85%. Precipitação acumulada entre 41 e 60 mm nas últimas 6 horas. Score de risco: 51.27.,1,699
700,2026-05-18 03:15:00,Relatório automático do alerta Amarelo. Razões principais: Precipitação prevista entre 10 e 20 mm na próxima hora. Score de risco: 34.65.,1,700
701,2026-05-18 03:15:00,Relatório automático do alerta Amarelo. Razões principais: Precipitação prevista entre 10 e 20 mm na próxima hora. Score de risco: 32.05.,1,701
702,2026-05-18 04:15:00,Relatório automático do alerta Amarelo. Razões principais: Precipitação prevista entre 10 e 20 mm na próxima hora. Score de risco: 32.94.,3,702
703,2026-05-18 05:15:00,Relatório automático do alerta Laranja. Razões principais: Precipitação prevista entre 21 e 40 mm na próxima hora. Score de risco: 38.11.,1,703
704,2026-05-18 05:15:00,Relatório automático do alerta Amarelo. Razões principais: Precipitação prevista entre 10 e 20 mm na próxima hora. Score de risco: 30.33.,2,704
705,2026-05-18 06:15:00,Relatório automático do alerta Amarelo. Razões principais: Precipitação prevista entre 10 e 20 mm na próxima hora. Score de risco: 33.47.,3,705
706,2026-05-18 06:15:00,Relatório automático do alerta Amarelo. Razões principais: Precipitação prevista entre 10 e 20 mm na próxima hora. Score de risco: 34.46.,2,706
707,2026-05-18 07:15:00,Relatório automático do alerta Laranja. Razões principais: Precipitação prevista entre 21 e 40 mm na próxima hora. Score de risco: 34.33.,1,707
708,2026-05-18 07:15:00,Relatório automático do alerta Laranja. Razões principais: Precipitação prevista entre 21 e 40 mm na próxima hora. Score de risco: 31.86.,2,708
709,2026-05-18 08:15:00,Relatório automático do alerta Laranja. Razões principais: Precipitação acumulada entre 30 e 40 mm nas últimas 6 horas. Precipitação prevista entre 10 e 20 mm na próxima hora. Score de risco: 45.36.,2,709
710,2026-05-18 08:15:00,Relatório automático do alerta Amarelo. Razões principais: Precipitação prevista entre 10 e 20 mm na próxima hora. Score de risco: 33.71.,3,710
711,2026-05-18 09:15:00,Relatório automático do alerta Amarelo. Razões principais: Precipitação prevista entre 10 e 20 mm na próxima hora. Score de risco: 37.48.,1,711
712,2026-05-18 09:15:00,Relatório automático do alerta Laranja. Razões principais: Precipitação acumulada entre 41 e 60 mm nas últimas 6 horas. Precipitação prevista entre 10 e 20 mm na próxima hora. Score de risco: 47.64.,1,712
713,2026-05-18 09:15:00,Relatório automático do alerta Laranja. Razões principais: Precipitação prevista entre 21 e 40 mm na próxima hora. Score de risco: 41.02.,2,713
714,2026-05-18 10:15:00,Relatório automático do alerta Laranja. Razões principais: Nível de água entre 70% e 85%. Precipitação acumulada entre 41 e 60 mm nas últimas 6 horas. Precipitação prevista entre 21 e 40 mm na próxima hora. Score de risco: 51.83.,2,714
715,2026-05-18 10:15:00,Relatório automático do alerta Laranja. Razões principais: Precipitação acumulada entre 41 e 60 mm nas últimas 6 horas. Score de risco: 45.17.,2,715
716,2026-05-18 10:15:00,Relatório automático do alerta Verde. Razões principais: Valores abaixo dos limites iniciais. Score de risco: 30.60.,3,716
717,2026-05-18 11:15:00,Relatório automático do alerta Laranja. Razões principais: Nível de água entre 70% e 85%. Precipitação acumulada entre 41 e 60 mm nas últimas 6 horas. Precipitação prevista entre 10 e 20 mm na próxima hora. Score de risco: 47.76.,1,717
718,2026-05-18 11:15:00,Relatório automático do alerta Laranja. Razões principais: Nível de água entre 70% e 85%. Precipitação acumulada entre 41 e 60 mm nas últimas 6 horas. Score de risco: 46.10.,3,718
719,2026-05-18 12:15:00,Relatório automático do alerta Laranja. Razões principais: Nível de água entre 70% e 85%. Precipitação acumulada entre 41 e 60 mm nas últimas 6 horas. Score de risco: 46.38.,2,719
720,2026-05-18 12:15:00,Relatório automático do alerta Amarelo. Razões principais: Precipitação acumulada entre 30 e 40 mm nas últimas 6 horas. Score de risco: 42.70.,1,720
721,2026-05-18 13:15:00,Relatório automático do alerta Laranja. Razões principais: Nível de água entre 70% e 85%. Precipitação acumulada entre 41 e 60 mm nas últimas 6 horas. Score de risco: 51.93.,1,721
722,2026-05-18 13:15:00,Relatório automático do alerta Amarelo. Razões principais: Precipitação acumulada entre 30 e 40 mm nas últimas 6 horas. Score de risco: 42.12.,1,722
723,2026-05-18 13:15:00,Relatório automático do alerta Amarelo. Razões principais: Precipitação prevista entre 10 e 20 mm na próxima hora. Score de risco: 32.75.,3,723
724,2026-05-18 14:15:00,Relatório automático do alerta Laranja. Razões principais: Nível de água entre 70% e 85%. Precipitação acumulada entre 41 e 60 mm nas últimas 6 horas. Precipitação prevista entre 10 e 20 mm na próxima hora. Score de risco: 55.35.,1,724
725,2026-05-18 14:15:00,Relatório automático do alerta Vermelho. Razões principais: Nível de água entre 70% e 85%. Precipitação acumulada superior a 60 mm nas últimas 6 horas. Precipitação prevista superior a 40 mm na próxima hora. Score de risco: 70.29.,3,725
726,2026-05-18 15:15:00,Relatório automático do alerta Laranja. Razões principais: Nível de água entre 70% e 85%. Precipitação acumulada entre 41 e 60 mm nas últimas 6 horas. Precipitação prevista entre 10 e 20 mm na próxima hora. Score de risco: 55.54.,3,726
727,2026-05-18 15:15:00,Relatório automático do alerta Amarelo. Razões principais: Precipitação prevista entre 10 e 20 mm na próxima hora. Score de risco: 30.16.,2,727
728,2026-05-18 15:15:00,Relatório automático do alerta Vermelho. Razões principais: Nível de água superior ou igual a 90%. Precipitação acumulada superior a 60 mm nas últimas 6 horas. Score de risco: 62.98.,1,728
729,2026-05-18 16:15:00,Relatório automático do alerta Laranja. Razões principais: Precipitação acumulada entre 30 e 40 mm nas últimas 6 horas. Precipitação prevista entre 10 e 20 mm na próxima hora. Score de risco: 41.30.,3,729
730,2026-05-18 16:15:00,Relatório automático do alerta Laranja. Razões principais: Nível de água entre 70% e 85%. Precipitação acumulada entre 41 e 60 mm nas últimas 6 horas. Precipitação prevista entre 21 e 40 mm na próxima hora. Score de risco: 55.97.,1,730
731,2026-05-18 16:15:00,Relatório automático do alerta Amarelo. Razões principais: Precipitação acumulada entre 30 e 40 mm nas últimas 6 horas. Score de risco: 41.67.,3,731
732,2026-05-18 16:15:00,Relatório automático do alerta Vermelho. Razões principais: Nível de água superior ou igual a 90%. Precipitação acumulada superior a 60 mm nas últimas 6 horas. Precipitação prevista entre 10 e 20 mm na próxima hora. Score de risco: 67.72.,1,732
733,2026-05-18 17:15:00,Relatório automático do alerta Amarelo. Razões principais: Precipitação acumulada entre 30 e 40 mm nas últimas 6 horas. Score de risco: 38.17.,2,733
734,2026-05-18 17:15:00,Relatório automático do alerta Laranja. Razões principais: Nível de água entre 70% e 85%. Precipitação acumulada entre 41 e 60 mm nas últimas 6 horas. Score de risco: 47.60.,1,734
735,2026-05-18 17:15:00,Relatório automático do alerta Laranja. Razões principais: Precipitação acumulada entre 30 e 40 mm nas últimas 6 horas. Precipitação prevista entre 21 e 40 mm na próxima hora. Score de risco: 44.93.,1,735
736,2026-05-18 17:15:00,Relatório automático do alerta Vermelho. Razões principais: Nível de água entre 85% e 90%. Precipitação acumulada superior a 60 mm nas últimas 6 horas. Score de risco: 59.94.,1,736
737,2026-05-18 18:15:00,Relatório automático do alerta Amarelo. Razões principais: Precipitação acumulada entre 30 e 40 mm nas últimas 6 horas. Score de risco: 40.01.,3,737
738,2026-05-18 18:15:00,Relatório automático do alerta Laranja. Razões principais: Nível de água entre 70% e 85%. Precipitação acumulada entre 41 e 60 mm nas últimas 6 horas. Precipitação prevista entre 10 e 20 mm na próxima hora. Score de risco: 53.22.,1,738
739,2026-05-18 18:15:00,Relatório automático do alerta Vermelho. Razões principais: Nível de água entre 70% e 85%. Precipitação acumulada superior a 60 mm nas últimas 6 horas. Precipitação prevista entre 21 e 40 mm na próxima hora. Score de risco: 67.25.,1,739
740,2026-05-18 18:15:00,Relatório automático do alerta Vermelho. Razões principais: Nível de água entre 85% e 90%. Precipitação acumulada superior a 60 mm nas últimas 6 horas. Score de risco: 61.76.,2,740
741,2026-05-18 19:15:00,Relatório automático do alerta Amarelo. Razões principais: Precipitação prevista entre 10 e 20 mm na próxima hora. Score de risco: 41.83.,2,741
742,2026-05-18 19:15:00,Relatório automático do alerta Laranja. Razões principais: Nível de água entre 70% e 85%. Precipitação acumulada entre 41 e 60 mm nas últimas 6 horas. Precipitação prevista entre 10 e 20 mm na próxima hora. Score de risco: 54.54.,1,742
743,2026-05-18 19:15:00,Relatório automático do alerta Vermelho. Razões principais: Nível de água entre 70% e 85%. Precipitação acumulada superior a 60 mm nas últimas 6 horas. Score de risco: 57.06.,2,743
744,2026-05-18 19:15:00,Relatório automático do alerta Vermelho. Razões principais: Nível de água superior ou igual a 90%. Precipitação acumulada superior a 60 mm nas últimas 6 horas. Precipitação prevista entre 10 e 20 mm na próxima hora. Score de risco: 70.95.,2,744
745,2026-05-18 20:15:00,Relatório automático do alerta Vermelho. Razões principais: Nível de água entre 70% e 85%. Precipitação acumulada entre 41 e 60 mm nas últimas 6 horas. Precipitação prevista superior a 40 mm na próxima hora. Score de risco: 62.93.,3,745
746,2026-05-18 20:15:00,Relatório automático do alerta Laranja. Razões principais: Nível de água entre 70% e 85%. Precipitação acumulada entre 41 e 60 mm nas últimas 6 horas. Precipitação prevista entre 10 e 20 mm na próxima hora. Score de risco: 56.80.,2,746
747,2026-05-18 20:15:00,Relatório automático do alerta Vermelho. Razões principais: Nível de água entre 70% e 85%. Precipitação acumulada superior a 60 mm nas últimas 6 horas. Score de risco: 58.36.,2,747
748,2026-05-18 20:15:00,Relatório automático do alerta Amarelo. Razões principais: Precipitação acumulada entre 30 e 40 mm nas últimas 6 horas. Score de risco: 43.00.,2,748
749,2026-05-18 21:15:00,Relatório automático do alerta Laranja. Razões principais: Nível de água entre 70% e 85%. Precipitação acumulada entre 41 e 60 mm nas últimas 6 horas. Score de risco: 52.40.,2,749
750,2026-05-18 21:15:00,Relatório automático do alerta Laranja. Razões principais: Nível de água entre 70% e 85%. Precipitação acumulada entre 41 e 60 mm nas últimas 6 horas. Score de risco: 52.36.,2,750
751,2026-05-18 21:15:00,Relatório automático do alerta Vermelho. Razões principais: Nível de água entre 85% e 90%. Precipitação acumulada superior a 60 mm nas últimas 6 horas. Score de risco: 59.09.,3,751
752,2026-05-18 21:15:00,Relatório automático do alerta Laranja. Razões principais: Precipitação acumulada entre 30 e 40 mm nas últimas 6 horas. Precipitação prevista entre 10 e 20 mm na próxima hora. Score de risco: 38.94.,3,752
753,2026-05-18 22:15:00,Relatório automático do alerta Laranja. Razões principais: Nível de água entre 70% e 85%. Precipitação acumulada entre 41 e 60 mm nas últimas 6 horas. Precipitação prevista entre 10 e 20 mm na próxima hora. Score de risco: 54.46.,3,753
754,2026-05-18 22:15:00,Relatório automático do alerta Vermelho. Razões principais: Nível de água superior ou igual a 90%. Precipitação acumulada superior a 60 mm nas últimas 6 horas. Precipitação prevista superior a 40 mm na próxima hora. Score de risco: 83.70.,3,754
755,2026-05-18 22:15:00,Relatório automático do alerta Laranja. Razões principais: Precipitação acumulada entre 30 e 40 mm nas últimas 6 horas. Precipitação prevista entre 10 e 20 mm na próxima hora. Score de risco: 36.30.,3,755
756,2026-05-18 23:15:00,Relatório automático do alerta Laranja. Razões principais: Nível de água entre 70% e 85%. Precipitação acumulada entre 41 e 60 mm nas últimas 6 horas. Score de risco: 50.46.,1,756
757,2026-05-18 23:15:00,Relatório automático do alerta Amarelo. Razões principais: Precipitação prevista entre 10 e 20 mm na próxima hora. Score de risco: 36.20.,2,757
758,2026-05-18 23:15:00,Relatório automático do alerta Vermelho. Razões principais: Nível de água superior ou igual a 90%. Precipitação acumulada superior a 60 mm nas últimas 6 horas. Score de risco: 70.65.,1,758
759,2026-05-18 23:15:00,Relatório automático do alerta Vermelho. Razões principais: Nível de água entre 70% e 85%. Precipitação acumulada superior a 60 mm nas últimas 6 horas. Precipitação prevista entre 21 e 40 mm na próxima hora. Score de risco: 63.93.,3,759
760,2026-05-19 00:15:00,Relatório automático do alerta Laranja. Razões principais: Nível de água entre 70% e 85%. Precipitação acumulada entre 41 e 60 mm nas últimas 6 horas. Score de risco: 49.86.,2,760
761,2026-05-19 00:15:00,Relatório automático do alerta Vermelho. Razões principais: Nível de água superior ou igual a 90%. Precipitação acumulada superior a 60 mm nas últimas 6 horas. Precipitação prevista entre 10 e 20 mm na próxima hora. Score de risco: 66.42.,3,761
762,2026-05-19 00:15:00,Relatório automático do alerta Vermelho. Razões principais: Nível de água superior ou igual a 90%. Precipitação acumulada superior a 60 mm nas últimas 6 horas. Precipitação prevista entre 21 e 40 mm na próxima hora. Score de risco: 71.51.,2,762
763,2026-05-19 01:15:00,Relatório automático do alerta Laranja. Razões principais: Nível de água entre 70% e 85%. Precipitação acumulada entre 41 e 60 mm nas últimas 6 horas. Score de risco: 49.34.,2,763
764,2026-05-19 01:15:00,Relatório automático do alerta Vermelho. Razões principais: Nível de água entre 85% e 90%. Precipitação acumulada superior a 60 mm nas últimas 6 horas. Score de risco: 64.30.,3,764
765,2026-05-19 01:15:00,Relatório automático do alerta Vermelho. Razões principais: Nível de água superior ou igual a 90%. Precipitação acumulada superior a 60 mm nas últimas 6 horas. Score de risco: 62.78.,3,765
766,2026-05-19 02:15:00,Relatório automático do alerta Amarelo. Razões principais: Precipitação prevista entre 10 e 20 mm na próxima hora. Score de risco: 30.28.,2,766
767,2026-05-19 02:15:00,Relatório automático do alerta Vermelho. Razões principais: Nível de água superior ou igual a 90%. Precipitação acumulada superior a 60 mm nas últimas 6 horas. Score de risco: 70.08.,3,767
768,2026-05-19 02:15:00,Relatório automático do alerta Vermelho. Razões principais: Nível de água entre 85% e 90%. Precipitação acumulada superior a 60 mm nas últimas 6 horas. Score de risco: 59.71.,1,768
769,2026-05-19 03:15:00,Relatório automático do alerta Vermelho. Razões principais: Nível de água superior ou igual a 90%. Precipitação acumulada superior a 60 mm nas últimas 6 horas. Precipitação prevista entre 10 e 20 mm na próxima hora. Score de risco: 71.87.,2,769
770,2026-05-19 03:15:00,Relatório automático do alerta Vermelho. Razões principais: Nível de água entre 85% e 90%. Precipitação acumulada superior a 60 mm nas últimas 6 horas. Score de risco: 61.13.,1,770
771,2026-05-19 04:15:00,Relatório automático do alerta Laranja. Razões principais: Precipitação acumulada entre 30 e 40 mm nas últimas 6 horas. Precipitação prevista entre 21 e 40 mm na próxima hora. Score de risco: 49.58.,1,771
772,2026-05-19 04:15:00,Relatório automático do alerta Vermelho. Razões principais: Nível de água entre 85% e 90%. Precipitação acumulada superior a 60 mm nas últimas 6 horas. Score de risco: 59.50.,3,772
773,2026-05-19 05:15:00,Relatório automático do alerta Amarelo. Razões principais: Precipitação acumulada entre 30 e 40 mm nas últimas 6 horas. Score de risco: 41.57.,1,773
774,2026-05-19 05:15:00,Relatório automático do alerta Laranja. Razões principais: Precipitação acumulada entre 30 e 40 mm nas últimas 6 horas. Precipitação prevista entre 10 e 20 mm na próxima hora. Score de risco: 39.87.,3,774
775,2026-05-19 06:15:00,Relatório automático do alerta Amarelo. Razões principais: Precipitação prevista entre 10 e 20 mm na próxima hora. Score de risco: 31.68.,3,775
776,2026-05-19 06:15:00,Relatório automático do alerta Laranja. Razões principais: Precipitação acumulada entre 30 e 40 mm nas últimas 6 horas. Precipitação prevista entre 10 e 20 mm na próxima hora. Score de risco: 43.47.,2,776
777,2026-05-19 07:15:00,Relatório automático do alerta Amarelo. Razões principais: Precipitação acumulada entre 30 e 40 mm nas últimas 6 horas. Score de risco: 42.02.,2,777
778,2026-05-19 07:15:00,Relatório automático do alerta Laranja. Razões principais: Precipitação acumulada entre 41 e 60 mm nas últimas 6 horas. Precipitação prevista entre 10 e 20 mm na próxima hora. Score de risco: 45.70.,2,778
779,2026-05-19 07:15:00,Relatório automático do alerta Amarelo. Razões principais: Precipitação prevista entre 10 e 20 mm na próxima hora. Score de risco: 30.79.,2,779
780,2026-05-19 08:15:00,Relatório automático do alerta Laranja. Razões principais: Nível de água entre 70% e 85%. Precipitação acumulada entre 41 e 60 mm nas últimas 6 horas. Precipitação prevista entre 10 e 20 mm na próxima hora. Score de risco: 50.97.,1,780
781,2026-05-19 08:15:00,Relatório automático do alerta Amarelo. Razões principais: Precipitação acumulada entre 30 e 40 mm nas últimas 6 horas. Score de risco: 42.29.,2,781
782,2026-05-19 08:15:00,Relatório automático do alerta Amarelo. Razões principais: Precipitação prevista entre 10 e 20 mm na próxima hora. Score de risco: 28.06.,3,782
783,2026-05-19 09:15:00,Relatório automático do alerta Laranja. Razões principais: Nível de água entre 70% e 85%. Precipitação acumulada entre 41 e 60 mm nas últimas 6 horas. Score de risco: 46.45.,3,783
784,2026-05-19 09:15:00,Relatório automático do alerta Amarelo. Razões principais: Precipitação acumulada entre 30 e 40 mm nas últimas 6 horas. Score de risco: 36.57.,3,784
785,2026-05-19 09:15:00,Relatório automático do alerta Vermelho. Razões principais: Nível de água entre 70% e 85%. Precipitação acumulada superior a 60 mm nas últimas 6 horas. Precipitação prevista entre 21 e 40 mm na próxima hora. Score de risco: 63.47.,2,785
786,2026-05-19 10:15:00,Relatório automático do alerta Amarelo. Razões principais: Precipitação prevista entre 10 e 20 mm na próxima hora. Score de risco: 34.00.,2,786
787,2026-05-19 10:15:00,Relatório automático do alerta Verde. Razões principais: Valores abaixo dos limites iniciais. Score de risco: 33.88.,2,787
788,2026-05-19 10:15:00,Relatório automático do alerta Amarelo. Razões principais: Precipitação acumulada entre 30 e 40 mm nas últimas 6 horas. Score de risco: 38.04.,1,788
789,2026-05-19 10:15:00,Relatório automático do alerta Vermelho. Razões principais: Nível de água entre 85% e 90%. Precipitação acumulada superior a 60 mm nas últimas 6 horas. Score de risco: 58.34.,2,789
790,2026-05-19 11:15:00,Relatório automático do alerta Laranja. Razões principais: Precipitação prevista entre 21 e 40 mm na próxima hora. Score de risco: 37.24.,2,790
791,2026-05-19 11:15:00,Relatório automático do alerta Laranja. Razões principais: Precipitação acumulada entre 30 e 40 mm nas últimas 6 horas. Precipitação prevista entre 10 e 20 mm na próxima hora. Score de risco: 39.58.,2,791
792,2026-05-19 11:15:00,Relatório automático do alerta Vermelho. Razões principais: Nível de água entre 70% e 85%. Precipitação acumulada superior a 60 mm nas últimas 6 horas. Precipitação prevista entre 10 e 20 mm na próxima hora. Score de risco: 58.99.,1,792
793,2026-05-19 12:15:00,Relatório automático do alerta Amarelo. Razões principais: Precipitação prevista entre 10 e 20 mm na próxima hora. Score de risco: 38.68.,2,793
794,2026-05-19 12:15:00,Relatório automático do alerta Amarelo. Razões principais: Precipitação acumulada entre 30 e 40 mm nas últimas 6 horas. Score de risco: 41.39.,1,794
795,2026-05-19 12:15:00,Relatório automático do alerta Vermelho. Razões principais: Nível de água entre 70% e 85%. Precipitação acumulada superior a 60 mm nas últimas 6 horas. Score de risco: 57.91.,3,795
796,2026-05-19 13:15:00,Relatório automático do alerta Amarelo. Razões principais: Precipitação prevista entre 10 e 20 mm na próxima hora. Score de risco: 37.30.,3,796
797,2026-05-19 13:15:00,Relatório automático do alerta Laranja. Razões principais: Nível de água entre 70% e 85%. Precipitação acumulada entre 41 e 60 mm nas últimas 6 horas. Precipitação prevista entre 21 e 40 mm na próxima hora. Score de risco: 60.35.,3,797
798,2026-05-19 14:15:00,Relatório automático do alerta Amarelo. Razões principais: Precipitação prevista entre 10 e 20 mm na próxima hora. Score de risco: 32.68.,2,798
799,2026-05-19 14:15:00,Relatório automático do alerta Laranja. Razões principais: Nível de água entre 70% e 85%. Precipitação acumulada entre 41 e 60 mm nas últimas 6 horas. Score de risco: 53.60.,1,799
800,2026-05-19 15:15:00,Relatório automático do alerta Laranja. Razões principais: Precipitação prevista entre 21 e 40 mm na próxima hora. Score de risco: 37.41.,2,800
801,2026-05-19 16:15:00,Relatório automático do alerta Laranja. Razões principais: Precipitação prevista entre 21 e 40 mm na próxima hora. Score de risco: 35.44.,2,801
802,2026-05-19 16:15:00,Relatório automático do alerta Laranja. Razões principais: Precipitação acumulada entre 30 e 40 mm nas últimas 6 horas. Precipitação prevista entre 10 e 20 mm na próxima hora. Score de risco: 44.92.,1,802
803,2026-05-19 17:15:00,Relatório automático do alerta Amarelo. Razões principais: Precipitação acumulada entre 30 e 40 mm nas últimas 6 horas. Score de risco: 38.33.,1,803
804,2026-05-19 18:15:00,Relatório automático do alerta Amarelo. Razões principais: Precipitação prevista entre 10 e 20 mm na próxima hora. Score de risco: 33.14.,2,804
805,2026-05-19 18:15:00,Relatório automático do alerta Laranja. Razões principais: Precipitação acumulada entre 41 e 60 mm nas últimas 6 horas. Precipitação prevista entre 10 e 20 mm na próxima hora. Score de risco: 48.94.,3,805
806,2026-05-19 19:15:00,Relatório automático do alerta Amarelo. Razões principais: Precipitação prevista entre 10 e 20 mm na próxima hora. Score de risco: 33.56.,1,806
807,2026-05-19 19:15:00,Relatório automático do alerta Amarelo. Razões principais: Precipitação prevista entre 10 e 20 mm na próxima hora. Score de risco: 31.37.,3,807
808,2026-05-19 19:15:00,Relatório automático do alerta Laranja. Razões principais: Precipitação acumulada entre 41 e 60 mm nas últimas 6 horas. Score de risco: 44.52.,2,808
809,2026-05-19 20:15:00,Relatório automático do alerta Amarelo. Razões principais: Precipitação prevista entre 10 e 20 mm na próxima hora. Score de risco: 37.35.,3,809
810,2026-05-19 20:15:00,Relatório automático do alerta Laranja. Razões principais: Precipitação prevista entre 21 e 40 mm na próxima hora. Score de risco: 33.63.,1,810
811,2026-05-19 20:15:00,Relatório automático do alerta Laranja. Razões principais: Precipitação acumulada entre 41 e 60 mm nas últimas 6 horas. Precipitação prevista entre 10 e 20 mm na próxima hora. Score de risco: 49.66.,2,811
812,2026-05-19 21:15:00,Relatório automático do alerta Amarelo. Razões principais: Precipitação prevista entre 10 e 20 mm na próxima hora. Score de risco: 34.74.,2,812
813,2026-05-19 21:15:00,Relatório automático do alerta Amarelo. Razões principais: Precipitação prevista entre 10 e 20 mm na próxima hora. Score de risco: 29.29.,3,813
814,2026-05-19 21:15:00,Relatório automático do alerta Laranja. Razões principais: Nível de água entre 70% e 85%. Precipitação acumulada entre 41 e 60 mm nas últimas 6 horas. Score de risco: 47.17.,3,814
815,2026-05-19 22:15:00,Relatório automático do alerta Verde. Razões principais: Valores abaixo dos limites iniciais. Score de risco: 26.90.,2,815
816,2026-05-19 23:15:00,Relatório automático do alerta Amarelo. Razões principais: Precipitação prevista entre 10 e 20 mm na próxima hora. Score de risco: 38.64.,1,816
817,2026-05-19 23:15:00,Relatório automático do alerta Vermelho. Razões principais: Precipitação acumulada entre 41 e 60 mm nas últimas 6 horas. Precipitação prevista superior a 40 mm na próxima hora. Score de risco: 50.61.,1,817
818,2026-05-19 23:15:00,Relatório automático do alerta Amarelo. Razões principais: Precipitação acumulada entre 30 e 40 mm nas últimas 6 horas. Score de risco: 36.08.,1,818
819,2026-05-20 00:15:00,Relatório automático do alerta Amarelo. Razões principais: Precipitação acumulada entre 30 e 40 mm nas últimas 6 horas. Score de risco: 36.11.,2,819
820,2026-05-20 00:15:00,Relatório automático do alerta Laranja. Razões principais: Precipitação acumulada entre 41 e 60 mm nas últimas 6 horas. Score de risco: 44.95.,2,820
821,2026-05-20 01:15:00,Relatório automático do alerta Amarelo. Razões principais: Precipitação prevista entre 10 e 20 mm na próxima hora. Score de risco: 35.48.,3,821
822,2026-05-20 01:15:00,Relatório automático do alerta Amarelo. Razões principais: Precipitação acumulada entre 30 e 40 mm nas últimas 6 horas. Score de risco: 35.88.,2,822
823,2026-05-20 01:15:00,Relatório automático do alerta Laranja. Razões principais: Nível de água entre 70% e 85%. Precipitação acumulada entre 41 e 60 mm nas últimas 6 horas. Precipitação prevista entre 10 e 20 mm na próxima hora. Score de risco: 49.79.,2,823
824,2026-05-20 02:15:00,Relatório automático do alerta Amarelo. Razões principais: Precipitação prevista entre 10 e 20 mm na próxima hora. Score de risco: 40.47.,1,824
825,2026-05-20 02:15:00,Relatório automático do alerta Laranja. Razões principais: Precipitação acumulada entre 41 e 60 mm nas últimas 6 horas. Precipitação prevista entre 10 e 20 mm na próxima hora. Score de risco: 47.56.,2,825
826,2026-05-20 03:15:00,Relatório automático do alerta Laranja. Razões principais: Precipitação acumulada entre 30 e 40 mm nas últimas 6 horas. Precipitação prevista entre 10 e 20 mm na próxima hora. Score de risco: 44.97.,2,826
827,2026-05-20 03:15:00,Relatório automático do alerta Laranja. Razões principais: Nível de água entre 70% e 85%. Precipitação acumulada entre 41 e 60 mm nas últimas 6 horas. Score de risco: 51.94.,1,827
828,2026-05-20 03:15:00,Relatório automático do alerta Verde. Razões principais: Valores abaixo dos limites iniciais. Score de risco: 25.15.,3,828
829,2026-05-20 04:15:00,Relatório automático do alerta Amarelo. Razões principais: Precipitação prevista entre 10 e 20 mm na próxima hora. Score de risco: 37.24.,3,829
830,2026-05-20 04:15:00,Relatório automático do alerta Laranja. Razões principais: Nível de água entre 70% e 85%. Precipitação acumulada entre 41 e 60 mm nas últimas 6 horas. Score de risco: 51.31.,1,830
831,2026-05-20 04:15:00,Relatório automático do alerta Amarelo. Razões principais: Precipitação prevista entre 10 e 20 mm na próxima hora. Score de risco: 29.71.,3,831
832,2026-05-20 05:15:00,Relatório automático do alerta Laranja. Razões principais: Precipitação prevista entre 21 e 40 mm na próxima hora. Score de risco: 34.64.,2,832
833,2026-05-20 05:15:00,Relatório automático do alerta Amarelo. Razões principais: Precipitação prevista entre 10 e 20 mm na próxima hora. Score de risco: 37.62.,3,833
834,2026-05-20 05:15:00,Relatório automático do alerta Amarelo. Razões principais: Precipitação prevista entre 10 e 20 mm na próxima hora. Score de risco: 37.20.,2,834
835,2026-05-20 06:15:00,Relatório automático do alerta Amarelo. Razões principais: Precipitação prevista entre 10 e 20 mm na próxima hora. Score de risco: 34.53.,1,835
836,2026-05-20 06:15:00,Relatório automático do alerta Amarelo. Razões principais: Precipitação prevista entre 10 e 20 mm na próxima hora. Score de risco: 33.95.,2,836
837,2026-05-20 06:15:00,Relatório automático do alerta Amarelo. Razões principais: Precipitação prevista entre 10 e 20 mm na próxima hora. Score de risco: 28.13.,3,837
838,2026-05-20 07:15:00,Relatório automático do alerta Amarelo. Razões principais: Precipitação prevista entre 10 e 20 mm na próxima hora. Score de risco: 30.48.,1,838
839,2026-05-20 08:15:00,Relatório automático do alerta Vermelho. Razões principais: Nível de água superior ou igual a 90%. Precipitação acumulada superior a 60 mm nas últimas 6 horas. Precipitação prevista superior a 40 mm na próxima hora. Score de risco: 79.90.,2,839
840,2026-05-20 08:15:00,Relatório automático do alerta Amarelo. Razões principais: Precipitação prevista entre 10 e 20 mm na próxima hora. Score de risco: 32.29.,1,840
841,2026-05-20 08:15:00,Relatório automático do alerta Verde. Razões principais: Valores abaixo dos limites iniciais. Score de risco: 24.23.,3,841
842,2026-05-20 08:15:00,Relatório automático do alerta Amarelo. Razões principais: Precipitação prevista entre 10 e 20 mm na próxima hora. Score de risco: 29.24.,2,842
843,2026-05-20 09:15:00,Relatório automático do alerta Vermelho. Razões principais: Nível de água superior ou igual a 90%. Precipitação acumulada superior a 60 mm nas últimas 6 horas. Score de risco: 65.95.,3,843
844,2026-05-20 09:15:00,Relatório automático do alerta Amarelo. Razões principais: Precipitação prevista entre 10 e 20 mm na próxima hora. Score de risco: 31.64.,3,844
845,2026-05-20 09:15:00,Relatório automático do alerta Amarelo. Razões principais: Precipitação prevista entre 10 e 20 mm na próxima hora. Score de risco: 30.76.,1,845
846,2026-05-20 10:15:00,Relatório automático do alerta Vermelho. Razões principais: Nível de água superior ou igual a 90%. Precipitação acumulada superior a 60 mm nas últimas 6 horas. Score de risco: 64.57.,2,846
847,2026-05-20 10:15:00,Relatório automático do alerta Verde. Razões principais: Valores abaixo dos limites iniciais. Score de risco: 30.07.,1,847
848,2026-05-20 11:15:00,Relatório automático do alerta Vermelho. Razões principais: Nível de água superior ou igual a 90%. Precipitação acumulada superior a 60 mm nas últimas 6 horas. Score de risco: 68.38.,2,848
849,2026-05-20 11:15:00,Relatório automático do alerta Amarelo. Razões principais: Precipitação prevista entre 10 e 20 mm na próxima hora. Score de risco: 30.80.,2,849
850,2026-05-20 12:15:00,Relatório automático do alerta Vermelho. Razões principais: Nível de água superior ou igual a 90%. Precipitação acumulada superior a 60 mm nas últimas 6 horas. Precipitação prevista entre 21 e 40 mm na próxima hora. Score de risco: 71.65.,3,850
851,2026-05-20 12:15:00,Relatório automático do alerta Laranja. Razões principais: Precipitação prevista entre 21 e 40 mm na próxima hora. Score de risco: 34.84.,1,851
852,2026-05-20 12:15:00,Relatório automático do alerta Laranja. Razões principais: Precipitação prevista entre 21 e 40 mm na próxima hora. Score de risco: 33.12.,2,852
853,2026-05-20 13:15:00,Relatório automático do alerta Vermelho. Razões principais: Nível de água superior ou igual a 90%. Precipitação acumulada superior a 60 mm nas últimas 6 horas. Score de risco: 69.55.,3,853
854,2026-05-20 13:15:00,Relatório automático do alerta Amarelo. Razões principais: Precipitação prevista entre 10 e 20 mm na próxima hora. Score de risco: 34.40.,2,854
855,2026-05-20 13:15:00,Relatório automático do alerta Laranja. Razões principais: Precipitação prevista entre 21 e 40 mm na próxima hora. Score de risco: 29.72.,3,855
856,2026-05-20 14:15:00,Relatório automático do alerta Laranja. Razões principais: Precipitação prevista entre 21 e 40 mm na próxima hora. Score de risco: 41.09.,2,856
857,2026-05-20 14:15:00,Relatório automático do alerta Amarelo. Razões principais: Precipitação prevista entre 10 e 20 mm na próxima hora. Score de risco: 32.52.,1,857
858,2026-05-20 15:15:00,Relatório automático do alerta Laranja. Razões principais: Precipitação prevista entre 21 e 40 mm na próxima hora. Score de risco: 42.19.,2,858
859,2026-05-20 15:15:00,Relatório automático do alerta Vermelho. Razões principais: Nível de água entre 70% e 85%. Precipitação acumulada entre 41 e 60 mm nas últimas 6 horas. Precipitação prevista superior a 40 mm na próxima hora. Score de risco: 64.72.,2,859
860,2026-05-20 15:15:00,Relatório automático do alerta Laranja. Razões principais: Precipitação acumulada entre 41 e 60 mm nas últimas 6 horas. Precipitação prevista entre 21 e 40 mm na próxima hora. Score de risco: 49.17.,3,860
861,2026-05-20 15:15:00,Relatório automático do alerta Amarelo. Razões principais: Precipitação prevista entre 10 e 20 mm na próxima hora. Score de risco: 28.34.,3,861
862,2026-05-20 16:15:00,Relatório automático do alerta Amarelo. Razões principais: Precipitação prevista entre 10 e 20 mm na próxima hora. Score de risco: 36.63.,2,862
863,2026-05-20 16:15:00,Relatório automático do alerta Laranja. Razões principais: Nível de água entre 70% e 85%. Precipitação acumulada entre 41 e 60 mm nas últimas 6 horas. Precipitação prevista entre 10 e 20 mm na próxima hora. Score de risco: 58.38.,3,863
864,2026-05-20 16:15:00,Relatório automático do alerta Verde. Razões principais: Valores abaixo dos limites iniciais. Score de risco: 27.83.,2,864
865,2026-05-20 17:15:00,Relatório automático do alerta Laranja. Razões principais: Nível de água entre 85% e 90%. Precipitação acumulada entre 41 e 60 mm nas últimas 6 horas. Precipitação prevista entre 10 e 20 mm na próxima hora. Score de risco: 59.01.,3,865
866,2026-05-20 17:15:00,Relatório automático do alerta Laranja. Razões principais: Nível de água entre 70% e 85%. Precipitação acumulada entre 41 e 60 mm nas últimas 6 horas. Precipitação prevista entre 10 e 20 mm na próxima hora. Score de risco: 52.94.,1,866
867,2026-05-20 17:15:00,Relatório automático do alerta Amarelo. Razões principais: Precipitação prevista entre 10 e 20 mm na próxima hora. Score de risco: 29.89.,1,867
868,2026-05-20 18:15:00,Relatório automático do alerta Amarelo. Razões principais: Precipitação prevista entre 10 e 20 mm na próxima hora. Score de risco: 38.63.,3,868
869,2026-05-20 18:15:00,Relatório automático do alerta Laranja. Razões principais: Nível de água entre 85% e 90%. Precipitação acumulada entre 41 e 60 mm nas últimas 6 horas. Score de risco: 55.02.,1,869
870,2026-05-20 18:15:00,Relatório automático do alerta Laranja. Razões principais: Nível de água entre 70% e 85%. Precipitação acumulada entre 41 e 60 mm nas últimas 6 horas. Precipitação prevista entre 10 e 20 mm na próxima hora. Score de risco: 54.29.,3,870
871,2026-05-20 18:15:00,Relatório automático do alerta Amarelo. Razões principais: Precipitação prevista entre 10 e 20 mm na próxima hora. Score de risco: 29.97.,3,871
872,2026-05-20 19:15:00,Relatório automático do alerta Laranja. Razões principais: Nível de água entre 70% e 85%. Precipitação acumulada entre 41 e 60 mm nas últimas 6 horas. Score de risco: 52.34.,2,872
873,2026-05-20 19:15:00,Relatório automático do alerta Laranja. Razões principais: Nível de água entre 70% e 85%. Precipitação acumulada entre 41 e 60 mm nas últimas 6 horas. Score de risco: 53.97.,2,873
874,2026-05-20 20:15:00,Relatório automático do alerta Laranja. Razões principais: Nível de água entre 70% e 85%. Precipitação acumulada entre 41 e 60 mm nas últimas 6 horas. Score de risco: 51.82.,2,874
875,2026-05-20 20:15:00,Relatório automático do alerta Laranja. Razões principais: Nível de água entre 70% e 85%. Precipitação acumulada entre 41 e 60 mm nas últimas 6 horas. Score de risco: 51.77.,1,875
876,2026-05-20 21:15:00,Relatório automático do alerta Laranja. Razões principais: Precipitação prevista entre 21 e 40 mm na próxima hora. Score de risco: 38.45.,1,876
877,2026-05-20 22:15:00,Relatório automático do alerta Amarelo. Razões principais: Precipitação prevista entre 10 e 20 mm na próxima hora. Score de risco: 35.46.,1,877
878,2026-05-20 22:15:00,Relatório automático do alerta Amarelo. Razões principais: Precipitação prevista entre 10 e 20 mm na próxima hora. Score de risco: 33.69.,1,878
879,2026-05-20 23:15:00,Relatório automático do alerta Amarelo. Razões principais: Precipitação prevista entre 10 e 20 mm na próxima hora. Score de risco: 32.86.,2,879
880,2026-05-21 00:15:00,Relatório automático do alerta Laranja. Razões principais: Precipitação acumulada entre 30 e 40 mm nas últimas 6 horas. Precipitação prevista entre 21 e 40 mm na próxima hora. Score de risco: 48.79.,3,880
881,2026-05-21 01:15:00,Relatório automático do alerta Laranja. Razões principais: Nível de água entre 70% e 85%. Precipitação acumulada entre 30 e 40 mm nas últimas 6 horas. Precipitação prevista entre 10 e 20 mm na próxima hora. Score de risco: 48.99.,2,881
882,2026-05-21 01:15:00,Relatório automático do alerta Laranja. Razões principais: Precipitação prevista entre 21 e 40 mm na próxima hora. Score de risco: 30.82.,3,882
883,2026-05-21 01:15:00,Relatório automático do alerta Amarelo. Razões principais: Precipitação prevista entre 10 e 20 mm na próxima hora. Score de risco: 33.33.,2,883
884,2026-05-21 02:15:00,Relatório automático do alerta Amarelo. Razões principais: Precipitação acumulada entre 30 e 40 mm nas últimas 6 horas. Score de risco: 43.06.,1,884
885,2026-05-21 02:15:00,Relatório automático do alerta Verde. Razões principais: Valores abaixo dos limites iniciais. Score de risco: 29.94.,3,885
886,2026-05-21 02:15:00,Relatório automático do alerta Amarelo. Razões principais: Precipitação prevista entre 10 e 20 mm na próxima hora. Score de risco: 29.55.,2,886
887,2026-05-21 02:15:00,Relatório automático do alerta Laranja. Razões principais: Precipitação acumulada entre 30 e 40 mm nas últimas 6 horas. Precipitação prevista entre 21 e 40 mm na próxima hora. Score de risco: 38.12.,2,887
888,2026-05-21 03:15:00,Relatório automático do alerta Vermelho. Razões principais: Nível de água superior ou igual a 90%. Precipitação acumulada superior a 60 mm nas últimas 6 horas. Precipitação prevista entre 21 e 40 mm na próxima hora. Score de risco: 76.75.,2,888
889,2026-05-21 03:15:00,Relatório automático do alerta Amarelo. Razões principais: Precipitação prevista entre 10 e 20 mm na próxima hora. Score de risco: 30.65.,1,889
890,2026-05-21 03:15:00,Relatório automático do alerta Amarelo. Razões principais: Precipitação prevista entre 10 e 20 mm na próxima hora. Score de risco: 28.17.,2,890
891,2026-05-21 04:15:00,Relatório automático do alerta Vermelho. Razões principais: Nível de água superior ou igual a 90%. Precipitação acumulada superior a 60 mm nas últimas 6 horas. Score de risco: 67.30.,1,891
892,2026-05-21 04:15:00,Relatório automático do alerta Amarelo. Razões principais: Precipitação prevista entre 10 e 20 mm na próxima hora. Score de risco: 24.73.,2,892
893,2026-05-21 04:15:00,Relatório automático do alerta Laranja. Razões principais: Precipitação prevista entre 21 e 40 mm na próxima hora. Score de risco: 29.84.,2,893
894,2026-05-21 05:15:00,Relatório automático do alerta Vermelho. Razões principais: Nível de água superior ou igual a 90%. Precipitação acumulada superior a 60 mm nas últimas 6 horas. Score de risco: 66.66.,2,894
895,2026-05-21 05:15:00,Relatório automático do alerta Amarelo. Razões principais: Precipitação prevista entre 10 e 20 mm na próxima hora. Score de risco: 24.48.,3,895
896,2026-05-21 06:15:00,Relatório automático do alerta Laranja. Razões principais: Nível de água entre 85% e 90%. Precipitação acumulada entre 41 e 60 mm nas últimas 6 horas. Score de risco: 56.43.,2,896
897,2026-05-21 07:15:00,Relatório automático do alerta Laranja. Razões principais: Nível de água entre 70% e 85%. Precipitação acumulada entre 41 e 60 mm nas últimas 6 horas. Score de risco: 54.13.,1,897
898,2026-05-21 08:15:00,Relatório automático do alerta Laranja. Razões principais: Nível de água entre 85% e 90%. Precipitação acumulada entre 41 e 60 mm nas últimas 6 horas. Precipitação prevista entre 10 e 20 mm na próxima hora. Score de risco: 62.37.,1,898
899,2026-05-21 09:15:00,Relatório automático do alerta Amarelo. Razões principais: Precipitação prevista entre 10 e 20 mm na próxima hora. Score de risco: 34.22.,2,899
900,2026-05-21 09:15:00,Relatório automático do alerta Amarelo. Razões principais: Precipitação prevista entre 10 e 20 mm na próxima hora. Score de risco: 27.77.,1,900
901,2026-05-21 10:15:00,Relatório automático do alerta Vermelho. Razões principais: Nível de água superior ou igual a 90%. Precipitação acumulada superior a 60 mm nas últimas 6 horas. Precipitação prevista superior a 40 mm na próxima hora. Score de risco: 80.71.,2,901
902,2026-05-21 10:15:00,Relatório automático do alerta Laranja. Razões principais: Precipitação prevista entre 21 e 40 mm na próxima hora. Score de risco: 36.77.,3,902
903,2026-05-21 10:15:00,Relatório automático do alerta Amarelo. Razões principais: Precipitação prevista entre 10 e 20 mm na próxima hora. Score de risco: 28.75.,1,903
904,2026-05-21 10:15:00,Relatório automático do alerta Amarelo. Razões principais: Precipitação prevista entre 10 e 20 mm na próxima hora. Score de risco: 24.80.,3,904
905,2026-05-21 11:15:00,Relatório automático do alerta Vermelho. Razões principais: Nível de água superior ou igual a 90%. Precipitação acumulada superior a 60 mm nas últimas 6 horas. Precipitação prevista entre 10 e 20 mm na próxima hora. Score de risco: 70.49.,2,905
906,2026-05-21 11:15:00,Relatório automático do alerta Vermelho. Razões principais: Precipitação acumulada entre 41 e 60 mm nas últimas 6 horas. Precipitação prevista superior a 40 mm na próxima hora. Score de risco: 57.87.,1,906
907,2026-05-21 12:15:00,Relatório automático do alerta Vermelho. Razões principais: Nível de água superior ou igual a 90%. Precipitação acumulada superior a 60 mm nas últimas 6 horas. Score de risco: 68.66.,3,907
908,2026-05-21 12:15:00,Relatório automático do alerta Laranja. Razões principais: Precipitação prevista entre 21 e 40 mm na próxima hora. Score de risco: 31.82.,2,908
909,2026-05-21 12:15:00,Relatório automático do alerta Laranja. Razões principais: Nível de água entre 70% e 85%. Precipitação acumulada entre 41 e 60 mm nas últimas 6 horas. Score de risco: 47.65.,3,909
910,2026-05-21 13:15:00,Relatório automático do alerta Vermelho. Razões principais: Nível de água superior ou igual a 90%. Precipitação acumulada superior a 60 mm nas últimas 6 horas. Precipitação prevista entre 10 e 20 mm na próxima hora. Score de risco: 71.08.,3,910
911,2026-05-21 13:15:00,Relatório automático do alerta Amarelo. Razões principais: Precipitação prevista entre 10 e 20 mm na próxima hora. Score de risco: 36.08.,3,911
912,2026-05-21 13:15:00,Relatório automático do alerta Laranja. Razões principais: Nível de água entre 70% e 85%. Precipitação acumulada entre 41 e 60 mm nas últimas 6 horas. Score de risco: 54.12.,2,912
913,2026-05-21 14:15:00,Relatório automático do alerta Vermelho. Razões principais: Nível de água superior ou igual a 90%. Precipitação acumulada superior a 60 mm nas últimas 6 horas. Score de risco: 67.82.,3,913
914,2026-05-21 14:15:00,Relatório automático do alerta Amarelo. Razões principais: Precipitação prevista entre 10 e 20 mm na próxima hora. Score de risco: 27.87.,3,914
915,2026-05-21 14:15:00,Relatório automático do alerta Laranja. Razões principais: Nível de água entre 70% e 85%. Precipitação acumulada entre 41 e 60 mm nas últimas 6 horas. Score de risco: 48.49.,3,915
916,2026-05-21 15:15:00,Relatório automático do alerta Vermelho. Razões principais: Nível de água superior ou igual a 90%. Precipitação acumulada superior a 60 mm nas últimas 6 horas. Precipitação prevista entre 10 e 20 mm na próxima hora. Score de risco: 69.89.,3,916
917,2026-05-21 15:15:00,Relatório automático do alerta Laranja. Razões principais: Precipitação acumulada entre 30 e 40 mm nas últimas 6 horas. Precipitação prevista entre 21 e 40 mm na próxima hora. Score de risco: 46.07.,2,917
918,2026-05-21 15:15:00,Relatório automático do alerta Laranja. Razões principais: Nível de água entre 70% e 85%. Precipitação acumulada entre 41 e 60 mm nas últimas 6 horas. Score de risco: 48.14.,2,918
919,2026-05-21 16:15:00,Relatório automático do alerta Amarelo. Razões principais: Precipitação prevista entre 10 e 20 mm na próxima hora. Score de risco: 33.27.,1,919
920,2026-05-21 16:15:00,Relatório automático do alerta Amarelo. Razões principais: Precipitação acumulada entre 30 e 40 mm nas últimas 6 horas. Score de risco: 42.26.,1,920
921,2026-05-21 16:15:00,Relatório automático do alerta Laranja. Razões principais: Precipitação acumulada entre 41 e 60 mm nas últimas 6 horas. Precipitação prevista entre 10 e 20 mm na próxima hora. Score de risco: 49.06.,3,921
922,2026-05-21 17:15:00,Relatório automático do alerta Amarelo. Razões principais: Precipitação prevista entre 10 e 20 mm na próxima hora. Score de risco: 34.51.,3,922
923,2026-05-21 17:15:00,Relatório automático do alerta Amarelo. Razões principais: Precipitação acumulada entre 30 e 40 mm nas últimas 6 horas. Score de risco: 44.71.,3,923
924,2026-05-21 18:15:00,Relatório automático do alerta Laranja. Razões principais: Precipitação acumulada entre 30 e 40 mm nas últimas 6 horas. Precipitação prevista entre 10 e 20 mm na próxima hora. Score de risco: 42.29.,2,924
925,2026-05-21 18:15:00,Relatório automático do alerta Laranja. Razões principais: Precipitação prevista entre 21 e 40 mm na próxima hora. Score de risco: 27.02.,3,925
926,2026-05-21 19:15:00,Relatório automático do alerta Amarelo. Razões principais: Precipitação prevista entre 10 e 20 mm na próxima hora. Score de risco: 35.75.,2,926
927,2026-05-21 19:15:00,Relatório automático do alerta Laranja. Razões principais: Precipitação acumulada entre 41 e 60 mm nas últimas 6 horas. Score de risco: 42.85.,3,927
928,2026-05-21 19:15:00,Relatório automático do alerta Verde. Razões principais: Valores abaixo dos limites iniciais. Score de risco: 20.46.,2,928
929,2026-05-21 20:15:00,Relatório automático do alerta Amarelo. Razões principais: Precipitação prevista entre 10 e 20 mm na próxima hora. Score de risco: 35.59.,1,929
930,2026-05-21 20:15:00,Relatório automático do alerta Laranja. Razões principais: Precipitação acumulada entre 41 e 60 mm nas últimas 6 horas. Score de risco: 43.32.,2,930
931,2026-05-21 20:15:00,Relatório automático do alerta Verde. Razões principais: Valores abaixo dos limites iniciais. Score de risco: 23.88.,1,931
932,2026-05-21 21:15:00,Relatório automático do alerta Laranja. Razões principais: Nível de água entre 70% e 85%. Precipitação acumulada entre 41 e 60 mm nas últimas 6 horas. Precipitação prevista entre 21 e 40 mm na próxima hora. Score de risco: 55.18.,2,932
933,2026-05-21 21:15:00,Relatório automático do alerta Amarelo. Razões principais: Precipitação prevista entre 10 e 20 mm na próxima hora. Score de risco: 28.60.,2,933
934,2026-05-21 21:15:00,Relatório automático do alerta Amarelo. Razões principais: Precipitação prevista entre 10 e 20 mm na próxima hora. Score de risco: 33.66.,3,934
935,2026-05-21 22:15:00,Relatório automático do alerta Laranja. Razões principais: Nível de água entre 70% e 85%. Precipitação acumulada entre 41 e 60 mm nas últimas 6 horas. Precipitação prevista entre 10 e 20 mm na próxima hora. Score de risco: 55.64.,1,935
936,2026-05-21 23:15:00,Relatório automático do alerta Laranja. Razões principais: Nível de água entre 70% e 85%. Precipitação acumulada entre 41 e 60 mm nas últimas 6 horas. Score de risco: 55.85.,1,936
937,2026-05-21 23:15:00,Relatório automático do alerta Laranja. Razões principais: Precipitação prevista entre 21 e 40 mm na próxima hora. Score de risco: 31.95.,3,937
938,2026-05-21 23:15:00,Relatório automático do alerta Laranja. Razões principais: Precipitação prevista entre 21 e 40 mm na próxima hora. Score de risco: 30.16.,1,938
939,2026-05-22 00:15:00,Relatório automático do alerta Laranja. Razões principais: Nível de água entre 70% e 85%. Precipitação acumulada entre 41 e 60 mm nas últimas 6 horas. Precipitação prevista entre 10 e 20 mm na próxima hora. Score de risco: 54.24.,3,939
940,2026-05-22 00:15:00,Relatório automático do alerta Laranja. Razões principais: Precipitação prevista entre 21 e 40 mm na próxima hora. Score de risco: 33.03.,2,940
941,2026-05-22 00:15:00,Relatório automático do alerta Amarelo. Razões principais: Precipitação prevista entre 10 e 20 mm na próxima hora. Score de risco: 25.09.,1,941
942,2026-05-22 01:15:00,Relatório automático do alerta Laranja. Razões principais: Nível de água entre 70% e 85%. Precipitação acumulada entre 41 e 60 mm nas últimas 6 horas. Score de risco: 50.26.,1,942
943,2026-05-22 01:15:00,Relatório automático do alerta Laranja. Razões principais: Precipitação prevista entre 21 e 40 mm na próxima hora. Score de risco: 40.97.,3,943
944,2026-05-22 02:15:00,Relatório automático do alerta Laranja. Razões principais: Nível de água entre 70% e 85%. Precipitação acumulada entre 41 e 60 mm nas últimas 6 horas. Score de risco: 54.27.,1,944
945,2026-05-22 02:15:00,Relatório automático do alerta Laranja. Razões principais: Nível de água entre 70% e 85%. Precipitação acumulada entre 41 e 60 mm nas últimas 6 horas. Precipitação prevista entre 21 e 40 mm na próxima hora. Score de risco: 61.22.,3,945
946,2026-05-22 03:15:00,Relatório automático do alerta Amarelo. Razões principais: Precipitação prevista entre 10 e 20 mm na próxima hora. Score de risco: 38.12.,2,946
947,2026-05-22 03:15:00,Relatório automático do alerta Laranja. Razões principais: Nível de água entre 70% e 85%. Precipitação acumulada entre 41 e 60 mm nas últimas 6 horas. Score de risco: 52.30.,2,947
948,2026-05-22 04:15:00,Relatório automático do alerta Amarelo. Razões principais: Precipitação prevista entre 10 e 20 mm na próxima hora. Score de risco: 34.99.,1,948
949,2026-05-22 04:15:00,Relatório automático do alerta Laranja. Razões principais: Nível de água entre 70% e 85%. Precipitação acumulada entre 41 e 60 mm nas últimas 6 horas. Precipitação prevista entre 21 e 40 mm na próxima hora. Score de risco: 58.83.,2,949
950,2026-05-22 04:15:00,Relatório automático do alerta Laranja. Razões principais: Nível de água entre 70% e 85%. Precipitação acumulada entre 41 e 60 mm nas últimas 6 horas. Precipitação prevista entre 10 e 20 mm na próxima hora. Score de risco: 53.31.,3,950
951,2026-05-22 04:15:00,Relatório automático do alerta Amarelo. Razões principais: Precipitação prevista entre 10 e 20 mm na próxima hora. Score de risco: 23.36.,3,951
952,2026-05-22 05:15:00,Relatório automático do alerta Vermelho. Razões principais: Nível de água entre 70% e 85%. Precipitação acumulada entre 41 e 60 mm nas últimas 6 horas. Precipitação prevista superior a 40 mm na próxima hora. Score de risco: 65.23.,1,952
953,2026-05-22 05:15:00,Relatório automático do alerta Laranja. Razões principais: Nível de água entre 70% e 85%. Precipitação acumulada entre 41 e 60 mm nas últimas 6 horas. Precipitação prevista entre 10 e 20 mm na próxima hora. Score de risco: 54.77.,3,953
954,2026-05-22 05:15:00,Relatório automático do alerta Vermelho. Razões principais: Nível de água superior ou igual a 90%. Precipitação acumulada superior a 60 mm nas últimas 6 horas. Precipitação prevista entre 21 e 40 mm na próxima hora. Score de risco: 70.94.,3,954
955,2026-05-22 06:15:00,Relatório automático do alerta Vermelho. Razões principais: Nível de água superior ou igual a 90%. Precipitação acumulada entre 41 e 60 mm nas últimas 6 horas. Score de risco: 56.63.,1,955
956,2026-05-22 06:15:00,Relatório automático do alerta Laranja. Razões principais: Nível de água entre 70% e 85%. Precipitação acumulada entre 41 e 60 mm nas últimas 6 horas. Score de risco: 54.11.,2,956
957,2026-05-22 06:15:00,Relatório automático do alerta Vermelho. Razões principais: Nível de água superior ou igual a 90%. Precipitação acumulada superior a 60 mm nas últimas 6 horas. Precipitação prevista entre 10 e 20 mm na próxima hora. Score de risco: 68.11.,3,957
958,2026-05-22 07:15:00,Relatório automático do alerta Vermelho. Razões principais: Nível de água superior ou igual a 90%. Precipitação acumulada superior a 60 mm nas últimas 6 horas. Precipitação prevista entre 21 e 40 mm na próxima hora. Score de risco: 73.68.,2,958
959,2026-05-22 07:15:00,Relatório automático do alerta Laranja. Razões principais: Nível de água entre 70% e 85%. Precipitação acumulada entre 41 e 60 mm nas últimas 6 horas. Score de risco: 45.78.,3,959
960,2026-05-22 07:15:00,Relatório automático do alerta Vermelho. Razões principais: Nível de água superior ou igual a 90%. Precipitação acumulada superior a 60 mm nas últimas 6 horas. Precipitação prevista entre 10 e 20 mm na próxima hora. Score de risco: 68.01.,3,960
961,2026-05-22 08:15:00,Relatório automático do alerta Vermelho. Razões principais: Nível de água superior ou igual a 90%. Precipitação acumulada superior a 60 mm nas últimas 6 horas. Score de risco: 69.30.,3,961
962,2026-05-22 08:15:00,Relatório automático do alerta Laranja. Razões principais: Nível de água entre 70% e 85%. Precipitação acumulada entre 41 e 60 mm nas últimas 6 horas. Score de risco: 47.01.,3,962
963,2026-05-22 08:15:00,Relatório automático do alerta Amarelo. Razões principais: Precipitação acumulada entre 30 e 40 mm nas últimas 6 horas. Score de risco: 43.29.,3,963
964,2026-05-22 09:15:00,Relatório automático do alerta Vermelho. Razões principais: Nível de água superior ou igual a 90%. Precipitação acumulada superior a 60 mm nas últimas 6 horas. Score de risco: 66.15.,2,964
965,2026-05-22 09:15:00,Relatório automático do alerta Laranja. Razões principais: Nível de água entre 70% e 85%. Precipitação acumulada entre 41 e 60 mm nas últimas 6 horas. Score de risco: 47.01.,2,965
966,2026-05-22 09:15:00,Relatório automático do alerta Laranja. Razões principais: Precipitação acumulada entre 41 e 60 mm nas últimas 6 horas. Score de risco: 44.42.,2,966
967,2026-05-22 10:15:00,Relatório automático do alerta Vermelho. Razões principais: Nível de água superior ou igual a 90%. Precipitação acumulada superior a 60 mm nas últimas 6 horas. Score de risco: 67.50.,1,967
968,2026-05-22 10:15:00,Relatório automático do alerta Amarelo. Razões principais: Precipitação prevista entre 10 e 20 mm na próxima hora. Score de risco: 31.18.,1,968
969,2026-05-22 10:15:00,Relatório automático do alerta Laranja. Razões principais: Precipitação acumulada entre 41 e 60 mm nas últimas 6 horas. Precipitação prevista entre 10 e 20 mm na próxima hora. Score de risco: 48.57.,1,969
970,2026-05-22 11:15:00,Relatório automático do alerta Amarelo. Razões principais: Precipitação acumulada entre 30 e 40 mm nas últimas 6 horas. Score de risco: 41.85.,3,970
971,2026-05-22 11:15:00,Relatório automático do alerta Amarelo. Razões principais: Precipitação prevista entre 10 e 20 mm na próxima hora. Score de risco: 31.58.,1,971
972,2026-05-22 11:15:00,Relatório automático do alerta Amarelo. Razões principais: Precipitação prevista entre 10 e 20 mm na próxima hora. Score de risco: 24.48.,3,972
973,2026-05-22 12:15:00,Relatório automático do alerta Laranja. Razões principais: Precipitação acumulada entre 30 e 40 mm nas últimas 6 horas. Precipitação prevista entre 10 e 20 mm na próxima hora. Score de risco: 45.08.,1,973
974,2026-05-22 12:15:00,Relatório automático do alerta Laranja. Razões principais: Precipitação prevista entre 21 e 40 mm na próxima hora. Score de risco: 24.28.,3,974
975,2026-05-22 13:15:00,Relatório automático do alerta Laranja. Razões principais: Nível de água entre 70% e 85%. Precipitação acumulada entre 41 e 60 mm nas últimas 6 horas. Precipitação prevista entre 10 e 20 mm na próxima hora. Score de risco: 50.26.,2,975
976,2026-05-22 13:15:00,Relatório automático do alerta Vermelho. Razões principais: Nível de água entre 70% e 85%. Precipitação acumulada superior a 60 mm nas últimas 6 horas. Precipitação prevista superior a 40 mm na próxima hora. Score de risco: 67.84.,2,976
977,2026-05-22 13:15:00,Relatório automático do alerta Laranja. Razões principais: Precipitação acumulada entre 30 e 40 mm nas últimas 6 horas. Precipitação prevista entre 21 e 40 mm na próxima hora. Score de risco: 44.76.,3,977
978,2026-05-22 13:15:00,Relatório automático do alerta Verde. Razões principais: Valores abaixo dos limites iniciais. Score de risco: 24.41.,1,978
979,2026-05-22 14:15:00,Relatório automático do alerta Laranja. Razões principais: Nível de água entre 70% e 85%. Precipitação acumulada entre 41 e 60 mm nas últimas 6 horas. Score de risco: 45.49.,1,979
980,2026-05-22 14:15:00,Relatório automático do alerta Vermelho. Razões principais: Nível de água superior ou igual a 90%. Precipitação acumulada superior a 60 mm nas últimas 6 horas. Precipitação prevista superior a 40 mm na próxima hora. Score de risco: 79.93.,3,980
981,2026-05-22 14:15:00,Relatório automático do alerta Laranja. Razões principais: Precipitação acumulada entre 30 e 40 mm nas últimas 6 horas. Precipitação prevista entre 10 e 20 mm na próxima hora. Score de risco: 39.79.,3,981
982,2026-05-22 15:15:00,Relatório automático do alerta Laranja. Razões principais: Nível de água entre 70% e 85%. Precipitação acumulada entre 41 e 60 mm nas últimas 6 horas. Precipitação prevista entre 10 e 20 mm na próxima hora. Score de risco: 53.13.,2,982
983,2026-05-22 15:15:00,Relatório automático do alerta Vermelho. Razões principais: Nível de água superior ou igual a 90%. Precipitação acumulada superior a 60 mm nas últimas 6 horas. Precipitação prevista entre 10 e 20 mm na próxima hora. Score de risco: 73.37.,2,983
984,2026-05-22 15:15:00,Relatório automático do alerta Amarelo. Razões principais: Precipitação acumulada entre 30 e 40 mm nas últimas 6 horas. Score de risco: 37.92.,1,984
985,2026-05-22 15:15:00,Relatório automático do alerta Verde. Razões principais: Valores abaixo dos limites iniciais. Score de risco: 20.63.,2,985
986,2026-05-22 16:15:00,Relatório automático do alerta Laranja. Razões principais: Precipitação acumulada entre 41 e 60 mm nas últimas 6 horas. Score de risco: 45.02.,3,986
987,2026-05-22 16:15:00,Relatório automático do alerta Vermelho. Razões principais: Nível de água superior ou igual a 90%. Precipitação acumulada superior a 60 mm nas últimas 6 horas. Score de risco: 69.42.,2,987
988,2026-05-22 16:15:00,Relatório automático do alerta Amarelo. Razões principais: Precipitação acumulada entre 30 e 40 mm nas últimas 6 horas. Score de risco: 36.04.,1,988
989,2026-05-22 16:15:00,Relatório automático do alerta Amarelo. Razões principais: Precipitação prevista entre 10 e 20 mm na próxima hora. Score de risco: 23.59.,3,989
990,2026-05-22 17:15:00,Relatório automático do alerta Vermelho. Razões principais: Nível de água superior ou igual a 90%. Precipitação acumulada superior a 60 mm nas últimas 6 horas. Precipitação prevista superior a 40 mm na próxima hora. Score de risco: 82.95.,3,990
991,2026-05-22 17:15:00,Relatório automático do alerta Vermelho. Razões principais: Nível de água superior ou igual a 90%. Precipitação acumulada superior a 60 mm nas últimas 6 horas. Score de risco: 69.54.,1,991
992,2026-05-22 17:15:00,Relatório automático do alerta Laranja. Razões principais: Precipitação acumulada entre 30 e 40 mm nas últimas 6 horas. Precipitação prevista entre 10 e 20 mm na próxima hora. Score de risco: 38.15.,1,992
993,2026-05-22 17:15:00,Relatório automático do alerta Laranja. Razões principais: Precipitação acumulada entre 30 e 40 mm nas últimas 6 horas. Precipitação prevista entre 21 e 40 mm na próxima hora. Score de risco: 38.36.,2,993
994,2026-05-22 18:15:00,Relatório automático do alerta Vermelho. Razões principais: Nível de água superior ou igual a 90%. Precipitação acumulada superior a 60 mm nas últimas 6 horas. Score de risco: 70.39.,2,994
995,2026-05-22 18:15:00,Relatório automático do alerta Vermelho. Razões principais: Nível de água superior ou igual a 90%. Precipitação acumulada superior a 60 mm nas últimas 6 horas. Score de risco: 69.92.,1,995
996,2026-05-22 18:15:00,Relatório automático do alerta Laranja. Razões principais: Precipitação acumulada entre 41 e 60 mm nas últimas 6 horas. Precipitação prevista entre 21 e 40 mm na próxima hora. Score de risco: 51.14.,1,996
997,2026-05-22 18:15:00,Relatório automático do alerta Laranja. Razões principais: Precipitação acumulada entre 30 e 40 mm nas últimas 6 horas. Precipitação prevista entre 21 e 40 mm na próxima hora. Score de risco: 40.90.,1,997
998,2026-05-22 19:15:00,Relatório automático do alerta Vermelho. Razões principais: Nível de água superior ou igual a 90%. Precipitação acumulada superior a 60 mm nas últimas 6 horas. Score de risco: 60.90.,3,998
999,2026-05-22 19:15:00,Relatório automático do alerta Vermelho. Razões principais: Nível de água superior ou igual a 90%. Precipitação acumulada superior a 60 mm nas últimas 6 horas. Precipitação prevista entre 10 e 20 mm na próxima hora. Score de risco: 66.66.,3,999
1000,2026-05-22 19:15:00,Relatório automático do alerta Amarelo. Razões principais: Precipitação acumulada entre 30 e 40 mm nas últimas 6 horas. Score de risco: 33.98.,3,1000
1001,2026-05-22 20:15:00,Relatório automático do alerta Laranja. Razões principais: Nível de água entre 70% e 85%. Precipitação acumulada entre 41 e 60 mm nas últimas 6 horas. Score de risco: 56.29.,1,1001
1002,2026-05-22 20:15:00,Relatório automático do alerta Amarelo. Razões principais: Precipitação acumulada entre 30 e 40 mm nas últimas 6 horas. Score de risco: 38.82.,2,1002
1003,2026-05-22 20:15:00,Relatório automático do alerta Amarelo. Razões principais: Precipitação acumulada entre 30 e 40 mm nas últimas 6 horas. Score de risco: 38.61.,2,1003
1004,2026-05-22 21:15:00,Relatório automático do alerta Laranja. Razões principais: Nível de água entre 85% e 90%. Precipitação acumulada entre 41 e 60 mm nas últimas 6 horas. Score de risco: 60.17.,2,1004
1005,2026-05-22 21:15:00,Relatório automático do alerta Laranja. Razões principais: Precipitação acumulada entre 30 e 40 mm nas últimas 6 horas. Precipitação prevista entre 10 e 20 mm na próxima hora. Score de risco: 37.98.,1,1005
1006,2026-05-22 21:15:00,Relatório automático do alerta Amarelo. Razões principais: Precipitação acumulada entre 30 e 40 mm nas últimas 6 horas. Score de risco: 38.33.,3,1006
1007,2026-05-22 22:15:00,Relatório automático do alerta Vermelho. Razões principais: Nível de água superior ou igual a 90%. Precipitação acumulada superior a 60 mm nas últimas 6 horas. Precipitação prevista entre 21 e 40 mm na próxima hora. Score de risco: 66.29.,1,1007
1008,2026-05-22 22:15:00,Relatório automático do alerta Vermelho. Razões principais: Precipitação acumulada entre 30 e 40 mm nas últimas 6 horas. Precipitação prevista superior a 40 mm na próxima hora. Score de risco: 51.91.,3,1008
1009,2026-05-22 22:15:00,Relatório automático do alerta Amarelo. Razões principais: Precipitação prevista entre 10 e 20 mm na próxima hora. Score de risco: 37.38.,2,1009
1010,2026-05-22 22:15:00,Relatório automático do alerta Laranja. Razões principais: Precipitação acumulada entre 30 e 40 mm nas últimas 6 horas. Precipitação prevista entre 10 e 20 mm na próxima hora. Score de risco: 40.25.,1,1010
1011,2026-05-22 23:15:00,Relatório automático do alerta Amarelo. Razões principais: Precipitação prevista entre 10 e 20 mm na próxima hora. Score de risco: 37.38.,3,1011
1012,2026-05-22 23:15:00,Relatório automático do alerta Vermelho. Razões principais: Nível de água entre 70% e 85%. Precipitação acumulada superior a 60 mm nas últimas 6 horas. Precipitação prevista entre 21 e 40 mm na próxima hora. Score de risco: 63.32.,2,1012
1013,2026-05-22 23:15:00,Relatório automático do alerta Amarelo. Razões principais: Precipitação prevista entre 10 e 20 mm na próxima hora. Score de risco: 26.67.,1,1013
1014,2026-05-23 00:15:00,Relatório automático do alerta Vermelho. Razões principais: Nível de água entre 85% e 90%. Precipitação acumulada superior a 60 mm nas últimas 6 horas. Precipitação prevista entre 10 e 20 mm na próxima hora. Score de risco: 61.72.,3,1014
1015,2026-05-23 00:15:00,Relatório automático do alerta Amarelo. Razões principais: Precipitação prevista entre 10 e 20 mm na próxima hora. Score de risco: 24.44.,1,1015
1016,2026-05-23 00:15:00,Relatório automático do alerta Verde. Razões principais: Valores abaixo dos limites iniciais. Score de risco: 21.86.,3,1016
1017,2026-05-23 01:15:00,Relatório automático do alerta Vermelho. Razões principais: Nível de água superior ou igual a 90%. Precipitação acumulada superior a 60 mm nas últimas 6 horas. Precipitação prevista superior a 40 mm na próxima hora. Score de risco: 79.69.,1,1017
1018,2026-05-23 01:15:00,Relatório automático do alerta Vermelho. Razões principais: Nível de água entre 85% e 90%. Precipitação acumulada superior a 60 mm nas últimas 6 horas. Score de risco: 56.84.,3,1018
1019,2026-05-23 02:15:00,Relatório automático do alerta Vermelho. Razões principais: Nível de água superior ou igual a 90%. Precipitação acumulada superior a 60 mm nas últimas 6 horas. Score de risco: 69.20.,2,1019
1020,2026-05-23 02:15:00,Relatório automático do alerta Vermelho. Razões principais: Nível de água entre 85% e 90%. Precipitação acumulada superior a 60 mm nas últimas 6 horas. Precipitação prevista entre 21 e 40 mm na próxima hora. Score de risco: 64.65.,3,1020
1021,2026-05-23 02:15:00,Relatório automático do alerta Amarelo. Razões principais: Precipitação prevista entre 10 e 20 mm na próxima hora. Score de risco: 24.61.,2,1021
1022,2026-05-23 02:15:00,Relatório automático do alerta Amarelo. Razões principais: Precipitação prevista entre 10 e 20 mm na próxima hora. Score de risco: 28.14.,2,1022
1023,2026-05-23 03:15:00,Relatório automático do alerta Vermelho. Razões principais: Nível de água superior ou igual a 90%. Precipitação acumulada superior a 60 mm nas últimas 6 horas. Precipitação prevista entre 21 e 40 mm na próxima hora. Score de risco: 77.09.,2,1023
1024,2026-05-23 03:15:00,Relatório automático do alerta Vermelho. Razões principais: Nível de água superior ou igual a 90%. Precipitação acumulada superior a 60 mm nas últimas 6 horas. Score de risco: 59.66.,2,1024
1025,2026-05-23 03:15:00,Relatório automático do alerta Amarelo. Razões principais: Precipitação prevista entre 10 e 20 mm na próxima hora. Score de risco: 20.08.,1,1025
1026,2026-05-23 04:15:00,Relatório automático do alerta Vermelho. Razões principais: Nível de água superior ou igual a 90%. Precipitação acumulada superior a 60 mm nas últimas 6 horas. Precipitação prevista entre 10 e 20 mm na próxima hora. Score de risco: 71.86.,1,1026
1027,2026-05-23 04:15:00,Relatório automático do alerta Amarelo. Razões principais: Precipitação acumulada entre 30 e 40 mm nas últimas 6 horas. Score de risco: 38.82.,2,1027
1028,2026-05-23 04:15:00,Relatório automático do alerta Laranja. Razões principais: Precipitação acumulada entre 41 e 60 mm nas últimas 6 horas. Precipitação prevista entre 21 e 40 mm na próxima hora. Score de risco: 52.23.,2,1028
1029,2026-05-23 05:15:00,Relatório automático do alerta Vermelho. Razões principais: Nível de água superior ou igual a 90%. Precipitação acumulada superior a 60 mm nas últimas 6 horas. Score de risco: 69.68.,1,1029
1030,2026-05-23 05:15:00,Relatório automático do alerta Amarelo. Razões principais: Precipitação prevista entre 10 e 20 mm na próxima hora. Score de risco: 24.22.,3,1030
1031,2026-05-23 05:15:00,Relatório automático do alerta Laranja. Razões principais: Precipitação acumulada entre 41 e 60 mm nas últimas 6 horas. Score de risco: 45.15.,3,1031
1032,2026-05-23 06:15:00,Relatório automático do alerta Vermelho. Razões principais: Nível de água superior ou igual a 90%. Precipitação acumulada superior a 60 mm nas últimas 6 horas. Score de risco: 71.02.,3,1032
1033,2026-05-23 06:15:00,Relatório automático do alerta Amarelo. Razões principais: Precipitação prevista entre 10 e 20 mm na próxima hora. Score de risco: 25.04.,2,1033
1034,2026-05-23 06:15:00,Relatório automático do alerta Laranja. Razões principais: Nível de água entre 70% e 85%. Precipitação acumulada entre 41 e 60 mm nas últimas 6 horas. Precipitação prevista entre 10 e 20 mm na próxima hora. Score de risco: 51.62.,1,1034
1035,2026-05-23 07:15:00,Relatório automático do alerta Laranja. Razões principais: Nível de água entre 70% e 85%. Precipitação acumulada entre 30 e 40 mm nas últimas 6 horas. Score de risco: 43.13.,2,1035
1036,2026-05-23 07:15:00,Relatório automático do alerta Laranja. Razões principais: Precipitação acumulada entre 41 e 60 mm nas últimas 6 horas. Score de risco: 43.15.,3,1036
1037,2026-05-23 08:15:00,Relatório automático do alerta Laranja. Razões principais: Precipitação acumulada entre 30 e 40 mm nas últimas 6 horas. Precipitação prevista entre 10 e 20 mm na próxima hora. Score de risco: 45.10.,1,1037
1038,2026-05-23 08:15:00,Relatório automático do alerta Amarelo. Razões principais: Precipitação prevista entre 10 e 20 mm na próxima hora. Score de risco: 27.42.,3,1038
1039,2026-05-23 08:15:00,Relatório automático do alerta Amarelo. Razões principais: Precipitação prevista entre 10 e 20 mm na próxima hora. Score de risco: 22.06.,1,1039
1040,2026-05-23 08:15:00,Relatório automático do alerta Laranja. Razões principais: Precipitação acumulada entre 41 e 60 mm nas últimas 6 horas. Score de risco: 45.03.,1,1040
1041,2026-05-23 09:15:00,Relatório automático do alerta Laranja. Razões principais: Precipitação prevista entre 21 e 40 mm na próxima hora. Score de risco: 28.40.,1,1041
1042,2026-05-23 09:15:00,Relatório automático do alerta Laranja. Razões principais: Precipitação acumulada entre 41 e 60 mm nas últimas 6 horas. Score de risco: 42.94.,1,1042
1043,2026-05-23 10:15:00,Relatório automático do alerta Amarelo. Razões principais: Precipitação prevista entre 10 e 20 mm na próxima hora. Score de risco: 32.09.,1,1043
1044,2026-05-23 10:15:00,Relatório automático do alerta Vermelho. Razões principais: Precipitação acumulada entre 41 e 60 mm nas últimas 6 horas. Precipitação prevista superior a 40 mm na próxima hora. Score de risco: 60.52.,2,1044
1045,2026-05-23 11:15:00,Relatório automático do alerta Verde. Razões principais: Valores abaixo dos limites iniciais. Score de risco: 23.14.,3,1045
1046,2026-05-23 11:15:00,Relatório automático do alerta Laranja. Razões principais: Nível de água entre 70% e 85%. Precipitação acumulada entre 41 e 60 mm nas últimas 6 horas. Score de risco: 46.71.,2,1046
1047,2026-05-23 12:15:00,Relatório automático do alerta Amarelo. Razões principais: Precipitação prevista entre 10 e 20 mm na próxima hora. Score de risco: 31.43.,2,1047
1048,2026-05-23 12:15:00,Relatório automático do alerta Laranja. Razões principais: Nível de água entre 70% e 85%. Precipitação acumulada entre 41 e 60 mm nas últimas 6 horas. Precipitação prevista entre 10 e 20 mm na próxima hora. Score de risco: 53.48.,3,1048
1049,2026-05-23 13:15:00,Relatório automático do alerta Amarelo. Razões principais: Precipitação prevista entre 10 e 20 mm na próxima hora. Score de risco: 25.81.,2,1049
1050,2026-05-23 13:15:00,Relatório automático do alerta Laranja. Razões principais: Nível de água entre 70% e 85%. Precipitação acumulada entre 41 e 60 mm nas últimas 6 horas. Score de risco: 51.54.,3,1050
1051,2026-05-23 13:15:00,Relatório automático do alerta Laranja. Razões principais: Precipitação prevista entre 21 e 40 mm na próxima hora. Score de risco: 21.64.,3,1051
1052,2026-05-23 14:15:00,Relatório automático do alerta Laranja. Razões principais: Nível de água entre 70% e 85%. Precipitação acumulada entre 41 e 60 mm nas últimas 6 horas. Score de risco: 52.03.,3,1052
1053,2026-05-23 14:15:00,Relatório automático do alerta Verde. Razões principais: Valores abaixo dos limites iniciais. Score de risco: 16.61.,2,1053
1054,2026-05-23 15:15:00,Relatório automático do alerta Laranja. Razões principais: Nível de água entre 70% e 85%. Precipitação acumulada entre 41 e 60 mm nas últimas 6 horas. Precipitação prevista entre 10 e 20 mm na próxima hora. Score de risco: 56.25.,2,1054
1055,2026-05-23 16:15:00,Relatório automático do alerta Amarelo. Razões principais: Precipitação prevista entre 10 e 20 mm na próxima hora. Score de risco: 26.25.,2,1055
1056,2026-05-23 16:15:00,Relatório automático do alerta Verde. Razões principais: Valores abaixo dos limites iniciais. Score de risco: 24.10.,2,1056
1057,2026-05-23 16:15:00,Relatório automático do alerta Vermelho. Razões principais: Precipitação acumulada entre 41 e 60 mm nas últimas 6 horas. Precipitação prevista superior a 40 mm na próxima hora. Score de risco: 53.77.,2,1057
1058,2026-05-23 17:15:00,Relatório automático do alerta Amarelo. Razões principais: Precipitação prevista entre 10 e 20 mm na próxima hora. Score de risco: 27.92.,1,1058
1059,2026-05-23 17:15:00,Relatório automático do alerta Laranja. Razões principais: Nível de água entre 70% e 85%. Precipitação acumulada entre 41 e 60 mm nas últimas 6 horas. Score de risco: 47.30.,3,1059
1060,2026-05-23 18:15:00,Relatório automático do alerta Laranja. Razões principais: Precipitação acumulada entre 41 e 60 mm nas últimas 6 horas. Score de risco: 40.10.,1,1060
1061,2026-05-23 19:15:00,Relatório automático do alerta Laranja. Razões principais: Precipitação prevista entre 21 e 40 mm na próxima hora. Score de risco: 29.03.,3,1061
1062,2026-05-23 19:15:00,Relatório automático do alerta Amarelo. Razões principais: Precipitação prevista entre 10 e 20 mm na próxima hora. Score de risco: 27.36.,2,1062
1063,2026-05-23 19:15:00,Relatório automático do alerta Amarelo. Razões principais: Precipitação acumulada entre 30 e 40 mm nas últimas 6 horas. Score de risco: 39.51.,1,1063
1064,2026-05-23 19:15:00,Relatório automático do alerta Laranja. Razões principais: Precipitação acumulada entre 30 e 40 mm nas últimas 6 horas. Precipitação prevista entre 21 e 40 mm na próxima hora. Score de risco: 43.07.,3,1064
1065,2026-05-23 20:15:00,Relatório automático do alerta Laranja. Razões principais: Precipitação acumulada entre 30 e 40 mm nas últimas 6 horas. Precipitação prevista entre 21 e 40 mm na próxima hora. Score de risco: 48.52.,2,1065
1066,2026-05-23 20:15:00,Relatório automático do alerta Laranja. Razões principais: Precipitação acumulada entre 30 e 40 mm nas últimas 6 horas. Precipitação prevista entre 10 e 20 mm na próxima hora. Score de risco: 44.87.,2,1066
1067,2026-05-23 20:15:00,Relatório automático do alerta Amarelo. Razões principais: Precipitação acumulada entre 30 e 40 mm nas últimas 6 horas. Score de risco: 36.13.,2,1067
1068,2026-05-23 21:15:00,Relatório automático do alerta Laranja. Razões principais: Nível de água entre 70% e 85%. Precipitação acumulada entre 30 e 40 mm nas últimas 6 horas. Precipitação prevista entre 10 e 20 mm na próxima hora. Score de risco: 46.37.,2,1068
1069,2026-05-23 21:15:00,Relatório automático do alerta Laranja. Razões principais: Nível de água entre 70% e 85%. Precipitação acumulada entre 30 e 40 mm nas últimas 6 horas. Score de risco: 45.47.,2,1069
1070,2026-05-23 21:15:00,Relatório automático do alerta Laranja. Razões principais: Precipitação acumulada entre 30 e 40 mm nas últimas 6 horas. Precipitação prevista entre 10 e 20 mm na próxima hora. Score de risco: 39.67.,3,1070
1071,2026-05-23 22:15:00,Relatório automático do alerta Amarelo. Razões principais: Precipitação prevista entre 10 e 20 mm na próxima hora. Score de risco: 26.27.,1,1071
1072,2026-05-23 22:15:00,Relatório automático do alerta Vermelho. Razões principais: Nível de água entre 70% e 85%. Precipitação acumulada superior a 60 mm nas últimas 6 horas. Precipitação prevista entre 21 e 40 mm na próxima hora. Score de risco: 63.64.,2,1072
1073,2026-05-23 22:15:00,Relatório automático do alerta Amarelo. Razões principais: Precipitação acumulada entre 30 e 40 mm nas últimas 6 horas. Score de risco: 35.26.,1,1073
1074,2026-05-23 23:15:00,Relatório automático do alerta Vermelho. Razões principais: Nível de água entre 70% e 85%. Precipitação acumulada superior a 60 mm nas últimas 6 horas. Score de risco: 56.40.,1,1074
1075,2026-05-23 23:15:00,Relatório automático do alerta Vermelho. Razões principais: Nível de água superior ou igual a 90%. Precipitação acumulada superior a 60 mm nas últimas 6 horas. Precipitação prevista superior a 40 mm na próxima hora. Score de risco: 81.46.,3,1075
1076,2026-05-24 00:15:00,Relatório automático do alerta Laranja. Razões principais: Nível de água entre 70% e 85%. Precipitação acumulada entre 41 e 60 mm nas últimas 6 horas. Score de risco: 55.78.,2,1076
1077,2026-05-24 00:15:00,Relatório automático do alerta Amarelo. Razões principais: Precipitação prevista entre 10 e 20 mm na próxima hora. Score de risco: 25.44.,3,1077
1078,2026-05-24 00:15:00,Relatório automático do alerta Vermelho. Razões principais: Nível de água superior ou igual a 90%. Precipitação acumulada superior a 60 mm nas últimas 6 horas. Score de risco: 68.42.,1,1078
1079,2026-05-24 01:15:00,Relatório automático do alerta Laranja. Razões principais: Nível de água entre 85% e 90%. Precipitação acumulada entre 41 e 60 mm nas últimas 6 horas. Score de risco: 59.12.,1,1079
1080,2026-05-24 01:15:00,Relatório automático do alerta Laranja. Razões principais: Nível de água entre 70% e 85%. Precipitação acumulada entre 41 e 60 mm nas últimas 6 horas. Score de risco: 49.51.,1,1080
1081,2026-05-24 02:15:00,Relatório automático do alerta Vermelho. Razões principais: Nível de água superior ou igual a 90%. Precipitação acumulada superior a 60 mm nas últimas 6 horas. Precipitação prevista superior a 40 mm na próxima hora. Score de risco: 84.00.,1,1081
1082,2026-05-24 02:15:00,Relatório automático do alerta Verde. Razões principais: Valores abaixo dos limites iniciais. Score de risco: 21.36.,3,1082
1083,2026-05-24 02:15:00,Relatório automático do alerta Vermelho. Razões principais: Nível de água superior ou igual a 90%. Precipitação acumulada superior a 60 mm nas últimas 6 horas. Precipitação prevista entre 21 e 40 mm na próxima hora. Score de risco: 70.99.,1,1083
1084,2026-05-24 03:15:00,Relatório automático do alerta Vermelho. Razões principais: Nível de água superior ou igual a 90%. Precipitação acumulada superior a 60 mm nas últimas 6 horas. Precipitação prevista superior a 40 mm na próxima hora. Score de risco: 84.00.,2,1084
1085,2026-05-24 03:15:00,Relatório automático do alerta Vermelho. Razões principais: Nível de água superior ou igual a 90%. Precipitação acumulada superior a 60 mm nas últimas 6 horas. Precipitação prevista entre 21 e 40 mm na próxima hora. Score de risco: 75.43.,3,1085
1086,2026-05-24 04:15:00,Relatório automático do alerta Vermelho. Razões principais: Nível de água superior ou igual a 90%. Precipitação acumulada superior a 60 mm nas últimas 6 horas. Score de risco: 70.98.,2,1086
1087,2026-05-24 04:15:00,Relatório automático do alerta Vermelho. Razões principais: Nível de água superior ou igual a 90%. Precipitação acumulada superior a 60 mm nas últimas 6 horas. Score de risco: 70.28.,1,1087
1088,2026-05-24 05:15:00,Relatório automático do alerta Vermelho. Razões principais: Nível de água superior ou igual a 90%. Precipitação acumulada superior a 60 mm nas últimas 6 horas. Precipitação prevista entre 21 e 40 mm na próxima hora. Score de risco: 74.91.,2,1088
1089,2026-05-24 05:15:00,Relatório automático do alerta Vermelho. Razões principais: Precipitação acumulada entre 41 e 60 mm nas últimas 6 horas. Precipitação prevista superior a 40 mm na próxima hora. Score de risco: 53.60.,1,1089
1090,2026-05-24 05:15:00,Relatório automático do alerta Laranja. Razões principais: Precipitação acumulada entre 41 e 60 mm nas últimas 6 horas. Score de risco: 46.63.,3,1090
1091,2026-05-24 06:15:00,Relatório automático do alerta Vermelho. Razões principais: Nível de água superior ou igual a 90%. Precipitação acumulada superior a 60 mm nas últimas 6 horas. Score de risco: 69.00.,1,1091
1092,2026-05-24 06:15:00,Relatório automático do alerta Laranja. Razões principais: Precipitação acumulada entre 41 e 60 mm nas últimas 6 horas. Score de risco: 45.41.,2,1092
1093,2026-05-24 06:15:00,Relatório automático do alerta Laranja. Razões principais: Nível de água entre 70% e 85%. Precipitação acumulada entre 41 e 60 mm nas últimas 6 horas. Score de risco: 46.44.,1,1093
1094,2026-05-24 07:15:00,Relatório automático do alerta Laranja. Razões principais: Precipitação prevista entre 21 e 40 mm na próxima hora. Score de risco: 32.47.,1,1094
1095,2026-05-24 07:15:00,Relatório automático do alerta Vermelho. Razões principais: Nível de água superior ou igual a 90%. Precipitação acumulada superior a 60 mm nas últimas 6 horas. Precipitação prevista entre 10 e 20 mm na próxima hora. Score de risco: 73.56.,3,1095
1096,2026-05-24 07:15:00,Relatório automático do alerta Laranja. Razões principais: Precipitação acumulada entre 41 e 60 mm nas últimas 6 horas. Score de risco: 44.69.,3,1096
1097,2026-05-24 07:15:00,Relatório automático do alerta Vermelho. Razões principais: Nível de água entre 70% e 85%. Precipitação acumulada superior a 60 mm nas últimas 6 horas. Precipitação prevista entre 21 e 40 mm na próxima hora. Score de risco: 59.97.,3,1097
1098,2026-05-24 08:15:00,Relatório automático do alerta Laranja. Razões principais: Nível de água entre 70% e 85%. Precipitação acumulada entre 41 e 60 mm nas últimas 6 horas. Score de risco: 53.77.,2,1098
1099,2026-05-24 08:15:00,Relatório automático do alerta Laranja. Razões principais: Precipitação acumulada entre 41 e 60 mm nas últimas 6 horas. Precipitação prevista entre 21 e 40 mm na próxima hora. Score de risco: 48.45.,2,1099
1100,2026-05-24 08:15:00,Relatório automático do alerta Laranja. Razões principais: Precipitação acumulada entre 41 e 60 mm nas últimas 6 horas. Score de risco: 40.57.,3,1100
1101,2026-05-24 09:15:00,Relatório automático do alerta Amarelo. Razões principais: Precipitação prevista entre 10 e 20 mm na próxima hora. Score de risco: 35.59.,1,1101
1102,2026-05-24 09:15:00,Relatório automático do alerta Amarelo. Razões principais: Precipitação acumulada entre 30 e 40 mm nas últimas 6 horas. Score de risco: 44.75.,1,1102
1103,2026-05-24 09:15:00,Relatório automático do alerta Verde. Razões principais: Valores abaixo dos limites iniciais. Score de risco: 28.17.,3,1103
1104,2026-05-24 10:15:00,Relatório automático do alerta Amarelo. Razões principais: Precipitação acumulada entre 30 e 40 mm nas últimas 6 horas. Score de risco: 43.40.,3,1104
1105,2026-05-24 10:15:00,Relatório automático do alerta Vermelho. Razões principais: Nível de água entre 70% e 85%. Precipitação acumulada entre 41 e 60 mm nas últimas 6 horas. Precipitação prevista superior a 40 mm na próxima hora. Score de risco: 60.37.,1,1105
1106,2026-05-24 11:15:00,Relatório automático do alerta Amarelo. Razões principais: Precipitação prevista entre 10 e 20 mm na próxima hora. Score de risco: 34.39.,1,1106
1107,2026-05-24 11:15:00,Relatório automático do alerta Laranja. Razões principais: Precipitação acumulada entre 41 e 60 mm nas últimas 6 horas. Score de risco: 49.12.,1,1107
1108,2026-05-24 12:15:00,Relatório automático do alerta Vermelho. Razões principais: Nível de água entre 70% e 85%. Precipitação acumulada superior a 60 mm nas últimas 6 horas. Score de risco: 54.69.,2,1108
1109,2026-05-24 13:15:00,Relatório automático do alerta Amarelo. Razões principais: Precipitação prevista entre 10 e 20 mm na próxima hora. Score de risco: 32.56.,2,1109
1110,2026-05-24 13:15:00,Relatório automático do alerta Amarelo. Razões principais: Precipitação prevista entre 10 e 20 mm na próxima hora. Score de risco: 26.77.,2,1110
1111,2026-05-24 13:15:00,Relatório automático do alerta Laranja. Razões principais: Nível de água entre 70% e 85%. Precipitação acumulada entre 41 e 60 mm nas últimas 6 horas. Score de risco: 49.10.,2,1111
1112,2026-05-24 14:15:00,Relatório automático do alerta Laranja. Razões principais: Precipitação prevista entre 21 e 40 mm na próxima hora. Score de risco: 31.37.,3,1112
1113,2026-05-24 14:15:00,Relatório automático do alerta Laranja. Razões principais: Nível de água entre 70% e 85%. Precipitação acumulada entre 41 e 60 mm nas últimas 6 horas. Precipitação prevista entre 10 e 20 mm na próxima hora. Score de risco: 49.93.,2,1113
1114,2026-05-24 15:15:00,Relatório automático do alerta Laranja. Razões principais: Precipitação acumulada entre 30 e 40 mm nas últimas 6 horas. Precipitação prevista entre 21 e 40 mm na próxima hora. Score de risco: 48.08.,2,1114
1115,2026-05-24 15:15:00,Relatório automático do alerta Verde. Razões principais: Valores abaixo dos limites iniciais. Score de risco: 23.00.,1,1115
1116,2026-05-24 15:15:00,Relatório automático do alerta Amarelo. Razões principais: Precipitação prevista entre 10 e 20 mm na próxima hora. Score de risco: 29.12.,1,1116
1117,2026-05-24 15:15:00,Relatório automático do alerta Vermelho. Razões principais: Nível de água superior ou igual a 90%. Precipitação acumulada superior a 60 mm nas últimas 6 horas. Precipitação prevista entre 21 e 40 mm na próxima hora. Score de risco: 77.23.,1,1117
1118,2026-05-24 16:15:00,Relatório automático do alerta Amarelo. Razões principais: Precipitação acumulada entre 30 e 40 mm nas últimas 6 horas. Score de risco: 38.62.,2,1118
1119,2026-05-24 16:15:00,Relatório automático do alerta Laranja. Razões principais: Precipitação acumulada entre 41 e 60 mm nas últimas 6 horas. Precipitação prevista entre 10 e 20 mm na próxima hora. Score de risco: 49.53.,2,1119
1120,2026-05-24 17:15:00,Relatório automático do alerta Amarelo. Razões principais: Precipitação acumulada entre 30 e 40 mm nas últimas 6 horas. Score de risco: 38.30.,3,1120
1121,2026-05-24 17:15:00,Relatório automático do alerta Laranja. Razões principais: Precipitação acumulada entre 41 e 60 mm nas últimas 6 horas. Score de risco: 39.36.,1,1121
1122,2026-05-24 18:15:00,Relatório automático do alerta Amarelo. Razões principais: Precipitação acumulada entre 30 e 40 mm nas últimas 6 horas. Score de risco: 37.29.,2,1122
1123,2026-05-24 18:15:00,Relatório automático do alerta Laranja. Razões principais: Precipitação acumulada entre 30 e 40 mm nas últimas 6 horas. Precipitação prevista entre 10 e 20 mm na próxima hora. Score de risco: 44.95.,2,1123
1124,2026-05-24 19:15:00,Relatório automático do alerta Amarelo. Razões principais: Precipitação prevista entre 10 e 20 mm na próxima hora. Score de risco: 24.24.,1,1124
1125,2026-05-24 19:15:00,Relatório automático do alerta Laranja. Razões principais: Nível de água entre 70% e 85%. Precipitação acumulada entre 41 e 60 mm nas últimas 6 horas. Precipitação prevista entre 21 e 40 mm na próxima hora. Score de risco: 56.70.,2,1125
1126,2026-05-24 19:15:00,Relatório automático do alerta Amarelo. Razões principais: Precipitação acumulada entre 30 e 40 mm nas últimas 6 horas. Score de risco: 42.60.,3,1126
1127,2026-05-24 20:15:00,Relatório automático do alerta Verde. Razões principais: Valores abaixo dos limites iniciais. Score de risco: 18.33.,3,1127
1128,2026-05-24 20:15:00,Relatório automático do alerta Laranja. Razões principais: Nível de água entre 70% e 85%. Precipitação acumulada entre 41 e 60 mm nas últimas 6 horas. Score de risco: 49.54.,1,1128
1129,2026-05-24 20:15:00,Relatório automático do alerta Amarelo. Razões principais: Precipitação acumulada entre 30 e 40 mm nas últimas 6 horas. Score de risco: 41.17.,3,1129
1130,2026-05-24 21:15:00,Relatório automático do alerta Amarelo. Razões principais: Precipitação acumulada entre 30 e 40 mm nas últimas 6 horas. Score de risco: 41.30.,1,1130
1131,2026-05-24 22:15:00,Relatório automático do alerta Laranja. Razões principais: Precipitação acumulada entre 30 e 40 mm nas últimas 6 horas. Precipitação prevista entre 10 e 20 mm na próxima hora. Score de risco: 43.39.,3,1131
1132,2026-05-24 23:15:00,Relatório automático do alerta Amarelo. Razões principais: Precipitação prevista entre 10 e 20 mm na próxima hora. Score de risco: 24.08.,2,1132
1133,2026-05-25 00:15:00,Relatório automático do alerta Laranja. Razões principais: Precipitação acumulada entre 30 e 40 mm nas últimas 6 horas. Precipitação prevista entre 21 e 40 mm na próxima hora. Score de risco: 39.37.,2,1133
1134,2026-05-25 01:15:00,Relatório automático do alerta Amarelo. Razões principais: Precipitação prevista entre 10 e 20 mm na próxima hora. Score de risco: 23.10.,1,1134
1135,2026-05-25 01:15:00,Relatório automático do alerta Amarelo. Razões principais: Precipitação prevista entre 10 e 20 mm na próxima hora. Score de risco: 18.47.,2,1135
1136,2026-05-25 02:15:00,Relatório automático do alerta Amarelo. Razões principais: Precipitação prevista entre 10 e 20 mm na próxima hora. Score de risco: 26.02.,1,1136
1137,2026-05-25 02:15:00,Relatório automático do alerta Amarelo. Razões principais: Precipitação prevista entre 10 e 20 mm na próxima hora. Score de risco: 24.79.,1,1137
1138,2026-05-25 02:15:00,Relatório automático do alerta Amarelo. Razões principais: Precipitação prevista entre 10 e 20 mm na próxima hora. Score de risco: 22.96.,1,1138
1139,2026-05-25 02:15:00,Relatório automático do alerta Amarelo. Razões principais: Precipitação prevista entre 10 e 20 mm na próxima hora. Score de risco: 29.34.,3,1139
1140,2026-05-25 03:15:00,Relatório automático do alerta Laranja. Razões principais: Precipitação prevista entre 21 e 40 mm na próxima hora. Score de risco: 42.07.,1,1140
1141,2026-05-25 03:15:00,Relatório automático do alerta Amarelo. Razões principais: Precipitação prevista entre 10 e 20 mm na próxima hora. Score de risco: 24.30.,2,1141
1142,2026-05-25 03:15:00,Relatório automático do alerta Amarelo. Razões principais: Precipitação prevista entre 10 e 20 mm na próxima hora. Score de risco: 29.32.,1,1142
1143,2026-05-25 04:15:00,Relatório automático do alerta Amarelo. Razões principais: Precipitação prevista entre 10 e 20 mm na próxima hora. Score de risco: 39.27.,2,1143
1144,2026-05-25 04:15:00,Relatório automático do alerta Amarelo. Razões principais: Precipitação prevista entre 10 e 20 mm na próxima hora. Score de risco: 31.25.,3,1144
1145,2026-05-25 05:15:00,Relatório automático do alerta Amarelo. Razões principais: Precipitação acumulada entre 30 e 40 mm nas últimas 6 horas. Score de risco: 42.27.,2,1145
1146,2026-05-25 05:15:00,Relatório automático do alerta Amarelo. Razões principais: Precipitação prevista entre 10 e 20 mm na próxima hora. Score de risco: 19.69.,2,1146
1147,2026-05-25 06:15:00,Relatório automático do alerta Amarelo. Razões principais: Precipitação acumulada entre 30 e 40 mm nas últimas 6 horas. Score de risco: 39.35.,3,1147
1148,2026-05-25 06:15:00,Relatório automático do alerta Amarelo. Razões principais: Precipitação prevista entre 10 e 20 mm na próxima hora. Score de risco: 28.13.,3,1148
1149,2026-05-25 06:15:00,Relatório automático do alerta Vermelho. Razões principais: Precipitação acumulada entre 41 e 60 mm nas últimas 6 horas. Precipitação prevista superior a 40 mm na próxima hora. Score de risco: 56.23.,3,1149
1150,2026-05-25 07:15:00,Relatório automático do alerta Vermelho. Razões principais: Nível de água entre 70% e 85%. Precipitação acumulada superior a 60 mm nas últimas 6 horas. Precipitação prevista entre 10 e 20 mm na próxima hora. Score de risco: 58.30.,1,1150
1151,2026-05-25 08:15:00,Relatório automático do alerta Vermelho. Razões principais: Nível de água entre 85% e 90%. Precipitação acumulada superior a 60 mm nas últimas 6 horas. Score de risco: 60.08.,3,1151
1152,2026-05-25 08:15:00,Relatório automático do alerta Vermelho. Razões principais: Precipitação acumulada entre 30 e 40 mm nas últimas 6 horas. Precipitação prevista superior a 40 mm na próxima hora. Score de risco: 49.50.,3,1152
1153,2026-05-25 09:15:00,Relatório automático do alerta Vermelho. Razões principais: Nível de água entre 85% e 90%. Precipitação acumulada superior a 60 mm nas últimas 6 horas. Score de risco: 58.01.,2,1153
1154,2026-05-25 09:15:00,Relatório automático do alerta Laranja. Razões principais: Precipitação acumulada entre 30 e 40 mm nas últimas 6 horas. Precipitação prevista entre 10 e 20 mm na próxima hora. Score de risco: 42.19.,1,1154
1155,2026-05-25 10:15:00,Relatório automático do alerta Laranja. Razões principais: Nível de água entre 70% e 85%. Precipitação acumulada entre 41 e 60 mm nas últimas 6 horas. Score de risco: 52.98.,3,1155
1156,2026-05-25 10:15:00,Relatório automático do alerta Laranja. Razões principais: Precipitação acumulada entre 30 e 40 mm nas últimas 6 horas. Precipitação prevista entre 10 e 20 mm na próxima hora. Score de risco: 43.57.,2,1156
1157,2026-05-25 11:15:00,Relatório automático do alerta Vermelho. Razões principais: Nível de água entre 70% e 85%. Precipitação acumulada superior a 60 mm nas últimas 6 horas. Score de risco: 60.07.,3,1157
1158,2026-05-25 11:15:00,Relatório automático do alerta Amarelo. Razões principais: Precipitação acumulada entre 30 e 40 mm nas últimas 6 horas. Score de risco: 40.78.,2,1158
1159,2026-05-25 12:15:00,Relatório automático do alerta Laranja. Razões principais: Precipitação acumulada entre 41 e 60 mm nas últimas 6 horas. Score de risco: 43.07.,1,1159
1160,2026-05-25 13:15:00,Relatório automático do alerta Verde. Razões principais: Valores abaixo dos limites iniciais. Score de risco: 23.99.,1,1160
1161,2026-05-25 13:15:00,Relatório automático do alerta Laranja. Razões principais: Precipitação acumulada entre 41 e 60 mm nas últimas 6 horas. Score de risco: 42.58.,2,1161
1162,2026-05-25 14:15:00,Relatório automático do alerta Amarelo. Razões principais: Precipitação prevista entre 10 e 20 mm na próxima hora. Score de risco: 24.53.,3,1162
1163,2026-05-25 15:15:00,Relatório automático do alerta Amarelo. Razões principais: Precipitação prevista entre 10 e 20 mm na próxima hora. Score de risco: 26.53.,1,1163
1164,2026-05-25 15:15:00,Relatório automático do alerta Amarelo. Razões principais: Precipitação prevista entre 10 e 20 mm na próxima hora. Score de risco: 29.56.,3,1164
1165,2026-05-25 15:15:00,Relatório automático do alerta Amarelo. Razões principais: Precipitação prevista entre 10 e 20 mm na próxima hora. Score de risco: 25.92.,3,1165
1166,2026-05-25 16:15:00,Relatório automático do alerta Amarelo. Razões principais: Precipitação prevista entre 10 e 20 mm na próxima hora. Score de risco: 29.20.,3,1166
1167,2026-05-25 16:15:00,Relatório automático do alerta Amarelo. Razões principais: Precipitação prevista entre 10 e 20 mm na próxima hora. Score de risco: 21.14.,3,1167
1168,2026-05-25 17:15:00,Relatório automático do alerta Amarelo. Razões principais: Precipitação prevista entre 10 e 20 mm na próxima hora. Score de risco: 26.44.,2,1168
1169,2026-05-25 17:15:00,Relatório automático do alerta Laranja. Razões principais: Precipitação prevista entre 21 e 40 mm na próxima hora. Score de risco: 29.81.,2,1169
1170,2026-05-25 18:15:00,Relatório automático do alerta Laranja. Razões principais: Precipitação prevista entre 21 e 40 mm na próxima hora. Score de risco: 37.92.,2,1170
1171,2026-05-25 20:15:00,Relatório automático do alerta Verde. Razões principais: Valores abaixo dos limites iniciais. Score de risco: 30.90.,3,1171
1172,2026-05-25 20:15:00,Relatório automático do alerta Laranja. Razões principais: Precipitação prevista entre 21 e 40 mm na próxima hora. Score de risco: 30.41.,2,1172
1173,2026-05-25 20:15:00,Relatório automático do alerta Amarelo. Razões principais: Precipitação prevista entre 10 e 20 mm na próxima hora. Score de risco: 24.60.,2,1173
1174,2026-05-25 21:15:00,Relatório automático do alerta Verde. Razões principais: Valores abaixo dos limites iniciais. Score de risco: 32.85.,3,1174
1175,2026-05-25 21:15:00,Relatório automático do alerta Amarelo. Razões principais: Precipitação prevista entre 10 e 20 mm na próxima hora. Score de risco: 24.29.,2,1175
1176,2026-05-25 22:15:00,Relatório automático do alerta Laranja. Razões principais: Precipitação prevista entre 21 e 40 mm na próxima hora. Score de risco: 33.95.,1,1176
1177,2026-05-25 23:15:00,Relatório automático do alerta Verde. Razões principais: Valores abaixo dos limites iniciais. Score de risco: 22.71.,3,1177
1178,2026-05-25 23:15:00,Relatório automático do alerta Amarelo. Razões principais: Precipitação prevista entre 10 e 20 mm na próxima hora. Score de risco: 35.02.,3,1178
1179,2026-05-26 00:15:00,Relatório automático do alerta Amarelo. Razões principais: Precipitação prevista entre 10 e 20 mm na próxima hora. Score de risco: 26.06.,2,1179
1180,2026-05-26 01:15:00,Relatório automático do alerta Amarelo. Razões principais: Precipitação prevista entre 10 e 20 mm na próxima hora. Score de risco: 25.65.,1,1180
1181,2026-05-26 01:15:00,Relatório automático do alerta Vermelho. Razões principais: Nível de água superior ou igual a 90%. Precipitação acumulada superior a 60 mm nas últimas 6 horas. Precipitação prevista superior a 40 mm na próxima hora. Score de risco: 78.29.,2,1181
1182,2026-05-26 01:15:00,Relatório automático do alerta Amarelo. Razões principais: Precipitação prevista entre 10 e 20 mm na próxima hora. Score de risco: 24.07.,1,1182
1183,2026-05-26 02:15:00,Relatório automático do alerta Vermelho. Razões principais: Nível de água superior ou igual a 90%. Precipitação acumulada superior a 60 mm nas últimas 6 horas. Score de risco: 67.92.,2,1183
1184,2026-05-26 02:15:00,Relatório automático do alerta Amarelo. Razões principais: Precipitação prevista entre 10 e 20 mm na próxima hora. Score de risco: 24.11.,2,1184
1185,2026-05-26 02:15:00,Relatório automático do alerta Amarelo. Razões principais: Precipitação prevista entre 10 e 20 mm na próxima hora. Score de risco: 22.00.,2,1185
1186,2026-05-26 03:15:00,Relatório automático do alerta Vermelho. Razões principais: Nível de água superior ou igual a 90%. Precipitação acumulada superior a 60 mm nas últimas 6 horas. Score de risco: 64.19.,3,1186
1187,2026-05-26 04:15:00,Relatório automático do alerta Vermelho. Razões principais: Nível de água superior ou igual a 90%. Precipitação acumulada superior a 60 mm nas últimas 6 horas. Precipitação prevista entre 10 e 20 mm na próxima hora. Score de risco: 71.28.,1,1187
1188,2026-05-26 05:15:00,Relatório automático do alerta Vermelho. Razões principais: Nível de água superior ou igual a 90%. Precipitação acumulada superior a 60 mm nas últimas 6 horas. Score de risco: 65.71.,1,1188
1189,2026-05-26 05:15:00,Relatório automático do alerta Amarelo. Razões principais: Precipitação prevista entre 10 e 20 mm na próxima hora. Score de risco: 21.38.,2,1189
1190,2026-05-26 06:15:00,Relatório automático do alerta Laranja. Razões principais: Precipitação prevista entre 21 e 40 mm na próxima hora. Score de risco: 24.80.,2,1190
1191,2026-05-26 06:15:00,Relatório automático do alerta Vermelho. Razões principais: Nível de água superior ou igual a 90%. Precipitação acumulada superior a 60 mm nas últimas 6 horas. Score de risco: 66.69.,3,1191
1192,2026-05-26 07:15:00,Relatório automático do alerta Amarelo. Razões principais: Precipitação prevista entre 10 e 20 mm na próxima hora. Score de risco: 21.98.,2,1192
1193,2026-05-26 07:15:00,Relatório automático do alerta Verde. Razões principais: Valores abaixo dos limites iniciais. Score de risco: 15.21.,2,1193
1194,2026-05-26 08:15:00,Relatório automático do alerta Verde. Razões principais: Valores abaixo dos limites iniciais. Score de risco: 18.95.,1,1194
1195,2026-05-26 08:15:00,Relatório automático do alerta Amarelo. Razões principais: Precipitação prevista entre 10 e 20 mm na próxima hora. Score de risco: 22.66.,1,1195
1196,2026-05-26 12:15:00,Relatório automático do alerta Vermelho. Razões principais: Precipitação acumulada entre 30 e 40 mm nas últimas 6 horas. Precipitação prevista superior a 40 mm na próxima hora. Score de risco: 47.54.,2,1196
1197,2026-05-26 13:15:00,Relatório automático do alerta Amarelo. Razões principais: Precipitação prevista entre 10 e 20 mm na próxima hora. Score de risco: 20.64.,3,1197
1198,2026-05-26 13:15:00,Relatório automático do alerta Amarelo. Razões principais: Precipitação acumulada entre 30 e 40 mm nas últimas 6 horas. Score de risco: 36.77.,2,1198
1199,2026-05-26 14:15:00,Relatório automático do alerta Verde. Razões principais: Valores abaixo dos limites iniciais. Score de risco: 22.28.,2,1199
1200,2026-05-26 14:15:00,Relatório automático do alerta Amarelo. Razões principais: Precipitação prevista entre 10 e 20 mm na próxima hora. Score de risco: 20.59.,3,1200
1201,2026-05-26 14:15:00,Relatório automático do alerta Laranja. Razões principais: Precipitação acumulada entre 30 e 40 mm nas últimas 6 horas. Precipitação prevista entre 21 e 40 mm na próxima hora. Score de risco: 41.38.,1,1201
1202,2026-05-26 15:15:00,Relatório automático do alerta Laranja. Razões principais: Precipitação acumulada entre 30 e 40 mm nas últimas 6 horas. Precipitação prevista entre 21 e 40 mm na próxima hora. Score de risco: 49.93.,1,1202
1203,2026-05-26 15:15:00,Relatório automático do alerta Amarelo. Razões principais: Precipitação prevista entre 10 e 20 mm na próxima hora. Score de risco: 26.35.,2,1203
1204,2026-05-26 15:15:00,Relatório automático do alerta Amarelo. Razões principais: Precipitação acumulada entre 30 e 40 mm nas últimas 6 horas. Score de risco: 37.13.,3,1204
1205,2026-05-26 16:15:00,Relatório automático do alerta Laranja. Razões principais: Precipitação acumulada entre 30 e 40 mm nas últimas 6 horas. Precipitação prevista entre 10 e 20 mm na próxima hora. Score de risco: 41.67.,2,1205
1206,2026-05-26 16:15:00,Relatório automático do alerta Amarelo. Razões principais: Precipitação prevista entre 10 e 20 mm na próxima hora. Score de risco: 21.49.,3,1206
1207,2026-05-26 16:15:00,Relatório automático do alerta Amarelo. Razões principais: Precipitação acumulada entre 30 e 40 mm nas últimas 6 horas. Score de risco: 38.28.,1,1207
1208,2026-05-26 17:15:00,Relatório automático do alerta Laranja. Razões principais: Precipitação acumulada entre 30 e 40 mm nas últimas 6 horas. Precipitação prevista entre 10 e 20 mm na próxima hora. Score de risco: 41.65.,1,1208
1209,2026-05-26 17:15:00,Relatório automático do alerta Amarelo. Razões principais: Precipitação prevista entre 10 e 20 mm na próxima hora. Score de risco: 26.15.,2,1209
1210,2026-05-26 17:15:00,Relatório automático do alerta Vermelho. Razões principais: Nível de água entre 70% e 85%. Precipitação acumulada superior a 60 mm nas últimas 6 horas. Precipitação prevista superior a 40 mm na próxima hora. Score de risco: 67.61.,2,1210
1211,2026-05-26 18:15:00,Relatório automático do alerta Laranja. Razões principais: Precipitação acumulada entre 30 e 40 mm nas últimas 6 horas. Precipitação prevista entre 10 e 20 mm na próxima hora. Score de risco: 42.67.,3,1211
1212,2026-05-26 18:15:00,Relatório automático do alerta Amarelo. Razões principais: Precipitação prevista entre 10 e 20 mm na próxima hora. Score de risco: 20.87.,2,1212
1213,2026-05-26 18:15:00,Relatório automático do alerta Amarelo. Razões principais: Precipitação acumulada entre 30 e 40 mm nas últimas 6 horas. Score de risco: 38.72.,3,1213
1214,2026-05-26 19:15:00,Relatório automático do alerta Amarelo. Razões principais: Precipitação acumulada entre 30 e 40 mm nas últimas 6 horas. Score de risco: 43.21.,2,1214
1215,2026-05-26 19:15:00,Relatório automático do alerta Amarelo. Razões principais: Precipitação prevista entre 10 e 20 mm na próxima hora. Score de risco: 20.16.,3,1215
1216,2026-05-26 19:15:00,Relatório automático do alerta Laranja. Razões principais: Precipitação acumulada entre 30 e 40 mm nas últimas 6 horas. Precipitação prevista entre 10 e 20 mm na próxima hora. Score de risco: 39.19.,1,1216
1217,2026-05-26 20:15:00,Relatório automático do alerta Amarelo. Razões principais: Precipitação acumulada entre 30 e 40 mm nas últimas 6 horas. Score de risco: 39.94.,1,1217
1218,2026-05-26 20:15:00,Relatório automático do alerta Verde. Razões principais: Valores abaixo dos limites iniciais. Score de risco: 17.09.,1,1218
1219,2026-05-26 20:15:00,Relatório automático do alerta Amarelo. Razões principais: Precipitação acumulada entre 30 e 40 mm nas últimas 6 horas. Score de risco: 34.82.,1,1219
1220,2026-05-26 21:15:00,Relatório automático do alerta Amarelo. Razões principais: Precipitação prevista entre 10 e 20 mm na próxima hora. Score de risco: 25.89.,1,1220
1221,2026-05-26 21:15:00,Relatório automático do alerta Laranja. Razões principais: Precipitação acumulada entre 30 e 40 mm nas últimas 6 horas. Precipitação prevista entre 10 e 20 mm na próxima hora. Score de risco: 38.50.,1,1221
1222,2026-05-26 22:15:00,Relatório automático do alerta Amarelo. Razões principais: Precipitação acumulada entre 30 e 40 mm nas últimas 6 horas. Score de risco: 40.09.,3,1222
1223,2026-05-26 23:15:00,Relatório automático do alerta Amarelo. Razões principais: Precipitação prevista entre 10 e 20 mm na próxima hora. Score de risco: 22.02.,2,1223
1224,2026-05-26 23:15:00,Relatório automático do alerta Amarelo. Razões principais: Precipitação prevista entre 10 e 20 mm na próxima hora. Score de risco: 22.04.,3,1224
1225,2026-05-26 23:15:00,Relatório automático do alerta Verde. Razões principais: Valores abaixo dos limites iniciais. Score de risco: 20.11.,2,1225
1226,2026-05-26 23:15:00,Relatório automático do alerta Vermelho. Razões principais: Precipitação acumulada entre 30 e 40 mm nas últimas 6 horas. Precipitação prevista superior a 40 mm na próxima hora. Score de risco: 44.21.,2,1226
1227,2026-05-27 00:15:00,Relatório automático do alerta Amarelo. Razões principais: Precipitação prevista entre 10 e 20 mm na próxima hora. Score de risco: 22.06.,1,1227
1228,2026-05-27 00:15:00,Relatório automático do alerta Amarelo. Razões principais: Precipitação acumulada entre 30 e 40 mm nas últimas 6 horas. Score de risco: 35.19.,1,1228
1229,2026-05-27 01:15:00,Relatório automático do alerta Vermelho. Razões principais: Precipitação acumulada entre 41 e 60 mm nas últimas 6 horas. Precipitação prevista superior a 40 mm na próxima hora. Score de risco: 54.96.,1,1229
1230,2026-05-27 01:15:00,Relatório automático do alerta Amarelo. Razões principais: Precipitação prevista entre 10 e 20 mm na próxima hora. Score de risco: 19.78.,1,1230
1231,2026-05-27 01:15:00,Relatório automático do alerta Amarelo. Razões principais: Precipitação acumulada entre 30 e 40 mm nas últimas 6 horas. Score de risco: 36.57.,2,1231
1232,2026-05-27 02:15:00,Relatório automático do alerta Laranja. Razões principais: Nível de água entre 70% e 85%. Precipitação acumulada entre 41 e 60 mm nas últimas 6 horas. Score de risco: 46.45.,3,1232
1233,2026-05-27 02:15:00,Relatório automático do alerta Verde. Razões principais: Valores abaixo dos limites iniciais. Score de risco: 19.11.,1,1233
1234,2026-05-27 02:15:00,Relatório automático do alerta Amarelo. Razões principais: Precipitação acumulada entre 30 e 40 mm nas últimas 6 horas. Score de risco: 37.71.,3,1234
1235,2026-05-27 03:15:00,Relatório automático do alerta Amarelo. Razões principais: Precipitação prevista entre 10 e 20 mm na próxima hora. Score de risco: 24.24.,1,1235
1236,2026-05-27 03:15:00,Relatório automático do alerta Laranja. Razões principais: Precipitação acumulada entre 41 e 60 mm nas últimas 6 horas. Score de risco: 43.82.,2,1236
1237,2026-05-27 03:15:00,Relatório automático do alerta Verde. Razões principais: Valores abaixo dos limites iniciais. Score de risco: 16.63.,2,1237
1238,2026-05-27 03:15:00,Relatório automático do alerta Amarelo. Razões principais: Precipitação acumulada entre 30 e 40 mm nas últimas 6 horas. Score de risco: 34.85.,2,1238
1239,2026-05-27 04:15:00,Relatório automático do alerta Laranja. Razões principais: Precipitação acumulada entre 41 e 60 mm nas últimas 6 horas. Score de risco: 42.71.,3,1239
1240,2026-05-27 04:15:00,Relatório automático do alerta Amarelo. Razões principais: Precipitação prevista entre 10 e 20 mm na próxima hora. Score de risco: 21.48.,3,1240
1241,2026-05-27 05:15:00,Relatório automático do alerta Laranja. Razões principais: Nível de água entre 70% e 85%. Precipitação acumulada entre 41 e 60 mm nas últimas 6 horas. Score de risco: 44.67.,1,1241
1242,2026-05-27 05:15:00,Relatório automático do alerta Amarelo. Razões principais: Precipitação prevista entre 10 e 20 mm na próxima hora. Score de risco: 20.86.,1,1242
1243,2026-05-27 05:15:00,Relatório automático do alerta Amarelo. Razões principais: Precipitação prevista entre 10 e 20 mm na próxima hora. Score de risco: 18.14.,2,1243
1244,2026-05-27 06:15:00,Relatório automático do alerta Laranja. Razões principais: Precipitação prevista entre 21 e 40 mm na próxima hora. Score de risco: 24.46.,3,1244
1245,2026-05-27 06:15:00,Relatório automático do alerta Laranja. Razões principais: Nível de água entre 70% e 85%. Precipitação acumulada entre 41 e 60 mm nas últimas 6 horas. Score de risco: 44.83.,2,1245
1246,2026-05-27 07:15:00,Relatório automático do alerta Amarelo. Razões principais: Precipitação prevista entre 10 e 20 mm na próxima hora. Score de risco: 22.05.,3,1246
1247,2026-05-27 08:15:00,Relatório automático do alerta Amarelo. Razões principais: Precipitação prevista entre 10 e 20 mm na próxima hora. Score de risco: 20.59.,2,1247
1248,2026-05-27 09:15:00,Relatório automático do alerta Amarelo. Razões principais: Precipitação prevista entre 10 e 20 mm na próxima hora. Score de risco: 22.86.,1,1248
1249,2026-05-27 09:15:00,Relatório automático do alerta Amarelo. Razões principais: Precipitação prevista entre 10 e 20 mm na próxima hora. Score de risco: 21.74.,3,1249
1250,2026-05-27 10:15:00,Relatório automático do alerta Amarelo. Razões principais: Precipitação prevista entre 10 e 20 mm na próxima hora. Score de risco: 24.30.,3,1250
1251,2026-05-27 11:15:00,Relatório automático do alerta Verde. Razões principais: Valores abaixo dos limites iniciais. Score de risco: 22.56.,3,1251
1252,2026-05-27 11:15:00,Relatório automático do alerta Amarelo. Razões principais: Precipitação prevista entre 10 e 20 mm na próxima hora. Score de risco: 21.49.,3,1252
1253,2026-05-27 11:15:00,Relatório automático do alerta Amarelo. Razões principais: Precipitação prevista entre 10 e 20 mm na próxima hora. Score de risco: 21.74.,3,1253
1254,2026-05-27 12:15:00,Relatório automático do alerta Verde. Razões principais: Valores abaixo dos limites iniciais. Score de risco: 22.26.,2,1254
1255,2026-05-27 12:15:00,Relatório automático do alerta Amarelo. Razões principais: Precipitação prevista entre 10 e 20 mm na próxima hora. Score de risco: 22.45.,3,1255
1256,2026-05-27 13:15:00,Relatório automático do alerta Amarelo. Razões principais: Precipitação prevista entre 10 e 20 mm na próxima hora. Score de risco: 24.52.,1,1256
1257,2026-05-27 14:15:00,Relatório automático do alerta Amarelo. Razões principais: Precipitação prevista entre 10 e 20 mm na próxima hora. Score de risco: 26.00.,3,1257
1258,2026-05-27 14:15:00,Relatório automático do alerta Amarelo. Razões principais: Precipitação prevista entre 10 e 20 mm na próxima hora. Score de risco: 22.62.,2,1258
1259,2026-05-27 14:15:00,Relatório automático do alerta Amarelo. Razões principais: Precipitação prevista entre 10 e 20 mm na próxima hora. Score de risco: 20.34.,1,1259
1260,2026-05-27 14:15:00,Relatório automático do alerta Amarelo. Razões principais: Precipitação prevista entre 10 e 20 mm na próxima hora. Score de risco: 20.03.,1,1260
1261,2026-05-27 15:15:00,Relatório automático do alerta Amarelo. Razões principais: Precipitação prevista entre 10 e 20 mm na próxima hora. Score de risco: 18.93.,1,1261
1262,2026-05-27 16:15:00,Relatório automático do alerta Amarelo. Razões principais: Precipitação prevista entre 10 e 20 mm na próxima hora. Score de risco: 19.08.,1,1262
1263,2026-05-27 16:15:00,Relatório automático do alerta Amarelo. Razões principais: Precipitação prevista entre 10 e 20 mm na próxima hora. Score de risco: 20.19.,2,1263
1264,2026-05-27 17:15:00,Relatório automático do alerta Amarelo. Razões principais: Precipitação prevista entre 10 e 20 mm na próxima hora. Score de risco: 25.81.,2,1264
1265,2026-05-27 17:15:00,Relatório automático do alerta Amarelo. Razões principais: Precipitação prevista entre 10 e 20 mm na próxima hora. Score de risco: 21.99.,1,1265
1266,2026-05-27 17:15:00,Relatório automático do alerta Laranja. Razões principais: Precipitação prevista entre 21 e 40 mm na próxima hora. Score de risco: 22.11.,3,1266
1267,2026-05-27 18:15:00,Relatório automático do alerta Amarelo. Razões principais: Precipitação prevista entre 10 e 20 mm na próxima hora. Score de risco: 20.62.,2,1267
1268,2026-05-27 19:15:00,Relatório automático do alerta Amarelo. Razões principais: Precipitação prevista entre 10 e 20 mm na próxima hora. Score de risco: 28.95.,2,1268
1269,2026-05-27 20:15:00,Relatório automático do alerta Amarelo. Razões principais: Precipitação prevista entre 10 e 20 mm na próxima hora. Score de risco: 23.82.,2,1269
1270,2026-05-27 20:15:00,Relatório automático do alerta Laranja. Razões principais: Precipitação acumulada entre 41 e 60 mm nas últimas 6 horas. Precipitação prevista entre 21 e 40 mm na próxima hora. Score de risco: 53.94.,1,1270
1271,2026-05-27 20:15:00,Relatório automático do alerta Laranja. Razões principais: Precipitação acumulada entre 41 e 60 mm nas últimas 6 horas. Precipitação prevista entre 21 e 40 mm na próxima hora. Score de risco: 54.79.,2,1271
1272,2026-05-27 21:15:00,Relatório automático do alerta Laranja. Razões principais: Nível de água entre 70% e 85%. Precipitação acumulada entre 41 e 60 mm nas últimas 6 horas. Precipitação prevista entre 10 e 20 mm na próxima hora. Score de risco: 52.96.,1,1272
1273,2026-05-27 21:15:00,Relatório automático do alerta Laranja. Razões principais: Nível de água entre 70% e 85%. Precipitação acumulada entre 41 e 60 mm nas últimas 6 horas. Precipitação prevista entre 10 e 20 mm na próxima hora. Score de risco: 52.02.,2,1273
1274,2026-05-27 22:15:00,Relatório automático do alerta Amarelo. Razões principais: Precipitação prevista entre 10 e 20 mm na próxima hora. Score de risco: 20.70.,1,1274
1275,2026-05-27 22:15:00,Relatório automático do alerta Laranja. Razões principais: Nível de água entre 70% e 85%. Precipitação acumulada entre 41 e 60 mm nas últimas 6 horas. Precipitação prevista entre 10 e 20 mm na próxima hora. Score de risco: 48.70.,3,1275
1276,2026-05-27 22:15:00,Relatório automático do alerta Amarelo. Razões principais: Precipitação prevista entre 10 e 20 mm na próxima hora. Score de risco: 25.74.,2,1276
1277,2026-05-27 22:15:00,Relatório automático do alerta Laranja. Razões principais: Nível de água entre 70% e 85%. Precipitação acumulada entre 41 e 60 mm nas últimas 6 horas. Precipitação prevista entre 10 e 20 mm na próxima hora. Score de risco: 52.54.,1,1277
1278,2026-05-27 23:15:00,Relatório automático do alerta Amarelo. Razões principais: Precipitação prevista entre 10 e 20 mm na próxima hora. Score de risco: 22.37.,2,1278
1279,2026-05-27 23:15:00,Relatório automático do alerta Laranja. Razões principais: Nível de água entre 70% e 85%. Precipitação acumulada entre 41 e 60 mm nas últimas 6 horas. Score de risco: 49.70.,2,1279
1280,2026-05-27 23:15:00,Relatório automático do alerta Laranja. Razões principais: Precipitação acumulada entre 41 e 60 mm nas últimas 6 horas. Score de risco: 46.95.,3,1280
1281,2026-05-28 00:15:00,Relatório automático do alerta Amarelo. Razões principais: Precipitação prevista entre 10 e 20 mm na próxima hora. Score de risco: 22.01.,3,1281
1282,2026-05-28 00:15:00,Relatório automático do alerta Laranja. Razões principais: Nível de água entre 70% e 85%. Precipitação acumulada entre 41 e 60 mm nas últimas 6 horas. Precipitação prevista entre 10 e 20 mm na próxima hora. Score de risco: 55.52.,2,1282
1283,2026-05-28 00:15:00,Relatório automático do alerta Vermelho. Razões principais: Precipitação prevista superior a 40 mm na próxima hora. Score de risco: 39.39.,3,1283
1284,2026-05-28 00:15:00,Relatório automático do alerta Laranja. Razões principais: Precipitação acumulada entre 41 e 60 mm nas últimas 6 horas. Precipitação prevista entre 21 e 40 mm na próxima hora. Score de risco: 53.42.,3,1284
1285,2026-05-28 01:15:00,Relatório automático do alerta Laranja. Razões principais: Precipitação prevista entre 21 e 40 mm na próxima hora. Score de risco: 27.00.,1,1285
1286,2026-05-28 01:15:00,Relatório automático do alerta Laranja. Razões principais: Nível de água entre 70% e 85%. Precipitação acumulada entre 41 e 60 mm nas últimas 6 horas. Score de risco: 49.87.,1,1286
1287,2026-05-28 01:15:00,Relatório automático do alerta Vermelho. Razões principais: Nível de água entre 85% e 90%. Precipitação acumulada superior a 60 mm nas últimas 6 horas. Precipitação prevista superior a 40 mm na próxima hora. Score de risco: 76.40.,3,1287
1288,2026-05-28 01:15:00,Relatório automático do alerta Vermelho. Razões principais: Nível de água superior ou igual a 90%. Precipitação acumulada superior a 60 mm nas últimas 6 horas. Precipitação prevista superior a 40 mm na próxima hora. Score de risco: 80.34.,1,1288
1289,2026-05-28 02:15:00,Relatório automático do alerta Amarelo. Razões principais: Precipitação prevista entre 10 e 20 mm na próxima hora. Score de risco: 23.39.,1,1289
1290,2026-05-28 02:15:00,Relatório automático do alerta Vermelho. Razões principais: Nível de água superior ou igual a 90%. Precipitação acumulada superior a 60 mm nas últimas 6 horas. Score de risco: 64.22.,3,1290
1291,2026-05-28 02:15:00,Relatório automático do alerta Laranja. Razões principais: Nível de água entre 70% e 85%. Precipitação acumulada entre 41 e 60 mm nas últimas 6 horas. Score de risco: 48.91.,2,1291
1292,2026-05-28 03:15:00,Relatório automático do alerta Amarelo. Razões principais: Precipitação prevista entre 10 e 20 mm na próxima hora. Score de risco: 24.17.,3,1292
1293,2026-05-28 03:15:00,Relatório automático do alerta Amarelo. Razões principais: Precipitação prevista entre 10 e 20 mm na próxima hora. Score de risco: 23.54.,2,1293
1294,2026-05-28 03:15:00,Relatório automático do alerta Vermelho. Razões principais: Nível de água superior ou igual a 90%. Precipitação acumulada superior a 60 mm nas últimas 6 horas. Precipitação prevista entre 21 e 40 mm na próxima hora. Score de risco: 71.05.,2,1294
1295,2026-05-28 03:15:00,Relatório automático do alerta Laranja. Razões principais: Nível de água entre 70% e 85%. Precipitação acumulada entre 41 e 60 mm nas últimas 6 horas. Precipitação prevista entre 21 e 40 mm na próxima hora. Score de risco: 53.73.,1,1295
1296,2026-05-28 04:15:00,Relatório automático do alerta Amarelo. Razões principais: Precipitação prevista entre 10 e 20 mm na próxima hora. Score de risco: 23.52.,2,1296
1297,2026-05-28 04:15:00,Relatório automático do alerta Vermelho. Razões principais: Nível de água superior ou igual a 90%. Precipitação acumulada superior a 60 mm nas últimas 6 horas. Score de risco: 66.63.,1,1297
1298,2026-05-28 04:15:00,Relatório automático do alerta Laranja. Razões principais: Nível de água entre 70% e 85%. Precipitação acumulada entre 41 e 60 mm nas últimas 6 horas. Score de risco: 48.32.,1,1298
1299,2026-05-28 05:15:00,Relatório automático do alerta Vermelho. Razões principais: Nível de água superior ou igual a 90%. Precipitação acumulada superior a 60 mm nas últimas 6 horas. Score de risco: 65.31.,1,1299
1300,2026-05-28 05:15:00,Relatório automático do alerta Laranja. Razões principais: Precipitação acumulada entre 41 e 60 mm nas últimas 6 horas. Score de risco: 46.59.,2,1300
1301,2026-05-28 06:15:00,Relatório automático do alerta Vermelho. Razões principais: Nível de água entre 70% e 85%. Precipitação acumulada entre 41 e 60 mm nas últimas 6 horas. Precipitação prevista superior a 40 mm na próxima hora. Score de risco: 58.38.,2,1301
1302,2026-05-28 06:15:00,Relatório automático do alerta Laranja. Razões principais: Precipitação prevista entre 21 e 40 mm na próxima hora. Score de risco: 25.54.,3,1302
1303,2026-05-28 06:15:00,Relatório automático do alerta Laranja. Razões principais: Nível de água entre 70% e 85%. Precipitação acumulada entre 41 e 60 mm nas últimas 6 horas. Score de risco: 55.61.,2,1303
1304,2026-05-28 06:15:00,Relatório automático do alerta Laranja. Razões principais: Precipitação acumulada entre 41 e 60 mm nas últimas 6 horas. Score de risco: 46.61.,2,1304
1305,2026-05-28 07:15:00,Relatório automático do alerta Laranja. Razões principais: Nível de água entre 70% e 85%. Precipitação acumulada entre 41 e 60 mm nas últimas 6 horas. Score de risco: 46.38.,3,1305
1306,2026-05-28 07:15:00,Relatório automático do alerta Laranja. Razões principais: Nível de água entre 70% e 85%. Precipitação acumulada entre 41 e 60 mm nas últimas 6 horas. Precipitação prevista entre 21 e 40 mm na próxima hora. Score de risco: 58.28.,1,1306
1307,2026-05-28 08:15:00,Relatório automático do alerta Vermelho. Razões principais: Nível de água superior ou igual a 90%. Precipitação acumulada superior a 60 mm nas últimas 6 horas. Precipitação prevista superior a 40 mm na próxima hora. Score de risco: 84.00.,1,1307
1308,2026-05-28 08:15:00,Relatório automático do alerta Laranja. Razões principais: Nível de água entre 70% e 85%. Precipitação acumulada entre 41 e 60 mm nas últimas 6 horas. Score de risco: 50.33.,2,1308
1309,2026-05-28 09:15:00,Relatório automático do alerta Vermelho. Razões principais: Nível de água superior ou igual a 90%. Precipitação acumulada superior a 60 mm nas últimas 6 horas. Score de risco: 69.00.,2,1309
1310,2026-05-28 09:15:00,Relatório automático do alerta Amarelo. Razões principais: Precipitação prevista entre 10 e 20 mm na próxima hora. Score de risco: 23.57.,2,1310
1311,2026-05-28 09:15:00,Relatório automático do alerta Vermelho. Razões principais: Nível de água entre 85% e 90%. Precipitação acumulada superior a 60 mm nas últimas 6 horas. Precipitação prevista entre 10 e 20 mm na próxima hora. Score de risco: 62.54.,3,1311
1312,2026-05-28 09:15:00,Relatório automático do alerta Vermelho. Razões principais: Precipitação acumulada entre 30 e 40 mm nas últimas 6 horas. Precipitação prevista superior a 40 mm na próxima hora. Score de risco: 46.46.,3,1312
1313,2026-05-28 10:15:00,Relatório automático do alerta Vermelho. Razões principais: Nível de água superior ou igual a 90%. Precipitação acumulada superior a 60 mm nas últimas 6 horas. Score de risco: 69.00.,1,1313
1314,2026-05-28 10:15:00,Relatório automático do alerta Amarelo. Razões principais: Precipitação prevista entre 10 e 20 mm na próxima hora. Score de risco: 22.47.,2,1314
1315,2026-05-28 10:15:00,Relatório automático do alerta Vermelho. Razões principais: Nível de água entre 85% e 90%. Precipitação acumulada superior a 60 mm nas últimas 6 horas. Score de risco: 60.21.,3,1315
1316,2026-05-28 10:15:00,Relatório automático do alerta Amarelo. Razões principais: Precipitação acumulada entre 30 e 40 mm nas últimas 6 horas. Score de risco: 40.48.,1,1316
1317,2026-05-28 11:15:00,Relatório automático do alerta Vermelho. Razões principais: Nível de água superior ou igual a 90%. Precipitação acumulada superior a 60 mm nas últimas 6 horas. Score de risco: 69.00.,2,1317
1318,2026-05-28 11:15:00,Relatório automático do alerta Laranja. Razões principais: Precipitação prevista entre 21 e 40 mm na próxima hora. Score de risco: 35.48.,1,1318
1319,2026-05-28 11:15:00,Relatório automático do alerta Vermelho. Razões principais: Nível de água entre 85% e 90%. Precipitação acumulada superior a 60 mm nas últimas 6 horas. Precipitação prevista entre 10 e 20 mm na próxima hora. Score de risco: 63.67.,1,1319
1320,2026-05-28 11:15:00,Relatório automático do alerta Amarelo. Razões principais: Precipitação acumulada entre 30 e 40 mm nas últimas 6 horas. Score de risco: 37.73.,1,1320
1321,2026-05-28 12:15:00,Relatório automático do alerta Vermelho. Razões principais: Nível de água superior ou igual a 90%. Precipitação acumulada superior a 60 mm nas últimas 6 horas. Precipitação prevista superior a 40 mm na próxima hora. Score de risco: 81.63.,3,1321
1322,2026-05-28 12:15:00,Relatório automático do alerta Vermelho. Razões principais: Nível de água superior ou igual a 90%. Precipitação acumulada superior a 60 mm nas últimas 6 horas. Precipitação prevista superior a 40 mm na próxima hora. Score de risco: 81.78.,3,1322
1323,2026-05-28 12:15:00,Relatório automático do alerta Vermelho. Razões principais: Nível de água superior ou igual a 90%. Precipitação acumulada superior a 60 mm nas últimas 6 horas. Precipitação prevista entre 21 e 40 mm na próxima hora. Score de risco: 74.28.,1,1323
1324,2026-05-28 12:15:00,Relatório automático do alerta Amarelo. Razões principais: Precipitação acumulada entre 30 e 40 mm nas últimas 6 horas. Score de risco: 40.05.,2,1324
1325,2026-05-28 13:15:00,Relatório automático do alerta Vermelho. Razões principais: Nível de água superior ou igual a 90%. Precipitação acumulada superior a 60 mm nas últimas 6 horas. Score de risco: 70.43.,3,1325
1326,2026-05-28 13:15:00,Relatório automático do alerta Vermelho. Razões principais: Nível de água superior ou igual a 90%. Precipitação acumulada superior a 60 mm nas últimas 6 horas. Score de risco: 70.47.,2,1326
1327,2026-05-28 13:15:00,Relatório automático do alerta Laranja. Razões principais: Precipitação acumulada entre 30 e 40 mm nas últimas 6 horas. Precipitação prevista entre 10 e 20 mm na próxima hora. Score de risco: 40.75.,1,1327
1328,2026-05-28 13:15:00,Relatório automático do alerta Amarelo. Razões principais: Precipitação acumulada entre 30 e 40 mm nas últimas 6 horas. Score de risco: 38.87.,1,1328
1329,2026-05-28 14:15:00,Relatório automático do alerta Amarelo. Razões principais: Precipitação acumulada entre 30 e 40 mm nas últimas 6 horas. Score de risco: 40.10.,2,1329
1330,2026-05-28 14:15:00,Relatório automático do alerta Vermelho. Razões principais: Nível de água superior ou igual a 90%. Precipitação acumulada superior a 60 mm nas últimas 6 horas. Score de risco: 69.32.,1,1330
1331,2026-05-28 14:15:00,Relatório automático do alerta Laranja. Razões principais: Precipitação acumulada entre 30 e 40 mm nas últimas 6 horas. Precipitação prevista entre 10 e 20 mm na próxima hora. Score de risco: 39.34.,1,1331
1332,2026-05-28 14:15:00,Relatório automático do alerta Amarelo. Razões principais: Precipitação acumulada entre 30 e 40 mm nas últimas 6 horas. Score de risco: 38.87.,1,1332
1333,2026-05-28 15:15:00,Relatório automático do alerta Amarelo. Razões principais: Precipitação acumulada entre 30 e 40 mm nas últimas 6 horas. Score de risco: 42.59.,3,1333
1334,2026-05-28 15:15:00,Relatório automático do alerta Vermelho. Razões principais: Nível de água superior ou igual a 90%. Precipitação acumulada superior a 60 mm nas últimas 6 horas. Score de risco: 68.84.,2,1334
1335,2026-05-28 15:15:00,Relatório automático do alerta Amarelo. Razões principais: Precipitação prevista entre 10 e 20 mm na próxima hora. Score de risco: 30.16.,1,1335
1336,2026-05-28 16:15:00,Relatório automático do alerta Amarelo. Razões principais: Precipitação acumulada entre 30 e 40 mm nas últimas 6 horas. Score de risco: 39.26.,3,1336
1337,2026-05-28 16:15:00,Relatório automático do alerta Vermelho. Razões principais: Nível de água superior ou igual a 90%. Precipitação acumulada superior a 60 mm nas últimas 6 horas. Score de risco: 69.00.,2,1337
1338,2026-05-28 17:15:00,Relatório automático do alerta Amarelo. Razões principais: Precipitação acumulada entre 30 e 40 mm nas últimas 6 horas. Score de risco: 39.62.,2,1338
1339,2026-05-28 17:15:00,Relatório automático do alerta Vermelho. Razões principais: Nível de água superior ou igual a 90%. Precipitação acumulada superior a 60 mm nas últimas 6 horas. Score de risco: 59.79.,2,1339
1340,2026-05-28 18:15:00,Relatório automático do alerta Amarelo. Razões principais: Precipitação prevista entre 10 e 20 mm na próxima hora. Score de risco: 25.04.,3,1340
1341,2026-05-28 18:15:00,Relatório automático do alerta Amarelo. Razões principais: Precipitação prevista entre 10 e 20 mm na próxima hora. Score de risco: 23.54.,2,1341
1342,2026-05-28 18:15:00,Relatório automático do alerta Vermelho. Razões principais: Precipitação acumulada entre 30 e 40 mm nas últimas 6 horas. Precipitação prevista superior a 40 mm na próxima hora. Score de risco: 53.35.,2,1342
1343,2026-05-28 19:15:00,Relatório automático do alerta Amarelo. Razões principais: Precipitação prevista entre 10 e 20 mm na próxima hora. Score de risco: 20.70.,1,1343
1344,2026-05-28 19:15:00,Relatório automático do alerta Laranja. Razões principais: Precipitação acumulada entre 30 e 40 mm nas últimas 6 horas. Precipitação prevista entre 10 e 20 mm na próxima hora. Score de risco: 44.86.,3,1344
1345,2026-05-28 20:15:00,Relatório automático do alerta Amarelo. Razões principais: Precipitação prevista entre 10 e 20 mm na próxima hora. Score de risco: 19.05.,2,1345
1346,2026-05-28 20:15:00,Relatório automático do alerta Laranja. Razões principais: Precipitação acumulada entre 41 e 60 mm nas últimas 6 horas. Precipitação prevista entre 10 e 20 mm na próxima hora. Score de risco: 45.36.,2,1346
1347,2026-05-28 21:15:00,Relatório automático do alerta Amarelo. Razões principais: Precipitação prevista entre 10 e 20 mm na próxima hora. Score de risco: 21.48.,2,1347
1348,2026-05-28 21:15:00,Relatório automático do alerta Amarelo. Razões principais: Precipitação acumulada entre 30 e 40 mm nas últimas 6 horas. Score de risco: 44.00.,3,1348
1349,2026-05-28 21:15:00,Relatório automático do alerta Laranja. Razões principais: Precipitação prevista entre 21 e 40 mm na próxima hora. Score de risco: 38.47.,2,1349
1350,2026-05-28 22:15:00,Relatório automático do alerta Amarelo. Razões principais: Precipitação acumulada entre 30 e 40 mm nas últimas 6 horas. Score de risco: 41.41.,2,1350
1351,2026-05-28 23:15:00,Relatório automático do alerta Laranja. Razões principais: Precipitação acumulada entre 41 e 60 mm nas últimas 6 horas. Score de risco: 43.01.,3,1351
1352,2026-05-29 00:15:00,Relatório automático do alerta Verde. Razões principais: Valores abaixo dos limites iniciais. Score de risco: 14.65.,2,1352
1353,2026-05-29 00:15:00,Relatório automático do alerta Amarelo. Razões principais: Precipitação prevista entre 10 e 20 mm na próxima hora. Score de risco: 36.74.,1,1353
1354,2026-05-29 01:15:00,Relatório automático do alerta Amarelo. Razões principais: Precipitação prevista entre 10 e 20 mm na próxima hora. Score de risco: 23.62.,1,1354
1355,2026-05-29 01:15:00,Relatório automático do alerta Amarelo. Razões principais: Precipitação prevista entre 10 e 20 mm na próxima hora. Score de risco: 19.37.,2,1355
1356,2026-05-29 01:15:00,Relatório automático do alerta Laranja. Razões principais: Precipitação prevista entre 21 e 40 mm na próxima hora. Score de risco: 36.57.,1,1356
1357,2026-05-29 02:15:00,Relatório automático do alerta Amarelo. Razões principais: Precipitação prevista entre 10 e 20 mm na próxima hora. Score de risco: 15.91.,3,1357
1358,2026-05-29 02:15:00,Relatório automático do alerta Amarelo. Razões principais: Precipitação prevista entre 10 e 20 mm na próxima hora. Score de risco: 23.25.,2,1358
1359,2026-05-29 02:15:00,Relatório automático do alerta Amarelo. Razões principais: Precipitação prevista entre 10 e 20 mm na próxima hora. Score de risco: 35.30.,1,1359
1360,2026-05-29 03:15:00,Relatório automático do alerta Amarelo. Razões principais: Precipitação prevista entre 10 e 20 mm na próxima hora. Score de risco: 16.99.,3,1360
1361,2026-05-29 04:15:00,Relatório automático do alerta Amarelo. Razões principais: Precipitação prevista entre 10 e 20 mm na próxima hora. Score de risco: 20.49.,1,1361
1362,2026-05-29 04:15:00,Relatório automático do alerta Amarelo. Razões principais: Precipitação prevista entre 10 e 20 mm na próxima hora. Score de risco: 17.75.,2,1362
1363,2026-05-29 05:15:00,Relatório automático do alerta Amarelo. Razões principais: Precipitação prevista entre 10 e 20 mm na próxima hora. Score de risco: 24.14.,1,1363
1364,2026-05-29 05:15:00,Relatório automático do alerta Amarelo. Razões principais: Precipitação prevista entre 10 e 20 mm na próxima hora. Score de risco: 20.69.,1,1364
1365,2026-05-29 06:15:00,Relatório automático do alerta Laranja. Razões principais: Precipitação prevista entre 21 e 40 mm na próxima hora. Score de risco: 19.61.,1,1365
1366,2026-05-29 07:15:00,Relatório automático do alerta Laranja. Razões principais: Precipitação prevista entre 21 e 40 mm na próxima hora. Score de risco: 39.99.,1,1366
1367,2026-05-29 07:15:00,Relatório automático do alerta Verde. Razões principais: Valores abaixo dos limites iniciais. Score de risco: 18.19.,1,1367
1368,2026-05-29 07:15:00,Relatório automático do alerta Amarelo. Razões principais: Precipitação prevista entre 10 e 20 mm na próxima hora. Score de risco: 16.31.,3,1368
1369,2026-05-29 08:15:00,Relatório automático do alerta Laranja. Razões principais: Precipitação acumulada entre 30 e 40 mm nas últimas 6 horas. Precipitação prevista entre 10 e 20 mm na próxima hora. Score de risco: 39.24.,1,1369
1370,2026-05-29 08:15:00,Relatório automático do alerta Amarelo. Razões principais: Precipitação prevista entre 10 e 20 mm na próxima hora. Score de risco: 20.79.,2,1370
1371,2026-05-29 09:15:00,Relatório automático do alerta Amarelo. Razões principais: Precipitação prevista entre 10 e 20 mm na próxima hora. Score de risco: 20.38.,1,1371
1372,2026-05-29 09:15:00,Relatório automático do alerta Amarelo. Razões principais: Precipitação acumulada entre 30 e 40 mm nas últimas 6 horas. Score de risco: 39.80.,2,1372
1373,2026-05-29 10:15:00,Relatório automático do alerta Amarelo. Razões principais: Precipitação acumulada entre 30 e 40 mm nas últimas 6 horas. Score de risco: 38.36.,3,1373
1374,2026-05-29 11:15:00,Relatório automático do alerta Laranja. Razões principais: Precipitação acumulada entre 30 e 40 mm nas últimas 6 horas. Precipitação prevista entre 10 e 20 mm na próxima hora. Score de risco: 40.43.,1,1374
1375,2026-05-29 11:15:00,Relatório automático do alerta Amarelo. Razões principais: Precipitação prevista entre 10 e 20 mm na próxima hora. Score de risco: 19.11.,2,1375
1376,2026-05-29 11:15:00,Relatório automático do alerta Amarelo. Razões principais: Precipitação prevista entre 10 e 20 mm na próxima hora. Score de risco: 18.61.,2,1376
1377,2026-05-29 12:15:00,Relatório automático do alerta Amarelo. Razões principais: Precipitação prevista entre 10 e 20 mm na próxima hora. Score de risco: 26.49.,3,1377
1378,2026-05-29 12:15:00,Relatório automático do alerta Laranja. Razões principais: Precipitação acumulada entre 30 e 40 mm nas últimas 6 horas. Precipitação prevista entre 10 e 20 mm na próxima hora. Score de risco: 38.90.,3,1378
1379,2026-05-29 12:15:00,Relatório automático do alerta Amarelo. Razões principais: Precipitação prevista entre 10 e 20 mm na próxima hora. Score de risco: 33.20.,2,1379
1380,2026-05-29 12:15:00,Relatório automático do alerta Laranja. Razões principais: Precipitação prevista entre 21 e 40 mm na próxima hora. Score de risco: 23.81.,1,1380
1381,2026-05-29 13:15:00,Relatório automático do alerta Laranja. Razões principais: Nível de água entre 70% e 85%. Precipitação acumulada entre 30 e 40 mm nas últimas 6 horas. Precipitação prevista entre 21 e 40 mm na próxima hora. Score de risco: 50.08.,3,1381
1382,2026-05-29 13:15:00,Relatório automático do alerta Amarelo. Razões principais: Precipitação prevista entre 10 e 20 mm na próxima hora. Score de risco: 31.41.,3,1382
1383,2026-05-29 14:15:00,Relatório automático do alerta Amarelo. Razões principais: Precipitação acumulada entre 30 e 40 mm nas últimas 6 horas. Score de risco: 43.09.,1,1383
1384,2026-05-29 15:15:00,Relatório automático do alerta Amarelo. Razões principais: Precipitação acumulada entre 30 e 40 mm nas últimas 6 horas. Score de risco: 43.00.,1,1384
1385,2026-05-29 15:15:00,Relatório automático do alerta Vermelho. Razões principais: Precipitação acumulada entre 41 e 60 mm nas últimas 6 horas. Precipitação prevista superior a 40 mm na próxima hora. Score de risco: 56.38.,2,1385
1386,2026-05-29 16:15:00,Relatório automático do alerta Laranja. Razões principais: Precipitação acumulada entre 30 e 40 mm nas últimas 6 horas. Precipitação prevista entre 10 e 20 mm na próxima hora. Score de risco: 41.91.,2,1386
1387,2026-05-29 16:15:00,Relatório automático do alerta Laranja. Razões principais: Nível de água entre 70% e 85%. Precipitação acumulada entre 41 e 60 mm nas últimas 6 horas. Score de risco: 50.95.,2,1387
1388,2026-05-29 17:15:00,Relatório automático do alerta Laranja. Razões principais: Precipitação acumulada entre 30 e 40 mm nas últimas 6 horas. Precipitação prevista entre 10 e 20 mm na próxima hora. Score de risco: 44.30.,2,1388
1389,2026-05-29 17:15:00,Relatório automático do alerta Laranja. Razões principais: Nível de água entre 70% e 85%. Precipitação acumulada entre 41 e 60 mm nas últimas 6 horas. Precipitação prevista entre 10 e 20 mm na próxima hora. Score de risco: 51.95.,3,1389
1390,2026-05-29 18:15:00,Relatório automático do alerta Laranja. Razões principais: Nível de água entre 70% e 85%. Precipitação acumulada entre 41 e 60 mm nas últimas 6 horas. Precipitação prevista entre 21 e 40 mm na próxima hora. Score de risco: 56.66.,3,1390
1391,2026-05-29 18:15:00,Relatório automático do alerta Amarelo. Razões principais: Precipitação prevista entre 10 e 20 mm na próxima hora. Score de risco: 19.90.,3,1391
1392,2026-05-29 19:15:00,Relatório automático do alerta Amarelo. Razões principais: Precipitação acumulada entre 30 e 40 mm nas últimas 6 horas. Score de risco: 42.14.,3,1392
1393,2026-05-29 20:15:00,Relatório automático do alerta Laranja. Razões principais: Precipitação acumulada entre 30 e 40 mm nas últimas 6 horas. Precipitação prevista entre 10 e 20 mm na próxima hora. Score de risco: 46.54.,3,1393
1394,2026-05-29 20:15:00,Relatório automático do alerta Amarelo. Razões principais: Precipitação prevista entre 10 e 20 mm na próxima hora. Score de risco: 19.52.,1,1394
1395,2026-05-29 21:15:00,Relatório automático do alerta Amarelo. Razões principais: Precipitação prevista entre 10 e 20 mm na próxima hora. Score de risco: 21.08.,2,1395
1396,2026-05-29 22:15:00,Relatório automático do alerta Laranja. Razões principais: Precipitação acumulada entre 30 e 40 mm nas últimas 6 horas. Precipitação prevista entre 21 e 40 mm na próxima hora. Score de risco: 48.96.,2,1396
1397,2026-05-29 22:15:00,Relatório automático do alerta Amarelo. Razões principais: Precipitação prevista entre 10 e 20 mm na próxima hora. Score de risco: 20.39.,2,1397
1398,2026-05-29 23:15:00,Relatório automático do alerta Laranja. Razões principais: Nível de água entre 70% e 85%. Precipitação acumulada entre 30 e 40 mm nas últimas 6 horas. Score de risco: 43.97.,1,1398
1399,2026-05-29 23:15:00,Relatório automático do alerta Amarelo. Razões principais: Precipitação prevista entre 10 e 20 mm na próxima hora. Score de risco: 18.51.,1,1399
1400,2026-05-30 00:15:00,Relatório automático do alerta Amarelo. Razões principais: Precipitação prevista entre 10 e 20 mm na próxima hora. Score de risco: 23.86.,1,1400
1401,2026-05-30 00:15:00,Relatório automático do alerta Amarelo. Razões principais: Precipitação acumulada entre 30 e 40 mm nas últimas 6 horas. Score de risco: 43.21.,1,1401
1402,2026-05-30 01:15:00,Relatório automático do alerta Amarelo. Razões principais: Precipitação acumulada entre 30 e 40 mm nas últimas 6 horas. Score de risco: 45.12.,1,1402
1403,2026-05-30 01:15:00,Relatório automático do alerta Amarelo. Razões principais: Precipitação prevista entre 10 e 20 mm na próxima hora. Score de risco: 15.21.,3,1403
1404,2026-05-30 02:15:00,Relatório automático do alerta Laranja. Razões principais: Nível de água entre 70% e 85%. Precipitação acumulada entre 41 e 60 mm nas últimas 6 horas. Score de risco: 46.18.,2,1404
1405,2026-05-30 03:15:00,Relatório automático do alerta Laranja. Razões principais: Nível de água entre 70% e 85%. Precipitação acumulada entre 41 e 60 mm nas últimas 6 horas. Score de risco: 44.44.,3,1405
1406,2026-05-30 03:15:00,Relatório automático do alerta Amarelo. Razões principais: Precipitação prevista entre 10 e 20 mm na próxima hora. Score de risco: 18.71.,2,1406
1407,2026-05-30 04:15:00,Relatório automático do alerta Amarelo. Razões principais: Precipitação prevista entre 10 e 20 mm na próxima hora. Score de risco: 25.51.,3,1407
1408,2026-05-30 05:15:00,Relatório automático do alerta Verde. Razões principais: Valores abaixo dos limites iniciais. Score de risco: 20.58.,2,1408
1409,2026-05-30 06:15:00,Relatório automático do alerta Amarelo. Razões principais: Precipitação prevista entre 10 e 20 mm na próxima hora. Score de risco: 16.84.,1,1409
1410,2026-05-30 07:15:00,Relatório automático do alerta Amarelo. Razões principais: Precipitação prevista entre 10 e 20 mm na próxima hora. Score de risco: 20.80.,1,1410
1411,2026-05-30 08:15:00,Relatório automático do alerta Amarelo. Razões principais: Precipitação prevista entre 10 e 20 mm na próxima hora. Score de risco: 19.65.,2,1411
1412,2026-05-30 08:15:00,Relatório automático do alerta Amarelo. Razões principais: Precipitação prevista entre 10 e 20 mm na próxima hora. Score de risco: 28.33.,3,1412
1413,2026-05-30 08:15:00,Relatório automático do alerta Amarelo. Razões principais: Precipitação prevista entre 10 e 20 mm na próxima hora. Score de risco: 19.85.,3,1413
1414,2026-05-30 09:15:00,Relatório automático do alerta Vermelho. Razões principais: Precipitação prevista superior a 40 mm na próxima hora. Score de risco: 47.45.,3,1414
1415,2026-05-30 09:15:00,Relatório automático do alerta Amarelo. Razões principais: Precipitação prevista entre 10 e 20 mm na próxima hora. Score de risco: 19.15.,3,1415
1416,2026-05-30 10:15:00,Relatório automático do alerta Laranja. Razões principais: Precipitação acumulada entre 30 e 40 mm nas últimas 6 horas. Precipitação prevista entre 10 e 20 mm na próxima hora. Score de risco: 41.80.,2,1416
1417,2026-05-30 10:15:00,Relatório automático do alerta Amarelo. Razões principais: Precipitação prevista entre 10 e 20 mm na próxima hora. Score de risco: 23.19.,1,1417
1418,2026-05-30 10:15:00,Relatório automático do alerta Amarelo. Razões principais: Precipitação prevista entre 10 e 20 mm na próxima hora. Score de risco: 28.95.,2,1418
1419,2026-05-30 11:15:00,Relatório automático do alerta Amarelo. Razões principais: Precipitação prevista entre 10 e 20 mm na próxima hora. Score de risco: 20.80.,3,1419
1420,2026-05-30 12:15:00,Relatório automático do alerta Amarelo. Razões principais: Precipitação acumulada entre 30 e 40 mm nas últimas 6 horas. Score de risco: 36.75.,1,1420
1421,2026-05-30 12:15:00,Relatório automático do alerta Verde. Razões principais: Valores abaixo dos limites iniciais. Score de risco: 18.02.,3,1421
1422,2026-05-30 13:15:00,Relatório automático do alerta Amarelo. Razões principais: Precipitação acumulada entre 30 e 40 mm nas últimas 6 horas. Score de risco: 39.39.,2,1422
1423,2026-05-30 13:15:00,Relatório automático do alerta Amarelo. Razões principais: Precipitação prevista entre 10 e 20 mm na próxima hora. Score de risco: 29.42.,3,1423
1424,2026-05-30 13:15:00,Relatório automático do alerta Amarelo. Razões principais: Precipitação prevista entre 10 e 20 mm na próxima hora. Score de risco: 25.80.,1,1424
1425,2026-05-30 14:15:00,Relatório automático do alerta Amarelo. Razões principais: Precipitação acumulada entre 30 e 40 mm nas últimas 6 horas. Score de risco: 42.37.,2,1425
1426,2026-05-30 14:15:00,Relatório automático do alerta Laranja. Razões principais: Precipitação acumulada entre 30 e 40 mm nas últimas 6 horas. Precipitação prevista entre 21 e 40 mm na próxima hora. Score de risco: 44.19.,1,1426
1427,2026-05-30 15:15:00,Relatório automático do alerta Amarelo. Razões principais: Precipitação acumulada entre 30 e 40 mm nas últimas 6 horas. Score de risco: 40.04.,1,1427
1428,2026-05-30 16:15:00,Relatório automático do alerta Amarelo. Razões principais: Precipitação prevista entre 10 e 20 mm na próxima hora. Score de risco: 17.19.,2,1428
1429,2026-05-30 17:15:00,Relatório automático do alerta Amarelo. Razões principais: Precipitação prevista entre 10 e 20 mm na próxima hora. Score de risco: 21.57.,2,1429
1430,2026-05-30 17:15:00,Relatório automático do alerta Laranja. Razões principais: Precipitação prevista entre 21 e 40 mm na próxima hora. Score de risco: 21.73.,1,1430
1431,2026-05-30 18:15:00,Relatório automático do alerta Amarelo. Razões principais: Precipitação prevista entre 10 e 20 mm na próxima hora. Score de risco: 32.28.,1,1431
1432,2026-05-30 19:15:00,Relatório automático do alerta Amarelo. Razões principais: Precipitação prevista entre 10 e 20 mm na próxima hora. Score de risco: 23.21.,1,1432
1433,2026-05-30 19:15:00,Relatório automático do alerta Amarelo. Razões principais: Precipitação prevista entre 10 e 20 mm na próxima hora. Score de risco: 24.24.,2,1433
1434,2026-05-30 19:15:00,Relatório automático do alerta Verde. Razões principais: Valores abaixo dos limites iniciais. Score de risco: 29.43.,3,1434
1435,2026-05-30 20:15:00,Relatório automático do alerta Vermelho. Razões principais: Nível de água entre 85% e 90%. Precipitação acumulada superior a 60 mm nas últimas 6 horas. Precipitação prevista superior a 40 mm na próxima hora. Score de risco: 72.50.,3,1435
1436,2026-05-30 21:15:00,Relatório automático do alerta Vermelho. Razões principais: Nível de água superior ou igual a 90%. Precipitação acumulada superior a 60 mm nas últimas 6 horas. Precipitação prevista entre 21 e 40 mm na próxima hora. Score de risco: 66.10.,1,1436
1437,2026-05-30 22:15:00,Relatório automático do alerta Vermelho. Razões principais: Nível de água superior ou igual a 90%. Precipitação acumulada superior a 60 mm nas últimas 6 horas. Score de risco: 60.90.,2,1437
1438,2026-05-30 22:15:00,Relatório automático do alerta Amarelo. Razões principais: Precipitação prevista entre 10 e 20 mm na próxima hora. Score de risco: 20.59.,3,1438
1439,2026-05-30 23:15:00,Relatório automático do alerta Vermelho. Razões principais: Nível de água entre 85% e 90%. Precipitação acumulada superior a 60 mm nas últimas 6 horas. Score de risco: 61.08.,2,1439
1440,2026-05-31 00:15:00,Relatório automático do alerta Laranja. Razões principais: Nível de água entre 70% e 85%. Precipitação acumulada entre 41 e 60 mm nas últimas 6 horas. Precipitação prevista entre 21 e 40 mm na próxima hora. Score de risco: 51.62.,3,1440
1441,2026-05-31 00:15:00,Relatório automático do alerta Vermelho. Razões principais: Nível de água superior ou igual a 90%. Precipitação acumulada superior a 60 mm nas últimas 6 horas. Score de risco: 59.85.,3,1441
1442,2026-05-31 00:15:00,Relatório automático do alerta Amarelo. Razões principais: Precipitação prevista entre 10 e 20 mm na próxima hora. Score de risco: 31.46.,1,1442
1443,2026-05-31 01:15:00,Relatório automático do alerta Laranja. Razões principais: Nível de água entre 70% e 85%. Precipitação acumulada entre 30 e 40 mm nas últimas 6 horas. Precipitação prevista entre 10 e 20 mm na próxima hora. Score de risco: 48.90.,3,1443
1444,2026-05-31 01:15:00,Relatório automático do alerta Vermelho. Razões principais: Nível de água entre 85% e 90%. Precipitação acumulada superior a 60 mm nas últimas 6 horas. Score de risco: 59.08.,1,1444
1445,2026-05-31 01:15:00,Relatório automático do alerta Laranja. Razões principais: Nível de água entre 70% e 85%. Precipitação acumulada entre 41 e 60 mm nas últimas 6 horas. Precipitação prevista entre 21 e 40 mm na próxima hora. Score de risco: 51.21.,1,1445
1446,2026-05-31 01:15:00,Relatório automático do alerta Amarelo. Razões principais: Precipitação prevista entre 10 e 20 mm na próxima hora. Score de risco: 19.55.,1,1446
1447,2026-05-31 02:15:00,Relatório automático do alerta Laranja. Razões principais: Nível de água entre 70% e 85%. Precipitação acumulada entre 30 e 40 mm nas últimas 6 horas. Score de risco: 45.86.,1,1447
1448,2026-05-31 02:15:00,Relatório automático do alerta Amarelo. Razões principais: Precipitação prevista entre 10 e 20 mm na próxima hora. Score de risco: 21.96.,3,1448
1449,2026-05-31 02:15:00,Relatório automático do alerta Laranja. Razões principais: Precipitação acumulada entre 41 e 60 mm nas últimas 6 horas. Score de risco: 44.02.,3,1449
1450,2026-05-31 03:15:00,Relatório automático do alerta Laranja. Razões principais: Nível de água entre 70% e 85%. Precipitação acumulada entre 30 e 40 mm nas últimas 6 horas. Score de risco: 46.53.,3,1450
1451,2026-05-31 03:15:00,Relatório automático do alerta Vermelho. Razões principais: Nível de água entre 70% e 85%. Precipitação acumulada superior a 60 mm nas últimas 6 horas. Precipitação prevista entre 21 e 40 mm na próxima hora. Score de risco: 66.34.,2,1451
1452,2026-05-31 03:15:00,Relatório automático do alerta Vermelho. Razões principais: Precipitação acumulada entre 30 e 40 mm nas últimas 6 horas. Precipitação prevista superior a 40 mm na próxima hora. Score de risco: 44.75.,2,1452
1453,2026-05-31 04:15:00,Relatório automático do alerta Laranja. Razões principais: Precipitação acumulada entre 30 e 40 mm nas últimas 6 horas. Precipitação prevista entre 10 e 20 mm na próxima hora. Score de risco: 44.28.,3,1453
1454,2026-05-31 04:15:00,Relatório automático do alerta Laranja. Razões principais: Precipitação prevista entre 21 e 40 mm na próxima hora. Score de risco: 22.64.,2,1454
1455,2026-05-31 04:15:00,Relatório automático do alerta Vermelho. Razões principais: Nível de água entre 70% e 85%. Precipitação acumulada superior a 60 mm nas últimas 6 horas. Score de risco: 58.28.,3,1455
1456,2026-05-31 04:15:00,Relatório automático do alerta Amarelo. Razões principais: Precipitação acumulada entre 30 e 40 mm nas últimas 6 horas. Score de risco: 34.41.,3,1456
1457,2026-05-31 05:15:00,Relatório automático do alerta Laranja. Razões principais: Nível de água entre 70% e 85%. Precipitação acumulada entre 30 e 40 mm nas últimas 6 horas. Score de risco: 45.07.,2,1457
1458,2026-05-31 05:15:00,Relatório automático do alerta Vermelho. Razões principais: Nível de água entre 70% e 85%. Precipitação acumulada superior a 60 mm nas últimas 6 horas. Score de risco: 57.21.,3,1458
1459,2026-05-31 05:15:00,Relatório automático do alerta Laranja. Razões principais: Precipitação acumulada entre 30 e 40 mm nas últimas 6 horas. Precipitação prevista entre 10 e 20 mm na próxima hora. Score de risco: 40.09.,1,1459
1460,2026-05-31 06:15:00,Relatório automático do alerta Verde. Razões principais: Valores abaixo dos limites iniciais. Score de risco: 17.21.,3,1460
1461,2026-05-31 06:15:00,Relatório automático do alerta Laranja. Razões principais: Precipitação acumulada entre 41 e 60 mm nas últimas 6 horas. Score de risco: 42.82.,2,1461
1462,2026-05-31 06:15:00,Relatório automático do alerta Laranja. Razões principais: Precipitação acumulada entre 30 e 40 mm nas últimas 6 horas. Precipitação prevista entre 21 e 40 mm na próxima hora. Score de risco: 43.11.,3,1462
1463,2026-05-31 07:15:00,Relatório automático do alerta Amarelo. Razões principais: Precipitação prevista entre 10 e 20 mm na próxima hora. Score de risco: 20.82.,1,1463
1464,2026-05-31 07:15:00,Relatório automático do alerta Amarelo. Razões principais: Precipitação acumulada entre 30 e 40 mm nas últimas 6 horas. Score de risco: 35.24.,3,1464
1465,2026-05-31 08:15:00,Relatório automático do alerta Amarelo. Razões principais: Precipitação prevista entre 10 e 20 mm na próxima hora. Score de risco: 20.94.,2,1465
1466,2026-05-31 08:15:00,Relatório automático do alerta Amarelo. Razões principais: Precipitação prevista entre 10 e 20 mm na próxima hora. Score de risco: 20.62.,2,1466
1467,2026-05-31 08:15:00,Relatório automático do alerta Amarelo. Razões principais: Precipitação prevista entre 10 e 20 mm na próxima hora. Score de risco: 34.01.,3,1467
1468,2026-05-31 08:15:00,Relatório automático do alerta Amarelo. Razões principais: Precipitação acumulada entre 30 e 40 mm nas últimas 6 horas. Score de risco: 34.49.,1,1468
1469,2026-05-31 09:15:00,Relatório automático do alerta Verde. Razões principais: Valores abaixo dos limites iniciais. Score de risco: 13.13.,2,1469
1470,2026-05-31 10:15:00,Relatório automático do alerta Amarelo. Razões principais: Precipitação prevista entre 10 e 20 mm na próxima hora. Score de risco: 22.12.,3,1470
1471,2026-05-31 10:15:00,Relatório automático do alerta Amarelo. Razões principais: Precipitação prevista entre 10 e 20 mm na próxima hora. Score de risco: 30.32.,3,1471
1472,2026-05-31 11:15:00,Relatório automático do alerta Vermelho. Razões principais: Nível de água entre 70% e 85%. Precipitação acumulada entre 41 e 60 mm nas últimas 6 horas. Precipitação prevista superior a 40 mm na próxima hora. Score de risco: 62.77.,2,1472
1473,2026-05-31 11:15:00,Relatório automático do alerta Amarelo. Razões principais: Precipitação prevista entre 10 e 20 mm na próxima hora. Score de risco: 25.12.,1,1473
1474,2026-05-31 12:15:00,Relatório automático do alerta Laranja. Razões principais: Precipitação prevista entre 21 e 40 mm na próxima hora. Score de risco: 36.02.,2,1474
1475,2026-05-31 12:15:00,Relatório automático do alerta Vermelho. Razões principais: Precipitação prevista superior a 40 mm na próxima hora. Score de risco: 44.10.,3,1475
1476,2026-05-31 12:15:00,Relatório automático do alerta Laranja. Razões principais: Nível de água entre 70% e 85%. Precipitação acumulada entre 41 e 60 mm nas últimas 6 horas. Score de risco: 50.36.,1,1476
1477,2026-05-31 13:15:00,Relatório automático do alerta Laranja. Razões principais: Nível de água entre 70% e 85%. Precipitação acumulada entre 41 e 60 mm nas últimas 6 horas. Score de risco: 51.18.,1,1477
1478,2026-05-31 14:15:00,Relatório automático do alerta Vermelho. Razões principais: Nível de água entre 70% e 85%. Precipitação acumulada entre 41 e 60 mm nas últimas 6 horas. Precipitação prevista superior a 40 mm na próxima hora. Score de risco: 65.47.,1,1478
1479,2026-05-31 14:15:00,Relatório automático do alerta Vermelho. Razões principais: Nível de água superior ou igual a 90%. Precipitação acumulada superior a 60 mm nas últimas 6 horas. Precipitação prevista entre 21 e 40 mm na próxima hora. Score de risco: 78.79.,2,1479
1480,2026-05-31 15:15:00,Relatório automático do alerta Laranja. Razões principais: Nível de água entre 70% e 85%. Precipitação acumulada entre 41 e 60 mm nas últimas 6 horas. Precipitação prevista entre 10 e 20 mm na próxima hora. Score de risco: 54.44.,3,1480
1481,2026-05-31 15:15:00,Relatório automático do alerta Laranja. Razões principais: Precipitação acumulada entre 30 e 40 mm nas últimas 6 horas. Precipitação prevista entre 21 e 40 mm na próxima hora. Score de risco: 40.50.,3,1481
1482,2026-05-31 15:15:00,Relatório automático do alerta Vermelho. Razões principais: Nível de água superior ou igual a 90%. Precipitação acumulada superior a 60 mm nas últimas 6 horas. Precipitação prevista entre 10 e 20 mm na próxima hora. Score de risco: 73.56.,2,1482
1483,2026-05-31 16:15:00,Relatório automático do alerta Laranja. Razões principais: Nível de água entre 70% e 85%. Precipitação acumulada entre 41 e 60 mm nas últimas 6 horas. Score de risco: 53.16.,3,1483
1484,2026-05-31 16:15:00,Relatório automático do alerta Amarelo. Razões principais: Precipitação acumulada entre 30 e 40 mm nas últimas 6 horas. Score de risco: 38.83.,1,1484
1485,2026-05-31 16:15:00,Relatório automático do alerta Vermelho. Razões principais: Nível de água superior ou igual a 90%. Precipitação acumulada superior a 60 mm nas últimas 6 horas. Score de risco: 70.05.,2,1485
1486,2026-05-31 17:15:00,Relatório automático do alerta Laranja. Razões principais: Nível de água entre 70% e 85%. Precipitação acumulada entre 41 e 60 mm nas últimas 6 horas. Precipitação prevista entre 10 e 20 mm na próxima hora. Score de risco: 55.92.,1,1486
1487,2026-05-31 17:15:00,Relatório automático do alerta Amarelo. Razões principais: Precipitação prevista entre 10 e 20 mm na próxima hora. Score de risco: 38.91.,3,1487
1488,2026-05-31 17:15:00,Relatório automático do alerta Laranja. Razões principais: Nível de água entre 70% e 85%. Precipitação acumulada entre 41 e 60 mm nas últimas 6 horas. Score de risco: 51.83.,3,1488
1489,2026-05-31 17:15:00,Relatório automático do alerta Amarelo. Razões principais: Precipitação prevista entre 10 e 20 mm na próxima hora. Score de risco: 15.49.,3,1489
1490,2026-05-31 18:15:00,Relatório automático do alerta Laranja. Razões principais: Nível de água entre 70% e 85%. Precipitação acumulada entre 30 e 40 mm nas últimas 6 horas. Score de risco: 43.68.,3,1490
1491,2026-05-31 18:15:00,Relatório automático do alerta Laranja. Razões principais: Nível de água entre 70% e 85%. Precipitação acumulada entre 41 e 60 mm nas últimas 6 horas. Score de risco: 49.91.,2,1491
1492,2026-05-31 18:15:00,Relatório automático do alerta Amarelo. Razões principais: Precipitação prevista entre 10 e 20 mm na próxima hora. Score de risco: 16.90.,1,1492
1493,2026-05-31 19:15:00,Relatório automático do alerta Amarelo. Razões principais: Precipitação acumulada entre 30 e 40 mm nas últimas 6 horas. Score de risco: 40.23.,3,1493
1494,2026-05-31 19:15:00,Relatório automático do alerta Amarelo. Razões principais: Precipitação prevista entre 10 e 20 mm na próxima hora. Score de risco: 21.76.,1,1494
1495,2026-05-31 19:15:00,Relatório automático do alerta Laranja. Razões principais: Precipitação acumulada entre 41 e 60 mm nas últimas 6 horas. Score de risco: 46.83.,3,1495
1496,2026-05-31 20:15:00,Relatório automático do alerta Amarelo. Razões principais: Precipitação prevista entre 10 e 20 mm na próxima hora. Score de risco: 22.35.,1,1496
1497,2026-05-31 21:15:00,Relatório automático do alerta Laranja. Razões principais: Precipitação prevista entre 21 e 40 mm na próxima hora. Score de risco: 26.79.,1,1497
1498,2026-05-31 21:15:00,Relatório automático do alerta Amarelo. Razões principais: Precipitação prevista entre 10 e 20 mm na próxima hora. Score de risco: 19.27.,1,1498
1499,2026-05-31 23:15:00,Relatório automático do alerta Laranja. Razões principais: Precipitação acumulada entre 30 e 40 mm nas últimas 6 horas. Precipitação prevista entre 21 e 40 mm na próxima hora. Score de risco: 49.48.,2,1499
1500,2026-06-01 00:15:00,Relatório automático do alerta Laranja. Razões principais: Precipitação acumulada entre 30 e 40 mm nas últimas 6 horas. Precipitação prevista entre 21 e 40 mm na próxima hora. Score de risco: 47.14.,3,1500
1501,2026-06-01 00:15:00,Relatório automático do alerta Amarelo. Razões principais: Precipitação prevista entre 10 e 20 mm na próxima hora. Score de risco: 21.15.,3,1501
1502,2026-06-01 01:15:00,Relatório automático do alerta Vermelho. Razões principais: Precipitação acumulada entre 30 e 40 mm nas últimas 6 horas. Precipitação prevista superior a 40 mm na próxima hora. Score de risco: 52.85.,2,1502
1503,2026-06-01 01:15:00,Relatório automático do alerta Laranja. Razões principais: Nível de água entre 70% e 85%. Precipitação acumulada entre 30 e 40 mm nas últimas 6 horas. Score de risco: 44.44.,2,1503
1504,2026-06-01 02:15:00,Relatório automático do alerta Vermelho. Razões principais: Nível de água superior ou igual a 90%. Precipitação acumulada superior a 60 mm nas últimas 6 horas. Precipitação prevista superior a 40 mm na próxima hora. Score de risco: 84.00.,2,1504
1505,2026-06-01 02:15:00,Relatório automático do alerta Laranja. Razões principais: Precipitação acumulada entre 30 e 40 mm nas últimas 6 horas. Precipitação prevista entre 10 e 20 mm na próxima hora. Score de risco: 44.71.,2,1505
1506,2026-06-01 02:15:00,Relatório automático do alerta Laranja. Razões principais: Precipitação acumulada entre 30 e 40 mm nas últimas 6 horas. Precipitação prevista entre 21 e 40 mm na próxima hora. Score de risco: 47.63.,2,1506
1507,2026-06-01 02:15:00,Relatório automático do alerta Laranja. Razões principais: Precipitação prevista entre 21 e 40 mm na próxima hora. Score de risco: 21.27.,3,1507
1508,2026-06-01 03:15:00,Relatório automático do alerta Vermelho. Razões principais: Nível de água superior ou igual a 90%. Precipitação acumulada superior a 60 mm nas últimas 6 horas. Score de risco: 70.16.,3,1508
1509,2026-06-01 03:15:00,Relatório automático do alerta Amarelo. Razões principais: Precipitação acumulada entre 30 e 40 mm nas últimas 6 horas. Score de risco: 41.14.,3,1509
1510,2026-06-01 03:15:00,Relatório automático do alerta Vermelho. Razões principais: Nível de água superior ou igual a 90%. Precipitação acumulada superior a 60 mm nas últimas 6 horas. Precipitação prevista superior a 40 mm na próxima hora. Score de risco: 79.95.,1,1510
1511,2026-06-01 03:15:00,Relatório automático do alerta Laranja. Razões principais: Precipitação acumulada entre 30 e 40 mm nas últimas 6 horas. Precipitação prevista entre 21 e 40 mm na próxima hora. Score de risco: 40.76.,3,1511
1512,2026-06-01 04:15:00,Relatório automático do alerta Vermelho. Razões principais: Nível de água superior ou igual a 90%. Precipitação acumulada superior a 60 mm nas últimas 6 horas. Precipitação prevista entre 21 e 40 mm na próxima hora. Score de risco: 75.18.,2,1512
1513,2026-06-01 04:15:00,Relatório automático do alerta Laranja. Razões principais: Precipitação acumulada entre 30 e 40 mm nas últimas 6 horas. Precipitação prevista entre 21 e 40 mm na próxima hora. Score de risco: 45.80.,3,1513
1514,2026-06-01 04:15:00,Relatório automático do alerta Vermelho. Razões principais: Nível de água superior ou igual a 90%. Precipitação acumulada superior a 60 mm nas últimas 6 horas. Score de risco: 69.00.,1,1514
1515,2026-06-01 04:15:00,Relatório automático do alerta Laranja. Razões principais: Precipitação acumulada entre 41 e 60 mm nas últimas 6 horas. Score de risco: 42.61.,2,1515
1516,2026-06-01 05:15:00,Relatório automático do alerta Vermelho. Razões principais: Nível de água superior ou igual a 90%. Precipitação acumulada superior a 60 mm nas últimas 6 horas. Score de risco: 69.00.,1,1516
1517,2026-06-01 05:15:00,Relatório automático do alerta Amarelo. Razões principais: Precipitação prevista entre 10 e 20 mm na próxima hora. Score de risco: 22.61.,1,1517
1518,2026-06-01 05:15:00,Relatório automático do alerta Vermelho. Razões principais: Nível de água superior ou igual a 90%. Precipitação acumulada superior a 60 mm nas últimas 6 horas. Score de risco: 69.00.,2,1518
1519,2026-06-01 05:15:00,Relatório automático do alerta Laranja. Razões principais: Precipitação acumulada entre 41 e 60 mm nas últimas 6 horas. Score de risco: 42.35.,1,1519
1520,2026-06-01 06:15:00,Relatório automático do alerta Vermelho. Razões principais: Nível de água superior ou igual a 90%. Precipitação acumulada superior a 60 mm nas últimas 6 horas. Score de risco: 70.55.,3,1520
1521,2026-06-01 06:15:00,Relatório automático do alerta Vermelho. Razões principais: Nível de água superior ou igual a 90%. Precipitação acumulada superior a 60 mm nas últimas 6 horas. Precipitação prevista entre 21 e 40 mm na próxima hora. Score de risco: 77.81.,2,1521
1522,2026-06-01 06:15:00,Relatório automático do alerta Laranja. Razões principais: Precipitação acumulada entre 41 e 60 mm nas últimas 6 horas. Score de risco: 44.67.,1,1522
1523,2026-06-01 07:15:00,Relatório automático do alerta Vermelho. Razões principais: Nível de água superior ou igual a 90%. Precipitação acumulada superior a 60 mm nas últimas 6 horas. Precipitação prevista entre 10 e 20 mm na próxima hora. Score de risco: 68.87.,1,1523
1524,2026-06-01 07:15:00,Relatório automático do alerta Amarelo. Razões principais: Precipitação prevista entre 10 e 20 mm na próxima hora. Score de risco: 21.26.,1,1524
1525,2026-06-01 07:15:00,Relatório automático do alerta Vermelho. Razões principais: Nível de água superior ou igual a 90%. Precipitação acumulada superior a 60 mm nas últimas 6 horas. Score de risco: 69.00.,1,1525
1526,2026-06-01 07:15:00,Relatório automático do alerta Laranja. Razões principais: Precipitação acumulada entre 41 e 60 mm nas últimas 6 horas. Score de risco: 45.51.,2,1526
1527,2026-06-01 08:15:00,Relatório automático do alerta Amarelo. Razões principais: Precipitação prevista entre 10 e 20 mm na próxima hora. Score de risco: 21.12.,3,1527
1528,2026-06-01 08:15:00,Relatório automático do alerta Vermelho. Razões principais: Nível de água superior ou igual a 90%. Precipitação acumulada superior a 60 mm nas últimas 6 horas. Precipitação prevista entre 10 e 20 mm na próxima hora. Score de risco: 71.90.,1,1528
1529,2026-06-01 08:15:00,Relatório automático do alerta Vermelho. Razões principais: Nível de água entre 85% e 90%. Precipitação acumulada superior a 60 mm nas últimas 6 horas. Score de risco: 59.90.,1,1529
1530,2026-06-01 09:15:00,Relatório automático do alerta Laranja. Razões principais: Nível de água entre 70% e 85%. Precipitação acumulada entre 41 e 60 mm nas últimas 6 horas. Score de risco: 49.43.,2,1530
1531,2026-06-01 09:15:00,Relatório automático do alerta Amarelo. Razões principais: Precipitação acumulada entre 30 e 40 mm nas últimas 6 horas. Score de risco: 36.91.,2,1531
1532,2026-06-01 10:15:00,Relatório automático do alerta Laranja. Razões principais: Nível de água entre 70% e 85%. Precipitação acumulada entre 41 e 60 mm nas últimas 6 horas. Score de risco: 47.65.,1,1532
1533,2026-06-01 11:15:00,Relatório automático do alerta Laranja. Razões principais: Precipitação prevista entre 21 e 40 mm na próxima hora. Score de risco: 24.12.,3,1533
1534,2026-06-01 11:15:00,Relatório automático do alerta Amarelo. Razões principais: Precipitação prevista entre 10 e 20 mm na próxima hora. Score de risco: 22.47.,3,1534
1535,2026-06-01 11:15:00,Relatório automático do alerta Laranja. Razões principais: Nível de água entre 70% e 85%. Precipitação acumulada entre 41 e 60 mm nas últimas 6 horas. Score de risco: 46.43.,2,1535
1536,2026-06-01 12:15:00,Relatório automático do alerta Laranja. Razões principais: Precipitação prevista entre 21 e 40 mm na próxima hora. Score de risco: 36.03.,3,1536
1537,2026-06-01 14:15:00,Relatório automático do alerta Amarelo. Razões principais: Precipitação prevista entre 10 e 20 mm na próxima hora. Score de risco: 18.70.,2,1537
1538,2026-06-01 14:15:00,Relatório automático do alerta Laranja. Razões principais: Precipitação prevista entre 21 e 40 mm na próxima hora. Score de risco: 25.41.,2,1538
1539,2026-06-01 15:15:00,Relatório automático do alerta Amarelo. Razões principais: Precipitação prevista entre 10 e 20 mm na próxima hora. Score de risco: 20.61.,1,1539
1540,2026-06-01 15:15:00,Relatório automático do alerta Amarelo. Razões principais: Precipitação prevista entre 10 e 20 mm na próxima hora. Score de risco: 19.61.,3,1540
1541,2026-06-01 15:15:00,Relatório automático do alerta Amarelo. Razões principais: Precipitação prevista entre 10 e 20 mm na próxima hora. Score de risco: 20.26.,1,1541
1542,2026-06-01 16:15:00,Relatório automático do alerta Amarelo. Razões principais: Precipitação prevista entre 10 e 20 mm na próxima hora. Score de risco: 15.74.,3,1542
1543,2026-06-01 16:15:00,Relatório automático do alerta Laranja. Razões principais: Precipitação prevista entre 21 e 40 mm na próxima hora. Score de risco: 22.95.,3,1543
1544,2026-06-01 17:15:00,Relatório automático do alerta Amarelo. Razões principais: Precipitação prevista entre 10 e 20 mm na próxima hora. Score de risco: 24.66.,3,1544
1545,2026-06-01 17:15:00,Relatório automático do alerta Amarelo. Razões principais: Precipitação prevista entre 10 e 20 mm na próxima hora. Score de risco: 19.02.,1,1545
1546,2026-06-01 17:15:00,Relatório automático do alerta Amarelo. Razões principais: Precipitação prevista entre 10 e 20 mm na próxima hora. Score de risco: 31.48.,2,1546
1547,2026-06-01 18:15:00,Relatório automático do alerta Amarelo. Razões principais: Precipitação prevista entre 10 e 20 mm na próxima hora. Score de risco: 21.06.,1,1547
1548,2026-06-01 18:15:00,Relatório automático do alerta Amarelo. Razões principais: Precipitação prevista entre 10 e 20 mm na próxima hora. Score de risco: 18.25.,1,1548
1549,2026-06-01 18:15:00,Relatório automático do alerta Amarelo. Razões principais: Precipitação prevista entre 10 e 20 mm na próxima hora. Score de risco: 32.04.,2,1549
1550,2026-06-01 19:15:00,Relatório automático do alerta Verde. Razões principais: Valores abaixo dos limites iniciais. Score de risco: 31.56.,2,1550
1551,2026-06-01 20:15:00,Relatório automático do alerta Amarelo. Razões principais: Precipitação prevista entre 10 e 20 mm na próxima hora. Score de risco: 34.40.,2,1551
1552,2026-06-01 21:15:00,Relatório automático do alerta Amarelo. Razões principais: Precipitação prevista entre 10 e 20 mm na próxima hora. Score de risco: 31.84.,1,1552
1553,2026-06-01 22:15:00,Relatório automático do alerta Amarelo. Razões principais: Precipitação prevista entre 10 e 20 mm na próxima hora. Score de risco: 21.11.,1,1553
1554,2026-06-01 22:15:00,Relatório automático do alerta Amarelo. Razões principais: Precipitação prevista entre 10 e 20 mm na próxima hora. Score de risco: 31.60.,2,1554
1555,2026-06-01 23:15:00,Relatório automático do alerta Laranja. Razões principais: Precipitação acumulada entre 30 e 40 mm nas últimas 6 horas. Precipitação prevista entre 10 e 20 mm na próxima hora. Score de risco: 38.77.,1,1555
1556,2026-06-01 23:15:00,Relatório automático do alerta Amarelo. Razões principais: Precipitação prevista entre 10 e 20 mm na próxima hora. Score de risco: 18.77.,2,1556
1557,2026-06-02 00:15:00,Relatório automático do alerta Laranja. Razões principais: Nível de água entre 70% e 85%. Precipitação acumulada entre 41 e 60 mm nas últimas 6 horas. Score de risco: 45.60.,2,1557
1558,2026-06-02 01:15:00,Relatório automático do alerta Amarelo. Razões principais: Precipitação prevista entre 10 e 20 mm na próxima hora. Score de risco: 23.04.,3,1558
1559,2026-06-02 01:15:00,Relatório automático do alerta Laranja. Razões principais: Precipitação acumulada entre 41 e 60 mm nas últimas 6 horas. Precipitação prevista entre 10 e 20 mm na próxima hora. Score de risco: 47.14.,2,1559
1560,2026-06-02 02:15:00,Relatório automático do alerta Amarelo. Razões principais: Precipitação prevista entre 10 e 20 mm na próxima hora. Score de risco: 19.39.,1,1560
1561,2026-06-02 02:15:00,Relatório automático do alerta Amarelo. Razões principais: Precipitação prevista entre 10 e 20 mm na próxima hora. Score de risco: 24.54.,2,1561
1562,2026-06-02 02:15:00,Relatório automático do alerta Laranja. Razões principais: Precipitação acumulada entre 41 e 60 mm nas últimas 6 horas. Score de risco: 44.61.,2,1562
1563,2026-06-02 02:15:00,Relatório automático do alerta Verde. Razões principais: Valores abaixo dos limites iniciais. Score de risco: 19.32.,3,1563
1564,2026-06-02 03:15:00,Relatório automático do alerta Vermelho. Razões principais: Nível de água superior ou igual a 90%. Precipitação acumulada superior a 60 mm nas últimas 6 horas. Precipitação prevista entre 21 e 40 mm na próxima hora. Score de risco: 76.52.,2,1564
1565,2026-06-02 04:15:00,Relatório automático do alerta Amarelo. Razões principais: Precipitação prevista entre 10 e 20 mm na próxima hora. Score de risco: 20.42.,3,1565
1566,2026-06-02 04:15:00,Relatório automático do alerta Laranja. Razões principais: Precipitação prevista entre 21 e 40 mm na próxima hora. Score de risco: 34.36.,1,1566
1567,2026-06-02 04:15:00,Relatório automático do alerta Vermelho. Razões principais: Nível de água superior ou igual a 90%. Precipitação acumulada superior a 60 mm nas últimas 6 horas. Score de risco: 67.28.,2,1567
1568,2026-06-02 05:15:00,Relatório automático do alerta Laranja. Razões principais: Nível de água entre 70% e 85%. Precipitação acumulada entre 41 e 60 mm nas últimas 6 horas. Score de risco: 49.59.,1,1568
1569,2026-06-02 06:15:00,Relatório automático do alerta Amarelo. Razões principais: Precipitação acumulada entre 30 e 40 mm nas últimas 6 horas. Score de risco: 40.59.,3,1569
1570,2026-06-02 07:15:00,Relatório automático do alerta Amarelo. Razões principais: Precipitação prevista entre 10 e 20 mm na próxima hora. Score de risco: 26.66.,2,1570
1571,2026-06-02 07:15:00,Relatório automático do alerta Laranja. Razões principais: Precipitação prevista entre 21 e 40 mm na próxima hora. Score de risco: 33.45.,2,1571
1572,2026-06-02 07:15:00,Relatório automático do alerta Amarelo. Razões principais: Precipitação acumulada entre 30 e 40 mm nas últimas 6 horas. Score de risco: 39.90.,2,1572
1573,2026-06-02 08:15:00,Relatório automático do alerta Amarelo. Razões principais: Precipitação acumulada entre 30 e 40 mm nas últimas 6 horas. Score de risco: 39.78.,1,1573
1574,2026-06-02 09:15:00,Relatório automático do alerta Laranja. Razões principais: Precipitação acumulada entre 30 e 40 mm nas últimas 6 horas. Precipitação prevista entre 21 e 40 mm na próxima hora. Score de risco: 46.50.,1,1574
1575,2026-06-02 10:15:00,Relatório automático do alerta Amarelo. Razões principais: Precipitação acumulada entre 30 e 40 mm nas últimas 6 horas. Score de risco: 41.83.,3,1575
1576,2026-06-02 10:15:00,Relatório automático do alerta Amarelo. Razões principais: Precipitação prevista entre 10 e 20 mm na próxima hora. Score de risco: 20.53.,2,1576
1577,2026-06-02 10:15:00,Relatório automático do alerta Amarelo. Razões principais: Precipitação prevista entre 10 e 20 mm na próxima hora. Score de risco: 18.63.,2,1577
1578,2026-06-02 11:15:00,Relatório automático do alerta Laranja. Razões principais: Precipitação acumulada entre 30 e 40 mm nas últimas 6 horas. Precipitação prevista entre 10 e 20 mm na próxima hora. Score de risco: 43.12.,2,1578
1579,2026-06-02 11:15:00,Relatório automático do alerta Verde. Razões principais: Valores abaixo dos limites iniciais. Score de risco: 15.56.,3,1579
1580,2026-06-02 11:15:00,Relatório automático do alerta Amarelo. Razões principais: Precipitação prevista entre 10 e 20 mm na próxima hora. Score de risco: 21.95.,1,1580
1581,2026-06-02 12:15:00,Relatório automático do alerta Laranja. Razões principais: Precipitação acumulada entre 30 e 40 mm nas últimas 6 horas. Precipitação prevista entre 10 e 20 mm na próxima hora. Score de risco: 44.56.,2,1581
1582,2026-06-02 12:15:00,Relatório automático do alerta Laranja. Razões principais: Precipitação acumulada entre 30 e 40 mm nas últimas 6 horas. Precipitação prevista entre 21 e 40 mm na próxima hora. Score de risco: 42.91.,3,1582
1583,2026-06-02 13:15:00,Relatório automático do alerta Amarelo. Razões principais: Precipitação acumulada entre 30 e 40 mm nas últimas 6 horas. Score de risco: 40.32.,3,1583
1584,2026-06-02 13:15:00,Relatório automático do alerta Laranja. Razões principais: Precipitação acumulada entre 30 e 40 mm nas últimas 6 horas. Precipitação prevista entre 10 e 20 mm na próxima hora. Score de risco: 35.76.,2,1584
1585,2026-06-02 14:15:00,Relatório automático do alerta Amarelo. Razões principais: Precipitação acumulada entre 30 e 40 mm nas últimas 6 horas. Score de risco: 36.77.,1,1585
1586,2026-06-02 14:15:00,Relatório automático do alerta Amarelo. Razões principais: Precipitação prevista entre 10 e 20 mm na próxima hora. Score de risco: 22.06.,2,1586
1587,2026-06-02 14:15:00,Relatório automático do alerta Laranja. Razões principais: Precipitação acumulada entre 30 e 40 mm nas últimas 6 horas. Precipitação prevista entre 10 e 20 mm na próxima hora. Score de risco: 36.73.,3,1587
1588,2026-06-02 15:15:00,Relatório automático do alerta Amarelo. Razões principais: Precipitação prevista entre 10 e 20 mm na próxima hora. Score de risco: 26.44.,3,1588
1589,2026-06-02 15:15:00,Relatório automático do alerta Amarelo. Razões principais: Precipitação prevista entre 10 e 20 mm na próxima hora. Score de risco: 18.73.,2,1589
1590,2026-06-02 16:15:00,Relatório automático do alerta Amarelo. Razões principais: Precipitação prevista entre 10 e 20 mm na próxima hora. Score de risco: 25.37.,2,1590
1591,2026-06-02 16:15:00,Relatório automático do alerta Amarelo. Razões principais: Precipitação prevista entre 10 e 20 mm na próxima hora. Score de risco: 23.54.,1,1591
1592,2026-06-02 16:15:00,Relatório automático do alerta Vermelho. Razões principais: Nível de água entre 70% e 85%. Precipitação acumulada superior a 60 mm nas últimas 6 horas. Precipitação prevista superior a 40 mm na próxima hora. Score de risco: 64.43.,3,1592
1593,2026-06-02 17:15:00,Relatório automático do alerta Vermelho. Razões principais: Nível de água superior ou igual a 90%. Precipitação acumulada superior a 60 mm nas últimas 6 horas. Precipitação prevista superior a 40 mm na próxima hora. Score de risco: 79.00.,3,1593
1594,2026-06-02 17:15:00,Relatório automático do alerta Amarelo. Razões principais: Precipitação prevista entre 10 e 20 mm na próxima hora. Score de risco: 23.13.,2,1594
1595,2026-06-02 17:15:00,Relatório automático do alerta Laranja. Razões principais: Precipitação prevista entre 21 e 40 mm na próxima hora. Score de risco: 29.00.,2,1595
1596,2026-06-02 17:15:00,Relatório automático do alerta Laranja. Razões principais: Nível de água entre 70% e 85%. Precipitação acumulada entre 41 e 60 mm nas últimas 6 horas. Score de risco: 51.97.,2,1596
1597,2026-06-02 18:15:00,Relatório automático do alerta Vermelho. Razões principais: Nível de água superior ou igual a 90%. Precipitação acumulada superior a 60 mm nas últimas 6 horas. Score de risco: 66.00.,3,1597
1598,2026-06-02 18:15:00,Relatório automático do alerta Laranja. Razões principais: Precipitação acumulada entre 30 e 40 mm nas últimas 6 horas. Precipitação prevista entre 21 e 40 mm na próxima hora. Score de risco: 47.45.,2,1598
1599,2026-06-02 18:15:00,Relatório automático do alerta Laranja. Razões principais: Precipitação prevista entre 21 e 40 mm na próxima hora. Score de risco: 38.82.,1,1599
1600,2026-06-02 18:15:00,Relatório automático do alerta Amarelo. Razões principais: Precipitação acumulada entre 30 e 40 mm nas últimas 6 horas. Score de risco: 38.46.,3,1600
1601,2026-06-02 19:15:00,Relatório automático do alerta Vermelho. Razões principais: Nível de água superior ou igual a 90%. Precipitação acumulada superior a 60 mm nas últimas 6 horas. Score de risco: 66.22.,3,1601
1602,2026-06-02 19:15:00,Relatório automático do alerta Laranja. Razões principais: Precipitação acumulada entre 30 e 40 mm nas últimas 6 horas. Precipitação prevista entre 10 e 20 mm na próxima hora. Score de risco: 47.57.,1,1602
1603,2026-06-02 19:15:00,Relatório automático do alerta Amarelo. Razões principais: Precipitação prevista entre 10 e 20 mm na próxima hora. Score de risco: 36.59.,2,1603
1604,2026-06-02 19:15:00,Relatório automático do alerta Laranja. Razões principais: Precipitação acumulada entre 30 e 40 mm nas últimas 6 horas. Precipitação prevista entre 10 e 20 mm na próxima hora. Score de risco: 38.37.,3,1604
1605,2026-06-02 20:15:00,Relatório automático do alerta Vermelho. Razões principais: Nível de água superior ou igual a 90%. Precipitação acumulada superior a 60 mm nas últimas 6 horas. Score de risco: 68.35.,2,1605
1606,2026-06-02 20:15:00,Relatório automático do alerta Amarelo. Razões principais: Precipitação acumulada entre 30 e 40 mm nas últimas 6 horas. Score de risco: 43.28.,3,1606
1607,2026-06-02 20:15:00,Relatório automático do alerta Amarelo. Razões principais: Precipitação prevista entre 10 e 20 mm na próxima hora. Score de risco: 36.67.,2,1607
1608,2026-06-02 20:15:00,Relatório automático do alerta Laranja. Razões principais: Precipitação acumulada entre 30 e 40 mm nas últimas 6 horas. Precipitação prevista entre 10 e 20 mm na próxima hora. Score de risco: 37.34.,3,1608
1609,2026-06-02 21:15:00,Relatório automático do alerta Vermelho. Razões principais: Nível de água superior ou igual a 90%. Precipitação acumulada superior a 60 mm nas últimas 6 horas. Score de risco: 68.66.,2,1609
1610,2026-06-02 21:15:00,Relatório automático do alerta Laranja. Razões principais: Precipitação acumulada entre 41 e 60 mm nas últimas 6 horas. Score de risco: 43.58.,3,1610
1611,2026-06-02 21:15:00,Relatório automático do alerta Amarelo. Razões principais: Precipitação acumulada entre 30 e 40 mm nas últimas 6 horas. Score de risco: 34.03.,2,1611
1612,2026-06-02 22:15:00,Relatório automático do alerta Vermelho. Razões principais: Nível de água superior ou igual a 90%. Precipitação acumulada superior a 60 mm nas últimas 6 horas. Score de risco: 67.70.,2,1612
1613,2026-06-02 22:15:00,Relatório automático do alerta Laranja. Razões principais: Nível de água entre 70% e 85%. Precipitação acumulada entre 41 e 60 mm nas últimas 6 horas. Score de risco: 44.01.,3,1613
1614,2026-06-02 22:15:00,Relatório automático do alerta Amarelo. Razões principais: Precipitação prevista entre 10 e 20 mm na próxima hora. Score de risco: 31.58.,1,1614
1615,2026-06-02 23:15:00,Relatório automático do alerta Laranja. Razões principais: Nível de água entre 70% e 85%. Precipitação acumulada entre 30 e 40 mm nas últimas 6 horas. Score de risco: 45.19.,3,1615
1616,2026-06-03 00:15:00,Relatório automático do alerta Laranja. Razões principais: Precipitação prevista entre 21 e 40 mm na próxima hora. Score de risco: 31.24.,3,1616
1617,2026-06-03 02:15:00,Relatório automático do alerta Vermelho. Razões principais: Nível de água entre 70% e 85%. Precipitação acumulada entre 41 e 60 mm nas últimas 6 horas. Precipitação prevista superior a 40 mm na próxima hora. Score de risco: 61.30.,3,1617
1618,2026-06-03 03:15:00,Relatório automático do alerta Laranja. Razões principais: Nível de água entre 70% e 85%. Precipitação acumulada entre 41 e 60 mm nas últimas 6 horas. Score de risco: 50.35.,2,1618
1619,2026-06-03 03:15:00,Relatório automático do alerta Amarelo. Razões principais: Precipitação prevista entre 10 e 20 mm na próxima hora. Score de risco: 19.24.,3,1619
1620,2026-06-03 04:15:00,Relatório automático do alerta Laranja. Razões principais: Nível de água entre 70% e 85%. Precipitação acumulada entre 41 e 60 mm nas últimas 6 horas. Score de risco: 54.93.,1,1620
1621,2026-06-03 04:15:00,Relatório automático do alerta Vermelho. Razões principais: Precipitação acumulada entre 41 e 60 mm nas últimas 6 horas. Precipitação prevista superior a 40 mm na próxima hora. Score de risco: 54.14.,3,1621
1622,2026-06-03 05:15:00,Relatório automático do alerta Vermelho. Razões principais: Nível de água superior ou igual a 90%. Precipitação acumulada superior a 60 mm nas últimas 6 horas. Precipitação prevista entre 10 e 20 mm na próxima hora. Score de risco: 69.56.,1,1622
1623,2026-06-03 05:15:00,Relatório automático do alerta Laranja. Razões principais: Precipitação acumulada entre 41 e 60 mm nas últimas 6 horas. Precipitação prevista entre 10 e 20 mm na próxima hora. Score de risco: 46.72.,1,1623
1624,2026-06-03 06:15:00,Relatório automático do alerta Vermelho. Razões principais: Nível de água superior ou igual a 90%. Precipitação acumulada superior a 60 mm nas últimas 6 horas. Score de risco: 64.88.,3,1624
1625,2026-06-03 06:15:00,Relatório automático do alerta Amarelo. Razões principais: Precipitação prevista entre 10 e 20 mm na próxima hora. Score de risco: 22.50.,2,1625
1626,2026-06-03 06:15:00,Relatório automático do alerta Laranja. Razões principais: Precipitação acumulada entre 41 e 60 mm nas últimas 6 horas. Precipitação prevista entre 10 e 20 mm na próxima hora. Score de risco: 46.88.,1,1626
1627,2026-06-03 07:15:00,Relatório automático do alerta Vermelho. Razões principais: Nível de água superior ou igual a 90%. Precipitação acumulada superior a 60 mm nas últimas 6 horas. Score de risco: 68.40.,3,1627
1628,2026-06-03 07:15:00,Relatório automático do alerta Amarelo. Razões principais: Precipitação acumulada entre 30 e 40 mm nas últimas 6 horas. Score de risco: 43.26.,3,1628
1629,2026-06-03 08:15:00,Relatório automático do alerta Amarelo. Razões principais: Precipitação prevista entre 10 e 20 mm na próxima hora. Score de risco: 25.40.,3,1629
1630,2026-06-03 08:15:00,Relatório automático do alerta Laranja. Razões principais: Precipitação acumulada entre 41 e 60 mm nas últimas 6 horas. Precipitação prevista entre 10 e 20 mm na próxima hora. Score de risco: 46.17.,1,1630
1631,2026-06-03 09:15:00,Relatório automático do alerta Laranja. Razões principais: Nível de água entre 70% e 85%. Precipitação acumulada entre 30 e 40 mm nas últimas 6 horas. Score de risco: 44.08.,1,1631
1632,2026-06-03 09:15:00,Relatório automático do alerta Verde. Razões principais: Valores abaixo dos limites iniciais. Score de risco: 23.50.,3,1632
1633,2026-06-03 09:15:00,Relatório automático do alerta Laranja. Razões principais: Precipitação acumulada entre 41 e 60 mm nas últimas 6 horas. Score de risco: 41.93.,2,1633
1634,2026-06-03 10:15:00,Relatório automático do alerta Laranja. Razões principais: Precipitação acumulada entre 30 e 40 mm nas últimas 6 horas. Precipitação prevista entre 21 e 40 mm na próxima hora. Score de risco: 49.36.,2,1634
1635,2026-06-03 10:15:00,Relatório automático do alerta Vermelho. Razões principais: Nível de água entre 85% e 90%. Precipitação acumulada superior a 60 mm nas últimas 6 horas. Precipitação prevista superior a 40 mm na próxima hora. Score de risco: 73.04.,3,1635
1636,2026-06-03 11:15:00,Relatório automático do alerta Vermelho. Razões principais: Nível de água superior ou igual a 90%. Precipitação acumulada superior a 60 mm nas últimas 6 horas. Precipitação prevista entre 10 e 20 mm na próxima hora. Score de risco: 65.30.,3,1636
1637,2026-06-03 12:15:00,Relatório automático do alerta Vermelho. Razões principais: Nível de água superior ou igual a 90%. Precipitação acumulada superior a 60 mm nas últimas 6 horas. Precipitação prevista entre 10 e 20 mm na próxima hora. Score de risco: 66.27.,2,1637
1638,2026-06-03 12:15:00,Relatório automático do alerta Verde. Razões principais: Valores abaixo dos limites iniciais. Score de risco: 19.61.,3,1638
1639,2026-06-03 13:15:00,Relatório automático do alerta Laranja. Razões principais: Nível de água entre 70% e 85%. Precipitação acumulada entre 41 e 60 mm nas últimas 6 horas. Precipitação prevista entre 10 e 20 mm na próxima hora. Score de risco: 59.15.,3,1639
1640,2026-06-03 13:15:00,Relatório automático do alerta Amarelo. Razões principais: Precipitação prevista entre 10 e 20 mm na próxima hora. Score de risco: 23.53.,3,1640
1641,2026-06-03 14:15:00,Relatório automático do alerta Amarelo. Razões principais: Precipitação prevista entre 10 e 20 mm na próxima hora. Score de risco: 32.02.,3,1641
1642,2026-06-03 14:15:00,Relatório automático do alerta Laranja. Razões principais: Nível de água entre 85% e 90%. Precipitação acumulada entre 41 e 60 mm nas últimas 6 horas. Score de risco: 58.02.,2,1642
1643,2026-06-03 14:15:00,Relatório automático do alerta Amarelo. Razões principais: Precipitação prevista entre 10 e 20 mm na próxima hora. Score de risco: 20.83.,1,1643
1644,2026-06-03 15:15:00,Relatório automático do alerta Laranja. Razões principais: Nível de água entre 85% e 90%. Precipitação acumulada entre 41 e 60 mm nas últimas 6 horas. Precipitação prevista entre 10 e 20 mm na próxima hora. Score de risco: 62.13.,1,1644
1645,2026-06-03 15:15:00,Relatório automático do alerta Amarelo. Razões principais: Precipitação prevista entre 10 e 20 mm na próxima hora. Score de risco: 18.09.,3,1645
1646,2026-06-03 16:15:00,Relatório automático do alerta Amarelo. Razões principais: Precipitação prevista entre 10 e 20 mm na próxima hora. Score de risco: 28.06.,1,1646
1647,2026-06-03 17:15:00,Relatório automático do alerta Amarelo. Razões principais: Precipitação prevista entre 10 e 20 mm na próxima hora. Score de risco: 25.24.,2,1647
1648,2026-06-03 17:15:00,Relatório automático do alerta Amarelo. Razões principais: Precipitação prevista entre 10 e 20 mm na próxima hora. Score de risco: 23.80.,3,1648
1649,2026-06-03 17:15:00,Relatório automático do alerta Amarelo. Razões principais: Precipitação prevista entre 10 e 20 mm na próxima hora. Score de risco: 24.39.,3,1649
1650,2026-06-03 18:15:00,Relatório automático do alerta Vermelho. Razões principais: Nível de água entre 85% e 90%. Precipitação acumulada superior a 60 mm nas últimas 6 horas. Precipitação prevista superior a 40 mm na próxima hora. Score de risco: 68.57.,3,1650
1651,2026-06-03 18:15:00,Relatório automático do alerta Amarelo. Razões principais: Precipitação prevista entre 10 e 20 mm na próxima hora. Score de risco: 20.15.,2,1651
1652,2026-06-03 19:15:00,Relatório automático do alerta Amarelo. Razões principais: Precipitação prevista entre 10 e 20 mm na próxima hora. Score de risco: 22.31.,3,1652
1653,2026-06-03 19:15:00,Relatório automático do alerta Vermelho. Razões principais: Nível de água superior ou igual a 90%. Precipitação acumulada superior a 60 mm nas últimas 6 horas. Score de risco: 60.51.,2,1653
1654,2026-06-03 19:15:00,Relatório automático do alerta Amarelo. Razões principais: Precipitação prevista entre 10 e 20 mm na próxima hora. Score de risco: 24.53.,3,1654
1655,2026-06-03 19:15:00,Relatório automático do alerta Amarelo. Razões principais: Precipitação prevista entre 10 e 20 mm na próxima hora. Score de risco: 21.62.,2,1655
1656,2026-06-03 20:15:00,Relatório automático do alerta Amarelo. Razões principais: Precipitação prevista entre 10 e 20 mm na próxima hora. Score de risco: 24.06.,2,1656
1657,2026-06-03 20:15:00,Relatório automático do alerta Vermelho. Razões principais: Nível de água superior ou igual a 90%. Precipitação acumulada superior a 60 mm nas últimas 6 horas. Score de risco: 62.87.,1,1657
1658,2026-06-03 20:15:00,Relatório automático do alerta Amarelo. Razões principais: Precipitação prevista entre 10 e 20 mm na próxima hora. Score de risco: 25.32.,1,1658
1659,2026-06-03 21:15:00,Relatório automático do alerta Laranja. Razões principais: Precipitação prevista entre 21 e 40 mm na próxima hora. Score de risco: 26.56.,2,1659
1660,2026-06-03 21:15:00,Relatório automático do alerta Vermelho. Razões principais: Nível de água entre 85% e 90%. Precipitação acumulada superior a 60 mm nas últimas 6 horas. Precipitação prevista entre 10 e 20 mm na próxima hora. Score de risco: 61.66.,2,1660
1661,2026-06-03 22:15:00,Relatório automático do alerta Amarelo. Razões principais: Precipitação prevista entre 10 e 20 mm na próxima hora. Score de risco: 24.98.,3,1661
1662,2026-06-03 22:15:00,Relatório automático do alerta Vermelho. Razões principais: Nível de água entre 85% e 90%. Precipitação acumulada superior a 60 mm nas últimas 6 horas. Score de risco: 58.80.,1,1662
1663,2026-06-03 22:15:00,Relatório automático do alerta Amarelo. Razões principais: Precipitação prevista entre 10 e 20 mm na próxima hora. Score de risco: 20.27.,1,1663
1664,2026-06-03 23:15:00,Relatório automático do alerta Vermelho. Razões principais: Nível de água entre 85% e 90%. Precipitação acumulada superior a 60 mm nas últimas 6 horas. Score de risco: 58.76.,1,1664
1665,2026-06-04 00:15:00,Relatório automático do alerta Laranja. Razões principais: Precipitação acumulada entre 30 e 40 mm nas últimas 6 horas. Precipitação prevista entre 21 e 40 mm na próxima hora. Score de risco: 39.07.,1,1665
1666,2026-06-04 01:15:00,Relatório automático do alerta Amarelo. Razões principais: Precipitação prevista entre 10 e 20 mm na próxima hora. Score de risco: 20.66.,2,1666
1667,2026-06-04 01:15:00,Relatório automático do alerta Laranja. Razões principais: Precipitação acumulada entre 30 e 40 mm nas últimas 6 horas. Precipitação prevista entre 10 e 20 mm na próxima hora. Score de risco: 35.97.,1,1667
1668,2026-06-04 02:15:00,Relatório automático do alerta Amarelo. Razões principais: Precipitação prevista entre 10 e 20 mm na próxima hora. Score de risco: 22.54.,2,1668
1669,2026-06-04 02:15:00,Relatório automático do alerta Amarelo. Razões principais: Precipitação prevista entre 10 e 20 mm na próxima hora. Score de risco: 37.19.,2,1669
1670,2026-06-04 02:15:00,Relatório automático do alerta Amarelo. Razões principais: Precipitação prevista entre 10 e 20 mm na próxima hora. Score de risco: 34.43.,2,1670
1671,2026-06-04 03:15:00,Relatório automático do alerta Amarelo. Razões principais: Precipitação prevista entre 10 e 20 mm na próxima hora. Score de risco: 28.66.,2,1671
1672,2026-06-04 04:15:00,Relatório automático do alerta Laranja. Razões principais: Precipitação prevista entre 21 e 40 mm na próxima hora. Score de risco: 33.03.,2,1672
1673,2026-06-04 04:15:00,Relatório automático do alerta Verde. Razões principais: Valores abaixo dos limites iniciais. Score de risco: 30.08.,2,1673
1674,2026-06-04 05:15:00,Relatório automático do alerta Laranja. Razões principais: Precipitação acumulada entre 41 e 60 mm nas últimas 6 horas. Precipitação prevista entre 21 e 40 mm na próxima hora. Score de risco: 52.36.,2,1674
1675,2026-06-04 05:15:00,Relatório automático do alerta Laranja. Razões principais: Nível de água entre 70% e 85%. Precipitação acumulada entre 41 e 60 mm nas últimas 6 horas. Precipitação prevista entre 21 e 40 mm na próxima hora. Score de risco: 60.58.,1,1675
1676,2026-06-04 06:15:00,Relatório automático do alerta Amarelo. Razões principais: Precipitação prevista entre 10 e 20 mm na próxima hora. Score de risco: 30.31.,3,1676
1677,2026-06-04 06:15:00,Relatório automático do alerta Laranja. Razões principais: Precipitação acumulada entre 30 e 40 mm nas últimas 6 horas. Precipitação prevista entre 10 e 20 mm na próxima hora. Score de risco: 44.92.,2,1677
1678,2026-06-04 06:15:00,Relatório automático do alerta Amarelo. Razões principais: Precipitação acumulada entre 30 e 40 mm nas últimas 6 horas. Score de risco: 34.36.,2,1678
1679,2026-06-04 06:15:00,Relatório automático do alerta Laranja. Razões principais: Precipitação acumulada entre 30 e 40 mm nas últimas 6 horas. Precipitação prevista entre 10 e 20 mm na próxima hora. Score de risco: 43.35.,1,1679
1680,2026-06-04 07:15:00,Relatório automático do alerta Laranja. Razões principais: Precipitação acumulada entre 30 e 40 mm nas últimas 6 horas. Precipitação prevista entre 21 e 40 mm na próxima hora. Score de risco: 44.22.,2,1680
1681,2026-06-04 07:15:00,Relatório automático do alerta Vermelho. Razões principais: Nível de água entre 70% e 85%. Precipitação acumulada superior a 60 mm nas últimas 6 horas. Precipitação prevista entre 21 e 40 mm na próxima hora. Score de risco: 61.47.,2,1681
1682,2026-06-04 07:15:00,Relatório automático do alerta Verde. Razões principais: Valores abaixo dos limites iniciais. Score de risco: 32.28.,3,1682
1683,2026-06-04 07:15:00,Relatório automático do alerta Laranja. Razões principais: Precipitação acumulada entre 30 e 40 mm nas últimas 6 horas. Precipitação prevista entre 21 e 40 mm na próxima hora. Score de risco: 45.71.,3,1683
1684,2026-06-04 08:15:00,Relatório automático do alerta Amarelo. Razões principais: Precipitação acumulada entre 30 e 40 mm nas últimas 6 horas. Score de risco: 38.95.,3,1684
1685,2026-06-04 08:15:00,Relatório automático do alerta Vermelho. Razões principais: Nível de água entre 70% e 85%. Precipitação acumulada superior a 60 mm nas últimas 6 horas. Precipitação prevista entre 10 e 20 mm na próxima hora. Score de risco: 59.14.,2,1685
1686,2026-06-04 08:15:00,Relatório automático do alerta Amarelo. Razões principais: Precipitação acumulada entre 30 e 40 mm nas últimas 6 horas. Score de risco: 40.53.,2,1686
1687,2026-06-04 09:15:00,Relatório automático do alerta Amarelo. Razões principais: Precipitação acumulada entre 30 e 40 mm nas últimas 6 horas. Score de risco: 41.00.,1,1687
1688,2026-06-04 09:15:00,Relatório automático do alerta Vermelho. Razões principais: Nível de água superior ou igual a 90%. Precipitação acumulada superior a 60 mm nas últimas 6 horas. Score de risco: 64.80.,3,1688
1689,2026-06-04 09:15:00,Relatório automático do alerta Amarelo. Razões principais: Precipitação prevista entre 10 e 20 mm na próxima hora. Score de risco: 34.63.,2,1689
1690,2026-06-04 09:15:00,Relatório automático do alerta Laranja. Razões principais: Precipitação acumulada entre 30 e 40 mm nas últimas 6 horas. Precipitação prevista entre 10 e 20 mm na próxima hora. Score de risco: 40.54.,2,1690
1691,2026-06-04 10:15:00,Relatório automático do alerta Vermelho. Razões principais: Nível de água superior ou igual a 90%. Precipitação acumulada superior a 60 mm nas últimas 6 horas. Precipitação prevista superior a 40 mm na próxima hora. Score de risco: 84.00.,3,1691
1692,2026-06-04 10:15:00,Relatório automático do alerta Vermelho. Razões principais: Nível de água superior ou igual a 90%. Precipitação acumulada superior a 60 mm nas últimas 6 horas. Score de risco: 63.74.,1,1692
1693,2026-06-04 10:15:00,Relatório automático do alerta Amarelo. Razões principais: Precipitação prevista entre 10 e 20 mm na próxima hora. Score de risco: 37.65.,1,1693
1694,2026-06-04 10:15:00,Relatório automático do alerta Amarelo. Razões principais: Precipitação acumulada entre 30 e 40 mm nas últimas 6 horas. Score de risco: 39.86.,2,1694
1695,2026-06-04 11:15:00,Relatório automático do alerta Vermelho. Razões principais: Nível de água superior ou igual a 90%. Precipitação acumulada superior a 60 mm nas últimas 6 horas. Score de risco: 71.50.,1,1695
1696,2026-06-04 11:15:00,Relatório automático do alerta Amarelo. Razões principais: Precipitação acumulada entre 30 e 40 mm nas últimas 6 horas. Score de risco: 42.15.,1,1696
1697,2026-06-04 12:15:00,Relatório automático do alerta Vermelho. Razões principais: Nível de água superior ou igual a 90%. Precipitação acumulada superior a 60 mm nas últimas 6 horas. Score de risco: 69.00.,3,1697
1698,2026-06-04 12:15:00,Relatório automático do alerta Amarelo. Razões principais: Precipitação acumulada entre 30 e 40 mm nas últimas 6 horas. Score de risco: 40.30.,2,1698
1699,2026-06-04 12:15:00,Relatório automático do alerta Amarelo. Razões principais: Precipitação prevista entre 10 e 20 mm na próxima hora. Score de risco: 39.01.,3,1699
1700,2026-06-04 12:15:00,Relatório automático do alerta Verde. Razões principais: Valores abaixo dos limites iniciais. Score de risco: 15.25.,2,1700
1701,2026-06-04 13:15:00,Relatório automático do alerta Vermelho. Razões principais: Nível de água superior ou igual a 90%. Precipitação acumulada superior a 60 mm nas últimas 6 horas. Precipitação prevista superior a 40 mm na próxima hora. Score de risco: 82.79.,3,1701
1702,2026-06-04 13:15:00,Relatório automático do alerta Amarelo. Razões principais: Precipitação prevista entre 10 e 20 mm na próxima hora. Score de risco: 19.05.,1,1702
1703,2026-06-04 14:15:00,Relatório automático do alerta Vermelho. Razões principais: Nível de água superior ou igual a 90%. Precipitação acumulada superior a 60 mm nas últimas 6 horas. Score de risco: 69.00.,2,1703
1704,2026-06-04 14:15:00,Relatório automático do alerta Amarelo. Razões principais: Precipitação prevista entre 10 e 20 mm na próxima hora. Score de risco: 28.01.,2,1704
1705,2026-06-04 14:15:00,Relatório automático do alerta Amarelo. Razões principais: Precipitação prevista entre 10 e 20 mm na próxima hora. Score de risco: 40.49.,1,1705
1706,2026-06-04 15:15:00,Relatório automático do alerta Vermelho. Razões principais: Nível de água superior ou igual a 90%. Precipitação acumulada superior a 60 mm nas últimas 6 horas. Score de risco: 69.00.,2,1706
1707,2026-06-04 15:15:00,Relatório automático do alerta Amarelo. Razões principais: Precipitação prevista entre 10 e 20 mm na próxima hora. Score de risco: 17.19.,1,1707
1708,2026-06-04 16:15:00,Relatório automático do alerta Vermelho. Razões principais: Nível de água superior ou igual a 90%. Precipitação acumulada superior a 60 mm nas últimas 6 horas. Precipitação prevista entre 10 e 20 mm na próxima hora. Score de risco: 65.49.,1,1708
1709,2026-06-04 16:15:00,Relatório automático do alerta Amarelo. Razões principais: Precipitação prevista entre 10 e 20 mm na próxima hora. Score de risco: 23.99.,3,1709
1710,2026-06-04 16:15:00,Relatório automático do alerta Amarelo. Razões principais: Precipitação prevista entre 10 e 20 mm na próxima hora. Score de risco: 28.94.,3,1710
1711,2026-06-04 17:15:00,Relatório automático do alerta Vermelho. Razões principais: Nível de água superior ou igual a 90%. Precipitação acumulada superior a 60 mm nas últimas 6 horas. Score de risco: 62.79.,1,1711
1712,2026-06-04 17:15:00,Relatório automático do alerta Amarelo. Razões principais: Precipitação prevista entre 10 e 20 mm na próxima hora. Score de risco: 26.35.,1,1712
1713,2026-06-04 18:15:00,Relatório automático do alerta Vermelho. Razões principais: Nível de água superior ou igual a 90%. Precipitação acumulada superior a 60 mm nas últimas 6 horas. Score de risco: 60.73.,3,1713
1714,2026-06-04 18:15:00,Relatório automático do alerta Amarelo. Razões principais: Precipitação prevista entre 10 e 20 mm na próxima hora. Score de risco: 16.59.,1,1714
1715,2026-06-04 19:15:00,Relatório automático do alerta Amarelo. Razões principais: Precipitação prevista entre 10 e 20 mm na próxima hora. Score de risco: 16.98.,1,1715
1716,2026-06-04 20:15:00,Relatório automático do alerta Amarelo. Razões principais: Precipitação prevista entre 10 e 20 mm na próxima hora. Score de risco: 24.72.,2,1716
1717,2026-06-04 20:15:00,Relatório automático do alerta Amarelo. Razões principais: Precipitação prevista entre 10 e 20 mm na próxima hora. Score de risco: 23.02.,1,1717
1718,2026-06-04 20:15:00,Relatório automático do alerta Amarelo. Razões principais: Precipitação prevista entre 10 e 20 mm na próxima hora. Score de risco: 29.63.,1,1718
1719,2026-06-04 21:15:00,Relatório automático do alerta Vermelho. Razões principais: Precipitação acumulada entre 41 e 60 mm nas últimas 6 horas. Precipitação prevista superior a 40 mm na próxima hora. Score de risco: 56.22.,2,1719
1720,2026-06-04 21:15:00,Relatório automático do alerta Laranja. Razões principais: Precipitação acumulada entre 30 e 40 mm nas últimas 6 horas. Precipitação prevista entre 21 e 40 mm na próxima hora. Score de risco: 48.72.,1,1720
1721,2026-06-04 22:15:00,Relatório automático do alerta Laranja. Razões principais: Nível de água entre 70% e 85%. Precipitação acumulada entre 41 e 60 mm nas últimas 6 horas. Score de risco: 45.40.,3,1721
1722,2026-06-04 22:15:00,Relatório automático do alerta Laranja. Razões principais: Precipitação prevista entre 21 e 40 mm na próxima hora. Score de risco: 20.81.,1,1722
1723,2026-06-04 23:15:00,Relatório automático do alerta Laranja. Razões principais: Nível de água entre 70% e 85%. Precipitação acumulada entre 41 e 60 mm nas últimas 6 horas. Score de risco: 45.88.,3,1723
1724,2026-06-04 23:15:00,Relatório automático do alerta Amarelo. Razões principais: Precipitação prevista entre 10 e 20 mm na próxima hora. Score de risco: 21.14.,3,1724
1725,2026-06-05 00:15:00,Relatório automático do alerta Laranja. Razões principais: Nível de água entre 70% e 85%. Precipitação acumulada entre 30 e 40 mm nas últimas 6 horas. Precipitação prevista entre 10 e 20 mm na próxima hora. Score de risco: 48.11.,1,1725
1726,2026-06-05 00:15:00,Relatório automático do alerta Amarelo. Razões principais: Precipitação prevista entre 10 e 20 mm na próxima hora. Score de risco: 21.03.,1,1726
1727,2026-06-05 01:15:00,Relatório automático do alerta Vermelho. Razões principais: Nível de água superior ou igual a 90%. Precipitação acumulada superior a 60 mm nas últimas 6 horas. Precipitação prevista entre 21 e 40 mm na próxima hora. Score de risco: 74.49.,3,1727
1728,2026-06-05 01:15:00,Relatório automático do alerta Amarelo. Razões principais: Precipitação prevista entre 10 e 20 mm na próxima hora. Score de risco: 23.29.,3,1728
1729,2026-06-05 01:15:00,Relatório automático do alerta Laranja. Razões principais: Precipitação acumulada entre 30 e 40 mm nas últimas 6 horas. Precipitação prevista entre 10 e 20 mm na próxima hora. Score de risco: 41.23.,2,1729
1730,2026-06-05 02:15:00,Relatório automático do alerta Vermelho. Razões principais: Nível de água superior ou igual a 90%. Precipitação acumulada superior a 60 mm nas últimas 6 horas. Precipitação prevista entre 10 e 20 mm na próxima hora. Score de risco: 71.14.,2,1730
1731,2026-06-05 02:15:00,Relatório automático do alerta Amarelo. Razões principais: Precipitação acumulada entre 30 e 40 mm nas últimas 6 horas. Score de risco: 36.82.,1,1731
1732,2026-06-05 02:15:00,Relatório automático do alerta Amarelo. Razões principais: Precipitação prevista entre 10 e 20 mm na próxima hora. Score de risco: 21.01.,1,1732
1733,2026-06-05 03:15:00,Relatório automático do alerta Laranja. Razões principais: Nível de água entre 70% e 85%. Precipitação acumulada entre 30 e 40 mm nas últimas 6 horas. Score de risco: 47.31.,2,1733
1734,2026-06-05 04:15:00,Relatório automático do alerta Vermelho. Razões principais: Nível de água superior ou igual a 90%. Precipitação acumulada superior a 60 mm nas últimas 6 horas. Precipitação prevista superior a 40 mm na próxima hora. Score de risco: 82.94.,3,1734
1735,2026-06-05 04:15:00,Relatório automático do alerta Verde. Razões principais: Valores abaixo dos limites iniciais. Score de risco: 23.04.,3,1735
1736,2026-06-05 04:15:00,Relatório automático do alerta Amarelo. Razões principais: Precipitação prevista entre 10 e 20 mm na próxima hora. Score de risco: 21.93.,1,1736
1737,2026-06-05 05:15:00,Relatório automático do alerta Vermelho. Razões principais: Nível de água superior ou igual a 90%. Precipitação acumulada superior a 60 mm nas últimas 6 horas. Score de risco: 69.40.,2,1737
1738,2026-06-05 05:15:00,Relatório automático do alerta Amarelo. Razões principais: Precipitação prevista entre 10 e 20 mm na próxima hora. Score de risco: 24.78.,3,1738
1739,2026-06-05 06:15:00,Relatório automático do alerta Vermelho. Razões principais: Nível de água superior ou igual a 90%. Precipitação acumulada superior a 60 mm nas últimas 6 horas. Score de risco: 67.99.,2,1739
1740,2026-06-05 06:15:00,Relatório automático do alerta Laranja. Razões principais: Precipitação prevista entre 21 e 40 mm na próxima hora. Score de risco: 27.29.,2,1740
1741,2026-06-05 07:15:00,Relatório automático do alerta Laranja. Razões principais: Nível de água entre 70% e 85%. Precipitação acumulada entre 41 e 60 mm nas últimas 6 horas. Score de risco: 51.06.,1,1741
1742,2026-06-05 07:15:00,Relatório automático do alerta Vermelho. Razões principais: Nível de água entre 70% e 85%. Precipitação acumulada superior a 60 mm nas últimas 6 horas. Precipitação prevista superior a 40 mm na próxima hora. Score de risco: 73.33.,3,1742
1743,2026-06-05 07:15:00,Relatório automático do alerta Laranja. Razões principais: Precipitação prevista entre 21 e 40 mm na próxima hora. Score de risco: 33.33.,3,1743
1744,2026-06-05 08:15:00,Relatório automático do alerta Laranja. Razões principais: Nível de água entre 85% e 90%. Precipitação acumulada entre 41 e 60 mm nas últimas 6 horas. Score de risco: 55.67.,1,1744
1745,2026-06-05 08:15:00,Relatório automático do alerta Vermelho. Razões principais: Nível de água superior ou igual a 90%. Precipitação acumulada superior a 60 mm nas últimas 6 horas. Precipitação prevista entre 21 e 40 mm na próxima hora. Score de risco: 78.72.,1,1745
1746,2026-06-05 09:15:00,Relatório automático do alerta Laranja. Razões principais: Nível de água entre 70% e 85%. Precipitação acumulada entre 41 e 60 mm nas últimas 6 horas. Score de risco: 50.58.,1,1746
1747,2026-06-05 09:15:00,Relatório automático do alerta Vermelho. Razões principais: Nível de água superior ou igual a 90%. Precipitação acumulada superior a 60 mm nas últimas 6 horas. Precipitação prevista entre 21 e 40 mm na próxima hora. Score de risco: 75.75.,1,1747
1748,2026-06-05 10:15:00,Relatório automático do alerta Vermelho. Razões principais: Nível de água superior ou igual a 90%. Precipitação acumulada superior a 60 mm nas últimas 6 horas. Score de risco: 69.00.,1,1748
1749,2026-06-05 10:15:00,Relatório automático do alerta Amarelo. Razões principais: Precipitação prevista entre 10 e 20 mm na próxima hora. Score de risco: 25.63.,2,1749
1750,2026-06-05 11:15:00,Relatório automático do alerta Laranja. Razões principais: Precipitação prevista entre 21 e 40 mm na próxima hora. Score de risco: 33.76.,3,1750
1751,2026-06-05 11:15:00,Relatório automático do alerta Vermelho. Razões principais: Nível de água superior ou igual a 90%. Precipitação acumulada superior a 60 mm nas últimas 6 horas. Score de risco: 69.00.,3,1751
1752,2026-06-05 12:15:00,Relatório automático do alerta Vermelho. Razões principais: Nível de água entre 70% e 85%. Precipitação acumulada entre 41 e 60 mm nas últimas 6 horas. Precipitação prevista superior a 40 mm na próxima hora. Score de risco: 58.58.,3,1752
1753,2026-06-05 12:15:00,Relatório automático do alerta Vermelho. Razões principais: Nível de água superior ou igual a 90%. Precipitação acumulada superior a 60 mm nas últimas 6 horas. Precipitação prevista entre 10 e 20 mm na próxima hora. Score de risco: 73.71.,2,1753
1754,2026-06-05 13:15:00,Relatório automático do alerta Laranja. Razões principais: Nível de água entre 70% e 85%. Precipitação acumulada entre 41 e 60 mm nas últimas 6 horas. Score de risco: 46.69.,1,1754
1755,2026-06-05 13:15:00,Relatório automático do alerta Laranja. Razões principais: Nível de água entre 70% e 85%. Precipitação acumulada entre 41 e 60 mm nas últimas 6 horas. Score de risco: 46.72.,2,1755
1756,2026-06-05 13:15:00,Relatório automático do alerta Laranja. Razões principais: Precipitação prevista entre 21 e 40 mm na próxima hora. Score de risco: 25.15.,1,1756
1757,2026-06-05 13:15:00,Relatório automático do alerta Amarelo. Razões principais: Precipitação prevista entre 10 e 20 mm na próxima hora. Score de risco: 26.63.,2,1757
1758,2026-06-05 14:15:00,Relatório automático do alerta Laranja. Razões principais: Nível de água entre 70% e 85%. Precipitação acumulada entre 30 e 40 mm nas últimas 6 horas. Score de risco: 44.50.,1,1758
1759,2026-06-05 14:15:00,Relatório automático do alerta Laranja. Razões principais: Precipitação acumulada entre 30 e 40 mm nas últimas 6 horas. Precipitação prevista entre 21 e 40 mm na próxima hora. Score de risco: 46.46.,3,1759
1760,2026-06-05 15:15:00,Relatório automático do alerta Laranja. Razões principais: Nível de água entre 70% e 85%. Precipitação acumulada entre 30 e 40 mm nas últimas 6 horas. Score de risco: 44.37.,2,1760
1761,2026-06-05 15:15:00,Relatório automático do alerta Amarelo. Razões principais: Precipitação prevista entre 10 e 20 mm na próxima hora. Score de risco: 27.67.,3,1761
1762,2026-06-05 15:15:00,Relatório automático do alerta Amarelo. Razões principais: Precipitação acumulada entre 30 e 40 mm nas últimas 6 horas. Score de risco: 38.09.,1,1762
1763,2026-06-05 16:15:00,Relatório automático do alerta Laranja. Razões principais: Nível de água entre 70% e 85%. Precipitação acumulada entre 41 e 60 mm nas últimas 6 horas. Score de risco: 46.60.,3,1763
1764,2026-06-05 16:15:00,Relatório automático do alerta Amarelo. Razões principais: Precipitação prevista entre 10 e 20 mm na próxima hora. Score de risco: 25.34.,1,1764
1765,2026-06-05 16:15:00,Relatório automático do alerta Laranja. Razões principais: Precipitação acumulada entre 30 e 40 mm nas últimas 6 horas. Precipitação prevista entre 10 e 20 mm na próxima hora. Score de risco: 40.71.,3,1765
1766,2026-06-05 17:15:00,Relatório automático do alerta Laranja. Razões principais: Nível de água entre 70% e 85%. Precipitação acumulada entre 30 e 40 mm nas últimas 6 horas. Score de risco: 44.72.,2,1766
1767,2026-06-05 17:15:00,Relatório automático do alerta Amarelo. Razões principais: Precipitação prevista entre 10 e 20 mm na próxima hora. Score de risco: 25.88.,2,1767
1768,2026-06-05 17:15:00,Relatório automático do alerta Amarelo. Razões principais: Precipitação acumulada entre 30 e 40 mm nas últimas 6 horas. Score de risco: 39.87.,2,1768
1769,2026-06-05 18:15:00,Relatório automático do alerta Laranja. Razões principais: Precipitação prevista entre 21 e 40 mm na próxima hora. Score de risco: 30.76.,3,1769
1770,2026-06-05 18:15:00,Relatório automático do alerta Amarelo. Razões principais: Precipitação prevista entre 10 e 20 mm na próxima hora. Score de risco: 23.86.,2,1770
1771,2026-06-05 18:15:00,Relatório automático do alerta Amarelo. Razões principais: Precipitação acumulada entre 30 e 40 mm nas últimas 6 horas. Score de risco: 42.34.,1,1771
1772,2026-06-05 18:15:00,Relatório automático do alerta Amarelo. Razões principais: Precipitação prevista entre 10 e 20 mm na próxima hora. Score de risco: 18.31.,1,1772
1773,2026-06-05 19:15:00,Relatório automático do alerta Laranja. Razões principais: Precipitação acumulada entre 41 e 60 mm nas últimas 6 horas. Score de risco: 45.13.,1,1773
1774,2026-06-05 20:15:00,Relatório automático do alerta Amarelo. Razões principais: Precipitação prevista entre 10 e 20 mm na próxima hora. Score de risco: 26.29.,1,1774
1775,2026-06-05 20:15:00,Relatório automático do alerta Laranja. Razões principais: Precipitação prevista entre 21 e 40 mm na próxima hora. Score de risco: 30.48.,1,1775
1776,2026-06-05 20:15:00,Relatório automático do alerta Amarelo. Razões principais: Precipitação prevista entre 10 e 20 mm na próxima hora. Score de risco: 21.06.,2,1776
1777,2026-06-05 21:15:00,Relatório automático do alerta Amarelo. Razões principais: Precipitação prevista entre 10 e 20 mm na próxima hora. Score de risco: 26.95.,2,1777
1778,2026-06-05 22:15:00,Relatório automático do alerta Amarelo. Razões principais: Precipitação prevista entre 10 e 20 mm na próxima hora. Score de risco: 29.87.,1,1778
1779,2026-06-05 22:15:00,Relatório automático do alerta Laranja. Razões principais: Precipitação acumulada entre 30 e 40 mm nas últimas 6 horas. Precipitação prevista entre 21 e 40 mm na próxima hora. Score de risco: 47.23.,1,1779
1780,2026-06-05 23:15:00,Relatório automático do alerta Laranja. Razões principais: Precipitação acumulada entre 30 e 40 mm nas últimas 6 horas. Precipitação prevista entre 10 e 20 mm na próxima hora. Score de risco: 44.11.,2,1780
1781,2026-06-05 23:15:00,Relatório automático do alerta Amarelo. Razões principais: Precipitação prevista entre 10 e 20 mm na próxima hora. Score de risco: 23.13.,1,1781
1782,2026-06-06 00:15:00,Relatório automático do alerta Amarelo. Razões principais: Precipitação acumulada entre 30 e 40 mm nas últimas 6 horas. Score de risco: 39.51.,1,1782
1783,2026-06-06 01:15:00,Relatório automático do alerta Amarelo. Razões principais: Precipitação prevista entre 10 e 20 mm na próxima hora. Score de risco: 30.33.,1,1783
1784,2026-06-06 01:15:00,Relatório automático do alerta Amarelo. Razões principais: Precipitação acumulada entre 30 e 40 mm nas últimas 6 horas. Score de risco: 39.60.,3,1784
1785,2026-06-06 01:15:00,Relatório automático do alerta Vermelho. Razões principais: Precipitação acumulada entre 41 e 60 mm nas últimas 6 horas. Precipitação prevista superior a 40 mm na próxima hora. Score de risco: 57.17.,2,1785
1786,2026-06-06 02:15:00,Relatório automático do alerta Laranja. Razões principais: Precipitação acumulada entre 30 e 40 mm nas últimas 6 horas. Precipitação prevista entre 10 e 20 mm na próxima hora. Score de risco: 40.69.,3,1786
1787,2026-06-06 02:15:00,Relatório automático do alerta Laranja. Razões principais: Nível de água entre 70% e 85%. Precipitação acumulada entre 41 e 60 mm nas últimas 6 horas. Score de risco: 48.61.,3,1787
1788,2026-06-06 03:15:00,Relatório automático do alerta Laranja. Razões principais: Precipitação acumulada entre 30 e 40 mm nas últimas 6 horas. Precipitação prevista entre 10 e 20 mm na próxima hora. Score de risco: 44.17.,1,1788
1789,2026-06-06 03:15:00,Relatório automático do alerta Laranja. Razões principais: Nível de água entre 70% e 85%. Precipitação acumulada entre 41 e 60 mm nas últimas 6 horas. Score de risco: 49.57.,1,1789
1790,2026-06-06 04:15:00,Relatório automático do alerta Amarelo. Razões principais: Precipitação prevista entre 10 e 20 mm na próxima hora. Score de risco: 27.96.,2,1790
1791,2026-06-06 04:15:00,Relatório automático do alerta Amarelo. Razões principais: Precipitação prevista entre 10 e 20 mm na próxima hora. Score de risco: 26.09.,2,1791
1792,2026-06-06 04:15:00,Relatório automático do alerta Laranja. Razões principais: Nível de água entre 70% e 85%. Precipitação acumulada entre 41 e 60 mm nas últimas 6 horas. Score de risco: 50.84.,3,1792
1793,2026-06-06 05:15:00,Relatório automático do alerta Amarelo. Razões principais: Precipitação prevista entre 10 e 20 mm na próxima hora. Score de risco: 31.29.,2,1793
1794,2026-06-06 05:15:00,Relatório automático do alerta Vermelho. Razões principais: Precipitação acumulada entre 41 e 60 mm nas últimas 6 horas. Precipitação prevista superior a 40 mm na próxima hora. Score de risco: 56.67.,1,1794
1795,2026-06-06 05:15:00,Relatório automático do alerta Laranja. Razões principais: Precipitação acumulada entre 41 e 60 mm nas últimas 6 horas. Precipitação prevista entre 10 e 20 mm na próxima hora. Score de risco: 50.84.,1,1795
1796,2026-06-06 06:15:00,Relatório automático do alerta Laranja. Razões principais: Nível de água entre 70% e 85%. Precipitação acumulada entre 41 e 60 mm nas últimas 6 horas. Score de risco: 45.96.,2,1796
1797,2026-06-06 06:15:00,Relatório automático do alerta Laranja. Razões principais: Nível de água entre 70% e 85%. Precipitação acumulada entre 41 e 60 mm nas últimas 6 horas. Score de risco: 52.99.,3,1797
1798,2026-06-06 07:15:00,Relatório automático do alerta Laranja. Razões principais: Precipitação prevista entre 21 e 40 mm na próxima hora. Score de risco: 29.36.,2,1798
1799,2026-06-06 07:15:00,Relatório automático do alerta Laranja. Razões principais: Precipitação acumulada entre 41 e 60 mm nas últimas 6 horas. Score de risco: 46.62.,3,1799
1800,2026-06-06 08:15:00,Relatório automático do alerta Amarelo. Razões principais: Precipitação prevista entre 10 e 20 mm na próxima hora. Score de risco: 27.57.,3,1800
1801,2026-06-06 08:15:00,Relatório automático do alerta Laranja. Razões principais: Precipitação acumulada entre 41 e 60 mm nas últimas 6 horas. Score de risco: 44.75.,1,1801
1802,2026-06-06 08:15:00,Relatório automático do alerta Laranja. Razões principais: Precipitação prevista entre 21 e 40 mm na próxima hora. Score de risco: 43.40.,1,1802
1803,2026-06-06 09:15:00,Relatório automático do alerta Laranja. Razões principais: Precipitação prevista entre 21 e 40 mm na próxima hora. Score de risco: 32.33.,2,1803
1804,2026-06-06 09:15:00,Relatório automático do alerta Amarelo. Razões principais: Precipitação prevista entre 10 e 20 mm na próxima hora. Score de risco: 23.26.,3,1804
1805,2026-06-06 09:15:00,Relatório automático do alerta Laranja. Razões principais: Nível de água entre 70% e 85%. Precipitação acumulada entre 41 e 60 mm nas últimas 6 horas. Precipitação prevista entre 10 e 20 mm na próxima hora. Score de risco: 49.87.,3,1805
1806,2026-06-06 10:15:00,Relatório automático do alerta Laranja. Razões principais: Nível de água entre 70% e 85%. Precipitação acumulada entre 41 e 60 mm nas últimas 6 horas. Precipitação prevista entre 21 e 40 mm na próxima hora. Score de risco: 54.19.,3,1806
1807,2026-06-06 10:15:00,Relatório automático do alerta Amarelo. Razões principais: Precipitação prevista entre 10 e 20 mm na próxima hora. Score de risco: 36.80.,1,1807
1808,2026-06-06 11:15:00,Relatório automático do alerta Amarelo. Razões principais: Precipitação prevista entre 10 e 20 mm na próxima hora. Score de risco: 29.37.,3,1808
1809,2026-06-06 11:15:00,Relatório automático do alerta Amarelo. Razões principais: Precipitação prevista entre 10 e 20 mm na próxima hora. Score de risco: 24.87.,3,1809
1810,2026-06-06 11:15:00,Relatório automático do alerta Amarelo. Razões principais: Precipitação prevista entre 10 e 20 mm na próxima hora. Score de risco: 31.61.,2,1810
1811,2026-06-06 11:15:00,Relatório automático do alerta Laranja. Razões principais: Precipitação acumulada entre 30 e 40 mm nas últimas 6 horas. Precipitação prevista entre 10 e 20 mm na próxima hora. Score de risco: 37.18.,3,1811
1812,2026-06-06 12:15:00,Relatório automático do alerta Amarelo. Razões principais: Precipitação acumulada entre 30 e 40 mm nas últimas 6 horas. Score de risco: 32.51.,1,1812
1813,2026-06-06 13:15:00,Relatório automático do alerta Laranja. Razões principais: Nível de água entre 70% e 85%. Precipitação acumulada entre 41 e 60 mm nas últimas 6 horas. Precipitação prevista entre 21 e 40 mm na próxima hora. Score de risco: 55.46.,3,1813
1814,2026-06-06 14:15:00,Relatório automático do alerta Laranja. Razões principais: Precipitação acumulada entre 41 e 60 mm nas últimas 6 horas. Score de risco: 45.56.,2,1814
1815,2026-06-06 15:15:00,Relatório automático do alerta Amarelo. Razões principais: Precipitação prevista entre 10 e 20 mm na próxima hora. Score de risco: 27.11.,1,1815
1816,2026-06-06 15:15:00,Relatório automático do alerta Amarelo. Razões principais: Precipitação prevista entre 10 e 20 mm na próxima hora. Score de risco: 28.48.,2,1816
1817,2026-06-06 15:15:00,Relatório automático do alerta Laranja. Razões principais: Precipitação acumulada entre 41 e 60 mm nas últimas 6 horas. Score de risco: 42.42.,3,1817
1818,2026-06-06 16:15:00,Relatório automático do alerta Amarelo. Razões principais: Precipitação prevista entre 10 e 20 mm na próxima hora. Score de risco: 26.07.,2,1818
1819,2026-06-06 16:15:00,Relatório automático do alerta Amarelo. Razões principais: Precipitação acumulada entre 30 e 40 mm nas últimas 6 horas. Score de risco: 40.60.,2,1819
1820,2026-06-06 17:15:00,Relatório automático do alerta Amarelo. Razões principais: Precipitação prevista entre 10 e 20 mm na próxima hora. Score de risco: 29.37.,1,1820
1821,2026-06-06 17:15:00,Relatório automático do alerta Amarelo. Razões principais: Precipitação prevista entre 10 e 20 mm na próxima hora. Score de risco: 23.84.,3,1821
1822,2026-06-06 17:15:00,Relatório automático do alerta Amarelo. Razões principais: Precipitação acumulada entre 30 e 40 mm nas últimas 6 horas. Score de risco: 38.82.,1,1822
1823,2026-06-06 18:15:00,Relatório automático do alerta Amarelo. Razões principais: Precipitação prevista entre 10 e 20 mm na próxima hora. Score de risco: 26.39.,3,1823
1824,2026-06-06 18:15:00,Relatório automático do alerta Laranja. Razões principais: Nível de água entre 70% e 85%. Precipitação acumulada entre 41 e 60 mm nas últimas 6 horas. Precipitação prevista entre 21 e 40 mm na próxima hora. Score de risco: 57.13.,2,1824
1825,2026-06-06 19:15:00,Relatório automático do alerta Verde. Razões principais: Valores abaixo dos limites iniciais. Score de risco: 26.17.,2,1825
1826,2026-06-06 19:15:00,Relatório automático do alerta Amarelo. Razões principais: Precipitação prevista entre 10 e 20 mm na próxima hora. Score de risco: 26.54.,3,1826
1827,2026-06-06 19:15:00,Relatório automático do alerta Amarelo. Razões principais: Precipitação prevista entre 10 e 20 mm na próxima hora. Score de risco: 25.43.,3,1827
1828,2026-06-06 19:15:00,Relatório automático do alerta Amarelo. Razões principais: Precipitação acumulada entre 30 e 40 mm nas últimas 6 horas. Score de risco: 35.76.,1,1828
1829,2026-06-06 20:15:00,Relatório automático do alerta Amarelo. Razões principais: Precipitação prevista entre 10 e 20 mm na próxima hora. Score de risco: 26.04.,2,1829
1830,2026-06-06 20:15:00,Relatório automático do alerta Amarelo. Razões principais: Precipitação acumulada entre 30 e 40 mm nas últimas 6 horas. Score de risco: 33.78.,1,1830
1831,2026-06-06 21:15:00,Relatório automático do alerta Amarelo. Razões principais: Precipitação prevista entre 10 e 20 mm na próxima hora. Score de risco: 32.74.,2,1831
1832,2026-06-06 21:15:00,Relatório automático do alerta Laranja. Razões principais: Precipitação acumulada entre 30 e 40 mm nas últimas 6 horas. Precipitação prevista entre 21 e 40 mm na próxima hora. Score de risco: 48.12.,2,1832
1833,2026-06-06 21:15:00,Relatório automático do alerta Amarelo. Razões principais: Precipitação prevista entre 10 e 20 mm na próxima hora. Score de risco: 24.66.,1,1833
1834,2026-06-06 21:15:00,Relatório automático do alerta Laranja. Razões principais: Precipitação acumulada entre 30 e 40 mm nas últimas 6 horas. Precipitação prevista entre 10 e 20 mm na próxima hora. Score de risco: 38.02.,1,1834
1835,2026-06-06 22:15:00,Relatório automático do alerta Amarelo. Razões principais: Precipitação prevista entre 10 e 20 mm na próxima hora. Score de risco: 28.38.,2,1835
1836,2026-06-06 22:15:00,Relatório automático do alerta Laranja. Razões principais: Precipitação acumulada entre 30 e 40 mm nas últimas 6 horas. Precipitação prevista entre 10 e 20 mm na próxima hora. Score de risco: 44.74.,1,1836
1837,2026-06-06 22:15:00,Relatório automático do alerta Amarelo. Razões principais: Precipitação prevista entre 10 e 20 mm na próxima hora. Score de risco: 24.23.,1,1837
1838,2026-06-06 22:15:00,Relatório automático do alerta Amarelo. Razões principais: Precipitação acumulada entre 30 e 40 mm nas últimas 6 horas. Score de risco: 31.41.,3,1838
1839,2026-06-06 23:15:00,Relatório automático do alerta Laranja. Razões principais: Nível de água entre 70% e 85%. Precipitação acumulada entre 30 e 40 mm nas últimas 6 horas. Precipitação prevista entre 10 e 20 mm na próxima hora. Score de risco: 46.86.,3,1839
1840,2026-06-06 23:15:00,Relatório automático do alerta Laranja. Razões principais: Precipitação acumulada entre 30 e 40 mm nas últimas 6 horas. Precipitação prevista entre 10 e 20 mm na próxima hora. Score de risco: 37.51.,1,1840
